unique_key,case_key,source_id,pdf_sha256,route,backend_case_id,severity,fail_family,fail_flags,mute_flags,modality_flags,contradiction_flags,material_flags,source_chars,error,claim_sample
sha:0d761f8d2e28fb89af88968862d6712571f6a13ac5e1233f60a3c9a993a22866,PDF-0d761f8d2e28,CB-Z-500-FRAUD-0029_Fraud_false_representation_500_page_bundle,0d761f8d2e28fb89af88968862d6712571f6a13ac5e1233f60a3c9a993a22866,OFFLINE_PAPERS_PROJECTION,92aaa621-525b-40ae-9f0d-8e3c1eccc536,MUTE,mute_phone_download,,mute_phone_download,,,src_charge|src_hearing|src_mg_forms|src_parties|src_dates|src_cctv|src_cctv_stills|src_continuity|papers_materials_40,1593653,,"HEARING_ISO | 2026-05-22T09:00:00.000Z || HEARING | 22 May 2026 at 10:00 || CHARGE | Fraud by false representation, s.2 Fraud Act 2006"
sha:37b18da6090e0bdfa330fcddb5cc0d83d6329c7cb641be750c29a09efce58870,PDF-37b18da6090e,CB-MURDER-TEST-0001_1000_page_criminal_defence_bundle,37b18da6090e0bdfa330fcddb5cc0d83d6329c7cb641be750c29a09efce58870,OFFLINE_PAPERS_PROJECTION,18a50e94-bda1-4e7d-a86b-8adeb5dc19b7,MUTE,mute_export_log,,mute_export_log,,,src_charge|src_hearing|src_mg_forms|src_parties|src_dates|src_cctv|src_cctv_stills|src_continuity|papers_materials_40,1322574,,"HEARING_ISO | 2026-05-22T09:00:00.000Z || HEARING | 22 May 2026 at 10:00 || CHARGE | Murder, contrary to common law"
sha:e9fbf463f6aec6f229ea0ada385df91a26ae6a5d1be009337bc995965dc4441c,PDF-e9fbf463f6ae,CB-TB-16_Kian_Doyle,e9fbf463f6aec6f229ea0ada385df91a26ae6a5d1be009337bc995965dc4441c,OFFLINE_PAPERS_PROJECTION,50cc0470-198e-4334-ae55-ca913bf02fae,MUTE,mute_phone_download,,mute_phone_download,,,src_charge|src_hearing|src_mg_forms|src_cctv_stills|src_continuity|papers_materials_32,7202,,"HEARING_ISO | 2026-06-26T09:00:00.000Z || HEARING | 26 June 2026 at 10:00 || CHARGE | Possession of a controlled drug of Class A with intent to supply, namely cocaine, contrary to section 5(3)"
sha:eeafa8f885e6afc74d3516db5551997bdab0b3cd228114a822813424551e12aa,PDF-eeafa8f885e6,CB-TEST-ABH-0001_criminal_defence_bundle,eeafa8f885e6afc74d3516db5551997bdab0b3cd228114a822813424551e12aa,OFFLINE_PAPERS_PROJECTION,bd581fec-c0ca-4c06-87bf-ba7ec18664e8,MODALITY,modality_summary_vs_recording,,mute_export_log|mute_cctv_master,modality_summary_vs_recording,,src_charge|src_hearing|src_mg_forms|src_parties|src_dates|src_cctv|src_cctv_stills|src_continuity|papers_materials_40,16003,,"HEARING_ISO | 2026-05-21T09:00:00.000Z || HEARING | 21 May 2026 at 10:00 || CHARGE | Assault occasioning actual bodily harm, s.47"
sha:cccf70b339ec74c4ff839c7d982b3306570cf6abfa843abf5f6dcae95bc650a0,RP-02,RP-02,cccf70b339ec74c4ff839c7d982b3306570cf6abfa843abf5f6dcae95bc650a0,OFFLINE_PAPERS_PROJECTION,e2841289-1ed2-4dc4-9acf-dd22a03b63fc,MUTE,mute_phone_download,,mute_phone_download,,,src_charge|src_hearing|src_mg_forms|src_parties|src_dates|src_cctv|src_continuity|papers_materials_21,4238,,"HEARING_ISO | 2026-06-21T10:00:00.000Z || HEARING | 21 June 2026 at 11:00 || CHARGE | Offence Possession of a controlled drug of Class A with intent to supply, contrary to section 5(3) Misuse of Drugs Act 1971"
sha:555a899704fa7c7f77d39dd39f724af3fc187eff5452e1c54bbbed959251d457,RP-03,RP-03,555a899704fa7c7f77d39dd39f724af3fc187eff5452e1c54bbbed959251d457,OFFLINE_PAPERS_PROJECTION,a42cb20a-017b-4dfb-b8a5-1dc5b11a3b27,MUTE,mute_phone_download,,mute_phone_download,,,src_charge|src_hearing|src_mg_forms|src_parties|src_dates|src_cctv|src_continuity|papers_materials_36,10795,,"HEARING_ISO | 2026-09-08T09:45:00.000Z || HEARING | 08 September 2026 10:45 || CHARGE | Wounding with intent to cause grievous bodily harm, s.18 OAPA 1861"
sha:ffe7a7da8c00c847a5ddb4ef9752b755ac6474f46b335c43c09e69b6a9041f01,PDF-ffe7a7da8c00,CB-Z-500-THEFT-0012_Theft_from_shop_500_page_bundle,ffe7a7da8c00c847a5ddb4ef9752b755ac6474f46b335c43c09e69b6a9041f01,OFFLINE_PAPERS_PROJECTION,ec02d7dd-b4db-4cfa-b91a-f68cdc0b5c16,MUTE,mute_phone_download,,mute_phone_download,,,src_charge|src_hearing|src_mg_forms|src_parties|src_dates|src_cctv|src_cctv_stills|src_continuity|papers_materials_40,1625525,,HEARING_ISO | 2026-05-22T09:00:00.000Z || HEARING | 22 May 2026 at 10:00 || / missing staff MG11 remains live; several schedules are draft/corrected/outdated. | draft | / missing staff MG11 remains live; several schedules are draft/correcte
sha:94541fb543b06ca93f7cfc4964d527c900574e7c279e49225ec62af8d4e93871,RP-07,RP-07,94541fb543b06ca93f7cfc4964d527c900574e7c279e49225ec62af8d4e93871,OFFLINE_PAPERS_PROJECTION,f0fe8d7b-1e8f-4f64-a2ba-bde9298d6ef8,MUTE,mute_phone_download,,mute_phone_download,,,src_charge|src_hearing|src_mg_forms|src_parties|src_dates|src_cctv|src_cctv_stills|src_continuity|papers_materials_40,1613919,,"HEARING_ISO | 2026-05-22T09:00:00.000Z || HEARING | 22 May 2026 at 10:00 || CHARGE | Assault occasioning actual bodily harm, s.47 OAPA 1861"
sha:bc5d732fa9306133c0c7d7fe2ea85a8e7d65a5d1b30a823ac491495839e0a6ef,ISAAC-PATEL-TB-546,CB-TB-546,bc5d732fa9306133c0c7d7fe2ea85a8e7d65a5d1b30a823ac491495839e0a6ef,OFFLINE_PAPERS_PROJECTION,,MODALITY,modality_summary_vs_recording,,,modality_summary_vs_recording,,src_charge|src_hearing|src_mg_forms|src_parties|src_dates|src_cctv|src_continuity|papers_materials_40,10225,,"HEARING_ISO | 2026-08-25T09:30:00.000Z || HEARING | 25 August 2026 10:30 || CHARGE | Affray, contrary to section 3 Public Order Act 1986"
sha:002f3fc9174aaac7d9f23ee0e8befdbb700c2867f8c5563612c645837fbea4d2,PDF-002f3fc9174a,CB-TB-1074_Marsh,002f3fc9174aaac7d9f23ee0e8befdbb700c2867f8c5563612c645837fbea4d2,OFFLINE_PAPERS_PROJECTION,,MUTE,mute_phone_download,,mute_phone_download,,,src_charge|src_hearing|src_mg_forms|src_parties|src_dates|src_cctv|src_continuity|papers_materials_37,6934,,"HEARING_ISO | 2026-08-08T08:30:00.000Z || HEARING | 08 August 2026 at 09:30 || CHARGE | Assault by beating of an emergency worker, contrary to section 1 Assaults on Emergency Workers (Offences)"
sha:00588f09819d998c6a9ab32a82a489b11db5cb3ca580cc9f5edbcc664e23081b,PDF-00588f09819d,CB-TB-039_Field,00588f09819d998c6a9ab32a82a489b11db5cb3ca580cc9f5edbcc664e23081b,OFFLINE_PAPERS_PROJECTION,,MODALITY,modality_stills_collapsed_to_generic_cctv,,,modality_stills_collapsed_to_generic_cctv,,src_charge|src_hearing|src_mg_forms|src_id_procedure|src_parties|src_cctv|src_cctv_stills|src_continuity|papers_materials_39,7779,,"HEARING_ISO | 2026-07-28T13:00:00.000Z || HEARING | 28 July 2026 at 14:00 || CHARGE | Robbery, contrary to s.8 Theft Act 1968"
sha:01834df5b278f59a8f570c93521a04763ab8c3e1a2ecf89defa053add2b5a2ac,PDF-01834df5b278,CB-TB-637_Shaw,01834df5b278f59a8f570c93521a04763ab8c3e1a2ecf89defa053add2b5a2ac,OFFLINE_PAPERS_PROJECTION,,MUTE,mute_phone_download,,mute_phone_download,,,src_charge|src_hearing|src_mg_forms|src_parties|src_dates|src_cctv|papers_materials_27,5409,,"HEARING_ISO | 2026-07-22T09:30:00.000Z || HEARING | 22 July 2026 at 10:30 || CHARGE | Possession of a controlled drug of Class A, namely cocaine, with intent to supply, contrary to section 5(3) of the Misuse of Drugs Act"
sha:01976b46edf351ccbf7d5e1b1d208d004f536e3ca30f53afd9fa1adfcc329a58,PDF-01976b46edf3,CB-TB-1786_Barker,01976b46edf351ccbf7d5e1b1d208d004f536e3ca30f53afd9fa1adfcc329a58,OFFLINE_PAPERS_PROJECTION,,MUTE,mute_phone_download,,mute_phone_download,,,src_charge|src_hearing|src_mg_forms|src_parties|src_cctv|src_continuity|papers_materials_19,3773,,"HEARING_ISO | 2026-07-20T09:00:00.000Z || HEARING | 20 July 2026 10:00 || CHARGE | Being concerned in the supply of a controlled drug of Class A, contrary to section 4(3)(b) of the Misuse of Drugs Act 1971"
sha:019ab2719aca0184fc7e392e39b431434741f25a3ea916181e2c10d686266804,PDF-019ab2719aca,CB-TB-1696_Ali,019ab2719aca0184fc7e392e39b431434741f25a3ea916181e2c10d686266804,OFFLINE_PAPERS_PROJECTION,,MUTE,mute_cad_999,,mute_cad_999,,,src_charge|src_hearing|src_mg_forms|src_parties|src_dates|src_cctv|src_continuity|papers_materials_24,7455,,"HEARING_ISO | 2026-08-05T09:00:00.000Z || HEARING | 5 August 2026 at 10:00 || CHARGE | Offence Unlawful wounding, contrary to section 20 Offences Against the Person Act 1861"
sha:0354b8770a88000b7376e7e729f7bc4842db4d417526ed939a2fa1fd5f8698cd,PDF-0354b8770a88,NS-CPS-2026-0437 - Copy (2),0354b8770a88000b7376e7e729f7bc4842db4d417526ed939a2fa1fd5f8698cd,OFFLINE_PAPERS_PROJECTION,,MUTE,mute_cctv_master,,mute_cctv_master,,,src_charge|src_hearing|src_mg_forms|src_parties|src_dates|src_cctv|src_continuity|papers_materials_28,4767,,CHARGE | Burglary dwell + s.47 || Other party / key witness: JORDAN PATEL (DOB 02/12/1992) | unclear | Other party / key witness: JORDAN PATEL (DOB 02/12/1992) || Charge sheet extract | Below | unclear | Charge sheet extract | Below
sha:0415bf1fb4d2f1129e96524f47ba63ee35b51a992f6acfc107a2308108a15fa9,PDF-0415bf1fb4d2,CB-TB-1976_Iqbal,0415bf1fb4d2f1129e96524f47ba63ee35b51a992f6acfc107a2308108a15fa9,OFFLINE_PAPERS_PROJECTION,,MUTE,mute_phone_download,,mute_phone_download,,,src_charge|src_hearing|src_mg_forms|src_parties|src_dates|src_cctv|src_continuity|papers_materials_15,6054,,"HEARING_ISO | 2026-09-15T10:00:00.000Z || HEARING | 15 September 2026 11:00 || CHARGE | Assault occasioning actual bodily harm,"
sha:04731b07a1820ebc17d2652cc239347014e15c559a8d924901657e0bd658dd0a,PDF-04731b07a182,CB-TB-1730_Walsh,04731b07a1820ebc17d2652cc239347014e15c559a8d924901657e0bd658dd0a,OFFLINE_PAPERS_PROJECTION,,MUTE,mute_phone_download,,mute_phone_download,,,src_charge|src_hearing|src_mg_forms|src_parties|src_dates|papers_materials_25,4747,,"HEARING_ISO | 2026-07-02T09:30:00.000Z || HEARING | 02 July 2026 10:30 || CHARGE | Robbery, contrary to s.8 Theft Act 1968"
sha:0472bb29cb198f676342df38b2ef4218972f182e95ca696dda75563e03a081b4,PDF-0472bb29cb19,CB-TB-585_Marsh,0472bb29cb198f676342df38b2ef4218972f182e95ca696dda75563e03a081b4,OFFLINE_PAPERS_PROJECTION,,MODALITY,modality_summary_vs_recording,,mute_phone_download,modality_summary_vs_recording,,src_charge|src_hearing|src_mg_forms|src_parties|src_dates|src_continuity|papers_materials_39,8712,,"HEARING_ISO | 2026-08-20T09:30:00.000Z || HEARING | 20 August 2026 10:30 || CHARGE | Robbery, contrary to s.8 Theft Act 1968"
sha:05137295e5528ffb3aec67975cbdac211a4fd80908be8d1d1b16d85b4c8579fa,PDF-05137295e552,CB-TB-1140_Stone,05137295e5528ffb3aec67975cbdac211a4fd80908be8d1d1b16d85b4c8579fa,OFFLINE_PAPERS_PROJECTION,,MUTE,mute_phone_download,,mute_phone_download,,,src_charge|src_hearing|src_mg_forms|src_id_procedure|src_parties|src_dates|src_cctv|src_continuity|papers_materials_26,7464,,"HEARING_ISO | 2026-08-03T10:15:00.000Z || HEARING | 03 August 2026 at 11:15 || CHARGE | Possession of a controlled drug of Class A with intent to supply, contrary to section 5(3) of the Misuse of Drugs Act"
sha:052217e37085e8c4f388c132b6fcfebc116ff800d7cb774bbbb0b50631ff6d72,PDF-052217e37085,CB-TB-1810_Keighley,052217e37085e8c4f388c132b6fcfebc116ff800d7cb774bbbb0b50631ff6d72,OFFLINE_PAPERS_PROJECTION,,MUTE,mute_phone_download,,mute_phone_download,,,src_charge|src_hearing|src_mg_forms|src_parties|src_dates|papers_materials_30,6025,,"HEARING_ISO | 2026-07-17T08:30:00.000Z || HEARING | 17 July 2026 09:30 || CHARGE | Assault by beating of an emergency worker, contrary to section 1 of the Assaults on Emergency Workers (Offences) Act 2018"
sha:04d1d35fb3cf88fd776d246f261d2af88cfae61acda0eb7996a6a31966940b82,PDF-04d1d35fb3cf,CB-TB-381_Spencer,04d1d35fb3cf88fd776d246f261d2af88cfae61acda0eb7996a6a31966940b82,OFFLINE_PAPERS_PROJECTION,,MUTE,mute_phone_download,,mute_phone_download,,,src_charge|src_hearing|src_mg_forms|src_parties|src_dates|src_continuity|papers_materials_28,13385,,HEARING_ISO | 2026-08-06T09:30:00.000Z || HEARING | 06 August 2026 at 10:30 || CHARGE | Doing an act tending and intended to pervert the course of public justice
sha:05ad5d1b3793718f299a78e98e7c35c01a0ff67363892b63fedbdb6c022f8c2f,PDF-05ad5d1b3793,CB-TB-1921_Mills,05ad5d1b3793718f299a78e98e7c35c01a0ff67363892b63fedbdb6c022f8c2f,OFFLINE_PAPERS_PROJECTION,,MUTE,mute_phone_download,,mute_phone_download,,,src_charge|src_hearing|src_mg_forms|src_parties|src_dates|src_cctv|src_continuity|papers_materials_16,4324,,HEARING_ISO | 2026-07-28T08:30:00.000Z || HEARING | 28 July 2026 09:30 || Tab 2 Charge sheet / initial details | unclear | Tab 2 Charge sheet / initial details
sha:05673dde899c3b6255d1af8ad0d40fee10acff568ac4404c9193629cfd114b59,PDF-05673dde899c,CB-TB-2087_Doyle,05673dde899c3b6255d1af8ad0d40fee10acff568ac4404c9193629cfd114b59,OFFLINE_PAPERS_PROJECTION,,MUTE,mute_cad_999,,mute_cad_999,,,src_charge|src_hearing|src_mg_forms|src_parties|src_dates|src_cctv|src_continuity|papers_materials_19,5646,,"HEARING_ISO | 2026-07-19T12:00:00.000Z || HEARING | 19 July 2026 at 13:00 || CHARGE | Offence Unlawful wounding, contrary to section 20 Offences Against the Person Act 1861"
sha:067883e9ff0e766c5be6fd12d17b53b2c7aa1d23680cbad5e8bbf0faab3f3e19,PDF-067883e9ff0e,CB-TB-193_Clarke,067883e9ff0e766c5be6fd12d17b53b2c7aa1d23680cbad5e8bbf0faab3f3e19,OFFLINE_PAPERS_PROJECTION,,MODALITY,modality_summary_vs_recording,,,modality_summary_vs_recording,,src_charge|src_hearing|src_mg_forms|src_parties|src_cctv|src_continuity|papers_materials_34,9462,,"HEARING_ISO | 2026-08-16T13:00:00.000Z || HEARING | 16 August 2026 at 14:00 || CHARGE | Assault by beating of an emergency worker, contrary to section 1 Assaults on Emergency"
sha:071a198ac0c4761d087955a3645ccb2815ce8a5d3f22638c2c382cee4dd7d26f,PDF-071a198ac0c4,CB-TB-561_Price,071a198ac0c4761d087955a3645ccb2815ce8a5d3f22638c2c382cee4dd7d26f,OFFLINE_PAPERS_PROJECTION,,MODALITY,modality_summary_vs_recording,,,modality_summary_vs_recording,,src_charge|src_hearing|src_mg_forms|src_parties|src_dates|src_continuity|papers_materials_23,2617,,"HEARING_ISO | 2026-08-19T09:00:00.000Z || HEARING | 19 August 2026 10:00 || CHARGE | Possession of a controlled drug of Class B, contrary to section 5(2) Misuse of Drugs Act 1971"
sha:06af7f8615e2e0ae72422e3f0ee3a4f489465f1d18548f2c49a1303872641a80,PDF-06af7f8615e2,CB-TB-583_Flint,06af7f8615e2e0ae72422e3f0ee3a4f489465f1d18548f2c49a1303872641a80,OFFLINE_PAPERS_PROJECTION,,MODALITY,modality_summary_vs_recording,,,modality_summary_vs_recording,,src_charge|src_hearing|src_mg_forms|src_parties|src_dates|src_cctv|src_continuity|papers_materials_32,3772,,"HEARING_ISO | 2026-06-23T09:30:00.000Z || HEARING | 23 June 2026 10:30 || CHARGE | Harassment, contrary to section 2 Protection from Harassment Act 1997"
sha:07c4b11217175ad6c4650573b33dfd90bbf99d9c8def08d2cfa77b0acae3fd08,PDF-07c4b1121717,CB-TB-1219_Okonkwo,07c4b11217175ad6c4650573b33dfd90bbf99d9c8def08d2cfa77b0acae3fd08,OFFLINE_PAPERS_PROJECTION,,MUTE,mute_phone_download,,mute_phone_download,,,src_charge|src_hearing|src_mg_forms|src_parties|src_dates|src_cctv_stills|src_continuity|papers_materials_13,3633,,"HEARING_ISO | 2026-08-11T08:30:00.000Z || HEARING | 11/08/2026 09:30 || CHARGE | Driving without due care and attention, contrary to section 3 Road Traffic Act 1988"
sha:07b7ecbd569e80e6ace1a7d8a4b4253bfa5ef1fd14681d595096e0ae0290c034,PDF-07b7ecbd569e,CB-TB-554_Mitchell,07b7ecbd569e80e6ace1a7d8a4b4253bfa5ef1fd14681d595096e0ae0290c034,OFFLINE_PAPERS_PROJECTION,,MODALITY,modality_summary_vs_recording,,,modality_summary_vs_recording,,src_charge|src_hearing|src_mg_forms|src_parties|src_dates|src_continuity|papers_materials_31,3377,,"HEARING_ISO | 2026-06-25T10:15:00.000Z || HEARING | 25 June 2026 11:15 || CHARGE | Having an offensive weapon, contrary to s.1(1) Prevention of Crime Act 1953"
sha:075ddc3da2e2213a196687fa6c27a153d91f8675fea012504d7769756780f22b,PDF-075ddc3da2e2,CB-TB-1938_Lowry,075ddc3da2e2213a196687fa6c27a153d91f8675fea012504d7769756780f22b,OFFLINE_PAPERS_PROJECTION,,MUTE,mute_phone_download,,mute_phone_download,,,src_charge|src_hearing|src_mg_forms|src_parties|src_dates|src_cctv|src_continuity|papers_materials_16,4724,,"HEARING_ISO | 2026-06-17T09:00:00.000Z || HEARING | 17 June 2026 10:00 || CHARGE | Robbery, contrary to s.8 Theft Act 1968"
sha:07f6dc94507fee126ee0d190daa1b549cd90ef99b51de4dd07b53bc98bf18a45,PDF-07f6dc94507f,CB-TB-748_Morgan,07f6dc94507fee126ee0d190daa1b549cd90ef99b51de4dd07b53bc98bf18a45,OFFLINE_PAPERS_PROJECTION,,MUTE,mute_phone_download,,mute_phone_download,,,src_charge|src_hearing|src_mg_forms|src_parties|src_dates|src_cctv|src_cctv_stills|src_continuity|papers_materials_40,9756,,"HEARING_ISO | 2026-08-24T08:30:00.000Z || HEARING | 24 August 2026 at 09:30 || CHARGE | Possessing criminal property, contrary to section 329 of the Proceeds of Crime Act 2002"
sha:07c6f98bf7e6906dbc5a207c7d5c99585fb69d47a33d2d2850fab386383993dd,PDF-07c6f98bf7e6,CB-TB-2166_Barlow,07c6f98bf7e6906dbc5a207c7d5c99585fb69d47a33d2d2850fab386383993dd,OFFLINE_PAPERS_PROJECTION,,MUTE,mute_phone_download,,mute_phone_download,,,src_charge|src_hearing|src_mg_forms|src_parties|src_dates|src_cctv|src_continuity|papers_materials_31,9671,,"HEARING_ISO | 2026-08-15T11:30:00.000Z || HEARING | 15 August 2026 at 12:30 || CHARGE | Fraud by false representation, s.2 Fraud Act 2006"
sha:093418c79890a3fa3353449240f4bd7ef0db0f1b5f6021f9bc6e1ca9a2917156,PDF-093418c79890,CB-TB-1588_Mason,093418c79890a3fa3353449240f4bd7ef0db0f1b5f6021f9bc6e1ca9a2917156,OFFLINE_PAPERS_PROJECTION,,MUTE,mute_phone_download,,mute_phone_download,,,src_charge|src_hearing|src_mg_forms|src_parties|src_cctv_stills|papers_materials_10,2833,,"HEARING_ISO | 2026-07-21T11:00:00.000Z || HEARING | 21 July 2026 at 12:00 || CHARGE | Offence Intimidating a witness, contrary to section 51 of the Criminal Justice and Public Order Act 1994"
sha:0954b317ebad4e6231289a95f600e032d987c53d3555b847b0f7ba24da717ae8,PDF-0954b317ebad,CB-TB-1982_Reed,0954b317ebad4e6231289a95f600e032d987c53d3555b847b0f7ba24da717ae8,OFFLINE_PAPERS_PROJECTION,,MUTE,mute_phone_download,,mute_phone_download,,,src_charge|src_hearing|src_mg_forms|src_parties|src_dates|src_cctv|src_continuity|papers_materials_22,6355,,"HEARING_ISO | 2026-09-02T13:45:00.000Z || HEARING | 02 September 2026 14:45 || CHARGE | Dangerous driving, contrary to section 2 Road Traffic Act 1988"
sha:0896af8fcb7388e8c928faf1617e96ba68baa39fef539e1ae1b116816af631f3,PDF-0896af8fcb73,CB-TB-781_Merritt,0896af8fcb7388e8c928faf1617e96ba68baa39fef539e1ae1b116816af631f3,OFFLINE_PAPERS_PROJECTION,,MUTE,mute_export_log,,mute_export_log,,,src_charge|src_hearing|src_mg_forms|src_parties|src_dates|src_cctv|src_cctv_stills|papers_materials_40,9926,,"HEARING_ISO | 2026-07-04T09:30:00.000Z || HEARING | 04 July 2026 at 10:30 || CHARGE | Robbery, contrary to s.8 Theft Act 1968"
sha:097d4f2c5dc192094f038cd26aa92d2c514a9df692287838e3d15f7295891cea,PDF-097d4f2c5dc1,CB-TB-2198_Patel,097d4f2c5dc192094f038cd26aa92d2c514a9df692287838e3d15f7295891cea,OFFLINE_PAPERS_PROJECTION,,MUTE,mute_phone_download,,mute_phone_download,,,src_charge|src_hearing|src_mg_forms|src_parties|src_dates|src_cctv|src_continuity|papers_materials_29,10169,,"HEARING_ISO | 2026-07-02T11:00:00.000Z || HEARING | 2 July 2026 at 12:00 || CHARGE | Fraud by false representation, s.2 Fraud Act 2006"
sha:09ec46fa0e46de2f50ff0961b6b4648e90dbaaa270a7dbecba76bfa22bf6b3b5,PDF-09ec46fa0e46,CB-TB-898_Coleman,09ec46fa0e46de2f50ff0961b6b4648e90dbaaa270a7dbecba76bfa22bf6b3b5,OFFLINE_PAPERS_PROJECTION,,MUTE,mute_phone_download,,mute_phone_download,,,src_charge|src_hearing|src_mg_forms|src_cctv|papers_materials_15,11704,,"HEARING_ISO | 2026-07-19T09:30:00.000Z || HEARING | 19 July 2026 at 10:30 || CHARGE | Main charge Possession of cannabis, a controlled drug of Class B, contrary to section 5(2) of the"
sha:0a876ec31f4662c3aca97c256e793ce4d65706b6052c7aad8df237cc9ee84f4a,PDF-0a876ec31f46,CB-TB-1802_Byrne,0a876ec31f4662c3aca97c256e793ce4d65706b6052c7aad8df237cc9ee84f4a,OFFLINE_PAPERS_PROJECTION,,MUTE,mute_phone_download,,mute_phone_download,,,src_charge|src_hearing|src_mg_forms|src_parties|papers_materials_32,5768,,"HEARING_ISO | 2026-06-23T10:00:00.000Z || HEARING | 23 June 2026 11:00 || CHARGE | Theft, contrary to s.1 Theft Act 1968"
sha:0a6e9116a533388b5d3e8dc88cda29298eccfb863bba3915ba95f42bdc50f688,PDF-0a6e9116a533,CB-TB-1962_Shaw,0a6e9116a533388b5d3e8dc88cda29298eccfb863bba3915ba95f42bdc50f688,OFFLINE_PAPERS_PROJECTION,,MUTE,mute_phone_download,,mute_phone_download,,,src_charge|src_hearing|src_mg_forms|src_parties|src_dates|src_cctv|src_continuity|papers_materials_40,13386,,"HEARING_ISO | 2026-07-28T09:30:00.000Z || HEARING | 28 July 2026 10:30 || CHARGE | Robbery, contrary to s.8 Theft Act 1968"
sha:0a91f2c503af6fae423e26a87b814036dae003b92eb8f862564fee45fbde8abd,PDF-0a91f2c503af,CB-TB-953_Farrell,0a91f2c503af6fae423e26a87b814036dae003b92eb8f862564fee45fbde8abd,OFFLINE_PAPERS_PROJECTION,,MUTE,mute_phone_download,,mute_phone_download,,,src_charge|src_mg_forms|src_parties|src_cctv|papers_materials_37,10257,,"HEARING_ISO | 2026-07-14T11:30:00.000Z || HEARING | 14/07/2026 12:30 || CHARGE | Failing to stop after a road accident and failing to report an accident, contrary to section 170 of the Road Traffic Act 1988"
sha:0b7d966f9f312d6e1d5569a1b031f0596981f5d7beaefa5ecd125611e81189df,PDF-0b7d966f9f31,CB-TB-1284_Ross,0b7d966f9f312d6e1d5569a1b031f0596981f5d7beaefa5ecd125611e81189df,OFFLINE_PAPERS_PROJECTION,,MUTE,mute_phone_download,,mute_phone_download,,,src_charge|src_hearing|src_mg_forms|src_parties|src_dates|src_cctv|src_continuity|papers_materials_25,5996,,"HEARING_ISO | 2026-07-12T08:30:00.000Z || HEARING | 12/07/2026 09:30 || CHARGE | Controlling or coercive behaviour, contrary to section 76 Serious Crime Act 2015"
sha:0b861b57f50877d8d9b0b7df9b070265a53c8b94328b57b40ea0dee0f1a2d601,PDF-0b861b57f508,CB-TB-862_Mason,0b861b57f50877d8d9b0b7df9b070265a53c8b94328b57b40ea0dee0f1a2d601,OFFLINE_PAPERS_PROJECTION,,MUTE,mute_cctv_master,,mute_cctv_master|mute_phone_download,,,src_charge|src_hearing|src_mg_forms|src_dates|papers_materials_11,3499,,"HEARING_ISO | 2026-06-17T09:00:00.000Z || HEARING | 17 June 2026 at 10:00 || CHARGE | Main charge Possession of cannabis, a controlled drug of Class B, contrary to section 5(2) of the"
sha:0b98e9555f3f5db6a121f64a98c3e5b25369cb88a197a613d08a23585fcd002a,PDF-0b98e9555f3f,CB-TB-1983_Rahman,0b98e9555f3f5db6a121f64a98c3e5b25369cb88a197a613d08a23585fcd002a,OFFLINE_PAPERS_PROJECTION,,MUTE,mute_phone_download,,mute_phone_download,,,src_charge|src_hearing|src_mg_forms|src_parties|src_dates|src_cctv|src_continuity|papers_materials_15,3435,,"HEARING_ISO | 2026-09-25T09:45:00.000Z || HEARING | 25 September 2026 10:45 || CHARGE | Possession of a controlled drug of Class B, contrary to section 5(2)"
sha:0b9dada43da977ec730121db4f1dddea6450e51b6598619894e4784af41ae01e,PDF-0b9dada43da9,CB-TB-1227_Wright,0b9dada43da977ec730121db4f1dddea6450e51b6598619894e4784af41ae01e,OFFLINE_PAPERS_PROJECTION,,MUTE,mute_phone_download,,mute_phone_download,,,src_charge|src_hearing|src_mg_forms|src_parties|src_dates|src_continuity|papers_materials_15,3568,,"HEARING_ISO | 2026-06-21T09:00:00.000Z || HEARING | 21/06/2026 10:00 || CHARGE | Using threatening, abusive or insulting words or behaviour, contrary to section 4 Public Order Act 1986"
sha:0c60785c9ffa45c4f55a034c40612318122494cbb52ea8d30ba5b07808b02064,PDF-0c60785c9ffa,CB-TB-1880_Hughes,0c60785c9ffa45c4f55a034c40612318122494cbb52ea8d30ba5b07808b02064,OFFLINE_PAPERS_PROJECTION,,MUTE,mute_phone_download,,mute_phone_download,,,src_charge|src_hearing|src_mg_forms|src_parties|src_dates|src_cctv|papers_materials_25,3930,,"HEARING_ISO | 2026-07-02T09:30:00.000Z || HEARING | 02 July 2026 10:30 || CHARGE | Threatening behaviour, contrary to section 4 of the Public Order Act 1986"
sha:0cecb8a4128755e4b9fb151be6c07f5e8e116c76fd8eb538e879aee922dc7a61,PDF-0cecb8a41287,CB-TB-371_Byrne,0cecb8a4128755e4b9fb151be6c07f5e8e116c76fd8eb538e879aee922dc7a61,OFFLINE_PAPERS_PROJECTION,,MUTE,mute_phone_download,,mute_phone_download,,,src_charge|src_hearing|src_mg_forms|src_parties|src_dates|src_cctv|src_continuity|papers_materials_27,10630,,"HEARING_ISO | 2026-07-07T09:15:00.000Z || HEARING | 07 July 2026 at 10:15 || CHARGE | Being concerned in the supply of a Class A controlled drug, contrary to section 4(3)(b) of the Misuse of Drugs Act 1971"
sha:0d6878c48dd705a08838bc970f9fd2ac647c5fd420c697fa322f131b5f7a45b3,PDF-0d6878c48dd7,CB-TB-2175_Fletcher,0d6878c48dd705a08838bc970f9fd2ac647c5fd420c697fa322f131b5f7a45b3,OFFLINE_PAPERS_PROJECTION,,MUTE,mute_phone_download,,mute_phone_download,,,src_charge|src_hearing|src_mg_forms|src_parties|src_dates|src_cctv|src_continuity|papers_materials_26,11823,,"HEARING_ISO | 2026-07-03T12:30:00.000Z || HEARING | 3 July 2026 at 13:30 || CHARGE | Offence Possession of a controlled drug of Class B, contrary to section 5(2) Misuse of Drugs Act 1971"
sha:0ddb2ddb613100cb72953fd6d9d124068242a9c64c776dff4185fb4fd5279a38,PDF-0ddb2ddb6131,CB-TB-1044_Reynolds,0ddb2ddb613100cb72953fd6d9d124068242a9c64c776dff4185fb4fd5279a38,OFFLINE_PAPERS_PROJECTION,,MUTE,mute_phone_download,,mute_phone_download,,,src_charge|src_hearing|src_mg_forms|src_parties|src_dates|papers_materials_28,4878,,"HEARING_ISO | 2026-06-30T09:00:00.000Z || HEARING | 30 June 2026 at 10:00 || CHARGE | Assault occasioning actual bodily harm, s.47 OAPA 1861"
sha:0db26fb8bf9a348b67057653e87d738c10ea5e690fec3340bc9f09fd0752bb4b,PDF-0db26fb8bf9a,CB-TB-914_Farrell,0db26fb8bf9a348b67057653e87d738c10ea5e690fec3340bc9f09fd0752bb4b,OFFLINE_PAPERS_PROJECTION,,MUTE,mute_phone_download,,mute_phone_download,,,src_charge|src_hearing|src_mg_forms|src_parties|src_cctv|papers_materials_27,6215,,"HEARING_ISO | 2026-06-15T09:00:00.000Z || HEARING | 15/06/2026 10:00 || CHARGE | Being concerned in the supply of a controlled drug of Class A, contrary to section 4(3)(b) of the Misuse of Drugs Act 1971"
sha:0e06d7b6126a427d06c5a6dc6cd753ce4348ba3e56d78db61a0bd378344dd18d,PDF-0e06d7b6126a,CB-TB-509_Mitchell,0e06d7b6126a427d06c5a6dc6cd753ce4348ba3e56d78db61a0bd378344dd18d,OFFLINE_PAPERS_PROJECTION,,MODALITY,modality_summary_vs_recording,,,modality_summary_vs_recording,,src_charge|src_hearing|src_mg_forms|src_parties|src_dates|src_continuity|papers_materials_38,8309,,"HEARING_ISO | 2026-08-21T08:30:00.000Z || HEARING | 21 August 2026 09:30 || CHARGE | Theft, contrary to s.1 Theft Act 1968"
sha:0f05b8b0999054fffaf3564a382730e176fb286288df470afcb867ae4c09e221,PDF-0f05b8b09990,CB-TB-1910_Armitage,0f05b8b0999054fffaf3564a382730e176fb286288df470afcb867ae4c09e221,OFFLINE_PAPERS_PROJECTION,,MUTE,mute_phone_download,,mute_phone_download,,,src_charge|src_hearing|src_mg_forms|src_parties|src_dates|src_cctv|src_continuity|papers_materials_21,6946,,"HEARING_ISO | 2026-07-22T09:45:00.000Z || HEARING | 22 July 2026 10:45 || CHARGE | Assault by beating of an emergency worker, contrary to section 1 of the Assaults on"
sha:0f5b8dfd7479646ca2a44efceffb56e983e3b3e4bdce156d6af6b66adbb5aed5,PDF-0f5b8dfd7479,CB-TB-1699_West,0f5b8dfd7479646ca2a44efceffb56e983e3b3e4bdce156d6af6b66adbb5aed5,OFFLINE_PAPERS_PROJECTION,,MUTE,mute_cad_999,,mute_cad_999,,,src_charge|src_hearing|src_mg_forms|src_parties|src_dates|src_cctv|src_continuity|papers_materials_24,5910,,"HEARING_ISO | 2026-08-14T12:00:00.000Z || HEARING | 14 August 2026 at 13:00 || CHARGE | Wounding with intent to cause grievous bodily harm, s.18 OAPA 1861"
sha:0f2ca0cd10913ea60a04f28d472d38e01e34c5ee8c61e6fb330ae158f5bb593b,PDF-0f2ca0cd1091,CB-TB-997_Begum,0f2ca0cd10913ea60a04f28d472d38e01e34c5ee8c61e6fb330ae158f5bb593b,OFFLINE_PAPERS_PROJECTION,,MUTE,mute_phone_download,,mute_phone_download,,,src_charge|src_mg_forms|src_parties|src_cctv|papers_materials_24,5501,,"HEARING_ISO | 2026-07-27T13:15:00.000Z || HEARING | 27/07/2026 14:15 || CHARGE | Affray, contrary to section 3 of the Public Order Act 1986"
sha:105b2d0bb9ee7d05425fb6e3f81e3f583ccb7084ab641dca75ca6d1879fbdcc3,PDF-105b2d0bb9ee,CB-TB-788_Grant,105b2d0bb9ee7d05425fb6e3f81e3f583ccb7084ab641dca75ca6d1879fbdcc3,OFFLINE_PAPERS_PROJECTION,,MUTE,mute_export_log,,mute_export_log|mute_phone_download,,,src_charge|src_hearing|src_mg_forms|src_parties|src_dates|src_cctv|src_cctv_stills|src_continuity|papers_materials_40,8651,,"HEARING_ISO | 2026-07-25T08:30:00.000Z || HEARING | 25 July 2026 at 09:30 || CHARGE | Robbery, contrary to s.8 Theft Act 1968"
sha:105c1b1f951317bae590787042637e95c95682e83f15ea4fe88425ff2bbc005e,PDF-105c1b1f9513,CB-TB-1948_Barton,105c1b1f951317bae590787042637e95c95682e83f15ea4fe88425ff2bbc005e,OFFLINE_PAPERS_PROJECTION,,MUTE,mute_phone_download,,mute_phone_download,,,src_charge|src_hearing|src_mg_forms|src_parties|src_dates|src_cctv|src_continuity|papers_materials_31,9864,,"HEARING_ISO | 2026-09-17T09:00:00.000Z || HEARING | 17 September 2026 10:00 || CHARGE | Wounding with intent to cause grievous bodily harm, s.18 OAPA 1861"
sha:0fe04475d57008957736760704904f935c1ba1842d26aabd94597e93c67f0a7b,PDF-0fe04475d570,CB-TB-1144_Hale,0fe04475d57008957736760704904f935c1ba1842d26aabd94597e93c67f0a7b,OFFLINE_PAPERS_PROJECTION,,MUTE,mute_phone_download,,mute_phone_download,,,src_charge|src_hearing|src_mg_forms|src_parties|src_dates|src_cctv|src_continuity|papers_materials_24,7425,,"HEARING_ISO | 2026-07-06T10:15:00.000Z || HEARING | 06 July 2026 at 11:15 || CHARGE | Being concerned in the supply of a controlled drug of Class A, contrary to section 4(3)(b) of the Misuse of Drugs"
sha:107dece25c33643adff94d88c4ab0b7936b2d22c0dcd8bad1bbe73fd5b660ef4,PDF-107dece25c33,CB-TB-969_Khan,107dece25c33643adff94d88c4ab0b7936b2d22c0dcd8bad1bbe73fd5b660ef4,OFFLINE_PAPERS_PROJECTION,,MUTE,mute_phone_download,,mute_phone_download,,,src_charge|src_hearing|src_mg_forms|src_parties|src_cctv|papers_materials_17,4606,,"HEARING_ISO | 2026-08-29T13:30:00.000Z || HEARING | 29/08/2026 14:30 || CHARGE | Criminal damage, contrary to section 1(1) of the Criminal Damage Act 1971"
sha:11c4cf212f904e31b474b5d82a580b73157fb84dd7edf6b608009c2afb134d70,PDF-11c4cf212f90,CB-TB-461_Khan,11c4cf212f904e31b474b5d82a580b73157fb84dd7edf6b608009c2afb134d70,OFFLINE_PAPERS_PROJECTION,,MUTE,mute_phone_download,,mute_phone_download,,,src_charge|src_hearing|src_mg_forms|src_parties|src_cctv|src_continuity|papers_materials_21,6228,,"HEARING_ISO | 2026-08-02T08:30:00.000Z || HEARING | 2 August 2026 at 09:30 || CHARGE | Assault by beating of an emergency worker, contrary to section 1 Assaults on Emergency Workers"
sha:11c92ca78019761ddb22765c8c87b48acd64395d5fa03bb1e9ee90e355477309,PDF-11c92ca78019,CB-TB-1092_Thornton,11c92ca78019761ddb22765c8c87b48acd64395d5fa03bb1e9ee90e355477309,OFFLINE_PAPERS_PROJECTION,,MUTE,mute_cctv_master,,mute_cctv_master,,,src_charge|src_hearing|src_mg_forms|src_parties|src_dates|src_cctv|src_cctv_stills|src_continuity|papers_materials_40,9140,,"HEARING_ISO | 2026-07-20T10:15:00.000Z || HEARING | 20 July 2026 at 11:15 || CHARGE | Driving with excess alcohol, contrary to section 5 Road Traffic Act 1988"
sha:1273952c96a4e456d377760ca3dac0f8d44393e063ec052db1482a9306938290,PDF-1273952c96a4,CB-TB-1955_Kaur,1273952c96a4e456d377760ca3dac0f8d44393e063ec052db1482a9306938290,OFFLINE_PAPERS_PROJECTION,,MUTE,mute_phone_download,,mute_phone_download,,,src_charge|src_hearing|src_mg_forms|src_parties|src_dates|src_cctv|src_continuity|papers_materials_34,10937,,"HEARING_ISO | 2026-08-04T09:30:00.000Z || HEARING | 04 August 2026 10:30 || CHARGE | Affray, contrary to section 3 of the Public Order Act 1986"
sha:122239d5c7e0b0836373a9fab4c31d1d075441cd4ec6f4d1f4dd98d33665e167,PDF-122239d5c7e0,CB-TB-1508_Patel,122239d5c7e0b0836373a9fab4c31d1d075441cd4ec6f4d1f4dd98d33665e167,OFFLINE_PAPERS_PROJECTION,,MUTE,mute_phone_download,,mute_phone_download,,,src_charge|src_hearing|src_mg_forms|src_parties|src_cctv|src_cctv_stills|papers_materials_32,10701,,"HEARING_ISO | 2026-08-25T11:00:00.000Z || HEARING | 25 August 2026 at 12:00 || CHARGE | Wounding with intent to cause grievous bodily harm, s.18 OAPA 1861"
sha:13953ffdbbc863ae1ed1ba152aa9b288d5be1d6743b7735747e88e8645b75643,PDF-13953ffdbbc8,CB-TB-1722_Marsden,13953ffdbbc863ae1ed1ba152aa9b288d5be1d6743b7735747e88e8645b75643,OFFLINE_PAPERS_PROJECTION,,MUTE,mute_phone_download,,mute_phone_download,,,src_charge|src_hearing|src_mg_forms|src_parties|src_dates|src_continuity|papers_materials_40,9039,,HEARING_ISO | 2026-08-22T13:00:00.000Z || HEARING | 22 August 2026 14:00 || CHARGE | Entering into an arrangement contrary to section 328 of the Proceeds of Crime Act 2002
sha:15b6c0120b329396e32083f5ce1765b5b3e7fdfb8d60720566973e6f329519ee,PDF-15b6c0120b32,CB-TB-534_Flint,15b6c0120b329396e32083f5ce1765b5b3e7fdfb8d60720566973e6f329519ee,OFFLINE_PAPERS_PROJECTION,,MODALITY,modality_summary_vs_recording,,,modality_summary_vs_recording,,src_charge|src_hearing|src_mg_forms|src_parties|src_dates|src_continuity|papers_materials_37,6086,,"HEARING_ISO | 2026-06-19T09:30:00.000Z || HEARING | 19 June 2026 10:30 || CHARGE | Possession of a controlled drug of Class B, contrary to section 5(2) Misuse of Drugs Act 1971"
sha:1668837ab06ce34eda2d4ccda3c1346e887c988f923f07b2b7dd576c6edbf7dd,PDF-1668837ab06c,CB-TB-1960_Maitland,1668837ab06ce34eda2d4ccda3c1346e887c988f923f07b2b7dd576c6edbf7dd,OFFLINE_PAPERS_PROJECTION,,MUTE,mute_phone_download,,mute_phone_download,,,src_charge|src_hearing|src_mg_forms|src_parties|src_dates|src_cctv|src_continuity|papers_materials_24,8869,,"HEARING_ISO | 2026-10-10T09:00:00.000Z || HEARING | 10 October 2026 10:00 || CHARGE | Possession of a controlled drug of Class A with intent to supply, contrary to section 5(3) of the Misuse of Drugs Act 1971"
sha:166ff2d9f20e253a5fd1a49e59498de5c87f5feb535a6bb90cd7a1daaccb0cd5,PDF-166ff2d9f20e,CB-TB-632_Olsen,166ff2d9f20e253a5fd1a49e59498de5c87f5feb535a6bb90cd7a1daaccb0cd5,OFFLINE_PAPERS_PROJECTION,,MUTE,mute_phone_download,,mute_phone_download,,,src_charge|src_hearing|src_mg_forms|src_parties|src_dates|src_cctv|src_continuity|papers_materials_32,6952,,"HEARING_ISO | 2026-07-07T08:30:00.000Z || HEARING | 07 July 2026 at 09:30 || CHARGE | Possession of a controlled drug of Class A, namely cocaine, with intent to supply, contrary to section 5(3) of the Misuse of Drugs Act 1971"
sha:1848f0971a9e29a8dd2b17386a443db7493ec5baa1c00bd1697c987f7d9e403b,PDF-1848f0971a9e,CB-TB-1619_Khan,1848f0971a9e29a8dd2b17386a443db7493ec5baa1c00bd1697c987f7d9e403b,OFFLINE_PAPERS_PROJECTION,,MUTE,mute_phone_download,,mute_phone_download,,,src_charge|src_hearing|src_mg_forms|src_parties|src_dates|src_cctv|src_continuity|papers_materials_26,7523,,"HEARING_ISO | 2026-07-15T12:00:00.000Z || HEARING | 15 July 2026 at 13:00 || CHARGE | Offence Possession of a controlled drug of Class A with intent to supply, contrary to section 5(3) Misuse of Drugs Act 1971"
sha:180b9c23052ab8ebffc2e127d2381151c5c725daa7d235fd60ccb685b9b3e535,PDF-180b9c23052a,CB-TB-478_Murphy,180b9c23052ab8ebffc2e127d2381151c5c725daa7d235fd60ccb685b9b3e535,OFFLINE_PAPERS_PROJECTION,,MUTE,mute_phone_download,,mute_phone_download,,,src_charge|src_hearing|src_mg_forms|src_parties|src_cctv|src_continuity|papers_materials_28,7786,,"HEARING_ISO | 2026-06-25T08:30:00.000Z || HEARING | 25 June 2026 at 09:30 || CHARGE | Primary charge:Intimidating a witness, contrary to section 51 Criminal Justice and Public Order Act 1994"
sha:1af68ed606d29348dbff9019135b53b79c5c1916938ea493782419e70e88841d,PDF-1af68ed606d2,CB-TB-321_Quinn,1af68ed606d29348dbff9019135b53b79c5c1916938ea493782419e70e88841d,OFFLINE_PAPERS_PROJECTION,,MUTE,mute_phone_download,,mute_phone_download,,,src_charge|src_hearing|src_mg_forms|src_parties|src_dates|src_cctv_stills|papers_materials_25,7081,,"HEARING_ISO | 2026-07-25T08:15:00.000Z || HEARING | 25 July 2026 at 09:15 || CHARGE | Being concerned in the supply of a Class A controlled drug, contrary to section 4(3)(b) of the Misuse of Drugs Act 1971"
sha:1aa615a74f4e48ae0bf5f2e0c46b5be61626c48a79db09b0dbc39fb6c3477d6b,PDF-1aa615a74f4e,CB-TB-754_Bennett,1aa615a74f4e48ae0bf5f2e0c46b5be61626c48a79db09b0dbc39fb6c3477d6b,OFFLINE_PAPERS_PROJECTION,,MUTE,mute_phone_download,,mute_phone_download,,,src_charge|src_hearing|src_mg_forms|src_parties|src_dates|src_cctv|src_cctv_stills|papers_materials_36,7870,,"HEARING_ISO | 2026-06-28T10:30:00.000Z || HEARING | 28 June 2026 at 11:30 || CHARGE | Possessing criminal property, contrary to section 329 of the Proceeds of Crime Act 2002"
sha:1c56975a632ed184a55580e1ac74bdb920a80501eca3075676605bcb3e8232ca,PDF-1c56975a632e,CB-TB-1822_Nolan,1c56975a632ed184a55580e1ac74bdb920a80501eca3075676605bcb3e8232ca,OFFLINE_PAPERS_PROJECTION,,MUTE,mute_phone_download,,mute_phone_download,,,src_charge|src_hearing|src_mg_forms|src_parties|src_dates|src_cctv|src_cctv_stills|src_continuity|papers_materials_34,8649,,HEARING_ISO | 2026-08-22T11:00:00.000Z || HEARING | 22 August 2026 12:00 || CHARGE | Entering into an arrangement contrary to section 328 of the Proceeds of Crime Act 2002
sha:1c77bb50f9c37e327377d1dc574fb42b09f5dc52fab83ecba23b485ecba98458,PDF-1c77bb50f9c3,CB-TB-2021_Sutton,1c77bb50f9c37e327377d1dc574fb42b09f5dc52fab83ecba23b485ecba98458,OFFLINE_PAPERS_PROJECTION,,MUTE,mute_phone_download,,mute_phone_download,,,src_charge|src_hearing|src_mg_forms|src_parties|src_dates|src_cctv|src_continuity|papers_materials_28,6401,,"HEARING_ISO | 2026-07-31T10:00:00.000Z || HEARING | 31 July 2026 at 11:00 || CHARGE | Offence Being concerned in the supply of a controlled drug of Class A, contrary to section 4(3)(b) Misuse of Drugs Act 1971"
sha:1cc7058664c6ac92ed256fc1ced632fd5eb03bcdd0430131a5c2cc6181d318b0,PDF-1cc7058664c6,CB-TB-742_Morley,1cc7058664c6ac92ed256fc1ced632fd5eb03bcdd0430131a5c2cc6181d318b0,OFFLINE_PAPERS_PROJECTION,,MUTE,mute_phone_download,,mute_phone_download,,,src_charge|src_hearing|src_mg_forms|src_parties|src_dates|src_cctv|src_cctv_stills|src_continuity|papers_materials_40,9133,,"HEARING_ISO | 2026-08-06T10:30:00.000Z || HEARING | 06 August 2026 at 11:30 || CHARGE | Possession of a controlled drug of Class B, namely cannabis, contrary to section 5(2) of the Misuse of Drugs Act 1971"
sha:1da532e5aa62e8bbac18f464986448f1c853b41446d803190279f9b69a560435,PDF-1da532e5aa62,CB-TB-132_Owen,1da532e5aa62e8bbac18f464986448f1c853b41446d803190279f9b69a560435,OFFLINE_PAPERS_PROJECTION,,MUTE,mute_phone_download,,mute_phone_download,,,src_charge|src_hearing|src_mg_forms|src_parties|src_cctv_stills|src_continuity|papers_materials_22,4629,,"HEARING_ISO | 2026-07-12T13:00:00.000Z || HEARING | 12 July 2026 at 14:00 || CHARGE | Possession of a controlled drug of Class B, namely cannabis, contrary to section 5(2)"
sha:1d5b00bb7485a30c2a302a6afa74c04aeee7c7d0af6e46c5f54a3b24f9759e7d,PDF-1d5b00bb7485,CB-TB-390_Baines,1d5b00bb7485a30c2a302a6afa74c04aeee7c7d0af6e46c5f54a3b24f9759e7d,OFFLINE_PAPERS_PROJECTION,,MUTE,mute_phone_download,,mute_phone_download,,,src_charge|src_hearing|src_mg_forms|src_parties|src_dates|papers_materials_21,7450,,"HEARING_ISO | 2026-09-02T08:15:00.000Z || HEARING | 02 September 2026 at 09:15 || CHARGE | Affray, contrary to section 3 of the Public Order Act 1986"
sha:1de50e6c066fb42b1ce27df2a6c7f2d7ffaadc1d2b0e971acfd063a746ed92a6,PDF-1de50e6c066f,CB-TB-734_Mitchell,1de50e6c066fb42b1ce27df2a6c7f2d7ffaadc1d2b0e971acfd063a746ed92a6,OFFLINE_PAPERS_PROJECTION,,MUTE,mute_phone_download,,mute_phone_download,,,src_charge|src_hearing|src_mg_forms|src_parties|src_dates|src_cctv|src_continuity|papers_materials_30,7129,,"HEARING_ISO | 2026-07-13T10:30:00.000Z || HEARING | 13 July 2026 at 11:30 || CHARGE | Possession of a controlled drug of Class B, namely cannabis, contrary to section 5(2) of the Misuse of Drugs Act 1971"
sha:1dc663f0da40fe0d8ba122ea26743459528e6f8712c078acfabf98b2d2944dd8,PDF-1dc663f0da40,CB-TB-1278_Blake,1dc663f0da40fe0d8ba122ea26743459528e6f8712c078acfabf98b2d2944dd8,OFFLINE_PAPERS_PROJECTION,,MUTE,mute_phone_download,,mute_phone_download,,,src_charge|src_hearing|src_mg_forms|src_parties|src_dates|src_cctv|src_continuity|papers_materials_29,5463,,"HEARING_ISO | 2026-06-24T08:30:00.000Z || HEARING | 24/06/2026 09:30 || CHARGE | Intentional harassment, alarm or distress, contrary to section 4A Public Order Act 1986"
sha:1e223a9582a41c18a84fdadb9799741a0bd02ffe2a65a6c06764664ca609aef7,PDF-1e223a9582a4,CB-TB-110_Okonkwo,1e223a9582a41c18a84fdadb9799741a0bd02ffe2a65a6c06764664ca609aef7,OFFLINE_PAPERS_PROJECTION,,MUTE,mute_phone_download,,mute_phone_download,,,src_charge|src_hearing|src_mg_forms|src_parties|src_continuity|papers_materials_25,7372,,"HEARING_ISO | 2026-07-20T09:00:00.000Z || HEARING | 20 July 2026 at 10:00 || CHARGE | Possession of a controlled drug of Class A with intent to supply, namely cocaine, contrary to section 5(3) Misuse of Drugs Act 1971"
sha:1ea03cd9eb3ddbf142afee71995b78325fb4289e322bb3d6585a4b9674f6dba5,PDF-1ea03cd9eb3d,CB-TB-569_Marsh,1ea03cd9eb3ddbf142afee71995b78325fb4289e322bb3d6585a4b9674f6dba5,OFFLINE_PAPERS_PROJECTION,,MODALITY,modality_summary_vs_recording,,,modality_summary_vs_recording,,src_charge|src_hearing|src_mg_forms|src_parties|src_dates|src_cctv|src_continuity|papers_materials_38,8587,,"HEARING_ISO | 2026-07-18T08:30:00.000Z || HEARING | 18 July 2026 09:30 || CHARGE | Assault occasioning actual bodily harm, s.47 OAPA 1861"
sha:1f06a9de6f090e1df1c88a4e385197d45d3d789c6063e42af90403a3c9f2510c,PDF-1f06a9de6f09,CB-TB-739_Bennett,1f06a9de6f090e1df1c88a4e385197d45d3d789c6063e42af90403a3c9f2510c,OFFLINE_PAPERS_PROJECTION,,MUTE,mute_phone_download,,mute_phone_download,,,src_charge|src_hearing|src_mg_forms|src_parties|src_dates|src_cctv|papers_materials_31,6131,,"HEARING_ISO | 2026-07-28T11:30:00.000Z || HEARING | 28 July 2026 at 12:30 || CHARGE | Possession of a controlled drug of Class A, namely cocaine, with intent to supply, contrary to section 5(3) of the Misuse of Drugs Act"
sha:1f00974906d9a94720939c29f8fbe97c06ab6cf9c0a6e7fc3c22e0d50b645399,PDF-1f00974906d9,CB-TB-588_Clarke,1f00974906d9a94720939c29f8fbe97c06ab6cf9c0a6e7fc3c22e0d50b645399,OFFLINE_PAPERS_PROJECTION,,MODALITY,modality_summary_vs_recording,,,modality_summary_vs_recording,,src_charge|src_hearing|src_mg_forms|src_parties|src_dates|src_cctv|src_continuity|papers_materials_34,4121,,HEARING_ISO | 2026-07-18T09:00:00.000Z || HEARING | 18 July 2026 10:00 || CHARGE | Possession of a controlled drug of Class A with intent to supply contrary to section 5(3) Misuse of Drugs Act 1971
sha:2003bb04c02bbc71096d63c90949d67aae381e70fa2b6e068b25c1d4d799cf1d,PDF-2003bb04c02b,CB-TB-832_Byrne,2003bb04c02bbc71096d63c90949d67aae381e70fa2b6e068b25c1d4d799cf1d,OFFLINE_PAPERS_PROJECTION,,MUTE,mute_cctv_master,,mute_cctv_master,,,src_charge|src_hearing|src_mg_forms|src_dates|src_continuity|papers_materials_15,4851,,"HEARING_ISO | 2026-08-18T09:00:00.000Z || HEARING | 18 August 2026 at 10:00 || CHARGE | Assault by beating of an emergency worker, contrary to section 1 of the Assaults on"
sha:1ff7375f82be2872b67ebc3b6d67dc068ca56f0424492836dca95b3e85fb55d4,PDF-1ff7375f82be,CB-TB-1439_Foster,1ff7375f82be2872b67ebc3b6d67dc068ca56f0424492836dca95b3e85fb55d4,OFFLINE_PAPERS_PROJECTION,,MUTE,mute_phone_download,,mute_phone_download,,,src_charge|src_hearing|src_mg_forms|src_id_procedure|src_parties|src_dates|src_cctv|src_continuity|papers_materials_24,7266,,"HEARING_ISO | 2026-08-27T10:15:00.000Z || HEARING | 27 August 2026 at 11:15 || CHARGE | Aggravated burglary, contrary to s.10 Theft Act 1968"
sha:202512afb4c0630565bd8a05a8547faeb67f47f01920d63e4bb2d16bf8b600c4,PDF-202512afb4c0,CB-TB-955_Merritt,202512afb4c0630565bd8a05a8547faeb67f47f01920d63e4bb2d16bf8b600c4,OFFLINE_PAPERS_PROJECTION,,MUTE,mute_phone_download,,mute_phone_download,,,src_charge|src_hearing|src_mg_forms|src_parties|src_dates|src_cctv|papers_materials_24,5931,,"HEARING_ISO | 2026-07-18T12:15:00.000Z || HEARING | 18/07/2026 13:15 || CHARGE | 1Intimidating a witness, contrary to section 51 of"
sha:207c521e1f38ee8e9d41c6884c29e1ef6f9c1f231b103082c044a7d285a32768,PDF-207c521e1f38,CB-TB-1241_Pike,207c521e1f38ee8e9d41c6884c29e1ef6f9c1f231b103082c044a7d285a32768,OFFLINE_PAPERS_PROJECTION,,MUTE,mute_phone_download,,mute_phone_download,,,src_charge|src_hearing|src_mg_forms|src_parties|src_dates|src_cctv|src_cctv_stills|src_continuity|papers_materials_21,4290,,"HEARING_ISO | 2026-08-02T13:00:00.000Z || HEARING | 02/08/2026 14:00 || CHARGE | Burglary, theft and possession of a bladed article"
sha:2031adfb5d345ee8920415b2fac1c4c80b3ff08d2fa4fc490290b1d0c221ea73,PDF-2031adfb5d34,CB-TB-678_Morgan,2031adfb5d345ee8920415b2fac1c4c80b3ff08d2fa4fc490290b1d0c221ea73,OFFLINE_PAPERS_PROJECTION,,MUTE,mute_export_log,,mute_export_log,,,src_charge|src_hearing|src_mg_forms|src_parties|src_dates|src_cctv|src_cctv_stills|papers_materials_40,8684,,"HEARING_ISO | 2026-06-25T10:30:00.000Z || HEARING | 25 June 2026 at 11:30 || CHARGE | Robbery, contrary to s.8 Theft Act 1968"
sha:20f739383dab28d40f0287f826ce050ebd295aebaccc97c84a1be0236aa5b31d,PDF-20f739383dab,CB-TB-524_Turner,20f739383dab28d40f0287f826ce050ebd295aebaccc97c84a1be0236aa5b31d,OFFLINE_PAPERS_PROJECTION,,MODALITY,modality_summary_vs_recording,,,modality_summary_vs_recording,,src_charge|src_hearing|src_mg_forms|src_parties|src_dates|src_cctv|src_continuity|papers_materials_39,6709,,"HEARING_ISO | 2026-06-28T09:00:00.000Z || HEARING | 28 June 2026 10:00 || CHARGE | Unlawful wounding, contrary to section 20 Offences Against the Person Act 1861"
sha:20b079e263cad89800fd46b4aedeadbfc7306ad269ace059104659adc028b0a1,PDF-20b079e263ca,CB-TB-1782_Lloyd,20b079e263cad89800fd46b4aedeadbfc7306ad269ace059104659adc028b0a1,OFFLINE_PAPERS_PROJECTION,,MUTE,mute_phone_download,,mute_phone_download,,,src_charge|src_hearing|src_mg_forms|src_parties|src_dates|src_cctv|papers_materials_29,5943,,"HEARING_ISO | 2026-07-08T13:00:00.000Z || HEARING | 08 July 2026 14:00 || CHARGE | Having an offensive weapon, contrary to s.1(1) Prevention of Crime Act 1953"
sha:215177c80af2d0c0e5c880fbb3c4df936a66ced3f9a2a1d1a8a71ca7f76734ce,PDF-215177c80af2,CB-TB-1306_Dacre,215177c80af2d0c0e5c880fbb3c4df936a66ced3f9a2a1d1a8a71ca7f76734ce,OFFLINE_PAPERS_PROJECTION,,MUTE,mute_phone_download,,mute_phone_download,,,src_charge|src_hearing|src_mg_forms|src_id_procedure|src_parties|src_dates|src_cctv|src_continuity|papers_materials_40,13464,,"HEARING_ISO | 2026-08-16T13:00:00.000Z || HEARING | 16 August 2026 at 14:00 || CHARGE | Assault occasioning actual bodily harm, s.47 OAPA 1861"
sha:21d3bea362871832e4d8a8653145deebcce7b2370759e4fdc6da77b207f08930,PDF-21d3bea36287,CB-TB-1319_Stone,21d3bea362871832e4d8a8653145deebcce7b2370759e4fdc6da77b207f08930,OFFLINE_PAPERS_PROJECTION,,MUTE,mute_phone_download,,mute_phone_download,,,src_charge|src_hearing|src_id_procedure|src_parties|src_dates|src_cctv|src_continuity|papers_materials_20,5230,,"HEARING_ISO | 2026-09-03T09:30:00.000Z || HEARING | 03 September 2026 at 10:30 || CHARGE | Possession of a controlled drug of Class B, contrary to section 5(2) of the Misuse of Drugs Act 1971"
sha:21a2e12e50e89f4f5154519a30643f007010e742d39c42bfc4053128915aa070,PDF-21a2e12e50e8,CB-TB-261_Ross,21a2e12e50e89f4f5154519a30643f007010e742d39c42bfc4053128915aa070,OFFLINE_PAPERS_PROJECTION,,MUTE,mute_phone_download,,mute_phone_download,,,src_charge|src_hearing|src_mg_forms|src_parties|src_dates|src_cctv|src_continuity|papers_materials_31,13498,,"HEARING_ISO | 2026-07-13T09:30:00.000Z || HEARING | 13 July 2026 at 10:30 || CHARGE | Criminal damage, contrary to section 1 of the Criminal Damage Act 1971"
sha:226801f85a3c0c39908ef30ba8f9ee6aa329999842ac3452307525a354e984b2,PDF-226801f85a3c,CB-TB-160_Marlow,226801f85a3c0c39908ef30ba8f9ee6aa329999842ac3452307525a354e984b2,OFFLINE_PAPERS_PROJECTION,,MUTE,mute_phone_download,,mute_phone_download|mute_cad_999,,,src_charge|src_hearing|src_mg_forms|src_parties|src_cctv|src_continuity|papers_materials_33,11279,,HEARING_ISO | 2026-07-22T09:00:00.000Z || HEARING | 22 July 2026 at 10:00 || CHARGE | Unlawful wounding
sha:2316a18373ef53cea7e62d508b20b7797b77346421006d1790a695949866341d,PDF-2316a18373ef,CB-TB-1918_Finch,2316a18373ef53cea7e62d508b20b7797b77346421006d1790a695949866341d,OFFLINE_PAPERS_PROJECTION,,MUTE,mute_phone_download,,mute_phone_download,,,src_charge|src_hearing|src_mg_forms|src_parties|src_dates|src_cctv|src_continuity|papers_materials_23,5509,,"HEARING_ISO | 2026-09-02T09:00:00.000Z || HEARING | 02 September 2026 10:00 || CHARGE | Assault by beating of an emergency worker, contrary to section 1 of the Assaults on"
sha:234a9c9eb2fbbe2e823e098263bc1a493ae999edb6530fb1831f9836f05c65b1,PDF-234a9c9eb2fb,CB-TB-2045_Nolan,234a9c9eb2fbbe2e823e098263bc1a493ae999edb6530fb1831f9836f05c65b1,OFFLINE_PAPERS_PROJECTION,,MUTE,mute_cad_999,,mute_cad_999,,,src_charge|src_hearing|src_mg_forms|src_parties|src_cctv|src_continuity|papers_materials_22,4111,,"HEARING_ISO | 2026-08-02T10:00:00.000Z || HEARING | 2 August 2026 at 11:00 || CHARGE | Theft, contrary to s.1 Theft Act 1968"
sha:2356a71b5931544a760aae4665b4147359958a94e170f0b3cd207ffd65bf70fb,PDF-2356a71b5931,CB-TB-1814_Glover,2356a71b5931544a760aae4665b4147359958a94e170f0b3cd207ffd65bf70fb,OFFLINE_PAPERS_PROJECTION,,MUTE,mute_phone_download,,mute_phone_download,,,src_charge|src_hearing|src_mg_forms|src_parties|src_dates|src_cctv_stills|papers_materials_23,4784,,"HEARING_ISO | 2026-07-29T13:00:00.000Z || HEARING | 29 July 2026 14:00 || CHARGE | Having an offensive weapon, contrary to s.1(1) Prevention of Crime Act 1953"
sha:23ab9c3a168fcd572d6acc507f76f875b7d2e9b4acc42f5a151d2bce5b56c4c5,PDF-23ab9c3a168f,CB-TB-2121_Fletcher,23ab9c3a168fcd572d6acc507f76f875b7d2e9b4acc42f5a151d2bce5b56c4c5,OFFLINE_PAPERS_PROJECTION,,MUTE,mute_cad_999,,mute_cad_999,,,src_charge|src_hearing|src_mg_forms|src_parties|src_dates|src_cctv|src_continuity|papers_materials_29,10664,,"HEARING_ISO | 2026-08-20T10:30:00.000Z || HEARING | 20 August 2026 at 11:30 || CHARGE | Offence Affray, contrary to section 3 Public Order Act 1986"
sha:241458624b3be3a6308aa7bb271c7ba70e26ed3a2f09d1ace2a806f9317f9ef3,PDF-241458624b3b,CB-TB-968_Hale,241458624b3be3a6308aa7bb271c7ba70e26ed3a2f09d1ace2a806f9317f9ef3,OFFLINE_PAPERS_PROJECTION,,MUTE,mute_phone_download,,mute_phone_download,,,src_charge|src_hearing|src_mg_forms|src_parties|src_cctv|papers_materials_38,10372,,"HEARING_ISO | 2026-08-13T09:00:00.000Z || HEARING | 13/08/2026 10:00 || CHARGE | Assault by beating of an emergency worker, contrary to section 1 of the Assaults on Emergency Workers (Offences) Act 2018"
sha:242447a7b8dd043739b4d1aac17019aadca04f4060b84b6eae67d88d6f453e72,PDF-242447a7b8dd,CB-TB-1906_Mills,242447a7b8dd043739b4d1aac17019aadca04f4060b84b6eae67d88d6f453e72,OFFLINE_PAPERS_PROJECTION,,MUTE,mute_phone_download,,mute_phone_download,,,src_charge|src_hearing|src_mg_forms|src_parties|src_dates|src_cctv|src_continuity|papers_materials_27,8435,,"HEARING_ISO | 2026-09-10T09:00:00.000Z || HEARING | 10 September 2026 10:00 || CHARGE | Burglary of a dwelling, contrary to section 9 of the Theft Act 1968"
sha:249306cddb3a06a04ff5367b549afb76e27e2146ced1f8166d05aa9d70dc6e75,PDF-249306cddb3a,CB-TB-1862_Barker,249306cddb3a06a04ff5367b549afb76e27e2146ced1f8166d05aa9d70dc6e75,OFFLINE_PAPERS_PROJECTION,,MUTE,mute_phone_download,,mute_phone_download,,,src_charge|src_hearing|src_mg_forms|src_parties|src_dates|src_continuity|papers_materials_18,3418,,"HEARING_ISO | 2026-07-23T11:00:00.000Z || HEARING | 23 July 2026 12:00 || CHARGE | Dangerous driving, contrary to section 2 Road Traffic Act 1988"
sha:245941ecc4fdb256267c0c7a4c2d22a275ce0c34ae40f92a96654a6772d789a1,PDF-245941ecc4fd,CB-TB-419_Ryder,245941ecc4fdb256267c0c7a4c2d22a275ce0c34ae40f92a96654a6772d789a1,OFFLINE_PAPERS_PROJECTION,,MUTE,mute_phone_download,,mute_phone_download,,,src_charge|src_hearing|src_mg_forms|src_parties|src_cctv|src_continuity|papers_materials_22,6028,,"HEARING_ISO | 2026-07-21T10:00:00.000Z || HEARING | 21 July 2026 at 11:00 || CHARGE | Handling stolen goods, contrary to s.22 Theft Act 1968"
sha:253be4e9975dd793093f8ffc33a344c266d7a5d1abd9e9da3290fcb7926e6e2a,PDF-253be4e9975d,CB-TB-1067_Morris,253be4e9975dd793093f8ffc33a344c266d7a5d1abd9e9da3290fcb7926e6e2a,OFFLINE_PAPERS_PROJECTION,,MUTE,mute_cctv_master,,mute_cctv_master,,,src_charge|src_hearing|src_mg_forms|src_parties|src_dates|src_cctv|src_cctv_stills|src_continuity|papers_materials_40,6872,,"HEARING_ISO | 2026-06-29T08:30:00.000Z || HEARING | 29 June 2026 at 09:30 || CHARGE | Possession with intent to supply cocaine, contrary to section 5(3) Misuse of Drugs Act 1971"
sha:24e1fd8bf38dd24265a8fafcfe08d121cf81da0cb08088d18fd5b996133868db,PDF-24e1fd8bf38d,CB-TB-575_Ross,24e1fd8bf38dd24265a8fafcfe08d121cf81da0cb08088d18fd5b996133868db,OFFLINE_PAPERS_PROJECTION,,MODALITY,modality_summary_vs_recording,,,modality_summary_vs_recording,,src_charge|src_hearing|src_mg_forms|src_parties|src_dates|src_continuity|papers_materials_36,7548,,"HEARING_ISO | 2026-06-26T10:15:00.000Z || HEARING | 26 June 2026 11:15 || CHARGE | Wounding with intent to cause grievous bodily harm, s.18 OAPA 1861"
sha:260dd6b4d764adfcb8a8624b8036905cb03004970dced3c0d1659b49726265f9,PDF-260dd6b4d764,CB-TB-441_Flint,260dd6b4d764adfcb8a8624b8036905cb03004970dced3c0d1659b49726265f9,OFFLINE_PAPERS_PROJECTION,,MODALITY,modality_screenshot_vs_download,,,modality_screenshot_vs_download,,src_charge|src_hearing|src_mg_forms|src_parties|src_cctv|src_continuity|papers_materials_18,3987,,"HEARING_ISO | 2026-06-23T13:00:00.000Z || HEARING | 23 June 2026 at 14:00 || CHARGE | Primary charge:Concealing criminal property, contrary to section 327 Proceeds of Crime Act 2002"
sha:255e9fbd8352936883424618028af152c34eae76577bfb257b2f8945f87b8686,PDF-255e9fbd8352,CB-TB-2171_Mason,255e9fbd8352936883424618028af152c34eae76577bfb257b2f8945f87b8686,OFFLINE_PAPERS_PROJECTION,,MUTE,mute_cad_999,,mute_cad_999,,,src_charge|src_hearing|src_mg_forms|src_parties|src_dates|src_cctv|src_continuity|papers_materials_23,7546,,"HEARING_ISO | 2026-06-21T12:00:00.000Z || HEARING | 21 June 2026 at 13:00 || CHARGE | Wounding with intent to cause grievous bodily harm, s.18 OAPA 1861"
sha:264af2665f6c2dd1c632070eb34799d509b5527eefb759acfb83794dea6a966f,PDF-264af2665f6c,CB-TB-1623_Ross,264af2665f6c2dd1c632070eb34799d509b5527eefb759acfb83794dea6a966f,OFFLINE_PAPERS_PROJECTION,,MUTE,mute_phone_download,,mute_phone_download,,,src_charge|src_hearing|src_mg_forms|src_parties|src_cctv|src_continuity|papers_materials_17,4632,,"HEARING_ISO | 2026-07-27T12:30:00.000Z || HEARING | 27 July 2026 at 13:30 || CHARGE | Fraud by false representation, s.2 Fraud Act 2006"
sha:2617030a7b8b04c035960067b1d877d4a307d8f8396779a465291fd2b8d0cca2,PDF-2617030a7b8b,CB-TB-1770_Quinn,2617030a7b8b04c035960067b1d877d4a307d8f8396779a465291fd2b8d0cca2,OFFLINE_PAPERS_PROJECTION,,MUTE,mute_phone_download,,mute_phone_download,,,src_charge|src_hearing|src_mg_forms|src_parties|src_dates|src_cctv_stills|papers_materials_31,5041,,"HEARING_ISO | 2026-08-16T08:30:00.000Z || HEARING | 16 August 2026 09:30 || CHARGE | Theft, contrary to s.1 Theft Act 1968"
sha:2723c7c8088e1a3fd6a305c4a1db53b903b4304517a2792e44303867d1c6f0fc,PDF-2723c7c8088e,CB-TB-2091_Barlow,2723c7c8088e1a3fd6a305c4a1db53b903b4304517a2792e44303867d1c6f0fc,OFFLINE_PAPERS_PROJECTION,,MUTE,mute_phone_download,,mute_phone_download,,,src_charge|src_hearing|src_mg_forms|src_parties|src_dates|src_cctv|src_continuity|papers_materials_25,5299,,"HEARING_ISO | 2026-07-31T12:30:00.000Z || HEARING | 31 July 2026 at 13:30 || CHARGE | Offence Concealing, disguising, converting or transferring criminal property, contrary to section 327 Proceeds of Crime Act 2002"
sha:273e889ddb8ca9b249fc83b40c8f46b101af44f08801e6768c0f9055474bc125,PDF-273e889ddb8c,CB-TB-228_Doyle,273e889ddb8ca9b249fc83b40c8f46b101af44f08801e6768c0f9055474bc125,OFFLINE_PAPERS_PROJECTION,,MUTE,mute_phone_download,,mute_phone_download,,,src_charge|src_hearing|src_mg_forms|src_parties|src_dates|src_cctv|src_cctv_stills|papers_materials_21,6860,,"HEARING_ISO | 2026-06-28T13:00:00.000Z || HEARING | 28 June 2026 at 14:00 || CHARGE | Fraud by abuse of position, contrary to section 4 of the Fraud Act 2006"
sha:279f34df600c85b0313b4ab8e70d84434f1ff960d8e9cb8f79809001ff05c537,PDF-279f34df600c,CB-TB-595_Khan,279f34df600c85b0313b4ab8e70d84434f1ff960d8e9cb8f79809001ff05c537,OFFLINE_PAPERS_PROJECTION,,MODALITY,modality_summary_vs_recording,,,modality_summary_vs_recording,,src_charge|src_hearing|src_mg_forms|src_parties|src_dates|src_continuity|papers_materials_30,3175,,"HEARING_ISO | 2026-08-16T08:30:00.000Z || HEARING | 16 August 2026 09:30 || CHARGE | Having an offensive weapon, contrary to s.1(1) Prevention of Crime Act 1953"
sha:27a13a45394bdb8a8912e8f5cca29d6002f39eba95aeff01ed4be0a8f9bd2369,PDF-27a13a45394b,CB-TB-101_Palmer,27a13a45394bdb8a8912e8f5cca29d6002f39eba95aeff01ed4be0a8f9bd2369,OFFLINE_PAPERS_PROJECTION,,MUTE,mute_phone_download,,mute_phone_download,,,src_charge|src_hearing|src_mg_forms|src_parties|src_cctv|src_continuity|papers_materials_37,14331,,HEARING_ISO | 2026-06-23T09:30:00.000Z || HEARING | 23 June 2026 at 10:30 || CHARGE | Burglary dwelling
sha:287c7211fa15c443bbd097a6165049c86a4f2001bea0ddc0630ebcd511ab7052,PDF-287c7211fa15,gauntlet-06-dup-mg6,287c7211fa15c443bbd097a6165049c86a4f2001bea0ddc0630ebcd511ab7052,OFFLINE_PAPERS_PROJECTION,,INVENT,invent_bwv,invent_bwv,,,,src_charge|src_hearing|src_mg_forms|src_parties|src_cctv|src_cctv_stills|papers_materials_15,3733,,HEARING_ISO | 2026-06-17T09:15:00.000Z || HEARING | 17 June 2026 at 10:15 || CHARGE | Offence Assault occasioning actual bodily harm - pub
sha:292c3e443e87d48c05371a8d047cd7d54f99de1beb3246a1f59c2b56eb412c58,PDF-292c3e443e87,CB-TB-1913_Marsh,292c3e443e87d48c05371a8d047cd7d54f99de1beb3246a1f59c2b56eb412c58,OFFLINE_PAPERS_PROJECTION,,MUTE,mute_phone_download,,mute_phone_download,,,src_charge|src_hearing|src_mg_forms|src_parties|src_dates|src_cctv|papers_materials_19,3161,,HEARING_ISO | 2026-08-17T13:45:00.000Z || HEARING | 17 August 2026 14:45 || Tab 1 Charge sheet / initial details | unclear | Tab 1 Charge sheet / initial details
sha:29f2f472ff0991215de5c74479f98955d053a47bf9753663a0db22d4316ac722,PDF-29f2f472ff09,CB-TB-1056_Clarke,29f2f472ff0991215de5c74479f98955d053a47bf9753663a0db22d4316ac722,OFFLINE_PAPERS_PROJECTION,,MUTE,mute_phone_download,,mute_phone_download,,,src_charge|src_hearing|src_mg_forms|src_parties|src_dates|src_cctv|papers_materials_30,5146,,HEARING_ISO | 2026-07-14T10:15:00.000Z || HEARING | 14 July 2026 at 11:15 || CHARGE | Doing an act tending and intended to pervert the course of public justice
sha:2bb2752814db666dafd0f2f975de387e8fa39704ce0916d6e02ce98153f44c3b,PDF-2bb2752814db,NS-CPS-2026-0431 - Copy (2),2bb2752814db666dafd0f2f975de387e8fa39704ce0916d6e02ce98153f44c3b,OFFLINE_PAPERS_PROJECTION,,MUTE,mute_cctv_master,,mute_cctv_master,,,src_charge|src_hearing|src_mg_forms|src_parties|src_dates|src_cctv|src_continuity|papers_materials_28,4645,,CHARGE | Theft person (snatch) || Other party / key witness: DECLAN ELLIS (DOB 01/09/1986) | unclear | Other party / key witness: DECLAN ELLIS (DOB 01/09/1986) || Charge sheet extract | Below | unclear | Charge sheet extract | Below
sha:2bbbefdf18f8207e8622d4788acbdb368b6a159b1d7e3391008265ca565c2722,PDF-2bbbefdf18f8,CB-TB-1818_Griffiths,2bbbefdf18f8207e8622d4788acbdb368b6a159b1d7e3391008265ca565c2722,OFFLINE_PAPERS_PROJECTION,,MUTE,mute_phone_download,,mute_phone_download,,,src_charge|src_hearing|src_mg_forms|src_parties|src_continuity|papers_materials_30,6508,,"HEARING_ISO | 2026-08-10T10:00:00.000Z || HEARING | 10 August 2026 at 11:00 || CHARGE | Being concerned in the supply of a controlled drug of Class A, contrary to section 4(3)(b) of the Misuse of Drugs Act 1971"
sha:2c77806271f9b226ce639d7c183b73a2d7df6446240a9e295ecbbad83d2459dc,PDF-2c77806271f9,CB-TB-596_Nair,2c77806271f9b226ce639d7c183b73a2d7df6446240a9e295ecbbad83d2459dc,OFFLINE_PAPERS_PROJECTION,,MODALITY,modality_summary_vs_recording,,,modality_summary_vs_recording,,src_charge|src_hearing|src_mg_forms|src_parties|src_dates|src_continuity|papers_materials_39,7821,,"HEARING_ISO | 2026-06-28T09:00:00.000Z || HEARING | 28 June 2026 10:00 || CHARGE | Possession of a bladed article in a public place, contrary to section 139 Criminal Justice Act 1988"
sha:2bf575027bfa2c2fbad06e4db1003612ce10f9b933feb9a84e75a1a250d73d28,PDF-2bf575027bfa,CB-TB-1495_Ash,2bf575027bfa2c2fbad06e4db1003612ce10f9b933feb9a84e75a1a250d73d28,OFFLINE_PAPERS_PROJECTION,,MUTE,mute_phone_download,,mute_phone_download,,,src_charge|src_hearing|src_mg_forms|src_id_procedure|src_parties|src_dates|src_cctv|src_continuity|papers_materials_40,14643,,"HEARING_ISO | 2026-08-25T09:00:00.000Z || HEARING | 25 August 2026 at 10:00 || CHARGE | Possession of a controlled drug of Class B, contrary to section 5(2) of the Misuse of Drugs Act 1971"
sha:2ca35b0511a7bd626e6a2f01280728ba6b3c7f97e89d675b2912a26cc37da291,PDF-2ca35b0511a7,CB-TB-514_Khan,2ca35b0511a7bd626e6a2f01280728ba6b3c7f97e89d675b2912a26cc37da291,OFFLINE_PAPERS_PROJECTION,,MODALITY,modality_summary_vs_recording,,,modality_summary_vs_recording,,src_charge|src_hearing|src_mg_forms|src_parties|src_dates|src_continuity|papers_materials_37,8464,,"HEARING_ISO | 2026-08-19T09:00:00.000Z || HEARING | 19 August 2026 10:00 || CHARGE | Assault by beating of an emergency worker, contrary to section 1 Assaults on Emergency Workers (Offences) Act 2018"
sha:2db5d5c19a33f2e25c3a7815e4b55e1a4c715d1e680a4769b497bbbb7f45ede1,PDF-2db5d5c19a33,CB-TB-240_Kent,2db5d5c19a33f2e25c3a7815e4b55e1a4c715d1e680a4769b497bbbb7f45ede1,OFFLINE_PAPERS_PROJECTION,,MUTE,mute_phone_download,,mute_phone_download,,,src_charge|src_hearing|src_mg_forms|src_parties|src_dates|src_cctv|papers_materials_17,7936,,"HEARING_ISO | 2026-08-03T10:15:00.000Z || HEARING | 03 August 2026 at 11:15 || CHARGE | Affray, contrary to section 3 of the Public Order Act 1986"
sha:2d1d564446bf09c3e3bc74aaa0d7131c6b0e97a5fb6d1d0777b2ad6e85b341b7,PDF-2d1d564446bf,CB-TB-892_Bennett,2d1d564446bf09c3e3bc74aaa0d7131c6b0e97a5fb6d1d0777b2ad6e85b341b7,OFFLINE_PAPERS_PROJECTION,,MUTE,mute_cctv_master,,mute_cctv_master,,,src_charge|src_hearing|src_mg_forms|src_parties|src_dates|src_cctv|src_continuity|papers_materials_22,5200,,"HEARING_ISO | 2026-07-01T09:00:00.000Z || HEARING | 01 July 2026 at 10:00 || CHARGE | Unlawful wounding, contrary to section 20 of the Offences Against the Person Act"
sha:2d583e4cf505eb371429c07e8f339428f4d1d65175caa51297f38202960140b6,PDF-2d583e4cf505,CB-TB-749_Hale,2d583e4cf505eb371429c07e8f339428f4d1d65175caa51297f38202960140b6,OFFLINE_PAPERS_PROJECTION,,MUTE,mute_phone_download,,mute_phone_download,,,src_charge|src_hearing|src_mg_forms|src_parties|src_dates|src_cctv|src_cctv_stills|src_continuity|papers_materials_40,9529,,"HEARING_ISO | 2026-08-27T09:30:00.000Z || HEARING | 27 August 2026 at 10:30 || CHARGE | Possessing criminal property, contrary to section 329 of the Proceeds of Crime Act 2002"
sha:2db96762fa4a6433485396463fbeca94c689bc28f610e13199d5218b31872c59,PDF-2db96762fa4a,CB-TB-529_Foster,2db96762fa4a6433485396463fbeca94c689bc28f610e13199d5218b31872c59,OFFLINE_PAPERS_PROJECTION,,MODALITY,modality_summary_vs_recording,,,modality_summary_vs_recording,,src_charge|src_hearing|src_mg_forms|src_parties|src_dates|src_continuity|papers_materials_33,5385,,"HEARING_ISO | 2026-08-19T10:15:00.000Z || HEARING | 19 August 2026 11:15 || CHARGE | Harassment, contrary to section 2 Protection from Harassment Act 1997"
sha:2dc93789e23cd62833c7f7b1866525fa766b717865bf94b11a394538ffd13e3e,PDF-2dc93789e23c,CB-TB-1621_Mitchell,2dc93789e23cd62833c7f7b1866525fa766b717865bf94b11a394538ffd13e3e,OFFLINE_PAPERS_PROJECTION,,MUTE,mute_phone_download,,mute_phone_download,,,src_charge|src_hearing|src_mg_forms|src_parties|src_dates|src_cctv|src_continuity|papers_materials_27,5981,,"HEARING_ISO | 2026-07-21T10:00:00.000Z || HEARING | 21 July 2026 at 11:00 || CHARGE | Offence Concealing, disguising, converting or transferring criminal property, contrary to section 327 Proceeds of Crime Act 2002"
sha:2f05ad705923597ef7615cd0846533e599ca3b81092aa3b1b94842b30c03e8b0,PDF-2f05ad705923,CB-TB-1645_Parker,2f05ad705923597ef7615cd0846533e599ca3b81092aa3b1b94842b30c03e8b0,OFFLINE_PAPERS_PROJECTION,,MUTE,mute_cad_999,,mute_cad_999,,,src_charge|src_hearing|src_mg_forms|src_parties|src_dates|src_cctv|src_continuity|papers_materials_23,6308,,"HEARING_ISO | 2026-07-23T10:00:00.000Z || HEARING | 23 July 2026 at 11:00 || CHARGE | Offence Using threatening or abusive words or behaviour, contrary to section 4 Public Order Act 1986"
sha:2e78b52987b8a74cd47ea6d2b2d9691f2b8d1e7bb812372f45f634001598177d,PDF-2e78b52987b8,CB-TB-1726_Byrne,2e78b52987b8a74cd47ea6d2b2d9691f2b8d1e7bb812372f45f634001598177d,OFFLINE_PAPERS_PROJECTION,,MUTE,mute_phone_download,,mute_phone_download,,,src_charge|src_hearing|src_mg_forms|src_parties|src_cctv_stills|papers_materials_29,5827,,"HEARING_ISO | 2026-06-20T09:00:00.000Z || HEARING | 20 June 2026 || CHARGE | Driving with excess alcohol, contrary to section 5 of the Road Traffic Act 1988"
sha:2f484146c68a7ad59a35607f93f711b2a0f04b0fdb1182e56d4cc861d9d5d368,PDF-2f484146c68a,CB-TB-2189_Merritt,2f484146c68a7ad59a35607f93f711b2a0f04b0fdb1182e56d4cc861d9d5d368,OFFLINE_PAPERS_PROJECTION,,MUTE,mute_phone_download,,mute_phone_download,,,src_charge|src_hearing|src_mg_forms|src_parties|src_dates|src_cctv|src_continuity|papers_materials_26,7840,,"HEARING_ISO | 2026-08-14T10:00:00.000Z || HEARING | 14 August 2026 at 11:00 || CHARGE | Offence Being concerned in the supply of a controlled drug of Class A, contrary to section 4(3)(b) Misuse of Drugs Act 1971"
sha:2f506bb1a963f9cd192cd6a3e2e2f6c9f1379a95b9f70384849f1b132e1ebc58,PDF-2f506bb1a963,CB-TB-1742_Griffiths,2f506bb1a963f9cd192cd6a3e2e2f6c9f1379a95b9f70384849f1b132e1ebc58,OFFLINE_PAPERS_PROJECTION,,MUTE,mute_phone_download,,mute_phone_download,,,src_charge|src_hearing|src_mg_forms|src_parties|src_dates|src_cctv|src_continuity|papers_materials_34,5604,,"HEARING_ISO | 2026-08-07T13:00:00.000Z || HEARING | 07 August 2026 14:00 || CHARGE | Wounding with intent to cause grievous bodily harm, s.18 OAPA 1861"
sha:2fe458678cbc62f3ceb7150c36b4fcebc50f3ef136ca92ae1824991ec18148c0,PDF-2fe458678cbc,CB-TB-646_Hughes,2fe458678cbc62f3ceb7150c36b4fcebc50f3ef136ca92ae1824991ec18148c0,OFFLINE_PAPERS_PROJECTION,,MUTE,mute_phone_download,,mute_phone_download,,,src_charge|src_hearing|src_mg_forms|src_parties|src_dates|src_cctv|src_cctv_stills|papers_materials_40,9493,,"HEARING_ISO | 2026-08-18T10:30:00.000Z || HEARING | 18 August 2026 at 11:30 || CHARGE | Possessing criminal property, contrary to section 329 of the Proceeds of Crime Act 2002"
sha:309e28d94ecafbc94615aeab41442158eaf9d9c66e4f991d1ec04af03b2f3215,PDF-309e28d94eca,CB-TB-1083_Griffiths,309e28d94ecafbc94615aeab41442158eaf9d9c66e4f991d1ec04af03b2f3215,OFFLINE_PAPERS_PROJECTION,,MUTE,mute_phone_download,,mute_phone_download,,,src_charge|src_hearing|src_mg_forms|src_parties|src_dates|src_continuity|papers_materials_28,4697,,"HEARING_ISO | 2026-06-27T10:15:00.000Z || HEARING | 27 June 2026 at 11:15 || CHARGE | Burglary of a dwelling, contrary to section 9 Theft Act 1968"
sha:3065fa9d521f8a972ab06fa12e62b6c7ceb63da39ad87c4284ca328ec3de69b9,PDF-3065fa9d521f,CB-TB-715_Merritt,3065fa9d521f8a972ab06fa12e62b6c7ceb63da39ad87c4284ca328ec3de69b9,OFFLINE_PAPERS_PROJECTION,,MUTE,mute_phone_download,,mute_phone_download,,,src_charge|src_hearing|src_mg_forms|src_parties|src_dates|src_cctv|papers_materials_40,6624,,"HEARING_ISO | 2026-07-31T11:30:00.000Z || HEARING | 31 July 2026 at 12:30 || CHARGE | Wounding with intent to cause grievous bodily harm, s.18 OAPA 1861"
sha:30eff70ad7bccea817c6f8fc88d4d0b9331c2837760afa19876adfa29db09952,PDF-30eff70ad7bc,CB-TB-406_Barker,30eff70ad7bccea817c6f8fc88d4d0b9331c2837760afa19876adfa29db09952,OFFLINE_PAPERS_PROJECTION,,MUTE,mute_phone_download,,mute_phone_download|mute_cad_999,,,src_charge|src_hearing|src_mg_forms|src_parties|src_cctv|papers_materials_19,4990,,"HEARING_ISO | 2026-06-25T09:30:00.000Z || HEARING | 25 June 2026 at 10:30 || CHARGE | Wounding with intent to cause grievous bodily harm, s.18 OAPA 1861"
sha:30ccd607c42d4ba62d36f25e2ab2a734f375e6b287c0eb9d446ba81704cdd11f,PDF-30ccd607c42d,CB-TB-1605_Cole,30ccd607c42d4ba62d36f25e2ab2a734f375e6b287c0eb9d446ba81704cdd11f,OFFLINE_PAPERS_PROJECTION,,MUTE,mute_phone_download,,mute_phone_download,,,src_charge|src_hearing|src_mg_forms|src_parties|src_cctv|src_continuity|papers_materials_28,12515,,"HEARING_ISO | 2026-08-12T10:30:00.000Z || HEARING | 12 August 2026 at 11:30 || CHARGE | Possession of a controlled drug of Class A with intent to supply, contrary to section 5(3) Misuse of Drugs Act"
sha:313b5f2b5a5bd0e0961da2d9747540556994c4dda5fa4bc7ca2e463294724293,PDF-313b5f2b5a5b,CB-TB-2195_Clarke,313b5f2b5a5bd0e0961da2d9747540556994c4dda5fa4bc7ca2e463294724293,OFFLINE_PAPERS_PROJECTION,,MUTE,mute_phone_download,,mute_phone_download,,,src_charge|src_hearing|src_mg_forms|src_parties|src_dates|src_cctv|src_continuity|papers_materials_26,9884,,"HEARING_ISO | 2026-06-23T12:00:00.000Z || HEARING | 23 June 2026 at 13:00 || CHARGE | Offence Possession of a controlled drug of Class A with intent to supply, contrary to section 5(3) Misuse of Drugs Act 1971"
sha:320996308be2573abdc204413abe9b4fe279dfe2afb64a0d46ad69908e20e1e2,PDF-320996308be2,CB-TB-1373_West,320996308be2573abdc204413abe9b4fe279dfe2afb64a0d46ad69908e20e1e2,OFFLINE_PAPERS_PROJECTION,,MUTE,mute_phone_download,,mute_phone_download,,,src_charge|src_hearing|src_mg_forms|src_id_procedure|src_parties|src_dates|src_cctv|src_continuity|papers_materials_26,8330,,"HEARING_ISO | 2026-08-12T13:00:00.000Z || HEARING | 12 August 2026 at 14:00 || CHARGE | Possession of a controlled drug of Class B with intent to supply, contrary to section 5(3) of the Misuse of Drugs Act"
sha:3292e865e79c084bb408c98dd88f86a1eb7ff1d6be42831571718f95e7906a00,PDF-3292e865e79c,CB-TB-1988_Clarke,3292e865e79c084bb408c98dd88f86a1eb7ff1d6be42831571718f95e7906a00,OFFLINE_PAPERS_PROJECTION,,MUTE,mute_phone_download,,mute_phone_download,,,src_charge|src_hearing|src_mg_forms|src_parties|src_dates|src_cctv|src_continuity|papers_materials_19,2804,,"HEARING_ISO | 2026-08-14T08:30:00.000Z || HEARING | 14 August 2026 09:30 || CHARGE | Possession of a controlled drug of Class B, contrary to section 5(2) of the Misuse of Drugs"
sha:323fddafd396e712fbc374b56559daa24e63e21ba6f33bd6b689311ba510e635,PDF-323fddafd396,CB-TB-738_Mitchell,323fddafd396e712fbc374b56559daa24e63e21ba6f33bd6b689311ba510e635,OFFLINE_PAPERS_PROJECTION,,MUTE,mute_phone_download,,mute_phone_download,,,src_charge|src_hearing|src_mg_forms|src_parties|src_dates|src_cctv|src_cctv_stills|src_continuity|papers_materials_31,6799,,"HEARING_ISO | 2026-07-25T10:30:00.000Z || HEARING | 25 July 2026 at 11:30 || CHARGE | Possession of a controlled drug of Class B, namely cannabis, contrary to section 5(2) of the Misuse of Drugs Act 1971"
sha:326b31b9cda3868fbb9674d0976cfe0f31ba0675bd8521a777310cddf2247303,PDF-326b31b9cda3,CB-TB-2118_Khan,326b31b9cda3868fbb9674d0976cfe0f31ba0675bd8521a777310cddf2247303,OFFLINE_PAPERS_PROJECTION,,MUTE,mute_phone_download,,mute_phone_download,,,src_charge|src_hearing|src_mg_forms|src_parties|src_dates|src_cctv|src_continuity|papers_materials_25,11705,,"HEARING_ISO | 2026-08-11T11:30:00.000Z || HEARING | 11 August 2026 at 12:30 || CHARGE | Offence Concealing, disguising, converting or transferring criminal property, contrary to section 327 Proceeds of Crime Act 2002"
sha:3332f5bf946f1e7f394adb1fc5db1393d65921df0d932395ede7d60e6665cb96,PDF-3332f5bf946f,CB-TB-124_Ahmed,3332f5bf946f1e7f394adb1fc5db1393d65921df0d932395ede7d60e6665cb96,OFFLINE_PAPERS_PROJECTION,,MUTE,mute_cad_999,,mute_cad_999,,,src_charge|src_hearing|src_mg_forms|src_parties|src_continuity|papers_materials_20,5685,,"HEARING_ISO | 2026-06-18T09:15:00.000Z || HEARING | 18 June 2026 at 10:15 || CHARGE | Criminal damage, contrary to section 1 Criminal Damage Act 1971; assault by beating,"
sha:3319e723496b34e5eb55165c0b961ec2290bd98a7f6b6e83e97b417d5a1189ab,PDF-3319e723496b,CB-TB-340_Hart,3319e723496b34e5eb55165c0b961ec2290bd98a7f6b6e83e97b417d5a1189ab,OFFLINE_PAPERS_PROJECTION,,MUTE,mute_phone_download,,mute_phone_download,,,src_charge|src_hearing|src_mg_forms|src_parties|src_dates|papers_materials_20,7968,,"HEARING_ISO | 2026-06-28T10:00:00.000Z || HEARING | 28 June 2026 at 11:00 || CHARGE | Affray, contrary to section 3 of the Public Order Act 1986"
sha:33245afe3cec9b24e07f67668ce0e61414b6a7d97d2278862877f7f0cae32421,PDF-33245afe3cec,CB-TB-912_Archer,33245afe3cec9b24e07f67668ce0e61414b6a7d97d2278862877f7f0cae32421,OFFLINE_PAPERS_PROJECTION,,MUTE,mute_phone_download,,mute_phone_download,,,src_charge|src_hearing|src_mg_forms|src_parties|src_cctv|papers_materials_21,5120,,"HEARING_ISO | 2026-07-07T11:30:00.000Z || HEARING | 07/07/2026 12:30 || CHARGE | Possession of a controlled drug of Class A with intent to supply, contrary to section 5(3) of the Misuse of Drugs Act 1971"
sha:33491de01dce64aaabbd3b9c0a522b364a442534d8b748bedbb93d08dd46abeb,PDF-33491de01dce,CB-TB-1188_Carver,33491de01dce64aaabbd3b9c0a522b364a442534d8b748bedbb93d08dd46abeb,OFFLINE_PAPERS_PROJECTION,,MUTE,mute_phone_download,,mute_phone_download,,,src_charge|src_hearing|src_mg_forms|src_id_procedure|src_parties|src_dates|src_cctv|src_continuity|papers_materials_31,9097,,"HEARING_ISO | 2026-07-08T10:15:00.000Z || HEARING | 08 July 2026 at 11:15 || CHARGE | Robbery, contrary to s.8 Theft Act 1968"
sha:3354a46f89693c1dcaac20a190105fd8180af1cec30a57046c97c59562b49109,PDF-3354a46f8969,CB-TB-1858_Lloyd,3354a46f89693c1dcaac20a190105fd8180af1cec30a57046c97c59562b49109,OFFLINE_PAPERS_PROJECTION,,MUTE,mute_phone_download,,mute_phone_download,,,src_charge|src_hearing|src_mg_forms|src_parties|src_cctv_stills|papers_materials_31,7866,,"HEARING_ISO | 2026-07-11T09:00:00.000Z || HEARING | 11 July 2026 || CHARGE | Harassment, contrary to section 2 of the Protection from Harassment Act 1997"
sha:3424f87544def762cae30b3860293bd8077f7ca2cbe4a050fffb4aa165a7a525,PDF-3424f87544de,CB-TB-1687_Hale,3424f87544def762cae30b3860293bd8077f7ca2cbe4a050fffb4aa165a7a525,OFFLINE_PAPERS_PROJECTION,,MUTE,mute_export_log,,mute_export_log,,,src_charge|src_hearing|src_mg_forms|src_parties|src_dates|src_cctv|src_continuity|papers_materials_29,6880,,"HEARING_ISO | 2026-07-09T12:00:00.000Z || HEARING | 9 July 2026 at 13:00 || CHARGE | Offence Burglary of a dwelling, contrary to section 9 Theft Act 1968"
sha:3494050ff8688e63f9aad52f0245c2b8ef71db402a279b1477049858bd0f8e82,PDF-3494050ff868,CB-TB-2152_Okonkwo,3494050ff8688e63f9aad52f0245c2b8ef71db402a279b1477049858bd0f8e82,OFFLINE_PAPERS_PROJECTION,,MUTE,mute_phone_download,,mute_phone_download,,,src_charge|src_hearing|src_mg_forms|src_parties|src_dates|src_cctv|src_continuity|papers_materials_27,10886,,"HEARING_ISO | 2026-07-04T09:00:00.000Z || HEARING | 4 July 2026 at 10:00 || CHARGE | Offence Concealing, disguising, converting or transferring criminal property, contrary to section 327 Proceeds of Crime Act 2002"
sha:34f42fa5f7203c2b9540a18ccfc431f2b83b3ddd7daed00709d1d568ab47bf86,PDF-34f42fa5f720,CB-TB-525_Ali,34f42fa5f7203c2b9540a18ccfc431f2b83b3ddd7daed00709d1d568ab47bf86,OFFLINE_PAPERS_PROJECTION,,MODALITY,modality_summary_vs_recording,,,modality_summary_vs_recording,,src_charge|src_hearing|src_mg_forms|src_parties|src_dates|src_cctv|src_continuity|papers_materials_34,4104,,"HEARING_ISO | 2026-07-19T08:30:00.000Z || HEARING | 19 July 2026 09:30 || CHARGE | Wounding with intent to cause grievous bodily harm, s.18 OAPA 1861"
sha:358cb87c792c838ce119671f49a7782a9667def8542164d5f1168fd0a9a18be1,PDF-358cb87c792c,CB-TB-597_Price,358cb87c792c838ce119671f49a7782a9667def8542164d5f1168fd0a9a18be1,OFFLINE_PAPERS_PROJECTION,,MODALITY,modality_summary_vs_recording,,,modality_summary_vs_recording,,src_charge|src_hearing|src_mg_forms|src_parties|src_dates|src_continuity|papers_materials_32,5040,,"HEARING_ISO | 2026-08-26T09:30:00.000Z || HEARING | 26 August 2026 10:30 || CHARGE | Dangerous driving, contrary to section 2 Road Traffic Act 1988"
sha:370b9e30324491f309e3421b22da0a2d23c82fa62572c720e23d97cb01ca12e5,PDF-370b9e303244,CB-TB-319_Flynn,370b9e30324491f309e3421b22da0a2d23c82fa62572c720e23d97cb01ca12e5,OFFLINE_PAPERS_PROJECTION,,MUTE,mute_phone_download,,mute_phone_download,,,src_charge|src_hearing|src_mg_forms|src_parties|src_dates|src_cctv|papers_materials_23,6124,,"HEARING_ISO | 2026-07-19T09:00:00.000Z || HEARING | 19 July 2026 at 10:00 || CHARGE | Possession of a Class B controlled drug with intent to supply, contrary to section 5(3) of the Misuse of Drugs Act 1971"
sha:380823238c92489623b313d3aed5fac7c5ed4f6bbbe2ac1f2f008f5f71b94857,PDF-380823238c92,CB-TB-919_Mitchell,380823238c92489623b313d3aed5fac7c5ed4f6bbbe2ac1f2f008f5f71b94857,OFFLINE_PAPERS_PROJECTION,,MUTE,mute_phone_download,,mute_phone_download,,,src_charge|src_hearing|src_mg_forms|src_parties|src_cctv|papers_materials_23,4946,,"HEARING_ISO | 2026-07-21T09:30:00.000Z || HEARING | 21/07/2026 10:30 || CHARGE | Driving with excess alcohol, contrary to section 5(1)(a) of the Road Traffic Act 1988"
sha:3846805e2cdf799b7b561f0bd0d77dd75330257d6cfeef688e8a58d0a3e09ea5,PDF-3846805e2cdf,CB-TB-1734_Keighley,3846805e2cdf799b7b561f0bd0d77dd75330257d6cfeef688e8a58d0a3e09ea5,OFFLINE_PAPERS_PROJECTION,,MUTE,mute_phone_download,,mute_phone_download,,,src_charge|src_hearing|src_mg_forms|src_parties|src_cctv|src_continuity|papers_materials_16,2837,,HEARING_ISO | 2026-07-14T09:00:00.000Z || HEARING | 14 July 2026 || 2. MG5 case summaryincluded | unclear | 2. MG5 case summaryincluded
sha:395e037fdf4b43dfde189d3979e65eaf876ed678c873bd276dff9f8a20d2b0b7,PDF-395e037fdf4b,CB-TB-655_Pike,395e037fdf4b43dfde189d3979e65eaf876ed678c873bd276dff9f8a20d2b0b7,OFFLINE_PAPERS_PROJECTION,,MUTE,mute_phone_download,,mute_phone_download,,,src_charge|src_hearing|src_mg_forms|src_parties|src_dates|src_cctv|src_cctv_stills|src_continuity|papers_materials_39,8613,,"HEARING_ISO | 2026-07-01T11:30:00.000Z || HEARING | 01 July 2026 at 12:30 || CHARGE | Fraud by false representation, s.2 Fraud Act 2006"
sha:393010dbcf866d196e90ebd42a85c3e100beeaa7b89c9584a0b36921ae4e7157,PDF-393010dbcf86,CB-TB-1616_Riley,393010dbcf866d196e90ebd42a85c3e100beeaa7b89c9584a0b36921ae4e7157,OFFLINE_PAPERS_PROJECTION,,MUTE,mute_phone_download,,mute_phone_download,,,src_charge|src_hearing|src_mg_forms|src_parties|src_dates|src_cctv|src_continuity|papers_materials_24,8516,,"HEARING_ISO | 2026-07-06T09:00:00.000Z || HEARING | 6 July 2026 at 10:00 || CHARGE | Offence Possession of a controlled drug of Class A with intent to supply, contrary to section 5(3) Misuse of Drugs Act 1971"
sha:38b27ab169c730633766fd1f0d1abfb4e3319d001b1c5c6228db3bde9272933f,PDF-38b27ab169c7,CB-TB-174_Ross,38b27ab169c730633766fd1f0d1abfb4e3319d001b1c5c6228db3bde9272933f,OFFLINE_PAPERS_PROJECTION,,MUTE,mute_phone_download,,mute_phone_download,,,src_charge|src_hearing|src_mg_forms|src_parties|src_cctv|src_continuity|papers_materials_37,12164,,HEARING_ISO | 2026-06-20T09:30:00.000Z || HEARING | 20 June 2026 at 10:30 || CHARGE | Aggravated burglary
sha:39d4bbc959a6b89617ef3c5a3d88b6c55c4a07913da3d8cb583247852030b292,PDF-39d4bbc959a6,NS-CPS-2026-0436 - Copy (2),39d4bbc959a6b89617ef3c5a3d88b6c55c4a07913da3d8cb583247852030b292,OFFLINE_PAPERS_PROJECTION,,MUTE,mute_cctv_master,,mute_cctv_master,,,src_charge|src_hearing|src_mg_forms|src_parties|src_dates|src_cctv|src_continuity|papers_materials_28,4710,,CHARGE | Drug driving || Other party / key witness: MORGAN OSBORNE (DOB 02/11/1991) | unclear | Other party / key witness: MORGAN OSBORNE (DOB 02/11/1991) || Charge sheet extract | Below | unclear | Charge sheet extract | Below
sha:3a309479b10576449745ef9c6a69ec2561a8caa04154f60e27c37c8c35fbcd4f,PDF-3a309479b105,CB-TB-1433_Patterson,3a309479b10576449745ef9c6a69ec2561a8caa04154f60e27c37c8c35fbcd4f,OFFLINE_PAPERS_PROJECTION,,MUTE,mute_phone_download,,mute_phone_download,,,src_charge|src_hearing|src_mg_forms|src_id_procedure|src_parties|src_dates|src_cctv|src_continuity|papers_materials_16,5588,,"HEARING_ISO | 2026-06-26T13:00:00.000Z || HEARING | 26 June 2026 at 14:00 || CHARGE | Being concerned in the supply of a controlled drug of Class A, contrary to section 4(3)(b) of the Misuse of Drugs"
sha:3b1bda38d525786f68c52c0b4abfd635ff41e11054285ef0fe0422bcfb20a6aa,PDF-3b1bda38d525,CB-TB-1229_Price,3b1bda38d525786f68c52c0b4abfd635ff41e11054285ef0fe0422bcfb20a6aa,OFFLINE_PAPERS_PROJECTION,,MUTE,mute_phone_download,,mute_phone_download,,,src_charge|src_hearing|src_mg_forms|src_parties|src_dates|src_cctv|src_cctv_stills|src_continuity|papers_materials_15,3640,,"HEARING_ISO | 2026-06-27T13:00:00.000Z || HEARING | 27/06/2026 14:00 || CHARGE | Having an article with blade or point in a public place, contrary to section 139 Criminal Justice Act"
sha:3b58f5eaa9e646bca981b58edd567510ac5bd579fa7b44e3328582f2a6f2fc10,PDF-3b58f5eaa9e6,CB-TB-1908_Blythe,3b58f5eaa9e646bca981b58edd567510ac5bd579fa7b44e3328582f2a6f2fc10,OFFLINE_PAPERS_PROJECTION,,MUTE,mute_phone_download,,mute_phone_download,,,src_charge|src_hearing|src_mg_forms|src_parties|src_dates|src_cctv|papers_materials_15,4359,,"HEARING_ISO | 2026-06-21T09:00:00.000Z || HEARING | 21 June 2026 10:00 || CHARGE | Possession of a controlled drug of Class B, contrary to section 5(2) of the Misuse of Drugs"
sha:3ba5188b783d1d96a62664b3501bace8108f76e11a9b785ebfe2bc697bb8d21c,PDF-3ba5188b783d,CB-TB-1270_Coates,3ba5188b783d1d96a62664b3501bace8108f76e11a9b785ebfe2bc697bb8d21c,OFFLINE_PAPERS_PROJECTION,,MUTE,mute_phone_download,,mute_phone_download,,,src_charge|src_hearing|src_mg_forms|src_parties|src_dates|src_cctv|src_cctv_stills|src_continuity|papers_materials_26,6332,,"HEARING_ISO | 2026-08-14T09:30:00.000Z || HEARING | 14/08/2026 10:30 || CHARGE | Failing to stop after a road accident and failing to report, contrary to section 170 Road Traffic Act"
sha:3c584979fa13d9cca8b943f67696bf58eed897fb17b3e7b8ca0350cf29808dc5,PDF-3c584979fa13,CB-TB-1059_Mitchell,3c584979fa13d9cca8b943f67696bf58eed897fb17b3e7b8ca0350cf29808dc5,OFFLINE_PAPERS_PROJECTION,,MUTE,mute_cctv_master,,mute_cctv_master,,,src_charge|src_hearing|src_mg_forms|src_parties|src_dates|src_cctv|src_cctv_stills|src_continuity|papers_materials_40,9370,,"HEARING_ISO | 2026-07-21T09:30:00.000Z || HEARING | 21 July 2026 at 10:30 || CHARGE | Count 1: Burglary, contrary to section 9 Theft Act 1968; Count 2: Assault occasioning actual bodily"
sha:3d3cc90c8e5a102f1d42a7891b32d3e236868eaf5807ce252108ca7ebc71ff84,PDF-3d3cc90c8e5a,CB-TB-1041_Flint,3d3cc90c8e5a102f1d42a7891b32d3e236868eaf5807ce252108ca7ebc71ff84,OFFLINE_PAPERS_PROJECTION,,MUTE,mute_phone_download,,mute_phone_download,,,src_charge|src_hearing|src_mg_forms|src_parties|src_dates|src_cctv|papers_materials_33,5532,,"HEARING_ISO | 2026-08-06T08:30:00.000Z || HEARING | 06 August 2026 at 09:30 || CHARGE | Robbery, contrary to s.8 Theft Act 1968"
sha:3d7e6ba79f656b862fdc940776456ef2599587ecdd6a8e95aca2ab660a73f467,PDF-3d7e6ba79f65,CB-TB-1703_Redfern,3d7e6ba79f656b862fdc940776456ef2599587ecdd6a8e95aca2ab660a73f467,OFFLINE_PAPERS_PROJECTION,,MUTE,mute_phone_download,,mute_phone_download,,,src_charge|src_hearing|src_mg_forms|src_parties|src_cctv|src_continuity|papers_materials_30,5977,,"HEARING_ISO | 2026-06-26T10:00:00.000Z || HEARING | 26 June 2026 11:00 || CHARGE | Theft, contrary to s.1 Theft Act 1968"
sha:3d84e2c36a4383257c775870a9c2531646082b1ec271ed3f3ff7325c2d82fd0d,PDF-3d84e2c36a43,CB-TB-2088_Kerr,3d84e2c36a4383257c775870a9c2531646082b1ec271ed3f3ff7325c2d82fd0d,OFFLINE_PAPERS_PROJECTION,,MUTE,mute_phone_download,,mute_phone_download,,,src_charge|src_hearing|src_mg_forms|src_parties|src_dates|src_cctv|src_continuity|papers_materials_29,6467,,"HEARING_ISO | 2026-07-22T09:30:00.000Z || HEARING | 22 July 2026 at 10:30 || CHARGE | Offence Possession of a controlled drug of Class A with intent to supply, contrary to section 5(3) Misuse of Drugs Act 1971"
sha:3eaa6cf298baee9425b8f2e7a14741b9b97da29c05864effaa68752685bd51f7,PDF-3eaa6cf298ba,CB-TB-1774_Ashcroft,3eaa6cf298baee9425b8f2e7a14741b9b97da29c05864effaa68752685bd51f7,OFFLINE_PAPERS_PROJECTION,,MUTE,mute_phone_download,,mute_phone_download,,,src_charge|src_hearing|src_mg_forms|src_parties|src_dates|papers_materials_36,6750,,"HEARING_ISO | 2026-08-28T10:00:00.000Z || HEARING | 28 August 2026 11:00 || CHARGE | Assault occasioning actual bodily harm, s.47 OAPA 1861"
sha:3f3f887e5a687e76392562707f1af1594c078062a7f5ce3a7d9bb0428c0413c5,PDF-3f3f887e5a68,CB-TB-1528_Harding,3f3f887e5a687e76392562707f1af1594c078062a7f5ce3a7d9bb0428c0413c5,OFFLINE_PAPERS_PROJECTION,,MUTE,mute_phone_download,,mute_phone_download,,,src_charge|src_hearing|src_mg_forms|src_parties|src_cctv_stills|papers_materials_9,3158,,"HEARING_ISO | 2026-07-17T11:00:00.000Z || HEARING | 17 July 2026 at 12:00 || CHARGE | Offence Intimidating a witness, contrary to section 51 of the Criminal Justice and Public Order Act 1994"
sha:3f7caf83b1ca7059cd1db4f98109a814b184d3ad68d3372192e8c906c6885e75,PDF-3f7caf83b1ca,CB-TB-2027_Thornton,3f7caf83b1ca7059cd1db4f98109a814b184d3ad68d3372192e8c906c6885e75,OFFLINE_PAPERS_PROJECTION,,MUTE,mute_phone_download,,mute_phone_download,,,src_charge|src_hearing|src_mg_forms|src_parties|src_dates|src_cctv|src_continuity|papers_materials_27,5775,,"HEARING_ISO | 2026-08-18T12:00:00.000Z || HEARING | 18 August 2026 at 13:00 || CHARGE | Offence Being concerned in the supply of a controlled drug of Class A, contrary to section 4(3)(b) Misuse of Drugs Act 1971"
sha:3faf843cf00c6d7eda4c67b1772814d2611ed94fab7ddad71dd5151a3acd8ae4,PDF-3faf843cf00c,CB-TB-498_Turner,3faf843cf00c6d7eda4c67b1772814d2611ed94fab7ddad71dd5151a3acd8ae4,OFFLINE_PAPERS_PROJECTION,,MUTE,mute_phone_download,,mute_phone_download,,,src_charge|src_hearing|src_mg_forms|src_parties|src_cctv|src_continuity|papers_materials_21,3345,,"HEARING_ISO | 2026-08-04T09:00:00.000Z || HEARING | 4 August 2026 at 10:00 || CHARGE | Primary charge:Driving with excess alcohol, contrary to section 5 Road Traffic Act 1988"
sha:3fbadb59236900cf46b7295595c0af6df6f2e5234d8a5d8e93b3beb9658fc5ad,PDF-3fbadb592369,CB-TB-1629_Kerr,3fbadb59236900cf46b7295595c0af6df6f2e5234d8a5d8e93b3beb9658fc5ad,OFFLINE_PAPERS_PROJECTION,,MUTE,mute_phone_download,,mute_phone_download,,,src_charge|src_hearing|src_mg_forms|src_parties|src_dates|src_cctv|src_continuity|papers_materials_29,6800,,"HEARING_ISO | 2026-08-14T10:30:00.000Z || HEARING | 14 August 2026 at 11:30 || CHARGE | Offence Being concerned in the supply of a controlled drug of Class A, contrary to section 4(3)(b) Misuse of Drugs Act 1971"
sha:3f942fd950b5fff0ea65d1a3cd42f3104013b2b49d5c8e430cf1b3255432bd39,PDF-3f942fd950b5,CB-TB-1029_Webb,3f942fd950b5fff0ea65d1a3cd42f3104013b2b49d5c8e430cf1b3255432bd39,OFFLINE_PAPERS_PROJECTION,,MUTE,mute_phone_download,,mute_phone_download,,,src_charge|src_hearing|src_mg_forms|src_parties|src_dates|src_cctv|src_continuity|papers_materials_39,7674,,"HEARING_ISO | 2026-08-29T10:15:00.000Z || HEARING | 29 August 2026 at 11:15 || CHARGE | Fraud by false representation, s.2 Fraud Act 2006"
sha:410b94313168fb6798e0d386ed06af1b20faaf6967c73ed34045f0c97570f53c,PDF-410b94313168,CB-TB-1778_Holt,410b94313168fb6798e0d386ed06af1b20faaf6967c73ed34045f0c97570f53c,OFFLINE_PAPERS_PROJECTION,,MUTE,mute_phone_download,,mute_phone_download,,,src_charge|src_hearing|src_mg_forms|src_parties|src_cctv|src_continuity|papers_materials_20,4245,,"HEARING_ISO | 2026-06-26T10:00:00.000Z || HEARING | 26 June 2026 at 11:00 || CHARGE | Assault by beating of an emergency worker, contrary to section 1 of the Assaults on Emergency Workers (Offences) Act 2018"
sha:40a0d870d8a9a84fd28902b0465d592de519d56e74c668a0d827ab7b8b0a784f,PDF-40a0d870d8a9,CB-TB-1979_Rahman,40a0d870d8a9a84fd28902b0465d592de519d56e74c668a0d827ab7b8b0a784f,OFFLINE_PAPERS_PROJECTION,,MUTE,mute_phone_download,,mute_phone_download,,,src_charge|src_hearing|src_mg_forms|src_parties|src_dates|src_cctv|src_continuity|papers_materials_23,9756,,"HEARING_ISO | 2026-08-21T10:15:00.000Z || HEARING | 21 August 2026 11:15 || CHARGE | Possessing criminal property, contrary to section 329 of the"
sha:4097b36139372010f624a9da9047afdc38fa2771d894d62c35caa0a235f5c44c,PDF-4097b3613937,CB-TB-1361_Ahmed,4097b36139372010f624a9da9047afdc38fa2771d894d62c35caa0a235f5c44c,OFFLINE_PAPERS_PROJECTION,,MUTE,mute_phone_download,,mute_phone_download,,,src_charge|src_hearing|src_mg_forms|src_id_procedure|src_parties|src_dates|src_cctv|src_continuity|papers_materials_31,9083,,"HEARING_ISO | 2026-07-01T10:15:00.000Z || HEARING | 01 July 2026 at 11:15 || CHARGE | Possession of a controlled drug of Class B, contrary to section 5(2) of the Misuse of Drugs Act 1971"
sha:4208bb905ff511e931cfb0792995783f971f8aa614cbcb7d4e35435df5a3afd5,PDF-4208bb905ff5,CB-TB-1936_Vale,4208bb905ff511e931cfb0792995783f971f8aa614cbcb7d4e35435df5a3afd5,OFFLINE_PAPERS_PROJECTION,,MUTE,mute_phone_download,,mute_phone_download,,,src_charge|src_hearing|src_mg_forms|src_parties|src_dates|src_cctv|src_continuity|papers_materials_20,3523,,"HEARING_ISO | 2026-07-26T10:45:00.000Z || HEARING | 26 July 2026 11:45 || CHARGE | Unlawful wounding, contrary to section 20 of the Offences against the Person Act 1861"
sha:41b83f50106e87a65f03f07eb830355da103def8446da50557f4d966e829ec46,PDF-41b83f50106e,CB-TB-1794_Wardle,41b83f50106e87a65f03f07eb830355da103def8446da50557f4d966e829ec46,OFFLINE_PAPERS_PROJECTION,,MUTE,mute_phone_download,,mute_phone_download,,,src_charge|src_hearing|src_mg_forms|src_parties|src_dates|papers_materials_26,5050,,"HEARING_ISO | 2026-08-13T10:00:00.000Z || HEARING | 13 August 2026 11:00 || CHARGE | Driving with excess alcohol, contrary to section 5 of the Road Traffic Act 1988"
sha:431859b7a5b0c27777d33c5dd49e58a73438a65a1fe0f1609596c156485d6512,PDF-431859b7a5b0,CB-TB-1903_Quinn,431859b7a5b0c27777d33c5dd49e58a73438a65a1fe0f1609596c156485d6512,OFFLINE_PAPERS_PROJECTION,,MUTE,mute_phone_download,,mute_phone_download,,,src_charge|src_hearing|src_mg_forms|src_parties|src_dates|src_cctv|src_continuity|papers_materials_36,12474,,"HEARING_ISO | 2026-09-10T10:00:00.000Z || HEARING | 10 September 2026 11:00 || CHARGE | Burglary of a dwelling, contrary to section 9 of the Theft Act 1968"
sha:43795de25552f54e79638e5e0c79b657a50c9e4ba38dc68956853c6013f6ac00,PDF-43795de25552,CB-TB-653_Clarke,43795de25552f54e79638e5e0c79b657a50c9e4ba38dc68956853c6013f6ac00,OFFLINE_PAPERS_PROJECTION,,MUTE,mute_phone_download,,mute_phone_download,,,src_charge|src_hearing|src_mg_forms|src_parties|src_dates|src_cctv|src_cctv_stills|src_continuity|papers_materials_40,9032,,"HEARING_ISO | 2026-06-25T09:30:00.000Z || HEARING | 25 June 2026 at 10:30 || CHARGE | Fraud by false representation, s.2 Fraud Act 2006"
sha:434f155c6c7db1fb8caf534511c7044bf234b804da8d160b0956f66140a3416b,PDF-434f155c6c7d,CB-TB-2193_Fraser,434f155c6c7db1fb8caf534511c7044bf234b804da8d160b0956f66140a3416b,OFFLINE_PAPERS_PROJECTION,,MUTE,mute_phone_download,,mute_phone_download,,,src_charge|src_hearing|src_mg_forms|src_parties|src_dates|src_cctv|src_continuity|papers_materials_28,7880,,"HEARING_ISO | 2026-08-26T10:30:00.000Z || HEARING | 26 August 2026 at 11:30 || CHARGE | Offence Being concerned in the supply of a controlled drug of Class A, contrary to section 4(3)(b) Misuse of Drugs Act 1971"
sha:43cd5456d5b3f23613a50b9735c0c78c1f3dedfdf31c28c2c55aaacdff5ce8bd,PDF-43cd5456d5b3,CB-TB-331_Nolan,43cd5456d5b3f23613a50b9735c0c78c1f3dedfdf31c28c2c55aaacdff5ce8bd,OFFLINE_PAPERS_PROJECTION,,MUTE,mute_phone_download,,mute_phone_download,,,src_charge|src_hearing|src_mg_forms|src_parties|src_dates|src_cctv|src_continuity|papers_materials_25,12104,,HEARING_ISO | 2026-08-24T09:00:00.000Z || HEARING | 24 August 2026 at 10:00 || CHARGE | Doing an act tending and intended to pervert the course of public justice
sha:437b66ca549da2f2a5194b8e9e8330468a630b1515d84b04c06485e6148c5c51,PDF-437b66ca549d,CB-TB-1447_Blake,437b66ca549da2f2a5194b8e9e8330468a630b1515d84b04c06485e6148c5c51,OFFLINE_PAPERS_PROJECTION,,MUTE,mute_phone_download,,mute_phone_download,,,src_charge|src_hearing|src_mg_forms|src_id_procedure|src_parties|src_dates|src_cctv|src_continuity|papers_materials_39,9968,,"HEARING_ISO | 2026-06-29T10:15:00.000Z || HEARING | 29 June 2026 at 11:15 || CHARGE | Possession of a controlled drug of Class A with intent to supply, contrary to section 5(3) of the Misuse of Drugs Act"
sha:451a941ba3de6993b157fd45da7136aed6aaf7c1cfee22e9624ab09f53919c3d,PDF-451a941ba3de,CB-TB-543_Marsh,451a941ba3de6993b157fd45da7136aed6aaf7c1cfee22e9624ab09f53919c3d,OFFLINE_PAPERS_PROJECTION,,MODALITY,modality_summary_vs_recording,,,modality_summary_vs_recording,,src_charge|src_hearing|src_mg_forms|src_parties|src_dates|src_cctv|src_continuity|papers_materials_38,8393,,"HEARING_ISO | 2026-08-19T09:00:00.000Z || HEARING | 19 August 2026 10:00 || CHARGE | Wounding with intent to cause grievous bodily harm, s.18 OAPA 1861"
sha:46e10934c7a59dc7a93a04ef88e1fdadb3d860cb33524336814f28b485e29c5c,PDF-46e10934c7a5,CB-TB-590_Khan,46e10934c7a59dc7a93a04ef88e1fdadb3d860cb33524336814f28b485e29c5c,OFFLINE_PAPERS_PROJECTION,,MODALITY,modality_summary_vs_recording,,,modality_summary_vs_recording,,src_charge|src_hearing|src_mg_forms|src_parties|src_dates|src_continuity|papers_materials_33,5079,,"HEARING_ISO | 2026-08-28T08:30:00.000Z || HEARING | 28 August 2026 09:30 || CHARGE | Harassment, contrary to section 2 Protection from Harassment Act 1997"
sha:47419e941bd5bd6839d1a90274e50a50b16b7e0c3e6e96fb68a97b7d93720dcb,PDF-47419e941bd5,CB-TB-1412_Patterson,47419e941bd5bd6839d1a90274e50a50b16b7e0c3e6e96fb68a97b7d93720dcb,OFFLINE_PAPERS_PROJECTION,,MUTE,mute_phone_download,,mute_phone_download,,,src_charge|src_hearing|src_mg_forms|src_id_procedure|src_parties|src_dates|src_cctv|src_continuity|papers_materials_31,8540,,"HEARING_ISO | 2026-08-15T09:00:00.000Z || HEARING | 15 August 2026 at 10:00 || CHARGE | Possession of a controlled drug of Class B with intent to supply, contrary to section 5(3) of the Misuse of Drugs Act"
sha:47a345b81edccac51ba9a1082dfcb987cac1b699c30c541a096dac2a4d0263f4,PDF-47a345b81edc,CB-TB-568_Grant,47a345b81edccac51ba9a1082dfcb987cac1b699c30c541a096dac2a4d0263f4,OFFLINE_PAPERS_PROJECTION,,MODALITY,modality_summary_vs_recording,,mute_phone_download,modality_summary_vs_recording,,src_charge|src_hearing|src_mg_forms|src_parties|src_dates|src_continuity|papers_materials_32,3747,,"HEARING_ISO | 2026-08-23T10:15:00.000Z || HEARING | 23 August 2026 11:15 || CHARGE | Possessing criminal property, contrary to section 329 Proceeds of Crime Act 2002"
sha:47932fe5ecc059f632318694adfc308da9a4a77358573f3cae1efbd611c8fb8a,PDF-47932fe5ecc0,CB-TB-1663_Kerr,47932fe5ecc059f632318694adfc308da9a4a77358573f3cae1efbd611c8fb8a,OFFLINE_PAPERS_PROJECTION,,MUTE,mute_phone_download,,mute_phone_download,,,src_charge|src_hearing|src_mg_forms|src_parties|src_dates|src_cctv|src_continuity|papers_materials_13,3476,,"HEARING_ISO | 2026-07-07T12:00:00.000Z || HEARING | 7 July 2026 at 13:00 || CHARGE | Offence Concealing, disguising, converting or transferring criminal property, contrary to section 327 Proceeds of Crime Act 2002"
sha:47ba2289d71b8b2d05a09c97f9fdba1b433ebcd83fe261e38a28a0bdd62c1db1,PDF-47ba2289d71b,CB-TB-560_Clarke,47ba2289d71b8b2d05a09c97f9fdba1b433ebcd83fe261e38a28a0bdd62c1db1,OFFLINE_PAPERS_PROJECTION,,MODALITY,modality_summary_vs_recording,,,modality_summary_vs_recording,,src_charge|src_hearing|src_mg_forms|src_parties|src_dates|src_cctv|src_continuity|papers_materials_35,6047,,"HEARING_ISO | 2026-08-21T13:00:00.000Z || HEARING | 21 August 2026 14:00 || CHARGE | Possession of a bladed article in a public place, contrary to section 139 Criminal Justice Act 1988"
sha:47765825e48a9253e867714ca9f7dcbfc28834f7ba8a885df24f4186e014ba65,PDF-47765825e48a,CB-TB-913_Coates,47765825e48a9253e867714ca9f7dcbfc28834f7ba8a885df24f4186e014ba65,OFFLINE_PAPERS_PROJECTION,,MUTE,mute_phone_download,,mute_phone_download,,,src_charge|src_hearing|src_mg_forms|src_parties|src_cctv|papers_materials_17,4580,,"HEARING_ISO | 2026-07-09T08:00:00.000Z || HEARING | 09/07/2026 09:00 || CHARGE | Possession of a controlled drug of Class B, contrary to section 5(2) of the Misuse of Drugs Act 1971"
sha:47ec9a3fe6f89cd54c6727b71786adfa28e0c5e69648df97ddff15d60f1719d4,PDF-47ec9a3fe6f8,CB-TB-1089_Griffiths,47ec9a3fe6f89cd54c6727b71786adfa28e0c5e69648df97ddff15d60f1719d4,OFFLINE_PAPERS_PROJECTION,,MUTE,mute_cctv_master,,mute_cctv_master,,,src_charge|src_hearing|src_mg_forms|src_parties|src_dates|src_cctv|src_cctv_stills|src_continuity|papers_materials_40,9228,,"HEARING_ISO | 2026-08-13T08:30:00.000Z || HEARING | 13 August 2026 at 09:30 || CHARGE | Fraud by false representation, s.2 Fraud Act 2006"
sha:484da2add6a1571bf8f296c41f6c761dcd8510fadfb0f1d0ed9aba66e496c3cc,PDF-484da2add6a1,CB-TB-1313_Hale,484da2add6a1571bf8f296c41f6c761dcd8510fadfb0f1d0ed9aba66e496c3cc,OFFLINE_PAPERS_PROJECTION,,MUTE,mute_phone_download,,mute_phone_download,,,src_charge|src_hearing|src_mg_forms|src_id_procedure|src_parties|src_dates|src_cctv|src_continuity|papers_materials_29,6308,,"HEARING_ISO | 2026-08-17T09:00:00.000Z || HEARING | 17 August 2026 at 10:00 || CHARGE | Burglary of a dwelling, contrary to section 9 of the Theft Act 1968"
sha:48cc77fc52fcbedb4b81d576babca2b130854e776a9d8e7166d19f7f64f22c41,PDF-48cc77fc52fc,CB-TB-557_Flint,48cc77fc52fcbedb4b81d576babca2b130854e776a9d8e7166d19f7f64f22c41,OFFLINE_PAPERS_PROJECTION,,MODALITY,modality_summary_vs_recording,,,modality_summary_vs_recording,,src_charge|src_hearing|src_mg_forms|src_parties|src_dates|src_cctv|src_continuity|papers_materials_34,4264,,"HEARING_ISO | 2026-06-24T09:30:00.000Z || HEARING | 24 June 2026 10:30 || CHARGE | Having an offensive weapon, contrary to s.1(1) Prevention of Crime Act 1953"
sha:49084d9b07ee5cc68844c4497d685be29559320788b9e5a947c64320a214d4f6,PDF-49084d9b07ee,CB-TB-1316_Hart,49084d9b07ee5cc68844c4497d685be29559320788b9e5a947c64320a214d4f6,OFFLINE_PAPERS_PROJECTION,,MUTE,mute_phone_download,,mute_phone_download,,,src_charge|src_hearing|src_mg_forms|src_id_procedure|src_parties|src_dates|src_cctv|src_continuity|papers_materials_22,6025,,"HEARING_ISO | 2026-08-31T09:30:00.000Z || HEARING | 31 August 2026 at 10:30 || CHARGE | Possession of a controlled drug of Class B, contrary to section 5(2) of the Misuse of Drugs Act 1971"
sha:4a312a86cc7ea7680d4147fd03b36a03d64610aabb7ea8c6db70ee4eed433ef6,PDF-4a312a86cc7e,CB-TB-594_Khan,4a312a86cc7ea7680d4147fd03b36a03d64610aabb7ea8c6db70ee4eed433ef6,OFFLINE_PAPERS_PROJECTION,,MODALITY,modality_summary_vs_recording,,,modality_summary_vs_recording,,src_charge|src_hearing|src_mg_forms|src_parties|src_dates|src_continuity|papers_materials_35,5472,,"HEARING_ISO | 2026-08-26T09:30:00.000Z || HEARING | 26 August 2026 10:30 || CHARGE | Harassment, contrary to section 2 Protection from Harassment Act 1997"
sha:4a3d07d5b74457db9ec833630018f03797b749db83c079d11d76a08355b32a18,PDF-4a3d07d5b744,CB-TB-329_Baines,4a3d07d5b74457db9ec833630018f03797b749db83c079d11d76a08355b32a18,OFFLINE_PAPERS_PROJECTION,,MUTE,mute_phone_download,,mute_phone_download,,,src_charge|src_hearing|src_mg_forms|src_parties|src_dates|src_cctv|src_cctv_stills|papers_materials_33,11490,,"HEARING_ISO | 2026-08-18T10:15:00.000Z || HEARING | 18 August 2026 at 11:15 || CHARGE | Concealing, disguising, converting, transferring or removing criminal property, contrary to section 327 of the Proceeds of"
sha:4b76ed62740f34c9a2a5f6593a5aec073a026904388d8494f18d73b8841a3d98,PDF-4b76ed62740f,CB-TB-288_Stone,4b76ed62740f34c9a2a5f6593a5aec073a026904388d8494f18d73b8841a3d98,OFFLINE_PAPERS_PROJECTION,,MUTE,mute_phone_download,,mute_phone_download,,,src_charge|src_hearing|src_mg_forms|src_parties|src_dates|src_cctv|papers_materials_24,10622,,"HEARING_ISO | 2026-07-10T09:30:00.000Z || HEARING | 10 July 2026 at 10:30 || CHARGE | Assault occasioning actual bodily harm, s.47 OAPA 1861"
sha:4c0b33066bd0d77b503251d8f49c39791ad81d54dfb0a6657e7e61e3fed51522,PDF-4c0b33066bd0,CB-TB-752_Pike,4c0b33066bd0d77b503251d8f49c39791ad81d54dfb0a6657e7e61e3fed51522,OFFLINE_PAPERS_PROJECTION,,MUTE,mute_phone_download,,mute_phone_download,,,src_charge|src_hearing|src_mg_forms|src_parties|src_dates|src_cctv|src_cctv_stills|papers_materials_40,9163,,"HEARING_ISO | 2026-06-22T08:30:00.000Z || HEARING | 22 June 2026 at 09:30 || CHARGE | Fraud by false representation, s.2 Fraud Act 2006"
sha:4c48843ce520ce200c23567377eb3cf30cc664f16cb6aee5b247a808c0e7827d,PDF-4c48843ce520,CB-TB-825_Lloyd,4c48843ce520ce200c23567377eb3cf30cc664f16cb6aee5b247a808c0e7827d,OFFLINE_PAPERS_PROJECTION,,MUTE,mute_phone_download,,mute_phone_download,,,src_charge|src_hearing|src_mg_forms|src_dates|src_continuity|papers_materials_14,7376,,"HEARING_ISO | 2026-07-28T13:00:00.000Z || HEARING | 28 July 2026 at 14:00 || CHARGE | Possession with intent to supply cocaine, a controlled drug of Class A, contrary to section 5(3) of the Misuse of Drugs Act 1971"
sha:4cd6d65a10f9341e4befd420e4f0fe4ee8c869276b33fc03275f994de217ee58,PDF-4cd6d65a10f9,CB-TB-300_Patterson,4cd6d65a10f9341e4befd420e4f0fe4ee8c869276b33fc03275f994de217ee58,OFFLINE_PAPERS_PROJECTION,,MUTE,mute_phone_download,,mute_phone_download,,,src_charge|src_hearing|src_mg_forms|src_dates|papers_materials_15,4002,,"HEARING_ISO | 2026-08-15T09:30:00.000Z || HEARING | 15 August 2026 at 10:30 || CHARGE | Possession of a controlled drug, contrary to section 5(2) of the Misuse of Drugs Act 1971"
sha:4d69d196c87ba535ee5105359782d2713c58b248ac9326b6870b8d2ed9f8c273,PDF-4d69d196c87b,CB-TB-504_Marsh,4d69d196c87ba535ee5105359782d2713c58b248ac9326b6870b8d2ed9f8c273,OFFLINE_PAPERS_PROJECTION,,MODALITY,modality_summary_vs_recording,,,modality_summary_vs_recording,,src_charge|src_hearing|src_mg_forms|src_parties|src_dates|src_cctv|src_continuity|papers_materials_34,4713,,"HEARING_ISO | 2026-08-16T09:00:00.000Z || HEARING | 16 August 2026 10:00 || CHARGE | Assault occasioning actual bodily harm, s.47 OAPA 1861"
sha:4d3bd1a153db45ed053b29c81670241881a86fe043f6335fe7961375af7dfc00,PDF-4d3bd1a153db,CB-TB-995_Okonkwo,4d3bd1a153db45ed053b29c81670241881a86fe043f6335fe7961375af7dfc00,OFFLINE_PAPERS_PROJECTION,,MUTE,mute_phone_download,,mute_phone_download,,,src_charge|src_hearing|src_mg_forms|src_parties|src_dates|src_cctv|papers_materials_26,6542,,"HEARING_ISO | 2026-07-23T12:30:00.000Z || HEARING | 23/07/2026 13:30 || CHARGE | 1Unlawful wounding, contrary to section 20 of"
sha:4d7b674d53887dd32e58690264bf275cbd65e2956c175489cb1fd44b9a6c153e,PDF-4d7b674d5388,CB-TB-516_Nair,4d7b674d53887dd32e58690264bf275cbd65e2956c175489cb1fd44b9a6c153e,OFFLINE_PAPERS_PROJECTION,,MODALITY,modality_summary_vs_recording,,,modality_summary_vs_recording,,src_charge|src_hearing|src_mg_forms|src_parties|src_dates|src_continuity|papers_materials_32,5815,,"HEARING_ISO | 2026-08-20T13:00:00.000Z || HEARING | 20 August 2026 14:00 || CHARGE | Unlawful wounding, contrary to section 20 Offences Against the Person Act 1861"
sha:4e310fa33eb02c350bff1e76a5736b19e06da52903abbb2d9ac1cdcb546a92f6,PDF-4e310fa33eb0,CB-TB-691_Shaw,4e310fa33eb02c350bff1e76a5736b19e06da52903abbb2d9ac1cdcb546a92f6,OFFLINE_PAPERS_PROJECTION,,MUTE,mute_phone_download,,mute_phone_download,,,src_charge|src_hearing|src_mg_forms|src_parties|src_dates|src_cctv|src_cctv_stills|src_continuity|papers_materials_40,9328,,"HEARING_ISO | 2026-08-03T11:30:00.000Z || HEARING | 03 August 2026 at 12:30 || CHARGE | Robbery, contrary to s.8 Theft Act 1968"
sha:4eaffc8125eebd02a8daf72d8ea30f4099ec7643f16b508719ed5218854147dc,PDF-4eaffc8125ee,CB-TB-740_Bennett,4eaffc8125eebd02a8daf72d8ea30f4099ec7643f16b508719ed5218854147dc,OFFLINE_PAPERS_PROJECTION,,MUTE,mute_phone_download,,mute_phone_download,,,src_charge|src_hearing|src_mg_forms|src_parties|src_dates|src_cctv|src_continuity|papers_materials_32,6991,,"HEARING_ISO | 2026-07-31T08:30:00.000Z || HEARING | 31 July 2026 at 09:30 || CHARGE | Possession of a controlled drug of Class A, namely cocaine, with intent to supply, contrary to section 5(3) of the Misuse of Drugs Act 1971"
sha:4eb6ba2e97f7f64449dad8102c6a02973855d268092d995ee6791b0ec64a412c,PDF-4eb6ba2e97f7,CB-TB-513_Flint,4eb6ba2e97f7f64449dad8102c6a02973855d268092d995ee6791b0ec64a412c,OFFLINE_PAPERS_PROJECTION,,MODALITY,modality_summary_vs_recording,,,modality_summary_vs_recording,,src_charge|src_hearing|src_mg_forms|src_parties|src_dates|src_cctv|src_continuity|papers_materials_32,4970,,"HEARING_ISO | 2026-06-18T10:15:00.000Z || HEARING | 18 June 2026 11:15 || CHARGE | Possession of a controlled drug of Class A with intent to supply, contrary to section 5(3) Misuse of Drugs Act 1971"
sha:4f023ee0cb26b46ca0eed6bee60af7f9abdee8cacac58c639ea71f913a56dee6,PDF-4f023ee0cb26,CB-TB-555_Khan,4f023ee0cb26b46ca0eed6bee60af7f9abdee8cacac58c639ea71f913a56dee6,OFFLINE_PAPERS_PROJECTION,,MODALITY,modality_summary_vs_recording,,mute_phone_download,modality_summary_vs_recording,,src_charge|src_hearing|src_mg_forms|src_parties|src_dates|src_continuity|papers_materials_35,6982,,"HEARING_ISO | 2026-07-21T09:00:00.000Z || HEARING | 21 July 2026 10:00 || CHARGE | Wounding with intent to cause grievous bodily harm, s.18 OAPA 1861"
sha:51727ce983d864bd96887b4e062dc157d8c04771f30c31bdca78fb3a4a56a4e2,PDF-51727ce983d8,CB-TB-162_Nolan,51727ce983d864bd96887b4e062dc157d8c04771f30c31bdca78fb3a4a56a4e2,OFFLINE_PAPERS_PROJECTION,,MUTE,mute_phone_download,,mute_phone_download,,,src_charge|src_hearing|src_mg_forms|src_parties|src_cctv|src_continuity|papers_materials_28,12455,,"HEARING_ISO | 2026-07-28T13:00:00.000Z || HEARING | 28 July 2026 at 14:00 || CHARGE | Fraud by false representation, s.2 Fraud Act 2006"
sha:5207bbff19ca8a1a3539e1c9923b214609ff064a13302d1cb9bca4579b268f6a,PDF-5207bbff19ca,CB-TB-582_Walsh,5207bbff19ca8a1a3539e1c9923b214609ff064a13302d1cb9bca4579b268f6a,OFFLINE_PAPERS_PROJECTION,,MODALITY,modality_summary_vs_recording,,,modality_summary_vs_recording,,src_charge|src_hearing|src_mg_forms|src_parties|src_dates|src_continuity|papers_materials_27,3124,,"HEARING_ISO | 2026-06-21T13:00:00.000Z || HEARING | 21 June 2026 14:00 || CHARGE | Assault by beating of an emergency worker, contrary to section 1 Assaults on Emergency Workers (Offences) Act 2018"
sha:52658ce78a2799ba17c14e18ef52b4d7d26c84bae7771ea4aa313817b39e6519,PDF-52658ce78a27,CB-TB-640_Marsh,52658ce78a2799ba17c14e18ef52b4d7d26c84bae7771ea4aa313817b39e6519,OFFLINE_PAPERS_PROJECTION,,MUTE,mute_phone_download,,mute_phone_download,,,src_charge|src_hearing|src_mg_forms|src_parties|src_dates|src_cctv|papers_materials_29,5506,,"HEARING_ISO | 2026-07-31T08:30:00.000Z || HEARING | 31 July 2026 at 09:30 || CHARGE | Possession of a controlled drug of Class A, namely cocaine, with intent to supply, contrary to section 5(3) of the Misuse of Drugs Act"
sha:5350c520250fd52ee2702b36c6e1e1c475394418371939d9b3ffeb74bdd7ac2a,PDF-5350c520250f,CB-TB-744_Merritt,5350c520250fd52ee2702b36c6e1e1c475394418371939d9b3ffeb74bdd7ac2a,OFFLINE_PAPERS_PROJECTION,,MUTE,mute_phone_download,,mute_phone_download,,,src_charge|src_hearing|src_mg_forms|src_parties|src_dates|src_cctv|src_cctv_stills|papers_materials_40,8728,,"HEARING_ISO | 2026-08-12T08:30:00.000Z || HEARING | 12 August 2026 at 09:30 || CHARGE | Possessing criminal property, contrary to section 329 of the Proceeds of Crime Act 2002"
sha:5325d3dcd3339effa2f1d1f8dd4b6c0c10b8eadae1ee08fe67cf7e37f3d21850,PDF-5325d3dcd333,CB-TB-2158_Austin,5325d3dcd3339effa2f1d1f8dd4b6c0c10b8eadae1ee08fe67cf7e37f3d21850,OFFLINE_PAPERS_PROJECTION,,MUTE,mute_phone_download,,mute_phone_download,,,src_charge|src_hearing|src_mg_forms|src_parties|src_dates|src_cctv|src_continuity|papers_materials_26,10356,,"HEARING_ISO | 2026-07-22T11:00:00.000Z || HEARING | 22 July 2026 at 12:00 || CHARGE | Offence Being concerned in the supply of a controlled drug of Class A, contrary to section 4(3)(b) Misuse of Drugs Act 1971"
sha:53feb2700a19c89156a05abe0ed8225beff2751f472d700d2e3bea4d7c20b624,PDF-53feb2700a19,CB-TB-279_Hart,53feb2700a19c89156a05abe0ed8225beff2751f472d700d2e3bea4d7c20b624,OFFLINE_PAPERS_PROJECTION,,MUTE,mute_phone_download,,mute_phone_download,,,src_charge|src_hearing|src_mg_forms|src_parties|src_dates|papers_materials_28,10557,,"HEARING_ISO | 2026-09-05T13:15:00.000Z || HEARING | 05 September 2026 at 14:15 || CHARGE | Concealing, disguising, converting, transferring or removing criminal property, contrary to section 327 of the Proceeds of"
sha:53c8d019c62f68726ac0ac164383c02cc6a5808e3188bc4e4d2cb0665538b6b8,PDF-53c8d019c62f,CB-TB-1371_Doyle,53c8d019c62f68726ac0ac164383c02cc6a5808e3188bc4e4d2cb0665538b6b8,OFFLINE_PAPERS_PROJECTION,,MUTE,mute_phone_download,,mute_phone_download,,,src_charge|src_hearing|src_mg_forms|src_id_procedure|src_parties|src_dates|src_cctv|src_continuity|papers_materials_26,8608,,"HEARING_ISO | 2026-07-04T09:00:00.000Z || HEARING | 04 July 2026 at 10:00 || CHARGE | Driving without due care and attention, contrary to section 3 of the Road Traffic Act 1988"
sha:548bfd18507f617437a915270bb98e560fb02511e209d659bee978380a1b6197,PDF-548bfd18507f,CB-TB-541_Evans,548bfd18507f617437a915270bb98e560fb02511e209d659bee978380a1b6197,OFFLINE_PAPERS_PROJECTION,,MODALITY,modality_summary_vs_recording,,,modality_summary_vs_recording,,src_charge|src_hearing|src_mg_forms|src_parties|src_dates|src_cctv|src_continuity|papers_materials_33,4157,,"HEARING_ISO | 2026-07-22T13:00:00.000Z || HEARING | 22 July 2026 14:00 || CHARGE | Possession of a controlled drug of Class A with intent to supply, contrary to section 5(3) Misuse of Drugs Act 1971"
sha:552b2b342d4e10187c4babadecfef20bb1e2ab7ef8b950769eb9240913f40b98,PDF-552b2b342d4e,CB-TB-635_Hughes,552b2b342d4e10187c4babadecfef20bb1e2ab7ef8b950769eb9240913f40b98,OFFLINE_PAPERS_PROJECTION,,MUTE,mute_phone_download,,mute_phone_download,,,src_charge|src_hearing|src_mg_forms|src_parties|src_dates|src_cctv|src_cctv_stills|papers_materials_40,9570,,"HEARING_ISO | 2026-07-16T11:30:00.000Z || HEARING | 16 July 2026 at 12:30 || CHARGE | Possession of a controlled drug of Class A, namely cocaine, with intent to supply, contrary to section 5(3) of the Misuse of Drugs Act"
sha:55584a460b7cde8578205862003f05580e4388c4504fef84c6aa1bf8eee27a74,PDF-55584a460b7c,NS-CPS-2026-0433 - Copy (2),55584a460b7cde8578205862003f05580e4388c4504fef84c6aa1bf8eee27a74,OFFLINE_PAPERS_PROJECTION,,MUTE,mute_cctv_master,,mute_cctv_master,,,src_charge|src_hearing|src_mg_forms|src_parties|src_dates|src_cctv|src_continuity|papers_materials_28,4604,,CHARGE | Possession offensive weapon (non-blade) || Other party / key witness: ALEX HASSAN (DOB 01/10/1988) | unclear | Other party / key witness: ALEX HASSAN (DOB 01/10/1988) || Charge sheet extract | Below | unclear | Charge sheet extract
sha:55b58dbae232b79823ef196f0a6e842330ac8cf90563a95c7ee05340e9c7dc04,PDF-55b58dbae232,CB-TB-550_Reed,55b58dbae232b79823ef196f0a6e842330ac8cf90563a95c7ee05340e9c7dc04,OFFLINE_PAPERS_PROJECTION,,MODALITY,modality_summary_vs_recording,,,modality_summary_vs_recording,,src_charge|src_hearing|src_mg_forms|src_parties|src_dates|src_continuity|papers_materials_34,4880,,HEARING_ISO | 2026-08-27T08:30:00.000Z || HEARING | 27 August 2026 09:30 || CHARGE | Doing an act tending and intended to pervert the course of public justice
sha:5565e83e7c37ff513497d68d89a6fb8e23271e0a3220d5b7b80d42a1e6905181,PDF-5565e83e7c37,CB-TB-2020_Hale,5565e83e7c37ff513497d68d89a6fb8e23271e0a3220d5b7b80d42a1e6905181,OFFLINE_PAPERS_PROJECTION,,MUTE,mute_phone_download,,mute_phone_download,,,src_charge|src_hearing|src_mg_forms|src_parties|src_dates|src_cctv|src_continuity|papers_materials_27,8630,,"HEARING_ISO | 2026-07-28T09:00:00.000Z || HEARING | 28 July 2026 at 10:00 || CHARGE | Offence Being concerned in the supply of a controlled drug of Class A, contrary to section 4(3)(b) Misuse of Drugs Act 1971"
sha:56124edce58e7438f063e797fe60ff3b37f63704f491eaebc1690806b62d2883,PDF-56124edce58e,CB-TB-503_Walsh,56124edce58e7438f063e797fe60ff3b37f63704f491eaebc1690806b62d2883,OFFLINE_PAPERS_PROJECTION,,MODALITY,modality_summary_vs_recording,,,modality_summary_vs_recording,,src_charge|src_hearing|src_mg_forms|src_parties|src_dates|src_cctv|src_continuity|papers_materials_30,4994,,"HEARING_ISO | 2026-06-20T10:15:00.000Z || HEARING | 20 June 2026 11:15 || CHARGE | Wounding with intent to cause grievous bodily harm, s.18 OAPA 1861"
sha:55f3699196b6326a322f8670bd072603ed5705f793c47efb838d4e40c0c550b3,PDF-55f3699196b6,CB-TB-1308_Carver,55f3699196b6326a322f8670bd072603ed5705f793c47efb838d4e40c0c550b3,OFFLINE_PAPERS_PROJECTION,,MUTE,mute_phone_download,,mute_phone_download,,,src_charge|src_hearing|src_mg_forms|src_id_procedure|src_parties|src_dates|src_cctv|src_continuity|papers_materials_29,7185,,"HEARING_ISO | 2026-09-01T09:30:00.000Z || HEARING | 01 September 2026 at 10:30 || CHARGE | Assault by beating of an emergency worker, contrary to section 1 of the Assaults on Emergency Workers"
sha:560c0f0d501d30f598c294d9a08148529b7aa637d01faba870bd18fefbc5d877,PDF-560c0f0d501d,CB-TB-2167_Booth,560c0f0d501d30f598c294d9a08148529b7aa637d01faba870bd18fefbc5d877,OFFLINE_PAPERS_PROJECTION,,MUTE,mute_phone_download,,mute_phone_download,,,src_charge|src_hearing|src_mg_forms|src_parties|src_dates|src_cctv|src_continuity|papers_materials_27,9206,,"HEARING_ISO | 2026-08-18T12:00:00.000Z || HEARING | 18 August 2026 at 13:00 || CHARGE | Offence Possession of a controlled drug of Class B, contrary to section 5(2) Misuse of Drugs Act 1971"
sha:55ec6f517c15dd2f29e9e920d39bdb360253e154c4e3ee04831313e59fba8205,PDF-55ec6f517c15,CB-TB-1718_Wardle,55ec6f517c15dd2f29e9e920d39bdb360253e154c4e3ee04831313e59fba8205,OFFLINE_PAPERS_PROJECTION,,MUTE,mute_phone_download,,mute_phone_download,,,src_charge|src_hearing|src_mg_forms|src_parties|src_continuity|papers_materials_26,7331,,"HEARING_ISO | 2026-08-10T13:00:00.000Z || HEARING | 10 August 2026 at 14:00 || CHARGE | Being concerned in the supply of a controlled drug of Class A, contrary to section 4(3)(b) of the Misuse of Drugs Act 1971"
sha:563b3d29dac500bec22f52e0ad42ab6ff3155c980a88154cf7fad825cbc3a18a,PDF-563b3d29dac5,CB-TB-1806_Walsh,563b3d29dac500bec22f52e0ad42ab6ff3155c980a88154cf7fad825cbc3a18a,OFFLINE_PAPERS_PROJECTION,,MUTE,mute_phone_download,,mute_phone_download,,,src_charge|src_hearing|src_mg_forms|src_parties|src_continuity|papers_materials_25,4458,,"HEARING_ISO | 2026-07-05T10:00:00.000Z || HEARING | 05 July 2026 11:00 || CHARGE | Assault occasioning actual bodily harm, s.47 OAPA 1861"
sha:582523e12ac09aa4396a7536dfc4075d1614d84ba862b5c1bac65cb9f1167b44,PDF-582523e12ac0,CB-TB-1218_Flynn,582523e12ac09aa4396a7536dfc4075d1614d84ba862b5c1bac65cb9f1167b44,OFFLINE_PAPERS_PROJECTION,,MUTE,mute_phone_download,,mute_phone_download,,,src_charge|src_hearing|src_mg_forms|src_id_procedure|src_parties|src_dates|src_cctv|src_continuity|papers_materials_30,6137,,"HEARING_ISO | 2026-08-08T08:30:00.000Z || HEARING | 08/08/2026 09:30 || CHARGE | Dangerous driving, contrary to section 2 Road Traffic Act 1988"
sha:57d21cc70b6f8de6d4381f95874f05ff52b4a55f522face2e11280790e80ea1d,PDF-57d21cc70b6f,CB-TB-380_Flynn,57d21cc70b6f8de6d4381f95874f05ff52b4a55f522face2e11280790e80ea1d,OFFLINE_PAPERS_PROJECTION,,MUTE,mute_phone_download,,mute_phone_download,,,src_charge|src_hearing|src_mg_forms|src_parties|src_dates|src_cctv|src_continuity|papers_materials_28,8562,,"HEARING_ISO | 2026-08-03T13:15:00.000Z || HEARING | 03 August 2026 at 14:15 || CHARGE | Possessing criminal property, contrary to section 329 of the Proceeds of Crime Act 2002"
sha:589f23f4b3d037738c92a48d777497ec39302415ffcf2ee31cc9cacf92d12593,PDF-589f23f4b3d0,CB-TB-1383_Hart,589f23f4b3d037738c92a48d777497ec39302415ffcf2ee31cc9cacf92d12593,OFFLINE_PAPERS_PROJECTION,,MUTE,mute_phone_download,,mute_phone_download,,,src_charge|src_hearing|src_mg_forms|src_id_procedure|src_parties|src_dates|src_cctv|src_continuity|papers_materials_40,14406,,"HEARING_ISO | 2026-08-25T09:00:00.000Z || HEARING | 25 August 2026 at 10:00 || CHARGE | Burglary of a dwelling, contrary to section 9 of the Theft Act 1968"
sha:586509c84c03e1fe476f0fa7b6ef9efb6e64a13344a33eba4828302e22cef8af,PDF-586509c84c03,CB-TB-957_Barker,586509c84c03e1fe476f0fa7b6ef9efb6e64a13344a33eba4828302e22cef8af,OFFLINE_PAPERS_PROJECTION,,MUTE,mute_phone_download,,mute_phone_download,,,src_charge|src_hearing|src_mg_forms|src_parties|src_dates|src_cctv|papers_materials_39,11133,,"HEARING_ISO | 2026-07-22T09:30:00.000Z || HEARING | 22/07/2026 10:30 || CHARGE | 1Unlawful wounding, contrary to section 20 of"
sha:591f91bf33d342a8d61f9320a8bf1cf832eb9bbb17571e2d0b291c0b124b6922,PDF-591f91bf33d3,CB-TB-1409_Thornton,591f91bf33d342a8d61f9320a8bf1cf832eb9bbb17571e2d0b291c0b124b6922,OFFLINE_PAPERS_PROJECTION,,MUTE,mute_phone_download,,mute_phone_download,,,src_charge|src_hearing|src_mg_forms|src_id_procedure|src_parties|src_dates|src_cctv|src_continuity|papers_materials_40,14073,,"HEARING_ISO | 2026-08-16T10:15:00.000Z || HEARING | 16 August 2026 at 11:15 || CHARGE | Possessing criminal property, contrary to section 329 of the Proceeds of Crime Act 2002"
sha:597998ab7ce495b726c5d18394e5da2c1bdb89c3bfd55a425a551d03a5f27daf,PDF-597998ab7ce4,CB-TB-1905_Byrne,597998ab7ce495b726c5d18394e5da2c1bdb89c3bfd55a425a551d03a5f27daf,OFFLINE_PAPERS_PROJECTION,,MUTE,mute_phone_download,,mute_phone_download,,,src_charge|src_hearing|src_mg_forms|src_parties|src_dates|src_cctv|src_continuity|papers_materials_28,8987,,"HEARING_ISO | 2026-07-16T09:00:00.000Z || HEARING | 16 July 2026 10:00 || CHARGE | Count 1: theft; Count 2: possession of a bladed article, contrary to"
sha:5b3c63bf3e68f46ae3fecae981c09908488297def6d04c374cbd05c3eb71652c,PDF-5b3c63bf3e68,CB-TB-214_Patel,5b3c63bf3e68f46ae3fecae981c09908488297def6d04c374cbd05c3eb71652c,OFFLINE_PAPERS_PROJECTION,,MUTE,mute_phone_download,,mute_phone_download,,,src_charge|src_hearing|src_mg_forms|src_parties|src_dates|src_continuity|papers_materials_22,7193,,"HEARING_ISO | 2026-08-09T13:30:00.000Z || HEARING | 09 August 2026 at 14:30 || CHARGE | Intentional harassment, alarm or distress, contrary to section 4A of the Public Order Act 1986"
sha:5b53ae55874dd39a887ab9037283286824930098147c9f0c31f2af68d2d9da1b,PDF-5b53ae55874d,CB-TB-1441_Greene,5b53ae55874dd39a887ab9037283286824930098147c9f0c31f2af68d2d9da1b,OFFLINE_PAPERS_PROJECTION,,MUTE,mute_phone_download,,mute_phone_download,,,src_charge|src_hearing|src_mg_forms|src_parties|src_dates|src_cctv|src_continuity|papers_materials_32,7184,,"HEARING_ISO | 2026-08-26T09:00:00.000Z || HEARING | 26 August 2026 at 10:00 || CHARGE | Conspiracy to supply a controlled drug of Class A, contrary to section 1 of the Criminal Law Act 1977"
sha:5b7170a9f2e71de00303913cdb7a0857c671df94b5ef80ae019851c22882a7fd,PDF-5b7170a9f2e7,CB-TB-1614_Booth,5b7170a9f2e71de00303913cdb7a0857c671df94b5ef80ae019851c22882a7fd,OFFLINE_PAPERS_PROJECTION,,MUTE,mute_cad_999,,mute_cad_999,,,src_charge|src_hearing|src_mg_forms|src_parties|src_dates|src_cctv|src_continuity|papers_materials_27,9899,,"HEARING_ISO | 2026-06-30T11:30:00.000Z || HEARING | 30 June 2026 at 12:30 || CHARGE | Robbery, contrary to s.8 Theft Act 1968"
sha:5b67df3c4873922479e5af286b12132ada0dff8ce9c951c7dd5eed33a4ea3580,PDF-5b67df3c4873,CB-TB-941_Khan,5b67df3c4873922479e5af286b12132ada0dff8ce9c951c7dd5eed33a4ea3580,OFFLINE_PAPERS_PROJECTION,,MUTE,mute_phone_download,,mute_phone_download,,,src_charge|src_hearing|src_mg_forms|src_parties|src_cctv|papers_materials_38,11100,,"HEARING_ISO | 2026-06-20T12:30:00.000Z || HEARING | 20/06/2026 13:30 || CHARGE | Being concerned in the supply of a controlled drug of Class A, contrary to section 4(3)(b) of the Misuse of Drugs Act 1971"
sha:5bde0ba9095f56570a19d64168e15fd0e5a283c89f338ac5c9ad28153ff1ca7c,PDF-5bde0ba9095f,CB-TB-1842_Hughes,5bde0ba9095f56570a19d64168e15fd0e5a283c89f338ac5c9ad28153ff1ca7c,OFFLINE_PAPERS_PROJECTION,,MUTE,mute_phone_download,,mute_phone_download,,,src_charge|src_hearing|src_mg_forms|src_parties|src_dates|src_cctv|src_continuity|papers_materials_37,6407,,"HEARING_ISO | 2026-08-07T09:30:00.000Z || HEARING | 07 August 2026 10:30 || CHARGE | Wounding with intent to cause grievous bodily harm, s.18 OAPA 1861"
sha:5b8cdd4749b55bc2014ea6d9769fb4a7a09cccb032cf0bfd7f26a20f62e20936,PDF-5b8cdd4749b5,CB-TB-2002_Kerr,5b8cdd4749b55bc2014ea6d9769fb4a7a09cccb032cf0bfd7f26a20f62e20936,OFFLINE_PAPERS_PROJECTION,,MUTE,mute_cad_999,,mute_cad_999,,,src_charge|src_hearing|src_mg_forms|src_parties|src_dates|src_cctv|src_continuity|papers_materials_29,13113,,"HEARING_ISO | 2026-08-13T11:00:00.000Z || HEARING | 13 August 2026 at 12:00 || CHARGE | Wounding with intent to cause grievous bodily harm, s.18 OAPA 1861"
sha:5be483f39a9744622b1baaae08ad1b183a03a4b5a9187896be1737cf4d08e1ab,PDF-5be483f39a97,CB-TB-301_Kent,5be483f39a9744622b1baaae08ad1b183a03a4b5a9187896be1737cf4d08e1ab,OFFLINE_PAPERS_PROJECTION,,MUTE,mute_phone_download,,mute_phone_download,,,src_charge|src_hearing|src_mg_forms|src_parties|src_dates|src_cctv|src_continuity|papers_materials_20,6938,,"HEARING_ISO | 2026-08-18T10:15:00.000Z || HEARING | 18 August 2026 at 11:15 || CHARGE | Robbery, contrary to s.8 Theft Act 1968"
sha:5cc594557521b92ba0732fcf325c5dfec3e65f4c54ad52760a81de4e99500647,PDF-5cc594557521,CB-TB-389_Okonkwo,5cc594557521b92ba0732fcf325c5dfec3e65f4c54ad52760a81de4e99500647,OFFLINE_PAPERS_PROJECTION,,MUTE,mute_phone_download,,mute_phone_download,,,src_charge|src_hearing|src_mg_forms|src_parties|src_dates|src_cctv|src_continuity|papers_materials_27,8122,,"HEARING_ISO | 2026-08-30T09:15:00.000Z || HEARING | 30 August 2026 at 10:15 || CHARGE | Fraud by false representation, s.2 Fraud Act 2006"
sha:5ca794d82d4ad2dce5ac49ca4fe55d3e9176f48014e8a71207605076077b789e,PDF-5ca794d82d4a,CB-TB-2028_Rees,5ca794d82d4ad2dce5ac49ca4fe55d3e9176f48014e8a71207605076077b789e,OFFLINE_PAPERS_PROJECTION,,MUTE,mute_phone_download,,mute_phone_download,,,src_charge|src_hearing|src_mg_forms|src_parties|src_dates|src_cctv|src_continuity|papers_materials_27,9686,,"HEARING_ISO | 2026-08-21T09:30:00.000Z || HEARING | 21 August 2026 at 10:30 || CHARGE | Offence Concealing, disguising, converting or transferring criminal property, contrary to section 327 Proceeds of Crime Act 2002"
sha:5ce1e692cf9ee8885d9b7e86cce7b7cd16f42e827e973789c279af9f04a83586,PDF-5ce1e692cf9e,CB-TB-1096_Clarke,5ce1e692cf9ee8885d9b7e86cce7b7cd16f42e827e973789c279af9f04a83586,OFFLINE_PAPERS_PROJECTION,,MUTE,mute_phone_download,,mute_phone_download,,,src_charge|src_hearing|src_mg_forms|src_parties|src_dates|src_continuity|papers_materials_27,4509,,HEARING_ISO | 2026-08-04T09:00:00.000Z || HEARING | 04 August 2026 at 10:00 || CHARGE | Doing an act tending and intended to pervert the course of public justice
sha:5d5c231a577e736eed988b09cc79bffac9429e6d9748c3ddd1b570fa14d5c47f,PDF-5d5c231a577e,CB-TB-750_Brooks,5d5c231a577e736eed988b09cc79bffac9429e6d9748c3ddd1b570fa14d5c47f,OFFLINE_PAPERS_PROJECTION,,MUTE,mute_phone_download,,mute_phone_download,,,src_charge|src_hearing|src_mg_forms|src_parties|src_dates|src_cctv|src_cctv_stills|src_continuity|papers_materials_30,6238,,"HEARING_ISO | 2026-06-16T10:30:00.000Z || HEARING | 16 June 2026 at 11:30 || CHARGE | Possessing criminal property, contrary to section 329 of the Proceeds of Crime Act 2002"
sha:5cf11bf18d5dfaeac32d5d7e874fa7cdc31642cbc73dc099f5e3c850a3e43d04,PDF-5cf11bf18d5d,CB-TB-1714_Denton,5cf11bf18d5dfaeac32d5d7e874fa7cdc31642cbc73dc099f5e3c850a3e43d04,OFFLINE_PAPERS_PROJECTION,,MUTE,mute_phone_download,,mute_phone_download,,,src_charge|src_hearing|src_mg_forms|src_parties|src_dates|papers_materials_34,9124,,"HEARING_ISO | 2026-07-29T08:30:00.000Z || HEARING | 29 July 2026 09:30 || CHARGE | Having an offensive weapon, contrary to s.1(1) Prevention of Crime Act 1953"
sha:5e58f4a2707ea94ed10893ac07466cdbeb6bf9f03819ea2468ea64bcceed0b9a,PDF-5e58f4a2707e,CB-TB-1667_Fraser,5e58f4a2707ea94ed10893ac07466cdbeb6bf9f03819ea2468ea64bcceed0b9a,OFFLINE_PAPERS_PROJECTION,,MUTE,mute_phone_download,,mute_phone_download,,,src_charge|src_hearing|src_mg_forms|src_parties|src_dates|src_cctv|src_continuity|papers_materials_12,3016,,"HEARING_ISO | 2026-07-19T12:00:00.000Z || HEARING | 19 July 2026 at 13:00 || CHARGE | Offence Being concerned in the supply of a controlled drug of Class A, contrary to section 4(3)(b) Misuse of Drugs Act 1971"
sha:5e18539949dbd9cd40fb2701a67817ac0f5ffc924e5f1e27af0a45a8b621b66c,PDF-5e18539949db,CB-TB-548_Patel,5e18539949dbd9cd40fb2701a67817ac0f5ffc924e5f1e27af0a45a8b621b66c,OFFLINE_PAPERS_PROJECTION,,MODALITY,modality_summary_vs_recording,,,modality_summary_vs_recording,,src_charge|src_hearing|src_mg_forms|src_parties|src_dates|src_continuity|papers_materials_36,5490,,"HEARING_ISO | 2026-08-19T09:00:00.000Z || HEARING | 19 August 2026 10:00 || CHARGE | Wounding with intent to cause grievous bodily harm, s.18 OAPA 1861"
sha:5e1b849e49118a961e47d725a00ccd9ae4cbf017ca504e02a348c9268dca16dc,PDF-5e1b849e4911,CB-TB-1130_Cole,5e1b849e49118a961e47d725a00ccd9ae4cbf017ca504e02a348c9268dca16dc,OFFLINE_PAPERS_PROJECTION,,MUTE,mute_phone_download,,mute_phone_download,,,src_charge|src_hearing|src_mg_forms|src_id_procedure|src_parties|src_dates|src_cctv|src_continuity|papers_materials_30,6420,,"HEARING_ISO | 2026-06-21T09:30:00.000Z || HEARING | 21 June 2026 at 10:30 || CHARGE | Conspiracy to supply a controlled drug of Class A, contrary to section 1 of the Criminal Law Act 1977"
sha:5dfc81103d33baf8f179a80981c9f4fc1fd8a10e9684e9f5d5cef5356c6c9f3a,PDF-5dfc81103d33,CB-TB-645_Morgan,5dfc81103d33baf8f179a80981c9f4fc1fd8a10e9684e9f5d5cef5356c6c9f3a,OFFLINE_PAPERS_PROJECTION,,MUTE,mute_phone_download,,mute_phone_download,,,src_charge|src_hearing|src_mg_forms|src_parties|src_dates|src_cctv|src_cctv_stills|papers_materials_40,8289,,"HEARING_ISO | 2026-08-15T09:30:00.000Z || HEARING | 15 August 2026 at 10:30 || CHARGE | Possessing criminal property, contrary to section 329 of the Proceeds of Crime Act 2002"
sha:5f46c8faee70ebb508aba0a090b52e63e1c24c31b6813eced786cea82886aa56,PDF-5f46c8faee70,CB-TB-1942_Barton,5f46c8faee70ebb508aba0a090b52e63e1c24c31b6813eced786cea82886aa56,OFFLINE_PAPERS_PROJECTION,,MUTE,mute_phone_download,,mute_phone_download,,,src_charge|src_hearing|src_mg_forms|src_parties|src_dates|src_cctv|src_continuity|papers_materials_27,7655,,"HEARING_ISO | 2026-08-13T08:45:00.000Z || HEARING | 13 August 2026 09:45 || CHARGE | Wounding with intent to cause grievous bodily harm, s.18 OAPA 1861"
sha:5f9bb6551b7c502ec4f336571423c33a88cb73a63c4c14b50a27b7360ecbd87e,PDF-5f9bb6551b7c,CB-TB-1912_Quinn,5f9bb6551b7c502ec4f336571423c33a88cb73a63c4c14b50a27b7360ecbd87e,OFFLINE_PAPERS_PROJECTION,,MUTE,mute_phone_download,,mute_phone_download,,,src_charge|src_hearing|src_mg_forms|src_parties|src_dates|src_cctv|src_continuity|papers_materials_34,13163,,"HEARING_ISO | 2026-08-04T10:30:00.000Z || HEARING | 04 August 2026 11:30 || CHARGE | Count 1: theft; Count 2: possession of a bladed article, contrary to"
sha:603cb6c59c3473958e2483685d67efca931537bc59d37da0f06f7e0c7e29b3fa,PDF-603cb6c59c34,CB-TB-328_Okonkwo,603cb6c59c3473958e2483685d67efca931537bc59d37da0f06f7e0c7e29b3fa,OFFLINE_PAPERS_PROJECTION,,MUTE,mute_phone_download,,mute_phone_download,,,src_charge|src_hearing|src_mg_forms|src_parties|src_dates|papers_materials_22,5781,,"HEARING_ISO | 2026-08-15T09:15:00.000Z || HEARING | 15 August 2026 at 10:15 || CHARGE | Fraud by abuse of position, contrary to section 4 of the Fraud Act 2006"
sha:60248714943b2dbeb4fd68000197ff5dbffd177a9fa9ec811ebe1bfc56fd3764,PDF-60248714943b,CB-TB-634_Reed,60248714943b2dbeb4fd68000197ff5dbffd177a9fa9ec811ebe1bfc56fd3764,OFFLINE_PAPERS_PROJECTION,,MUTE,mute_export_log,,mute_export_log|mute_phone_download,,,src_charge|src_hearing|src_mg_forms|src_parties|src_dates|src_cctv|src_cctv_stills|src_continuity|papers_materials_40,9878,,"HEARING_ISO | 2026-07-13T10:30:00.000Z || HEARING | 13 July 2026 at 11:30 || CHARGE | Possession of a controlled drug of Class A, namely cocaine, with intent to supply, contrary to section 5(3) of the Misuse of Drugs Act 1971"
sha:6143a53735fa41a18d3f2e69350d5159a603a07a8b1100eea346b61f99d63732,PDF-6143a53735fa,CB-TB-1702_Holt,6143a53735fa41a18d3f2e69350d5159a603a07a8b1100eea346b61f99d63732,OFFLINE_PAPERS_PROJECTION,,MUTE,mute_phone_download,,mute_phone_download,,,src_charge|src_hearing|src_mg_forms|src_parties|src_dates|papers_materials_32,6941,,"HEARING_ISO | 2026-06-23T11:00:00.000Z || HEARING | 23 June 2026 12:00 || CHARGE | Theft, contrary to s.1 Theft Act 1968"
sha:61d15aae51203fd4a1836c3bbe7675819893efb6b746817f8e63ab25e5e718c5,PDF-61d15aae5120,CB-TB-587_Grant,61d15aae51203fd4a1836c3bbe7675819893efb6b746817f8e63ab25e5e718c5,OFFLINE_PAPERS_PROJECTION,,MODALITY,modality_summary_vs_recording,,,modality_summary_vs_recording,,src_charge|src_hearing|src_mg_forms|src_parties|src_dates|src_continuity|papers_materials_34,5204,,"HEARING_ISO | 2026-06-25T13:00:00.000Z || HEARING | 25 June 2026 14:00 || CHARGE | Robbery, contrary to s.8 Theft Act 1968"
sha:622cb504c06ba2d37a1801013c1a844c1440c1228123ea664b12a99299a8d92f,PDF-622cb504c06b,CB-TB-1995_Rahman,622cb504c06ba2d37a1801013c1a844c1440c1228123ea664b12a99299a8d92f,OFFLINE_PAPERS_PROJECTION,,MUTE,mute_phone_download,,mute_phone_download,,,src_charge|src_hearing|src_mg_forms|src_parties|src_dates|src_continuity|papers_materials_14,3524,,"HEARING_ISO | 2026-08-07T10:15:00.000Z || HEARING | 07 August 2026 11:15 || CHARGE | Possession of a controlled drug of Class A with intent to supply, contrary to section 5(3) of the Misuse of Drugs Act 1971"
sha:6207655ecde58f618b5efd9eeef6c3ccbbabc7822524702b9fe413d5642c7914,PDF-6207655ecde5,CB-TB-519_Mitchell,6207655ecde58f618b5efd9eeef6c3ccbbabc7822524702b9fe413d5642c7914,OFFLINE_PAPERS_PROJECTION,,MODALITY,modality_summary_vs_recording,,mute_phone_download,modality_summary_vs_recording,,src_charge|src_hearing|src_mg_forms|src_parties|src_dates|src_continuity|papers_materials_38,9583,,"HEARING_ISO | 2026-07-17T09:30:00.000Z || HEARING | 17 July 2026 10:30 || CHARGE | Harassment, contrary to section 2 Protection from Harassment Act 1997"
sha:62ea413c865df38f64405582c6e5055598b2880a1a05ca4c44f35faef9c4584f,PDF-62ea413c865d,CB-TB-1710_Barker,62ea413c865df38f64405582c6e5055598b2880a1a05ca4c44f35faef9c4584f,OFFLINE_PAPERS_PROJECTION,,MUTE,mute_phone_download,,mute_phone_download,,,src_charge|src_hearing|src_mg_forms|src_parties|src_dates|papers_materials_18,3373,,"HEARING_ISO | 2026-07-17T13:00:00.000Z || HEARING | 17 July 2026 14:00 || CHARGE | Assault by beating of an emergency worker, contrary to section 1 of the Assaults on Emergency Workers (Offences) Act 2018"
sha:62aca56ab7f36eeac0644b40c9f7dabd61a32aaf7db5915a2739b54cc04fff9c,PDF-62aca56ab7f3,CB-TB-573_Patel,62aca56ab7f36eeac0644b40c9f7dabd61a32aaf7db5915a2739b54cc04fff9c,OFFLINE_PAPERS_PROJECTION,,MODALITY,modality_summary_vs_recording,,,modality_summary_vs_recording,,src_charge|src_hearing|src_mg_forms|src_parties|src_dates|src_cctv|src_continuity|papers_materials_40,9722,,HEARING_ISO | 2026-06-18T10:15:00.000Z || HEARING | 18 June 2026 11:15 || CHARGE | contrary to section 1 Assaults on Emergency Workers (Offences) Act 2018
sha:62a868c1213122b6b84bbdb573ae95cc93601776d832c5a0af25f4d1cc6d47f0,PDF-62a868c12131,CB-TB-1612_Moran,62a868c1213122b6b84bbdb573ae95cc93601776d832c5a0af25f4d1cc6d47f0,OFFLINE_PAPERS_PROJECTION,,MUTE,mute_phone_download,,mute_phone_download,,,src_charge|src_hearing|src_mg_forms|src_parties|src_dates|src_cctv|src_continuity|papers_materials_26,12055,,"HEARING_ISO | 2026-06-24T09:00:00.000Z || HEARING | 24 June 2026 at 10:00 || CHARGE | Offence Concealing, disguising, converting or transferring criminal property, contrary to section 327 Proceeds of Crime Act 2002"
sha:63b4c9c7cd8521ddb2bf9f3a587919ceb07de83022cd36d751192c8dd5a0974a,PDF-63b4c9c7cd85,CB-TB-1790_Denton,63b4c9c7cd8521ddb2bf9f3a587919ceb07de83022cd36d751192c8dd5a0974a,OFFLINE_PAPERS_PROJECTION,,MUTE,mute_phone_download,,mute_phone_download,,,src_charge|src_hearing|src_mg_forms|src_parties|src_dates|src_cctv|src_continuity|papers_materials_36,6411,,HEARING_ISO | 2026-08-01T13:00:00.000Z || HEARING | 01 August 2026 14:00 || CHARGE | Entering into an arrangement contrary to section 328 of the Proceeds of Crime Act 2002
sha:63ecb787dae71cf94e0f8e81be4010bbf34b02186611215df6c9ebf76fafcda6,PDF-63ecb787dae7,CB-TB-2047_Sutton,63ecb787dae71cf94e0f8e81be4010bbf34b02186611215df6c9ebf76fafcda6,OFFLINE_PAPERS_PROJECTION,,MUTE,mute_phone_download,,mute_phone_download,,,src_charge|src_hearing|src_mg_forms|src_parties|src_dates|src_cctv|src_continuity|papers_materials_23,4847,,"HEARING_ISO | 2026-08-08T12:00:00.000Z || HEARING | 8 August 2026 at 13:00 || CHARGE | Offence Possession of a controlled drug of Class A with intent to supply, contrary to section 5(3) Misuse of Drugs Act 1971"
sha:64a8df168a07d9fe4302e4baa6bfc98abfd6dc1cb6267e2c265cc4c2bc1a7aa5,PDF-64a8df168a07,CB-TB-1063_Marsh,64a8df168a07d9fe4302e4baa6bfc98abfd6dc1cb6267e2c265cc4c2bc1a7aa5,OFFLINE_PAPERS_PROJECTION,,MUTE,mute_phone_download,,mute_phone_download,,,src_charge|src_hearing|src_mg_forms|src_parties|src_dates|src_cctv|papers_materials_30,5332,,"HEARING_ISO | 2026-08-17T09:30:00.000Z || HEARING | 17 August 2026 at 10:30 || CHARGE | Burglary of a dwelling, contrary to section 9 Theft Act 1968"
sha:6434a2da4578f59c0423e4410883ce6c12b3138095091fc0ad123d39bb93ecc0,PDF-6434a2da4578,CB-TB-1396_Bell,6434a2da4578f59c0423e4410883ce6c12b3138095091fc0ad123d39bb93ecc0,OFFLINE_PAPERS_PROJECTION,,MUTE,mute_phone_download,,mute_phone_download,,,src_charge|src_hearing|src_mg_forms|src_id_procedure|src_parties|src_dates|src_cctv|src_continuity|papers_materials_40,14048,,"HEARING_ISO | 2026-06-23T09:00:00.000Z || HEARING | 23 June 2026 at 10:00 || CHARGE | Possession of a controlled drug of Class B with intent to supply, contrary to section 5(3) of the Misuse of Drugs Act 1971"
sha:6500a85462fe9779660361580d1f79c303e498e45b334d5e5c6dd68cf3e70992,PDF-6500a85462fe,CB-TB-1476_Marsh,6500a85462fe9779660361580d1f79c303e498e45b334d5e5c6dd68cf3e70992,OFFLINE_PAPERS_PROJECTION,,MUTE,mute_phone_download,,mute_phone_download,,,src_charge|src_hearing|src_mg_forms|src_id_procedure|src_parties|src_dates|src_cctv|src_continuity|papers_materials_32,9300,,"HEARING_ISO | 2026-08-23T09:00:00.000Z || HEARING | 23 August 2026 at 10:00 || CHARGE | Possession of a controlled drug of Class B, contrary to section 5(2) of the Misuse of Drugs Act 1971"
sha:6561e406079d781f5218af4b79850fbe565fe763e4c42b59801c72e5a8a4ca9f,PDF-6561e406079d,CB-TB-1923_Varga,6561e406079d781f5218af4b79850fbe565fe763e4c42b59801c72e5a8a4ca9f,OFFLINE_PAPERS_PROJECTION,,MUTE,mute_phone_download,,mute_phone_download,,,src_charge|src_hearing|src_mg_forms|src_parties|src_dates|src_cctv|src_continuity|papers_materials_17,4329,,"HEARING_ISO | 2026-08-09T09:00:00.000Z || HEARING | 09 August 2026 10:00 || CHARGE | Dangerous driving, contrary to section 2 Road Traffic Act 1988"
sha:65131fc9f3018404241c806abc7d602868c494ef14917e29f25729f7fe24131e,PDF-65131fc9f301,CB-TB-1902_Tobin,65131fc9f3018404241c806abc7d602868c494ef14917e29f25729f7fe24131e,OFFLINE_PAPERS_PROJECTION,,MUTE,mute_phone_download,,mute_phone_download,,,src_charge|src_hearing|src_mg_forms|src_parties|src_dates|src_cctv|src_continuity|papers_materials_28,12053,,"HEARING_ISO | 2026-08-14T08:30:00.000Z || HEARING | 14 August 2026 09:30 || CHARGE | Count 1: theft; Count 2: possession of a bladed article, contrary to"
sha:658fe9bdff94c1243fa6349e71e42238d61dd372c7fbeadaa00d4f1e512d0766,PDF-658fe9bdff94,CB-TB-421_Coates,658fe9bdff94c1243fa6349e71e42238d61dd372c7fbeadaa00d4f1e512d0766,OFFLINE_PAPERS_PROJECTION,,MUTE,mute_phone_download,,mute_phone_download,,,src_charge|src_hearing|src_mg_forms|src_parties|src_cctv|src_continuity|papers_materials_22,10793,,"HEARING_ISO | 2026-07-25T09:00:00.000Z || HEARING | 25 July 2026 at 10:00 || CHARGE | Handling stolen goods, contrary to s.22 Theft Act 1968"
sha:65edb782ad8a7fe9916782601cd929e8f62237e655de5c41ecae3f96e411eb23,PDF-65edb782ad8a,CB-TB-638_Harper,65edb782ad8a7fe9916782601cd929e8f62237e655de5c41ecae3f96e411eb23,OFFLINE_PAPERS_PROJECTION,,MUTE,mute_phone_download,,mute_phone_download,,,src_charge|src_hearing|src_mg_forms|src_parties|src_dates|src_cctv|papers_materials_15,3062,,"HEARING_ISO | 2026-07-25T10:30:00.000Z || HEARING | 25 July 2026 at 11:30 || CHARGE | Possession of a controlled drug of Class B, namely cannabis, contrary to section 5(2) of the Misuse of Drugs Act 1971"
sha:6604856d89f56abecfbe0dea8c07657b09062538631d3c571c47f7ece2baea7c,PDF-6604856d89f5,CB-TB-517_Coleman,6604856d89f56abecfbe0dea8c07657b09062538631d3c571c47f7ece2baea7c,OFFLINE_PAPERS_PROJECTION,,MODALITY,modality_summary_vs_recording,,,modality_summary_vs_recording,,src_charge|src_hearing|src_mg_forms|src_parties|src_dates|src_cctv|src_continuity|papers_materials_34,5530,,"HEARING_ISO | 2026-07-27T08:30:00.000Z || HEARING | 27 July 2026 09:30 || CHARGE | Possession of a bladed article in a public place, contrary to section 139 Criminal Justice Act 1988"
sha:661168462d1f2714dca92c803e638ffe7eb49b3837f1d6bcf461103daff11d94,PDF-661168462d1f,CB-TB-542_Brooks,661168462d1f2714dca92c803e638ffe7eb49b3837f1d6bcf461103daff11d94,OFFLINE_PAPERS_PROJECTION,,MODALITY,modality_summary_vs_recording,,,modality_summary_vs_recording,,src_charge|src_hearing|src_mg_forms|src_parties|src_dates|src_cctv|src_continuity|papers_materials_32,4256,,"HEARING_ISO | 2026-08-16T10:15:00.000Z || HEARING | 16 August 2026 11:15 || CHARGE | Burglary, contrary to section 9 Theft Act 1968"
sha:66470328e8f0dcef6043cb0e9785d0a1313b3605ec65f613965873f96635b6a2,PDF-66470328e8f0,CB-TB-1106_Patterson,66470328e8f0dcef6043cb0e9785d0a1313b3605ec65f613965873f96635b6a2,OFFLINE_PAPERS_PROJECTION,,MUTE,mute_phone_download,,mute_phone_download,,,src_charge|src_hearing|src_mg_forms|src_parties|src_dates|src_cctv|src_continuity|papers_materials_22,5033,,"HEARING_ISO | 2026-07-17T09:30:00.000Z || HEARING | 17 July 2026 at 10:30 || CHARGE | Theft, contrary to s.1 Theft Act 1968"
sha:66f6a88fb4a1cb9d05856620f7228f2033b0338ebf203d79931e3928ed2b669d,PDF-66f6a88fb4a1,CB-TB-507_Rees,66f6a88fb4a1cb9d05856620f7228f2033b0338ebf203d79931e3928ed2b669d,OFFLINE_PAPERS_PROJECTION,,MODALITY,modality_summary_vs_recording,,,modality_summary_vs_recording,,src_charge|src_hearing|src_mg_forms|src_parties|src_dates|src_continuity|papers_materials_24,2685,,"HEARING_ISO | 2026-07-24T10:15:00.000Z || HEARING | 24 July 2026 11:15 || CHARGE | Theft, contrary to s.1 Theft Act 1968"
sha:66efca0530c962167f5a9bc5b1a22c2b852b195aa150d6d6586a31f74cfad3c2,PDF-66efca0530c9,CB-TB-559_Patel,66efca0530c962167f5a9bc5b1a22c2b852b195aa150d6d6586a31f74cfad3c2,OFFLINE_PAPERS_PROJECTION,,MODALITY,modality_summary_vs_recording,,,modality_summary_vs_recording,,src_charge|src_hearing|src_mg_forms|src_parties|src_dates|src_continuity|papers_materials_38,9018,,"HEARING_ISO | 2026-07-18T08:30:00.000Z || HEARING | 18 July 2026 09:30 || CHARGE | Possessing criminal property, contrary to section 329 Proceeds of Crime Act 2002"
sha:6730a3e4b1548f2845f6abbdb1e29b4848bcc87b6acac8ff3f95bbd1c66c0851,PDF-6730a3e4b154,CB-TB-1920_Kaur,6730a3e4b1548f2845f6abbdb1e29b4848bcc87b6acac8ff3f95bbd1c66c0851,OFFLINE_PAPERS_PROJECTION,,MUTE,mute_phone_download,,mute_phone_download,,,src_charge|src_hearing|src_mg_forms|src_parties|src_dates|src_cctv|src_continuity|papers_materials_28,7017,,"HEARING_ISO | 2026-08-21T10:15:00.000Z || HEARING | 21 August 2026 11:15 || CHARGE | Count 1: theft; Count 2: possession of a bladed article, contrary to"
sha:67e4d152e7a9f004ab2e41e46498ed3003986b00d9b2daf93cc6b5748246cc9a,PDF-67e4d152e7a9,CB-TB-2076_Ford,67e4d152e7a9f004ab2e41e46498ed3003986b00d9b2daf93cc6b5748246cc9a,OFFLINE_PAPERS_PROJECTION,,MUTE,mute_phone_download,,mute_phone_download,,,src_charge|src_hearing|src_mg_forms|src_parties|src_dates|src_cctv|src_continuity|papers_materials_22,5260,,"HEARING_ISO | 2026-08-25T09:30:00.000Z || HEARING | 25 August 2026 at 10:30 || CHARGE | Offence Possession of a controlled drug of Class A with intent to supply, contrary to section 5(3) Misuse of Drugs Act 1971"
sha:683c76ce8df27ae1e1ed50ace27ba32863988d453a20fd2b7f0545726443f1a5,PDF-683c76ce8df2,CB-TB-1193_Vale,683c76ce8df27ae1e1ed50ace27ba32863988d453a20fd2b7f0545726443f1a5,OFFLINE_PAPERS_PROJECTION,,MUTE,mute_phone_download,,mute_phone_download,,,src_charge|src_hearing|src_mg_forms|src_id_procedure|src_parties|src_dates|src_cctv|src_continuity|papers_materials_40,12770,,"HEARING_ISO | 2026-08-15T08:30:00.000Z || HEARING | 15 August 2026 at 09:30 || CHARGE | Possession of a controlled drug of Class B, contrary to section 5(2) of the Misuse of Drugs Act 1971"
sha:68942a9e2a122322cea555d9c8f57b7de1c73f32f833d5976bef7e2c8b35a016,PDF-68942a9e2a12,CB-TB-751_Doyle,68942a9e2a122322cea555d9c8f57b7de1c73f32f833d5976bef7e2c8b35a016,OFFLINE_PAPERS_PROJECTION,,MUTE,mute_phone_download,,mute_phone_download,,,src_charge|src_hearing|src_mg_forms|src_parties|src_dates|src_cctv|src_cctv_stills|papers_materials_29,5658,,"HEARING_ISO | 2026-06-19T11:30:00.000Z || HEARING | 19 June 2026 at 12:30 || CHARGE | Possessing criminal property, contrary to section 329 of the Proceeds of Crime Act 2002"
sha:69a2d795e44c7d12c925a50ac2bd47ba136fdce6765b16a21c3c82b7503e0a5c,PDF-69a2d795e44c,CB-TB-753_Patterson,69a2d795e44c7d12c925a50ac2bd47ba136fdce6765b16a21c3c82b7503e0a5c,OFFLINE_PAPERS_PROJECTION,,MUTE,mute_phone_download,,mute_phone_download,,,src_charge|src_hearing|src_mg_forms|src_parties|src_dates|src_cctv|src_cctv_stills|papers_materials_40,9864,,"HEARING_ISO | 2026-06-25T09:30:00.000Z || HEARING | 25 June 2026 at 10:30 || CHARGE | Possessing criminal property, contrary to section 329 of the Proceeds of Crime Act 2002"
sha:6b147efaeef3fea1fd0f0e3214fe13a41e4ae8091ff39d38639677f4900e80ed,PDF-6b147efaeef3,CB-TB-1980_Doyle,6b147efaeef3fea1fd0f0e3214fe13a41e4ae8091ff39d38639677f4900e80ed,OFFLINE_PAPERS_PROJECTION,,MUTE,mute_phone_download,,mute_phone_download,,,src_charge|src_hearing|src_mg_forms|src_parties|src_dates|src_cctv|src_continuity|papers_materials_21,4988,,"HEARING_ISO | 2026-07-15T09:15:00.000Z || HEARING | 15 July 2026 10:15 || CHARGE | Robbery, contrary to s.8 Theft Act 1968"
sha:6ae7a49336448f1ddb02568dbafc75b679587fab88753cf7cbce94edde572f7c,PDF-6ae7a4933644,CB-TB-1945_Lowry,6ae7a49336448f1ddb02568dbafc75b679587fab88753cf7cbce94edde572f7c,OFFLINE_PAPERS_PROJECTION,,MUTE,mute_phone_download,,mute_phone_download,,,src_charge|src_hearing|src_mg_forms|src_parties|src_dates|src_cctv|src_continuity|papers_materials_40,13657,,"HEARING_ISO | 2026-07-26T09:00:00.000Z || HEARING | 26 July 2026 10:00 || CHARGE | Theft, contrary to s.1 Theft Act 1968"
sha:6ba45b0d4ccaceecdf03ea5b83b022b9b286bfd8a21772cf6fa45858e6b557b8,PDF-6ba45b0d4cca,CB-TB-743_Grant,6ba45b0d4ccaceecdf03ea5b83b022b9b286bfd8a21772cf6fa45858e6b557b8,OFFLINE_PAPERS_PROJECTION,,MUTE,mute_phone_download,,mute_phone_download,,,src_charge|src_hearing|src_mg_forms|src_parties|src_dates|src_cctv|src_cctv_stills|papers_materials_40,10692,,"HEARING_ISO | 2026-08-09T11:30:00.000Z || HEARING | 09 August 2026 at 12:30 || CHARGE | Possession of a controlled drug of Class B, namely cannabis, contrary to section 5(2) of the Misuse of Drugs Act 1971"
sha:6c7b2096614ab087a7542481b25a3bd676e3069710c7a9a6288040d4af2e62a0,PDF-6c7b2096614a,CB-TB-1356_Turner,6c7b2096614ab087a7542481b25a3bd676e3069710c7a9a6288040d4af2e62a0,OFFLINE_PAPERS_PROJECTION,,MUTE,mute_phone_download,,mute_phone_download,,,src_charge|src_hearing|src_mg_forms|src_id_procedure|src_parties|src_dates|src_cctv|src_continuity|papers_materials_40,13425,,"HEARING_ISO | 2026-08-25T09:00:00.000Z || HEARING | 25 August 2026 at 10:00 || CHARGE | Conspiracy to supply a controlled drug of Class A, contrary to section 1 of the Criminal Law Act 1977"
sha:6c943a2618833e6d07df39d00660355ec33b67daa0beda7fef3b7ece4412f73f,PDF-6c943a261883,CB-TB-816_Mitchell,6c943a2618833e6d07df39d00660355ec33b67daa0beda7fef3b7ece4412f73f,OFFLINE_PAPERS_PROJECTION,,MUTE,mute_cctv_master,,mute_cctv_master,,,src_charge|src_hearing|src_mg_forms|src_cctv|src_continuity|papers_materials_15,12246,,"HEARING_ISO | 2026-07-01T08:30:00.000Z || HEARING | 01 July 2026 at 09:30 || CHARGE | Main charge Harassment, contrary to section 2 of the Protection from Harassment Act 1997"
sha:6d2a9951a0122e276cf97c3a628eab4057b2078125c321427b42337591e90d82,PDF-6d2a9951a012,CB-TB-2078_Merritt,6d2a9951a0122e276cf97c3a628eab4057b2078125c321427b42337591e90d82,OFFLINE_PAPERS_PROJECTION,,MUTE,mute_export_log,,mute_export_log,,,src_charge|src_hearing|src_mg_forms|src_parties|src_dates|src_cctv|src_continuity|papers_materials_26,5339,,"HEARING_ISO | 2026-06-22T11:00:00.000Z || HEARING | 22 June 2026 at 12:00 || CHARGE | Theft, contrary to s.1 Theft Act 1968"
sha:6da0c2e9ff2c7339c029a0facc3f2291011c3aaffbd133d13837b1b805994fcf,PDF-6da0c2e9ff2c,CB-TB-1990_Blythe,6da0c2e9ff2c7339c029a0facc3f2291011c3aaffbd133d13837b1b805994fcf,OFFLINE_PAPERS_PROJECTION,,MUTE,mute_phone_download,,mute_phone_download,,,src_charge|src_hearing|src_mg_forms|src_parties|src_dates|src_cctv|src_continuity|papers_materials_19,5325,,"HEARING_ISO | 2026-09-11T09:15:00.000Z || HEARING | 11 September 2026 10:15 || CHARGE | Fraud by false representation, s.2 Fraud Act 2006"
sha:6f0e3810dccd299f80145f117a768538cada73744fe2c3361d3c774a64914929,PDF-6f0e3810dccd,CB-TB-633_Flint,6f0e3810dccd299f80145f117a768538cada73744fe2c3361d3c774a64914929,OFFLINE_PAPERS_PROJECTION,,MUTE,mute_phone_download,,mute_phone_download,,,src_charge|src_hearing|src_mg_forms|src_parties|src_dates|src_cctv|papers_materials_26,5312,,"HEARING_ISO | 2026-07-10T09:30:00.000Z || HEARING | 10 July 2026 at 10:30 || CHARGE | Possession of a controlled drug of Class A, namely cocaine, with intent to supply, contrary to section 5(3) of the Misuse of Drugs Act"
sha:6ec3e291c2b17f3a85483f557466aa79e0fb874e90d5fbf4b9fe4fac09a63a91,PDF-6ec3e291c2b1,CB-TB-2085_Okonkwo,6ec3e291c2b17f3a85483f557466aa79e0fb874e90d5fbf4b9fe4fac09a63a91,OFFLINE_PAPERS_PROJECTION,,MUTE,mute_cad_999,,mute_cad_999,,,src_charge|src_hearing|src_mg_forms|src_parties|src_dates|src_cctv|src_continuity|papers_materials_24,5535,,"HEARING_ISO | 2026-07-13T10:30:00.000Z || HEARING | 13 July 2026 at 11:30 || CHARGE | Wounding with intent to cause grievous bodily harm, s.18 OAPA 1861"
sha:6f452189a76e4c6b13916235054d98981aaeb863789c2a09901927046c336195,PDF-6f452189a76e,CB-TB-785_Hughes,6f452189a76e4c6b13916235054d98981aaeb863789c2a09901927046c336195,OFFLINE_PAPERS_PROJECTION,,MUTE,mute_phone_download,,mute_phone_download,,,src_charge|src_hearing|src_mg_forms|src_parties|src_dates|src_cctv|src_cctv_stills|papers_materials_40,7527,,"HEARING_ISO | 2026-07-16T09:30:00.000Z || HEARING | 16 July 2026 at 10:30 || CHARGE | Robbery, contrary to s.8 Theft Act 1968"
sha:6f6e7bed0d100885c731f6956f73bbc455ab75e4524738a15305c809848bebae,PDF-6f6e7bed0d10,CB-TB-1829_Hobbs,6f6e7bed0d100885c731f6956f73bbc455ab75e4524738a15305c809848bebae,OFFLINE_PAPERS_PROJECTION,,MUTE,mute_phone_download,,mute_phone_download,,,src_charge|src_hearing|src_mg_forms|src_parties|src_dates|src_cctv|papers_materials_17,3191,,"HEARING_ISO | 2026-06-29T09:30:00.000Z || HEARING | 29 June 2026 10:30 || CHARGE | Failing to stop after a road accident, contrary to section 170 of the Road Traffic Act 1988"
sha:6fc3a67ef1c6e8dae24bad88beeef1f70306a15a404d87c42e1d967a332cd739,PDF-6fc3a67ef1c6,CB-TB-486_Brennan,6fc3a67ef1c6e8dae24bad88beeef1f70306a15a404d87c42e1d967a332cd739,OFFLINE_PAPERS_PROJECTION,,MUTE,mute_phone_download,,mute_phone_download,,,src_charge|src_hearing|src_mg_forms|src_parties|src_cctv|src_continuity|papers_materials_24,7901,,"HEARING_ISO | 2026-07-11T13:00:00.000Z || HEARING | 11 July 2026 at 14:00 || CHARGE | Primary charge:Burglary, contrary to section 9(1)(b) Theft Act 1968"
sha:708444c31712d48ca4e62d792494e2a519e1612d4db628c3bf5d35c9fd87b485,PDF-708444c31712,CB-TB-1230_Coates,708444c31712d48ca4e62d792494e2a519e1612d4db628c3bf5d35c9fd87b485,OFFLINE_PAPERS_PROJECTION,,MUTE,mute_phone_download,,mute_phone_download,,,src_charge|src_hearing|src_mg_forms|src_parties|src_dates|src_cctv|src_continuity|papers_materials_24,6185,,"HEARING_ISO | 2026-06-30T09:00:00.000Z || HEARING | 30/06/2026 10:00 || CHARGE | Having an offensive weapon, contrary to s.1(1) Prevention of Crime Act 1953"
sha:7043b1bf7bb0cf9dc5976bae18b1bfc041a40c0986177968a01a3f137021ee3d,PDF-7043b1bf7bb0,CB-TB-1867_Hobbs,7043b1bf7bb0cf9dc5976bae18b1bfc041a40c0986177968a01a3f137021ee3d,OFFLINE_PAPERS_PROJECTION,,MUTE,mute_phone_download,,mute_phone_download,,,src_charge|src_hearing|src_mg_forms|src_parties|src_dates|src_continuity|papers_materials_37,7874,,"HEARING_ISO | 2026-08-07T10:00:00.000Z || HEARING | 07 August 2026 11:00 || CHARGE | Robbery, contrary to s.8 Theft Act 1968"
sha:7180fd1decd50a4925732d720d5e15da3ffbd6da4266d3d43c661b88c9290058,PDF-7180fd1decd5,CB-TB-290_Rowe,7180fd1decd50a4925732d720d5e15da3ffbd6da4266d3d43c661b88c9290058,OFFLINE_PAPERS_PROJECTION,,MUTE,mute_phone_download,,mute_phone_download,,,src_charge|src_hearing|src_mg_forms|src_parties|src_dates|papers_materials_20,7398,,"HEARING_ISO | 2026-07-16T13:15:00.000Z || HEARING | 16 July 2026 at 14:15 || CHARGE | Affray, contrary to section 3 of the Public Order Act 1986"
sha:70e710fc07eb4979d2c5fea56cfe3f71dafbb4b9f30a0f8035f5a0fe2b85eff9,PDF-70e710fc07eb,CB-TB-847_Morgan,70e710fc07eb4979d2c5fea56cfe3f71dafbb4b9f30a0f8035f5a0fe2b85eff9,OFFLINE_PAPERS_PROJECTION,,MUTE,mute_cctv_master,,mute_cctv_master,,,src_charge|src_hearing|src_mg_forms|src_dates|src_continuity|papers_materials_16,7254,,"HEARING_ISO | 2026-07-18T09:00:00.000Z || HEARING | 18 July 2026 at 10:00 || CHARGE | Main charge Driving with excess alcohol, contrary to section 5 of the Road Traffic Act 1988"
sha:72573cdaf21781be3e719412994cf105c4639e1c1cbf51bf0cd70cdd94426a0f,PDF-72573cdaf217,CB-TB-876_Hayes,72573cdaf21781be3e719412994cf105c4639e1c1cbf51bf0cd70cdd94426a0f,OFFLINE_PAPERS_PROJECTION,,MUTE,mute_cctv_master,,mute_cctv_master,,,src_charge|src_hearing|src_mg_forms|src_parties|src_cctv|src_continuity|papers_materials_20,6147,,"HEARING_ISO | 2026-07-29T08:30:00.000Z || HEARING | 29 July 2026 at 09:30 || CHARGE | Robbery, contrary to s.8 Theft Act 1968"
sha:72ccff0d54a8348bc3b7f8f1509fe0a54ca549667dbd9c5de44177454b469be8,PDF-72ccff0d54a8,CB-TB-330_Bishop,72ccff0d54a8348bc3b7f8f1509fe0a54ca549667dbd9c5de44177454b469be8,OFFLINE_PAPERS_PROJECTION,,MUTE,mute_phone_download,,mute_phone_download,,,src_charge|src_hearing|src_mg_forms|src_parties|src_dates|src_cctv|src_continuity|papers_materials_21,6873,,"HEARING_ISO | 2026-08-21T10:30:00.000Z || HEARING | 21 August 2026 at 11:30 || CHARGE | Possessing criminal property, contrary to section 329 of the Proceeds of Crime Act 2002"
sha:72fb8156f02cc39f9820bad062ee4fad1bdbd2a81a281a4db979cf235a86de0b,PDF-72fb8156f02c,CB-TB-271_Daly,72fb8156f02cc39f9820bad062ee4fad1bdbd2a81a281a4db979cf235a86de0b,OFFLINE_PAPERS_PROJECTION,,MUTE,mute_phone_download,,mute_phone_download,,,src_charge|src_hearing|src_mg_forms|src_parties|src_dates|src_cctv|src_cctv_stills|src_continuity|papers_materials_32,8838,,"HEARING_ISO | 2026-08-12T10:00:00.000Z || HEARING | 12 August 2026 at 11:00 || CHARGE | Being concerned in the supply of a Class A controlled drug, contrary to section 4(3)(b) of the Misuse of Drugs Act 1971"
sha:7384bafe3c7360518cca35387830bbbe7cd48e1d5ba2c763c7b7666cc4c5becc,PDF-7384bafe3c73,CB-TB-219_Tanner,7384bafe3c7360518cca35387830bbbe7cd48e1d5ba2c763c7b7666cc4c5becc,OFFLINE_PAPERS_PROJECTION,,MUTE,mute_phone_download,,mute_phone_download,,,src_charge|src_hearing|src_mg_forms|src_parties|src_dates|papers_materials_18,5621,,"HEARING_ISO | 2026-08-24T08:15:00.000Z || HEARING | 24 August 2026 at 09:15 || CHARGE | Possession of a Class B controlled drug with intent to supply, contrary to section 5(3) of the Misuse of Drugs Act 1971"
sha:73b67c06c7af45b40a5850e5591df767b1c3fbee15c0a83d31f439dce9d85dc0,PDF-73b67c06c7af,CB-TB-258_Flynn,73b67c06c7af45b40a5850e5591df767b1c3fbee15c0a83d31f439dce9d85dc0,OFFLINE_PAPERS_PROJECTION,,MUTE,mute_phone_download,,mute_phone_download,,,src_charge|src_hearing|src_mg_forms|src_parties|src_dates|src_cctv|src_continuity|papers_materials_29,9390,,"HEARING_ISO | 2026-07-04T09:00:00.000Z || HEARING | 04 July 2026 at 10:00 || CHARGE | Unlawful wounding, contrary to section 20 of the Offences Against the Person Act 1861"
sha:74322fc0a6757f232e1e61a3e8f239055447ba1b647ae1084b998a98a6b2a991,PDF-74322fc0a675,CB-TB-1834_Pike,74322fc0a6757f232e1e61a3e8f239055447ba1b647ae1084b998a98a6b2a991,OFFLINE_PAPERS_PROJECTION,,MUTE,mute_phone_download,,mute_phone_download,,,src_charge|src_hearing|src_mg_forms|src_parties|src_dates|src_continuity|papers_materials_19,3383,,HEARING_ISO | 2026-07-14T11:00:00.000Z || HEARING | 14 July 2026 12:00 || 2. MG5 case summaryincluded | unclear | 2. MG5 case summaryincluded
sha:748a52df47b51a25df2275aa2a55dc5bcaef2af83b2293667246ce9ca1d89ba8,PDF-748a52df47b5,CB-TB-877_Ahmed,748a52df47b51a25df2275aa2a55dc5bcaef2af83b2293667246ce9ca1d89ba8,OFFLINE_PAPERS_PROJECTION,,MUTE,mute_cctv_master,,mute_cctv_master,,,src_charge|src_hearing|src_mg_forms|src_id_procedure|src_parties|src_dates|src_cctv|src_continuity|papers_materials_20,5177,,"HEARING_ISO | 2026-08-01T09:00:00.000Z || HEARING | 01 August 2026 at 10:00 || CHARGE | Theft, contrary to s.1 Theft Act 1968"
sha:751c46f16cc4bc8a112ac42d4e55cf4e71e876dd1ba051c0e35e349ca7c0f9fd,PDF-751c46f16cc4,CB-TB-572_Patel,751c46f16cc4bc8a112ac42d4e55cf4e71e876dd1ba051c0e35e349ca7c0f9fd,OFFLINE_PAPERS_PROJECTION,,MODALITY,modality_summary_vs_recording,,,modality_summary_vs_recording,,src_charge|src_hearing|src_mg_forms|src_parties|src_dates|src_cctv|src_continuity|papers_materials_38,8532,,"HEARING_ISO | 2026-06-24T09:00:00.000Z || HEARING | 24 June 2026 10:00 || CHARGE | Possession of a controlled drug of Class A with intent to supply, contrary to section 5(3) Misuse of Drugs Act 1971"
sha:7632e7c958b62df9a1a6f413df0e1c794c47914bb5c10b1cef47e42b2f4b062c,PDF-7632e7c958b6,CB-TB-2080_Walsh,7632e7c958b62df9a1a6f413df0e1c794c47914bb5c10b1cef47e42b2f4b062c,OFFLINE_PAPERS_PROJECTION,,MUTE,mute_phone_download,,mute_phone_download,,,src_charge|src_hearing|src_mg_forms|src_parties|src_dates|src_cctv|src_continuity|papers_materials_22,5213,,"HEARING_ISO | 2026-06-28T09:00:00.000Z || HEARING | 28 June 2026 at 10:00 || CHARGE | Possession of a controlled drug of Class A with intent to supply, contrary to section 5(3) Misuse of Drugs Act"
sha:76a23242e8aa56c209108146e9b4ebda94ecb25c9496cf60adc27f75c60395b6,PDF-76a23242e8aa,CB-TB-1958_Rourke,76a23242e8aa56c209108146e9b4ebda94ecb25c9496cf60adc27f75c60395b6,OFFLINE_PAPERS_PROJECTION,,MUTE,mute_phone_download,,mute_phone_download,,,src_charge|src_hearing|src_mg_forms|src_parties|src_dates|src_cctv|src_continuity|papers_materials_27,7398,,"HEARING_ISO | 2026-06-28T10:30:00.000Z || HEARING | 28 June 2026 11:30 || CHARGE | Burglary of a dwelling, contrary to section 9 of the Theft Act 1968"
sha:76e38ed4d7c88b44563483f88cb2f1976e1c6d9460d3f82126209dacd31f5f9f,PDF-76e38ed4d7c8,CB-TB-535_Rees,76e38ed4d7c88b44563483f88cb2f1976e1c6d9460d3f82126209dacd31f5f9f,OFFLINE_PAPERS_PROJECTION,,MODALITY,modality_summary_vs_recording,,,modality_summary_vs_recording,,src_charge|src_hearing|src_mg_forms|src_parties|src_dates|src_continuity|papers_materials_37,8338,,"HEARING_ISO | 2026-06-28T09:30:00.000Z || HEARING | 28 June 2026 10:30 || CHARGE | Having an offensive weapon, contrary to s.1(1) Prevention of Crime Act 1953"
sha:772d043564bd012de07d36461ec5ef5c2a3e8315d05419d028817da88f708c35,PDF-772d043564bd,CB-TB-1242_Blake,772d043564bd012de07d36461ec5ef5c2a3e8315d05419d028817da88f708c35,OFFLINE_PAPERS_PROJECTION,,MUTE,mute_phone_download,,mute_phone_download,,,src_charge|src_hearing|src_mg_forms|src_parties|src_dates|src_cctv|papers_materials_19,4296,,"HEARING_ISO | 2026-08-05T09:00:00.000Z || HEARING | 05/08/2026 10:00 || CHARGE | Robbery, contrary to s.8 Theft Act 1968"
sha:772ead55442ef44be6982d2baeb1c033a5f344fa6a020667779e5e7003c9e145,PDF-772ead55442e,CB-TB-609_Thornton,772ead55442ef44be6982d2baeb1c033a5f344fa6a020667779e5e7003c9e145,OFFLINE_PAPERS_PROJECTION,,MUTE,mute_phone_download,,mute_phone_download,,,src_charge|src_hearing|src_mg_forms|src_parties|src_dates|src_cctv|src_continuity|papers_materials_36,6644,,"HEARING_ISO | 2026-07-13T09:30:00.000Z || HEARING | 13 July 2026 at 10:30 || CHARGE | Wounding with intent to cause grievous bodily harm, s.18 OAPA 1861"
sha:774cfc85a370a2bac1b38a800738493037da77728bc6e6051dae077ec853d75f,PDF-774cfc85a370,CB-TB-1018_Dawson,774cfc85a370a2bac1b38a800738493037da77728bc6e6051dae077ec853d75f,OFFLINE_PAPERS_PROJECTION,,MUTE,mute_phone_download,,mute_phone_download,,,src_charge|src_hearing|src_mg_forms|src_parties|src_dates|src_cctv|papers_materials_34,5600,,"HEARING_ISO | 2026-08-09T09:00:00.000Z || HEARING | 09 August 2026 at 10:00 || CHARGE | Robbery, contrary to s.8 Theft Act 1968"
sha:7874ccdd6d020f1287a3816d911121b9cdfff3953fb01ed4cd0bab7b490c1010,PDF-7874ccdd6d02,CB-TB-756_Patterson,7874ccdd6d020f1287a3816d911121b9cdfff3953fb01ed4cd0bab7b490c1010,OFFLINE_PAPERS_PROJECTION,,MUTE,mute_phone_download,,mute_phone_download,,,src_charge|src_hearing|src_mg_forms|src_parties|src_dates|src_cctv|papers_materials_13,3602,,"HEARING_ISO | 2026-07-04T08:30:00.000Z || HEARING | 04 July 2026 at 09:30 || CHARGE | Driving a motor vehicle with alcohol concentration above the prescribed limit, contrary to section 5(1)(a) of the Road Traffic Act 1988"
sha:78a0d1c4846e1912c50698ba474cd19e3f183596c8cf4db8322fe88125411336,PDF-78a0d1c4846e,CB-TB-1382_Holt,78a0d1c4846e1912c50698ba474cd19e3f183596c8cf4db8322fe88125411336,OFFLINE_PAPERS_PROJECTION,,MUTE,mute_phone_download,,mute_phone_download,,,src_charge|src_hearing|src_mg_forms|src_id_procedure|src_parties|src_dates|src_cctv|src_continuity|papers_materials_38,8211,,"HEARING_ISO | 2026-08-06T08:30:00.000Z || HEARING | 06 August 2026 at 09:30 || CHARGE | Being concerned in the supply of a controlled drug of Class A, contrary to section 4(3)(b) of the Misuse of Drugs"
sha:79849120f31c9ebbca4814387180a93cccdd952c5c5f0b4cdca86faab93dba5e,PDF-79849120f31c,CB-TB-566_Morgan,79849120f31c9ebbca4814387180a93cccdd952c5c5f0b4cdca86faab93dba5e,OFFLINE_PAPERS_PROJECTION,,MODALITY,modality_summary_vs_recording,,,modality_summary_vs_recording,,src_charge|src_hearing|src_mg_forms|src_parties|src_dates|src_continuity|papers_materials_30,3637,,"HEARING_ISO | 2026-08-24T08:30:00.000Z || HEARING | 24 August 2026 09:30 || CHARGE | Burglary, contrary to section 9 Theft Act 1968"
sha:79f44f24d634cd2f95c0f7196a2b30f7f3f39dd268be98e28ef4ecbe617a8dbc,PDF-79f44f24d634,CB-TB-1928_Stone,79f44f24d634cd2f95c0f7196a2b30f7f3f39dd268be98e28ef4ecbe617a8dbc,OFFLINE_PAPERS_PROJECTION,,MUTE,mute_phone_download,,mute_phone_download,,,src_charge|src_hearing|src_mg_forms|src_parties|src_dates|src_cctv|src_continuity|papers_materials_16,3518,,"HEARING_ISO | 2026-09-18T09:00:00.000Z || HEARING | 18 September 2026 10:00 || CHARGE | Possession of a controlled drug of Class B, contrary to section 5(2) of the Misuse of Drugs"
sha:79cf2d0474372361879405ea9cce01113ff77098a4013408d7b6f7dbc3b3ae54,PDF-79cf2d047437,CB-TB-649_Bennett,79cf2d0474372361879405ea9cce01113ff77098a4013408d7b6f7dbc3b3ae54,OFFLINE_PAPERS_PROJECTION,,MUTE,mute_phone_download,,mute_phone_download,,,src_charge|src_hearing|src_mg_forms|src_parties|src_dates|src_cctv|src_cctv_stills|src_continuity|papers_materials_34,7788,,"HEARING_ISO | 2026-08-27T09:30:00.000Z || HEARING | 27 August 2026 at 10:30 || CHARGE | Possessing criminal property, contrary to section 329 of the Proceeds of Crime Act 2002"
sha:7a4d2ab488e9427b7d082f58442da26d50b3be9a4b5aacdc509de1e61536fa35,PDF-7a4d2ab488e9,CB-TB-567_Ali,7a4d2ab488e9427b7d082f58442da26d50b3be9a4b5aacdc509de1e61536fa35,OFFLINE_PAPERS_PROJECTION,,MODALITY,modality_summary_vs_recording,,,modality_summary_vs_recording,,src_charge|src_hearing|src_mg_forms|src_parties|src_dates|src_cctv|src_continuity|papers_materials_29,3279,,"HEARING_ISO | 2026-07-22T09:30:00.000Z || HEARING | 22 July 2026 10:30 || CHARGE | Possession of a controlled drug of Class A with intent to supply, contrary to section 5(3) Misuse of Drugs Act 1971"
sha:7a9c9de7ddfe52e318f5cd5811c851c3b78e8b3d274d916821eac0c68b7ea988,PDF-7a9c9de7ddfe,CB-TB-831_Reed,7a9c9de7ddfe52e318f5cd5811c851c3b78e8b3d274d916821eac0c68b7ea988,OFFLINE_PAPERS_PROJECTION,,MUTE,mute_cctv_master,,mute_cctv_master,,,src_charge|src_hearing|src_mg_forms|src_parties|src_cctv|src_continuity|papers_materials_16,3982,,"HEARING_ISO | 2026-08-15T08:30:00.000Z || HEARING | 15 August 2026 at 09:30 || CHARGE | Main charge Affray, contrary to section 3 of the Public Order Act 1986"
sha:7a47657993e764822cbe77f04beee9d1dec8ca040f85f532b941a91b6a14fbbd,PDF-7a47657993e7,CB-TB-1568_Marsh,7a47657993e764822cbe77f04beee9d1dec8ca040f85f532b941a91b6a14fbbd,OFFLINE_PAPERS_PROJECTION,,MUTE,mute_phone_download,,mute_phone_download,,,src_charge|src_hearing|src_mg_forms|src_parties|src_cctv|src_cctv_stills|src_continuity|papers_materials_29,7383,,"HEARING_ISO | 2026-08-15T11:00:00.000Z || HEARING | 15 August 2026 at 12:00 || CHARGE | Wounding with intent to cause grievous bodily harm, s.18 OAPA 1861"
sha:7adcaef8277eea07d914f891b61d900b5f3f1b8ee263e8396513c4c9e9e7ef0f,PDF-7adcaef8277e,CB-TB-657_Bennett,7adcaef8277eea07d914f891b61d900b5f3f1b8ee263e8396513c4c9e9e7ef0f,OFFLINE_PAPERS_PROJECTION,,MUTE,mute_phone_download,,mute_phone_download,,,src_charge|src_hearing|src_mg_forms|src_parties|src_dates|src_cctv|papers_materials_28,6465,,"HEARING_ISO | 2026-07-07T09:30:00.000Z || HEARING | 07 July 2026 at 10:30 || CHARGE | Driving a motor vehicle with alcohol concentration above the prescribed limit, contrary to section 5(1)(a) of the Road Traffic Act 1988"
sha:7b1ae74d5acc1a04cff5987d04a46c4a374bc24f136fb3e45a9904b3a1eedadb,PDF-7b1ae74d5acc,CB-TB-1826_Morris,7b1ae74d5acc1a04cff5987d04a46c4a374bc24f136fb3e45a9904b3a1eedadb,OFFLINE_PAPERS_PROJECTION,,MUTE,mute_phone_download,,mute_phone_download,,,src_charge|src_hearing|src_mg_forms|src_parties|papers_materials_20,4770,,"HEARING_ISO | 2026-06-20T09:30:00.000Z || HEARING | 20 June 2026 at 10:30 || CHARGE | Driving with excess alcohol, contrary to section 5 of the Road Traffic Act 1988"
sha:7bb3147c9a7a63c0558b3a8253245b2bd7d23beaf3a7de6f721fca77d545ec99,PDF-7bb3147c9a7a,CB-TB-176_Sutton,7bb3147c9a7a63c0558b3a8253245b2bd7d23beaf3a7de6f721fca77d545ec99,OFFLINE_PAPERS_PROJECTION,,MODALITY,modality_summary_vs_recording,,,modality_summary_vs_recording,,src_charge|src_hearing|src_mg_forms|src_parties|src_cctv|src_continuity|papers_materials_21,5192,,HEARING_ISO | 2026-06-26T13:00:00.000Z || HEARING | 26 June 2026 at 14:00 || CHARGE | Concerned in supply
sha:7bef225ecd707d9595c0a703412fc19e3d0f1fab117a5b53d8e19a4d38790840,PDF-7bef225ecd70,CB-TB-1771_Slater,7bef225ecd707d9595c0a703412fc19e3d0f1fab117a5b53d8e19a4d38790840,OFFLINE_PAPERS_PROJECTION,,MUTE,mute_phone_download,,mute_phone_download,,,src_charge|src_hearing|src_mg_forms|src_parties|src_cctv|src_continuity|papers_materials_33,6518,,"HEARING_ISO | 2026-08-19T10:00:00.000Z || HEARING | 19 August 2026 at 11:00 || CHARGE | Theft, contrary to s.1 Theft Act 1968"
sha:7b2eb03666d0c1693f4bace17be1ebb01b6dfd37cab8f65b2ece8b8e30b5016f,PDF-7b2eb03666d0,CB-TB-1870_Wardle,7b2eb03666d0c1693f4bace17be1ebb01b6dfd37cab8f65b2ece8b8e30b5016f,OFFLINE_PAPERS_PROJECTION,,MUTE,mute_phone_download,,mute_phone_download,,,src_charge|src_hearing|src_mg_forms|src_parties|papers_materials_34,6946,,"HEARING_ISO | 2026-08-16T08:30:00.000Z || HEARING | 16 August 2026 at 09:30 || CHARGE | Theft, contrary to s.1 Theft Act 1968"
sha:7c0e46f69ad9e12915c64adaa3c2ab6c77d00d212ae528234af2851aba7951d3,PDF-7c0e46f69ad9,CB-TB-502_Marsh,7c0e46f69ad9e12915c64adaa3c2ab6c77d00d212ae528234af2851aba7951d3,OFFLINE_PAPERS_PROJECTION,,MODALITY,modality_summary_vs_recording,,,modality_summary_vs_recording,,src_charge|src_hearing|src_mg_forms|src_parties|src_dates|src_continuity|papers_materials_34,4575,,"HEARING_ISO | 2026-07-21T10:15:00.000Z || HEARING | 21 July 2026 11:15 || CHARGE | Possession of a controlled drug of Class B, contrary to section 5(2) Misuse of Drugs Act 1971"
sha:7c0482b064c447d59fdf93ea23a04183db384641dee97ca324c0b141375087aa,PDF-7c0482b064c4,CB-TB-802_Thornton,7c0482b064c447d59fdf93ea23a04183db384641dee97ca324c0b141375087aa,OFFLINE_PAPERS_PROJECTION,,MUTE,mute_cctv_master,,mute_cctv_master,,,src_charge|src_hearing|src_mg_forms|src_parties|src_dates|src_cctv|src_continuity|papers_materials_21,5053,,"HEARING_ISO | 2026-08-04T09:00:00.000Z || HEARING | 04 August 2026 at 10:00 || CHARGE | Unlawful wounding, contrary to section 20 of the Offences Against the Person Act"
sha:7c24de3637ce9affa3043c582a772a1be1660b08cbb6f7d87fb379e46a9540c8,PDF-7c24de3637ce,CB-TB-1126_Vale,7c24de3637ce9affa3043c582a772a1be1660b08cbb6f7d87fb379e46a9540c8,OFFLINE_PAPERS_PROJECTION,,MUTE,mute_phone_download,,mute_phone_download,,,src_charge|src_hearing|src_mg_forms|src_id_procedure|src_parties|src_dates|src_cctv|src_continuity|papers_materials_35,9444,,"HEARING_ISO | 2026-07-02T08:30:00.000Z || HEARING | 02 July 2026 at 09:30 || CHARGE | Dangerous driving, contrary to section 2 Road Traffic Act 1988"
sha:7db1d019380c1f5b121fb0828d6c60e38f5e5b1dcdebcb0e1c402c7a15425d9b,PDF-7db1d019380c,CB-TB-1935_Denton,7db1d019380c1f5b121fb0828d6c60e38f5e5b1dcdebcb0e1c402c7a15425d9b,OFFLINE_PAPERS_PROJECTION,,MUTE,mute_phone_download,,mute_phone_download,,,src_charge|src_hearing|src_mg_forms|src_parties|src_dates|src_cctv|papers_materials_22,5576,,"HEARING_ISO | 2026-07-01T08:45:00.000Z || HEARING | 01 July 2026 09:45 || CHARGE | Dangerous driving, contrary to section 2 Road Traffic Act 1988"
sha:7e8b72bfd96342c655422b1936496dae700e5ac972290573859843042c6448ad,PDF-7e8b72bfd963,CB-TB-531_Marsh,7e8b72bfd96342c655422b1936496dae700e5ac972290573859843042c6448ad,OFFLINE_PAPERS_PROJECTION,,MODALITY,modality_summary_vs_recording,,mute_phone_download,modality_summary_vs_recording,,src_charge|src_hearing|src_mg_forms|src_parties|src_dates|src_continuity|papers_materials_31,4179,,HEARING_ISO | 2026-07-20T08:30:00.000Z || HEARING | 20 July 2026 09:30 || CHARGE | contrary to section 1 Assaults on Emergency Workers (Offences) Act 2018
sha:7e77991436b29781cea27327a47427e75fdfc939b2ab60c3ded939c488694dcd,PDF-7e77991436b2,CB-TB-613_Morgan,7e77991436b29781cea27327a47427e75fdfc939b2ab60c3ded939c488694dcd,OFFLINE_PAPERS_PROJECTION,,MUTE,mute_phone_download,,mute_phone_download,,,src_charge|src_hearing|src_mg_forms|src_parties|src_dates|src_cctv|src_continuity|papers_materials_40,8971,,"HEARING_ISO | 2026-07-25T09:30:00.000Z || HEARING | 25 July 2026 at 10:30 || CHARGE | Assault occasioning actual bodily harm, s.47 OAPA 1861"
sha:7e493f20fa8e465d92262fd13c1569e29ebec8f075f475e1428ac0bf439b66f1,PDF-7e493f20fa8e,CB-TB-1611_Doyle,7e493f20fa8e465d92262fd13c1569e29ebec8f075f475e1428ac0bf439b66f1,OFFLINE_PAPERS_PROJECTION,,MUTE,mute_cad_999,,mute_cad_999,,,src_charge|src_hearing|src_mg_forms|src_parties|src_dates|src_cctv|src_continuity|papers_materials_24,12565,,"HEARING_ISO | 2026-06-21T12:30:00.000Z || HEARING | 21 June 2026 at 13:30 || CHARGE | Wounding with intent to cause grievous bodily harm, s.18 OAPA 1861"
sha:7faeee59699199ba0febb7b3e24dd0f9c6bf3cbfb4ea3d75cd98d681c75d11d8,PDF-7faeee596991,CB-TB-532_Clarke,7faeee59699199ba0febb7b3e24dd0f9c6bf3cbfb4ea3d75cd98d681c75d11d8,OFFLINE_PAPERS_PROJECTION,,MODALITY,modality_summary_vs_recording,,,modality_summary_vs_recording,,src_charge|src_hearing|src_mg_forms|src_parties|src_dates|src_continuity|papers_materials_35,5521,,"HEARING_ISO | 2026-07-28T09:30:00.000Z || HEARING | 28 July 2026 10:30 || CHARGE | Having an offensive weapon, contrary to s.1(1) Prevention of Crime Act 1953"
sha:8097bb58682edda525039a71f6d3a532f727e21076da1e33ea0226763ad5acf3,PDF-8097bb58682e,CB-TB-747_Foster,8097bb58682edda525039a71f6d3a532f727e21076da1e33ea0226763ad5acf3,OFFLINE_PAPERS_PROJECTION,,MUTE,mute_phone_download,,mute_phone_download,,,src_charge|src_hearing|src_mg_forms|src_parties|src_dates|src_cctv|src_cctv_stills|papers_materials_40,8526,,"HEARING_ISO | 2026-08-21T11:30:00.000Z || HEARING | 21 August 2026 at 12:30 || CHARGE | Fraud by false representation, s.2 Fraud Act 2006"
sha:81115ceb347a7a13a7e2b8366d2a0f83a043e64d484bed0b1fd3afbf38864df3,PDF-81115ceb347a,CB-TB-731_Ross,81115ceb347a7a13a7e2b8366d2a0f83a043e64d484bed0b1fd3afbf38864df3,OFFLINE_PAPERS_PROJECTION,,MUTE,mute_phone_download,,mute_phone_download,,,src_charge|src_hearing|src_mg_forms|src_parties|src_dates|src_cctv|src_cctv_stills|src_continuity|papers_materials_40,8210,,"HEARING_ISO | 2026-07-04T11:30:00.000Z || HEARING | 04 July 2026 at 12:30 || CHARGE | Possession of a controlled drug of Class B, namely cannabis, contrary to section 5(2) of the Misuse of Drugs Act 1971"
sha:815753c601ff98b89ebb5cd917ed4b3fc5e2f78418831eb920d0c7fb716e6253,PDF-815753c601ff,CB-TB-147_Dacre,815753c601ff98b89ebb5cd917ed4b3fc5e2f78418831eb920d0c7fb716e6253,OFFLINE_PAPERS_PROJECTION,,MUTE,mute_phone_download,,mute_phone_download,,,src_charge|src_hearing|src_mg_forms|src_parties|src_cctv|src_continuity|papers_materials_32,13608,,"HEARING_ISO | 2026-08-26T09:30:00.000Z || HEARING | 26 August 2026 at 10:30 || CHARGE | Possession of a controlled drug of Class A with intent to supply, namely heroin, contrary to section 5(3) Misuse of Drugs Act 1971"
sha:81bd9267c1761bcce875275a99da6ef70f2132b968a3eec43aa838de85ff90a6,PDF-81bd9267c176,CB-TB-901_Wright,81bd9267c1761bcce875275a99da6ef70f2132b968a3eec43aa838de85ff90a6,OFFLINE_PAPERS_PROJECTION,,MUTE,mute_phone_download,,mute_phone_download,,,src_charge|src_hearing|src_mg_forms|src_parties|src_cctv|papers_materials_19,4100,,"HEARING_ISO | 2026-06-22T08:15:00.000Z || HEARING | 22/06/2026 09:15 || CHARGE | Robbery, contrary to s.8 Theft Act 1968"
sha:826214b1715c4c197836dcece7d00ec11cf4c6c65f6ebaf2cd1ffa5c9d5eb63a,PDF-826214b1715c,CB-TB-1185_Ahmed,826214b1715c4c197836dcece7d00ec11cf4c6c65f6ebaf2cd1ffa5c9d5eb63a,OFFLINE_PAPERS_PROJECTION,,MUTE,mute_phone_download,,mute_phone_download,,,src_charge|src_hearing|src_mg_forms|src_id_procedure|src_parties|src_dates|src_cctv|src_continuity|papers_materials_40,14255,,"HEARING_ISO | 2026-06-24T08:30:00.000Z || HEARING | 24 June 2026 at 09:30 || CHARGE | Driving with alcohol concentration above the prescribed limit, contrary to section 5 of the Road Traffic Act 1988"
sha:83bf4b8ce0be8e52b2813e2bf3b657ae495aaeef9736970969b4f05c2f833b24,PDF-83bf4b8ce0be,CB-TB-1259_Okonkwo,83bf4b8ce0be8e52b2813e2bf3b657ae495aaeef9736970969b4f05c2f833b24,OFFLINE_PAPERS_PROJECTION,,MUTE,mute_phone_download,,mute_phone_download,,,src_charge|src_hearing|src_mg_forms|src_parties|src_dates|src_cctv|src_cctv_stills|src_continuity|papers_materials_19,4110,,"HEARING_ISO | 2026-07-12T08:30:00.000Z || HEARING | 12/07/2026 09:30 || CHARGE | Wounding with intent to cause grievous bodily harm, s.18 OAPA 1861"
sha:82e20c83bf1917f3f207a5cf669d1096560042dc5b621b4d7c50f25d9e194d46,PDF-82e20c83bf19,CB-TB-1090_Richards,82e20c83bf1917f3f207a5cf669d1096560042dc5b621b4d7c50f25d9e194d46,OFFLINE_PAPERS_PROJECTION,,MUTE,mute_phone_download,,mute_phone_download,,,src_charge|src_hearing|src_mg_forms|src_parties|src_dates|src_cctv|src_continuity|papers_materials_27,4999,,"HEARING_ISO | 2026-06-17T13:00:00.000Z || HEARING | 17 June 2026 at 14:00 || CHARGE | Possessing criminal property, contrary to section 329 Proceeds of Crime Act 2002"
sha:82daa9fa2434a0e65f575106a08e7d516391b83bc41d3a322aa1f556a62fe578,PDF-82daa9fa2434,CB-TB-410_Brennan,82daa9fa2434a0e65f575106a08e7d516391b83bc41d3a322aa1f556a62fe578,OFFLINE_PAPERS_PROJECTION,,MUTE,mute_phone_download,,mute_phone_download,,,src_charge|src_hearing|src_mg_forms|src_parties|src_cctv|src_continuity|papers_materials_26,4836,,"HEARING_ISO | 2026-07-03T10:00:00.000Z || HEARING | 3 July 2026 at 11:00 || CHARGE | Assault by beating, contrary to section 39 Criminal Justice Act 1988"
sha:83ae1673c72c7112a452d1d014b869010997879e106241f2f0d6a066817bb94a,PDF-83ae1673c72c,CB-TB-1964_Hayes,83ae1673c72c7112a452d1d014b869010997879e106241f2f0d6a066817bb94a,OFFLINE_PAPERS_PROJECTION,,MUTE,mute_phone_download,,mute_phone_download,,,src_charge|src_hearing|src_mg_forms|src_parties|src_dates|src_cctv|src_continuity|papers_materials_36,13683,,"HEARING_ISO | 2026-07-30T09:15:00.000Z || HEARING | 30 July 2026 10:15 || CHARGE | Burglary of a dwelling, contrary to section 9 of the Theft Act 1968"
sha:84502f33d18c30d5ff8a58dedc618e7acdff0e334a32ad3545c3efcf90236ece,PDF-84502f33d18c,CB-TB-1201_Blake,84502f33d18c30d5ff8a58dedc618e7acdff0e334a32ad3545c3efcf90236ece,OFFLINE_PAPERS_PROJECTION,,MUTE,mute_phone_download,,mute_phone_download,,,src_charge|src_hearing|src_mg_forms|src_parties|src_dates|src_cctv|src_continuity|papers_materials_13,3245,,"HEARING_ISO | 2026-06-18T08:30:00.000Z || HEARING | 18/06/2026 09:30 || CHARGE | Robbery, contrary to s.8 Theft Act 1968"
sha:8627c8afbc21c744d94fe6daa90529a49ca1d46c4dc60a32763b8cb032ec3e50,PDF-8627c8afbc21,CB-TB-686_Flint,8627c8afbc21c744d94fe6daa90529a49ca1d46c4dc60a32763b8cb032ec3e50,OFFLINE_PAPERS_PROJECTION,,MUTE,mute_phone_download,,mute_phone_download,,,src_charge|src_hearing|src_mg_forms|src_parties|src_dates|src_cctv|src_cctv_stills|src_continuity|papers_materials_40,9505,,"HEARING_ISO | 2026-07-19T10:30:00.000Z || HEARING | 19 July 2026 at 11:30 || CHARGE | Robbery, contrary to s.8 Theft Act 1968"
sha:8543af0695dbb023c9e2c1f730861ea597f91a6d82e600e6769ed33b5932ea71,PDF-8543af0695db,CB-TB-897_Shaw,8543af0695dbb023c9e2c1f730861ea597f91a6d82e600e6769ed33b5932ea71,OFFLINE_PAPERS_PROJECTION,,MUTE,mute_phone_download,,mute_phone_download,,,src_charge|src_hearing|src_mg_forms|src_id_procedure|src_dates|src_cctv|papers_materials_17,6364,,"HEARING_ISO | 2026-07-16T09:00:00.000Z || HEARING | 16 July 2026 at 10:00 || CHARGE | Possession with intent to supply cocaine, a controlled drug of Class A, contrary to section 5(3) of the Misuse of Drugs Act 1971"
sha:8528e85021b0d3401ccea34d4b5d806099c3b22c9ef8814a7c28d4a35365089f,PDF-8528e85021b0,CB-TB-807_Morgan,8528e85021b0d3401ccea34d4b5d806099c3b22c9ef8814a7c28d4a35365089f,OFFLINE_PAPERS_PROJECTION,,MUTE,mute_phone_download,,mute_phone_download,,,src_charge|src_hearing|src_mg_forms|src_dates|src_continuity|papers_materials_17,7700,,"HEARING_ISO | 2026-08-19T09:00:00.000Z || HEARING | 19 August 2026 at 10:00 || CHARGE | Possession with intent to supply cocaine, a controlled drug of Class A, contrary to section 5(3) of the Misuse of Drugs Act 1971"
sha:864bf8f3dd7c1e04ad04aa306999f298470daf93daafd535028ae149dfc06b46,PDF-864bf8f3dd7c,CB-TB-1025_Merritt,864bf8f3dd7c1e04ad04aa306999f298470daf93daafd535028ae149dfc06b46,OFFLINE_PAPERS_PROJECTION,,MUTE,mute_phone_download,,mute_phone_download,,,src_charge|src_hearing|src_mg_forms|src_parties|src_dates|src_cctv|papers_materials_33,5818,,"HEARING_ISO | 2026-06-24T10:15:00.000Z || HEARING | 24 June 2026 at 11:15 || CHARGE | Unlawful wounding, contrary to section 20 Offences Against the Person Act 1861"
sha:875cda73820193ffa79552abf8d9fc2e9bf5e75ffe577c1c93080efb66783ec2,PDF-875cda738201,CB-TB-1987_Marsh,875cda73820193ffa79552abf8d9fc2e9bf5e75ffe577c1c93080efb66783ec2,OFFLINE_PAPERS_PROJECTION,,MUTE,mute_phone_download,,mute_phone_download,,,src_charge|src_hearing|src_mg_forms|src_parties|src_dates|src_cctv|src_continuity|papers_materials_35,9691,,"HEARING_ISO | 2026-07-10T09:15:00.000Z || HEARING | 10 July 2026 10:15 || CHARGE | Possessing criminal property, contrary to section 329 of the"
sha:873176ea117b42b034cf98c9f6d2933433883438368945a50d6b196d30f90776,PDF-873176ea117b,CB-TB-269_Bishop,873176ea117b42b034cf98c9f6d2933433883438368945a50d6b196d30f90776,OFFLINE_PAPERS_PROJECTION,,MUTE,mute_phone_download,,mute_phone_download,,,src_charge|src_hearing|src_mg_forms|src_parties|src_dates|src_continuity|papers_materials_28,13208,,"HEARING_ISO | 2026-08-06T10:15:00.000Z || HEARING | 06 August 2026 at 11:15 || CHARGE | Possession of a Class B controlled drug with intent to supply, contrary to section 5(3) of the Misuse of Drugs Act 1971"
sha:87a67160f46847403c3e2235165dfd3859f15f79db1c406852e7a5233743b9fd,PDF-87a67160f468,CB-TB-584_Coleman,87a67160f46847403c3e2235165dfd3859f15f79db1c406852e7a5233743b9fd,OFFLINE_PAPERS_PROJECTION,,MODALITY,modality_summary_vs_recording,,,modality_summary_vs_recording,,src_charge|src_hearing|src_mg_forms|src_parties|src_dates|src_continuity|papers_materials_33,4408,,"HEARING_ISO | 2026-07-18T08:30:00.000Z || HEARING | 18 July 2026 09:30 || CHARGE | Affray, contrary to section 3 Public Order Act 1986"
sha:87a423af6f6ba022480ffeafedaabaeba92bc23d40691604d7ec57bea2a2dfa7,PDF-87a423af6f6b,CB-TB-689_Thornton,87a423af6f6ba022480ffeafedaabaeba92bc23d40691604d7ec57bea2a2dfa7,OFFLINE_PAPERS_PROJECTION,,MUTE,mute_export_log,,mute_export_log,,,src_charge|src_hearing|src_mg_forms|src_parties|src_dates|src_cctv|src_cctv_stills|src_continuity|papers_materials_40,8972,,"HEARING_ISO | 2026-07-28T09:30:00.000Z || HEARING | 28 July 2026 at 10:30 || CHARGE | Robbery, contrary to s.8 Theft Act 1968"
sha:880c210d92f2a61a79c0c2019339ca056fce0471b06e92e27f419bbc1c027448,PDF-880c210d92f2,CB-TB-197_Cole,880c210d92f2a61a79c0c2019339ca056fce0471b06e92e27f419bbc1c027448,OFFLINE_PAPERS_PROJECTION,,MUTE,mute_cad_999,,mute_cad_999,,,src_charge|src_hearing|src_mg_forms|src_parties|src_cctv|src_continuity|papers_materials_31,7989,,"HEARING_ISO | 2026-08-28T08:30:00.000Z || HEARING | 28 August 2026 at 09:30 || CHARGE | Assault by beating of an emergency worker, contrary to section 1 Assaults on Emergency"
sha:88acb2c0a64f46a2aedae561c8afa2dced3ceb3495469327f5f93adda0a86ceb,PDF-88acb2c0a64f,CB-TB-449_Ahmed,88acb2c0a64f46a2aedae561c8afa2dced3ceb3495469327f5f93adda0a86ceb,OFFLINE_PAPERS_PROJECTION,,MUTE,mute_phone_download,,mute_phone_download,,,src_charge|src_hearing|src_mg_forms|src_parties|src_cctv|src_continuity|papers_materials_19,4044,,"HEARING_ISO | 2026-07-09T10:00:00.000Z || HEARING | 9 July 2026 at 11:00 || CHARGE | Primary charge:Driving with a specified controlled drug above the specified limit, contrary to section 5A Road Traffic"
sha:8951769c4c70522f713281d69773c212f78f01878c1b1d7de85596f76c9ce701,PDF-8951769c4c70,CB-TB-1173_Kent,8951769c4c70522f713281d69773c212f78f01878c1b1d7de85596f76c9ce701,OFFLINE_PAPERS_PROJECTION,,MUTE,mute_phone_download,,mute_phone_download,,,src_charge|src_hearing|src_mg_forms|src_parties|src_dates|src_cctv|src_continuity|papers_materials_21,5827,,"HEARING_ISO | 2026-08-21T09:30:00.000Z || HEARING | 21 August 2026 at 10:30 || CHARGE | Dangerous driving, contrary to section 2 Road Traffic Act 1988"
sha:89407a6e28fdc3f4a077197b6f9b4612445c68fe68bbb28a20cda159ec40657a,PDF-89407a6e28fd,CB-TB-1163_Ash,89407a6e28fdc3f4a077197b6f9b4612445c68fe68bbb28a20cda159ec40657a,OFFLINE_PAPERS_PROJECTION,,MUTE,mute_phone_download,,mute_phone_download,,,src_charge|src_hearing|src_mg_forms|src_id_procedure|src_parties|src_dates|src_cctv|src_continuity|papers_materials_32,10090,,HEARING_ISO | 2026-07-18T09:30:00.000Z || HEARING | 18 July 2026 at 10:30 || CHARGE | Doing an act tending and intended to pervert the course of public justice
sha:89991d3b875c900b17f559322bbcabaafd91210a51ecb1854cf08327258c90db,PDF-89991d3b875c,CB-TB-593_Flint,89991d3b875c900b17f559322bbcabaafd91210a51ecb1854cf08327258c90db,OFFLINE_PAPERS_PROJECTION,,MODALITY,modality_summary_vs_recording,,,modality_summary_vs_recording,,src_charge|src_hearing|src_mg_forms|src_parties|src_dates|src_continuity|papers_materials_28,3306,,HEARING_ISO | 2026-06-26T09:00:00.000Z || HEARING | 26 June 2026 10:00 || CHARGE | Doing an act tending and intended to pervert the course of public justice
sha:8a0a2dc43c4a2a15b11732a88945e28b53a0891ceb11b713ad22077d4931ee0d,PDF-8a0a2dc43c4a,CB-TB-179_Hughes,8a0a2dc43c4a2a15b11732a88945e28b53a0891ceb11b713ad22077d4931ee0d,OFFLINE_PAPERS_PROJECTION,,MUTE,mute_cad_999,,mute_cad_999,,,src_charge|src_hearing|src_mg_forms|src_parties|src_cctv|src_continuity|papers_materials_29,8110,,"HEARING_ISO | 2026-07-05T09:15:00.000Z || HEARING | 05 July 2026 at 10:15 || CHARGE | Assault occasioning actual bodily harm, s.47"
sha:8a56c7f16dee804b16d1e38d14cb64e4abb4458a9f75638f4d46d2c850a5d485,PDF-8a56c7f16dee,CB-TB-494_Carter,8a56c7f16dee804b16d1e38d14cb64e4abb4458a9f75638f4d46d2c850a5d485,OFFLINE_PAPERS_PROJECTION,,MUTE,mute_phone_download,,mute_phone_download,,,src_charge|src_hearing|src_mg_forms|src_parties|src_cctv|src_continuity|papers_materials_16,3533,,"HEARING_ISO | 2026-07-27T13:00:00.000Z || HEARING | 27 July 2026 at 14:00 || CHARGE | Handling stolen goods, contrary to s.22 Theft Act 1968"
sha:8ac9c75cd9e7cee5321e733d80785c62100f88f68d99aad177f8dd684e812bfa,PDF-8ac9c75cd9e7,CB-TB-581_Wright,8ac9c75cd9e7cee5321e733d80785c62100f88f68d99aad177f8dd684e812bfa,OFFLINE_PAPERS_PROJECTION,,MODALITY,modality_summary_vs_recording,,,modality_summary_vs_recording,,src_charge|src_hearing|src_mg_forms|src_parties|src_dates|src_continuity|papers_materials_37,7441,,HEARING_ISO | 2026-07-25T10:15:00.000Z || HEARING | 25 July 2026 11:15 || CHARGE | contrary to section 329 Proceeds of Crime Act 2002
sha:8ae65265f9707019f8bc37f90ead64865ea235f0d296b533201ebd64a13a78be,PDF-8ae65265f970,CB-TB-577_Turner,8ae65265f9707019f8bc37f90ead64865ea235f0d296b533201ebd64a13a78be,OFFLINE_PAPERS_PROJECTION,,MODALITY,modality_summary_vs_recording,,,modality_summary_vs_recording,,src_charge|src_hearing|src_mg_forms|src_parties|src_dates|src_continuity|papers_materials_40,7749,,"HEARING_ISO | 2026-08-17T10:15:00.000Z || HEARING | 17 August 2026 11:15 || CHARGE | Possessing criminal property, contrary to section 329 Proceeds of Crime Act 2002"
sha:8aea8e457f1b009d8bdef0c84b1ca22bfb96606e47349fe89f14a1c5c51629b9,PDF-8aea8e457f1b,CB-TB-1972_Iqbal,8aea8e457f1b009d8bdef0c84b1ca22bfb96606e47349fe89f14a1c5c51629b9,OFFLINE_PAPERS_PROJECTION,,MUTE,mute_phone_download,,mute_phone_download,,,src_charge|src_hearing|src_mg_forms|src_parties|src_dates|src_cctv|src_continuity|papers_materials_20,4995,,HEARING_ISO | 2026-07-11T09:00:00.000Z || HEARING | 11 July 2026 10:00 || Tab 1 Charge sheet / initial details | unclear | Tab 1 Charge sheet / initial details
sha:8b279800cf460f0fe174e5f3fcd0eaf65065acaab65f843e4daf5303b6b60a5a,PDF-8b279800cf46,CB-TB-1031_Dawson,8b279800cf460f0fe174e5f3fcd0eaf65065acaab65f843e4daf5303b6b60a5a,OFFLINE_PAPERS_PROJECTION,,MUTE,mute_phone_download,,mute_phone_download,,,src_charge|src_hearing|src_mg_forms|src_parties|src_dates|src_cctv|src_continuity|papers_materials_33,5906,,"HEARING_ISO | 2026-08-23T09:30:00.000Z || HEARING | 23 August 2026 at 10:30 || CHARGE | Dangerous driving, contrary to section 2 Road Traffic Act 1988"
sha:8c364bf0a1e81133fc5a8e276eb5ba8ded0b2fdcb8f6e00a0283c35d09a4ba70,PDF-8c364bf0a1e8,CB-TB-530_Thornton,8c364bf0a1e81133fc5a8e276eb5ba8ded0b2fdcb8f6e00a0283c35d09a4ba70,OFFLINE_PAPERS_PROJECTION,,MODALITY,modality_summary_vs_recording,,,modality_summary_vs_recording,,src_charge|src_hearing|src_mg_forms|src_parties|src_dates|src_cctv|src_continuity|papers_materials_34,4284,,"HEARING_ISO | 2026-08-28T09:00:00.000Z || HEARING | 28 August 2026 10:00 || CHARGE | Possession of a controlled drug of Class B, contrary to section 5(2) Misuse of Drugs Act 1971"
sha:8c06bb51d0fbd9a25e176db6ebbbc869754cb0db925178dcd6c7846ae69c1eb2,PDF-8c06bb51d0fb,CB-TB-1846_Quinn,8c06bb51d0fbd9a25e176db6ebbbc869754cb0db925178dcd6c7846ae69c1eb2,OFFLINE_PAPERS_PROJECTION,,MUTE,mute_phone_download,,mute_phone_download,,,src_charge|src_hearing|src_mg_forms|src_parties|papers_materials_34,8545,,"HEARING_ISO | 2026-08-19T13:00:00.000Z || HEARING | 19 August 2026 14:00 || CHARGE | Threatening behaviour, contrary to section 4 of the Public Order Act 1986"
sha:8d548ff944aa7bbcbe8590034157f0e7754b4c825195164d61fdb8e069712856,PDF-8d548ff944aa,CB-TB-382_Quinn,8d548ff944aa7bbcbe8590034157f0e7754b4c825195164d61fdb8e069712856,OFFLINE_PAPERS_PROJECTION,,MUTE,mute_phone_download,,mute_phone_download,,,src_charge|src_hearing|src_mg_forms|src_parties|src_dates|src_continuity|papers_materials_31,13198,,"HEARING_ISO | 2026-08-09T08:30:00.000Z || HEARING | 09 August 2026 at 09:30 || CHARGE | Intimidating a witness, contrary to section 51 of the Criminal Justice and Public Order Act 1994"
sha:8d49be4b204d78666cb20ca2b718f9f5b86e80f26545523d28b684978854f478,PDF-8d49be4b204d,CB-TB-1890_Glover,8d49be4b204d78666cb20ca2b718f9f5b86e80f26545523d28b684978854f478,OFFLINE_PAPERS_PROJECTION,,MUTE,mute_phone_download,,mute_phone_download,,,src_charge|src_hearing|src_mg_forms|src_parties|src_dates|src_continuity|papers_materials_37,7552,,HEARING_ISO | 2026-08-01T09:30:00.000Z || HEARING | 01 August 2026 10:30 || CHARGE | Entering into an arrangement contrary to section 328 of the Proceeds of Crime Act 2002
sha:8dcc58339a88b91413de9d53fc5ef51eb5ddd7285fca011beb51b461c965848d,PDF-8dcc58339a88,CB-TB-1957_Rourke,8dcc58339a88b91413de9d53fc5ef51eb5ddd7285fca011beb51b461c965848d,OFFLINE_PAPERS_PROJECTION,,MUTE,mute_phone_download,,mute_phone_download,,,src_charge|src_hearing|src_mg_forms|src_parties|src_dates|src_cctv|src_continuity|papers_materials_29,6506,,"HEARING_ISO | 2026-09-11T09:30:00.000Z || HEARING | 11 September 2026 10:30 || CHARGE | Affray, contrary to section 3 of the Public Order Act 1986"
sha:8de9b30821aa18246d7a62e1dadbb33ecc808989b8285e01d8b1c4e2ab19a556,PDF-8de9b30821aa,CB-TB-1393_Cole,8de9b30821aa18246d7a62e1dadbb33ecc808989b8285e01d8b1c4e2ab19a556,OFFLINE_PAPERS_PROJECTION,,MUTE,mute_phone_download,,mute_phone_download,,,src_charge|src_hearing|src_mg_forms|src_id_procedure|src_parties|src_dates|src_cctv|src_continuity|papers_materials_23,5475,,"HEARING_ISO | 2026-08-02T09:30:00.000Z || HEARING | 02 August 2026 at 10:30 || CHARGE | Burglary of a dwelling, contrary to section 9 of the Theft Act 1968"
sha:8de818b2df1486bd33760c47329b08515c9dc2680d688bc9a6ae2a0f798090c8,PDF-8de818b2df14,CB-TB-1007_Barker,8de818b2df1486bd33760c47329b08515c9dc2680d688bc9a6ae2a0f798090c8,OFFLINE_PAPERS_PROJECTION,,MUTE,mute_phone_download,,mute_phone_download,,,src_charge|src_hearing|src_mg_forms|src_parties|src_dates|src_cctv|src_cctv_stills|src_continuity|papers_materials_40,9195,,"HEARING_ISO | 2026-08-24T10:15:00.000Z || HEARING | 24 August 2026 at 11:15 || CHARGE | Possession with intent to supply cocaine, contrary to section 5(3) Misuse of Drugs Act 1971"
sha:8ed1750b48bbbfb98165753049e2c9d7fdd35a2135cd174bb209374c8cdc68cd,PDF-8ed1750b48bb,CB-TB-119_Khan,8ed1750b48bbbfb98165753049e2c9d7fdd35a2135cd174bb209374c8cdc68cd,OFFLINE_PAPERS_PROJECTION,,MODALITY,modality_summary_vs_recording,,,modality_summary_vs_recording,,src_charge|src_hearing|src_mg_forms|src_parties|src_cctv|src_continuity|papers_materials_37,9347,,HEARING_ISO | 2026-08-16T09:00:00.000Z || HEARING | 16 August 2026 at 10:00 || CHARGE | Perverting course
sha:8f429a1a414afbc259b00da3941da7ad33975415383439b540a09371994c1c29,PDF-8f429a1a414a,NS-CPS-2026-0435 - Copy (2),8f429a1a414afbc259b00da3941da7ad33975415383439b540a09371994c1c29,OFFLINE_PAPERS_PROJECTION,,MUTE,mute_cctv_master,,mute_cctv_master,,,src_charge|src_hearing|src_mg_forms|src_parties|src_dates|src_cctv|src_continuity|papers_materials_28,4675,,CHARGE | Public order s.4 + CD || Other party / key witness: TAYLOR PRICE (DOB 02/11/1990) | unclear | Other party / key witness: TAYLOR PRICE (DOB 02/11/1990) || Charge sheet extract | Below | unclear | Charge sheet extract | Below
sha:8f5e5650e4f480ff6d38d6468a7edabdee820d40e57d8793def50c3bb7f820c3,PDF-8f5e5650e4f4,CB-TB-278_Shaw,8f5e5650e4f480ff6d38d6468a7edabdee820d40e57d8793def50c3bb7f820c3,OFFLINE_PAPERS_PROJECTION,,MUTE,mute_phone_download,,mute_phone_download,,,src_charge|src_hearing|src_mg_forms|src_parties|src_dates|src_cctv|src_continuity|papers_materials_20,5951,,"HEARING_ISO | 2026-09-02T10:30:00.000Z || HEARING | 02 September 2026 at 11:30 || CHARGE | Fraud by abuse of position, contrary to section 4 of the Fraud Act 2006"
sha:8f4acb7741471fa13fd4696e632ce96f20a45bab9220a6f2843f5bd445f3fdf5,PDF-8f4acb774147,CB-TB-2104_Okonkwo,8f4acb7741471fa13fd4696e632ce96f20a45bab9220a6f2843f5bd445f3fdf5,OFFLINE_PAPERS_PROJECTION,,MUTE,mute_cad_999,,mute_cad_999,,,src_charge|src_hearing|src_mg_forms|src_parties|src_dates|src_cctv|src_continuity|papers_materials_25,8050,,"HEARING_ISO | 2026-06-30T09:00:00.000Z || HEARING | 30 June 2026 at 10:00 || CHARGE | Offence Using threatening or abusive words or behaviour, contrary to section 4 Public Order Act 1986"
sha:903b2a7f94d3121199a46dc8c13507c667f9c7c922ad3b74ef32caf81ee16345,PDF-903b2a7f94d3,CB-TB-1975_Rahman,903b2a7f94d3121199a46dc8c13507c667f9c7c922ad3b74ef32caf81ee16345,OFFLINE_PAPERS_PROJECTION,,MUTE,mute_phone_download,,mute_phone_download,,,src_charge|src_hearing|src_mg_forms|src_parties|src_dates|src_cctv|src_continuity|papers_materials_33,10758,,"HEARING_ISO | 2026-07-28T08:30:00.000Z || HEARING | 28 July 2026 09:30 || CHARGE | Wounding with intent to cause grievous bodily harm, s.18 OAPA 1861"
sha:91710eac9378b031c9b78a0b205cf465722a33d9f13675922a20ed9c46b34ade,PDF-91710eac9378,CB-TB-735_Patel,91710eac9378b031c9b78a0b205cf465722a33d9f13675922a20ed9c46b34ade,OFFLINE_PAPERS_PROJECTION,,MUTE,mute_phone_download,,mute_phone_download,,,src_charge|src_hearing|src_mg_forms|src_parties|src_dates|src_cctv|src_continuity|papers_materials_30,6097,,"HEARING_ISO | 2026-07-16T11:30:00.000Z || HEARING | 16 July 2026 at 12:30 || CHARGE | Possession of a controlled drug of Class A, namely cocaine, with intent to supply, contrary to section 5(3) of the Misuse of Drugs Act 1971"
sha:920b455a43e4ad05844298f9c6497c6313cd493527af756e0de8317106387c7d,PDF-920b455a43e4,CB-TB-1668_Austin,920b455a43e4ad05844298f9c6497c6313cd493527af756e0de8317106387c7d,OFFLINE_PAPERS_PROJECTION,,MUTE,mute_phone_download,,mute_phone_download,,,src_charge|src_hearing|src_mg_forms|src_parties|src_dates|src_cctv|src_continuity|papers_materials_13,3472,,"HEARING_ISO | 2026-07-22T09:30:00.000Z || HEARING | 22 July 2026 at 10:30 || CHARGE | Fraud by false representation, s.2 Fraud Act 2006"
sha:9187a539623d2961881af43f31503c0109993c75b219c039c3f0b9697446e6b8,PDF-9187a539623d,CB-TB-1446_Patterson,9187a539623d2961881af43f31503c0109993c75b219c039c3f0b9697446e6b8,OFFLINE_PAPERS_PROJECTION,,MUTE,mute_phone_download,,mute_phone_download,,,src_charge|src_hearing|src_mg_forms|src_id_procedure|src_parties|src_dates|src_cctv|src_continuity|papers_materials_37,9251,,"HEARING_ISO | 2026-08-23T08:30:00.000Z || HEARING | 23 August 2026 at 09:30 || CHARGE | Conspiracy to supply a controlled drug of Class A, contrary to section 1 of the Criminal Law Act 1977"
sha:92503775d732268fb02fbab6d9955d0e9e4f93b1ca57ecbb10b8873e7063bdaf,PDF-92503775d732,CB-TB-377_Graham,92503775d732268fb02fbab6d9955d0e9e4f93b1ca57ecbb10b8873e7063bdaf,OFFLINE_PAPERS_PROJECTION,,MUTE,mute_phone_download,,mute_phone_download,,,src_charge|src_hearing|src_mg_forms|src_parties|src_dates|papers_materials_25,8756,,"HEARING_ISO | 2026-07-25T09:30:00.000Z || HEARING | 25 July 2026 at 10:30 || CHARGE | Fraud by false representation, s.2 Fraud Act 2006"
sha:92f67d1105b433d0571785b2f003addb50b0b33161dd2bcfe2f9773b42498d99,PDF-92f67d1105b4,CB-TB-2017_Ross,92f67d1105b433d0571785b2f003addb50b0b33161dd2bcfe2f9773b42498d99,OFFLINE_PAPERS_PROJECTION,,MUTE,mute_phone_download,,mute_phone_download,,,src_charge|src_hearing|src_mg_forms|src_parties|src_dates|src_cctv|src_continuity|papers_materials_24,6150,,"HEARING_ISO | 2026-07-19T10:00:00.000Z || HEARING | 19 July 2026 at 11:00 || CHARGE | Offence Concealing, disguising, converting or transferring criminal property, contrary to section 327 Proceeds of Crime Act 2002"
sha:93547ed6567253fb6f136f6c0fdb95339ca5942a05f5dbc81f30a6073dd1838b,PDF-93547ed65672,CB-TB-641_Ali,93547ed6567253fb6f136f6c0fdb95339ca5942a05f5dbc81f30a6073dd1838b,OFFLINE_PAPERS_PROJECTION,,MUTE,mute_phone_download,,mute_phone_download,,,src_charge|src_hearing|src_mg_forms|src_parties|src_dates|src_cctv|src_continuity|papers_materials_31,5673,,"HEARING_ISO | 2026-08-03T09:30:00.000Z || HEARING | 03 August 2026 at 10:30 || CHARGE | Possession of a controlled drug of Class B, namely cannabis, contrary to section 5(2) of the Misuse of Drugs Act 1971"
sha:94103000d80f00cd3619b58e964c0301ffd084b218392a5e5cd1adb72a87c95f,PDF-94103000d80f,CB-TB-1838_Price,94103000d80f00cd3619b58e964c0301ffd084b218392a5e5cd1adb72a87c95f,OFFLINE_PAPERS_PROJECTION,,MUTE,mute_phone_download,,mute_phone_download,,,src_charge|src_hearing|src_mg_forms|src_parties|src_continuity|papers_materials_32,6275,,"HEARING_ISO | 2026-07-26T09:30:00.000Z || HEARING | 26 July 2026 10:30 || CHARGE | Burglary, contrary to section 9 of the Theft Act 1968"
sha:94dd5f1ffcd652ec30cdc3bf2a88991f6ed70e354ffdf5ec7ac15c850cde14ff,PDF-94dd5f1ffcd6,CB-TB-1941_Armitage,94dd5f1ffcd652ec30cdc3bf2a88991f6ed70e354ffdf5ec7ac15c850cde14ff,OFFLINE_PAPERS_PROJECTION,,MUTE,mute_phone_download,,mute_phone_download,,,src_charge|src_hearing|src_mg_forms|src_parties|src_dates|src_cctv|papers_materials_28,5742,,HEARING_ISO | 2026-07-24T08:30:00.000Z || HEARING | 24 July 2026 09:30 || Tab 1 Charge sheet / initial details | unclear | Tab 1 Charge sheet / initial details
sha:94aa4c4941a33d8995226183032c8f082b301ebd1e68a616c769b82c8401934b,PDF-94aa4c4941a3,CB-TB-1738_Glover,94aa4c4941a33d8995226183032c8f082b301ebd1e68a616c769b82c8401934b,OFFLINE_PAPERS_PROJECTION,,MUTE,mute_phone_download,,mute_phone_download,,,src_charge|src_hearing|src_mg_forms|src_parties|src_continuity|papers_materials_31,8038,,"HEARING_ISO | 2026-07-26T10:00:00.000Z || HEARING | 26 July 2026 11:00 || CHARGE | Burglary, contrary to section 9 of the Theft Act 1968"
sha:94b36e02544182f7981a1bb9e4b72ab9962ae2638230a67fa4b251967e11f55a,PDF-94b36e025441,CB-TB-484_Pike,94b36e02544182f7981a1bb9e4b72ab9962ae2638230a67fa4b251967e11f55a,OFFLINE_PAPERS_PROJECTION,,MUTE,mute_phone_download,,mute_phone_download,,,src_charge|src_hearing|src_mg_forms|src_parties|src_cctv|src_continuity|papers_materials_25,11084,,"HEARING_ISO | 2026-07-07T11:00:00.000Z || HEARING | 7 July 2026 at 12:00 || CHARGE | Primary charge:Intimidating a witness, contrary to section 51 Criminal Justice and Public Order Act 1994"
sha:96e9186d4ccb4d6986a17d282a30b40075572d7e2ed003c6b18808e999b047ad,PDF-96e9186d4ccb,CB-TB-737_Mitchell,96e9186d4ccb4d6986a17d282a30b40075572d7e2ed003c6b18808e999b047ad,OFFLINE_PAPERS_PROJECTION,,MUTE,mute_phone_download,,mute_phone_download,,,src_charge|src_hearing|src_mg_forms|src_parties|src_dates|src_cctv|src_cctv_stills|papers_materials_30,6231,,"HEARING_ISO | 2026-07-22T09:30:00.000Z || HEARING | 22 July 2026 at 10:30 || CHARGE | Possession of a controlled drug of Class B, namely cannabis, contrary to section 5(2) of the Misuse of Drugs Act 1971"
sha:97a8bf4a78b0aa61e36bdabff310a3973fb96ad3b9f0a735f3116f4cace93e36,PDF-97a8bf4a78b0,CB-TB-506_Rees,97a8bf4a78b0aa61e36bdabff310a3973fb96ad3b9f0a735f3116f4cace93e36,OFFLINE_PAPERS_PROJECTION,,MODALITY,modality_summary_vs_recording,,,modality_summary_vs_recording,,src_charge|src_hearing|src_mg_forms|src_parties|src_dates|src_continuity|papers_materials_26,2997,,"HEARING_ISO | 2026-06-20T13:00:00.000Z || HEARING | 20 June 2026 14:00 || CHARGE | Affray, contrary to section 3 Public Order Act 1986"
sha:977402b82d00a6fe8c974e00136f12def6911a05ec384ea81e64b198bde86287,PDF-977402b82d00,CB-TB-1363_Rowe,977402b82d00a6fe8c974e00136f12def6911a05ec384ea81e64b198bde86287,OFFLINE_PAPERS_PROJECTION,,MUTE,mute_phone_download,,mute_phone_download,,,src_charge|src_hearing|src_mg_forms|src_id_procedure|src_parties|src_dates|src_cctv|src_continuity|papers_materials_36,9398,,"HEARING_ISO | 2026-08-06T08:30:00.000Z || HEARING | 06 August 2026 at 09:30 || CHARGE | Burglary of a dwelling, contrary to section 9 of the Theft Act 1968"
sha:987ae9e3d5f7ad1f6a610b7c310e38212c18c3225d685c161634e3b4702c6c18,PDF-987ae9e3d5f7,CB-TB-564_Marsh,987ae9e3d5f7ad1f6a610b7c310e38212c18c3225d685c161634e3b4702c6c18,OFFLINE_PAPERS_PROJECTION,,MODALITY,modality_summary_vs_recording,,,modality_summary_vs_recording,,src_charge|src_hearing|src_mg_forms|src_parties|src_dates|src_continuity|papers_materials_31,3768,,"HEARING_ISO | 2026-06-16T09:30:00.000Z || HEARING | 16 June 2026 10:30 || CHARGE | Possession of a controlled drug of Class A with intent to supply, contrary to section 5(3) Misuse of Drugs Act 1971"
sha:9902aa7c10ffbc497ac674ebc27b0cb3208e983765fab9a16d1ce127654e7fc1,PDF-9902aa7c10ff,CB-TB-537_Brooks,9902aa7c10ffbc497ac674ebc27b0cb3208e983765fab9a16d1ce127654e7fc1,OFFLINE_PAPERS_PROJECTION,,MODALITY,modality_summary_vs_recording,,mute_phone_download,modality_summary_vs_recording,,src_charge|src_hearing|src_mg_forms|src_parties|src_dates|src_continuity|papers_materials_36,5030,,"HEARING_ISO | 2026-07-17T09:30:00.000Z || HEARING | 17 July 2026 10:30 || CHARGE | Having an offensive weapon, contrary to s.1(1) Prevention of Crime Act 1953"
sha:98aa5b71883ced92051b8645ece6d34f545afcc2c961d50d185618b514f57484,PDF-98aa5b71883c,CB-TB-538_Walsh,98aa5b71883ced92051b8645ece6d34f545afcc2c961d50d185618b514f57484,OFFLINE_PAPERS_PROJECTION,,MODALITY,modality_summary_vs_recording,,,modality_summary_vs_recording,,src_charge|src_hearing|src_mg_forms|src_parties|src_dates|src_continuity|papers_materials_36,6555,,"HEARING_ISO | 2026-08-17T09:00:00.000Z || HEARING | 17 August 2026 10:00 || CHARGE | Theft, contrary to s.1 Theft Act 1968"
sha:98d047fa94691d42528ae5187ebc2f9ab798b9670b69b382d4cca66759c189ae,PDF-98d047fa9469,CB-TB-1608_Mason,98d047fa94691d42528ae5187ebc2f9ab798b9670b69b382d4cca66759c189ae,OFFLINE_PAPERS_PROJECTION,,MUTE,mute_cad_999,,mute_cad_999,,,src_charge|src_hearing|src_mg_forms|src_parties|src_dates|src_cctv|src_continuity|papers_materials_21,10764,,"HEARING_ISO | 2026-08-21T09:30:00.000Z || HEARING | 21 August 2026 at 10:30 || CHARGE | Offence Unlawful wounding, contrary to section 20 Offences Against the Person Act 1861"
sha:99715b4f91b5260fb1953caec72be6865c8629ca52e86134d74dfff844577ad8,PDF-99715b4f91b5,CB-TB-1930_Lowry,99715b4f91b5260fb1953caec72be6865c8629ca52e86134d74dfff844577ad8,OFFLINE_PAPERS_PROJECTION,,MUTE,mute_phone_download,,mute_phone_download,,,src_charge|src_hearing|src_mg_forms|src_parties|src_dates|src_cctv|src_continuity|papers_materials_20,4999,,"HEARING_ISO | 2026-07-14T10:45:00.000Z || HEARING | 14 July 2026 11:45 || CHARGE | Assault occasioning actual bodily harm,"
sha:995670efcd9c57a1e7ca2463d6f337b6b1dfa96934c3ad0f1ef4ec416416a64e,PDF-995670efcd9c,CB-TB-732_Parker,995670efcd9c57a1e7ca2463d6f337b6b1dfa96934c3ad0f1ef4ec416416a64e,OFFLINE_PAPERS_PROJECTION,,MUTE,mute_phone_download,,mute_phone_download,,,src_charge|src_hearing|src_mg_forms|src_parties|src_dates|src_cctv|src_cctv_stills|papers_materials_39,8323,,"HEARING_ISO | 2026-07-07T08:30:00.000Z || HEARING | 07 July 2026 at 09:30 || CHARGE | Possession of a controlled drug of Class B, namely cannabis, contrary to section 5(2) of the Misuse of Drugs Act 1971"
sha:991148cc25d16cca3a7e5bb0095adaf929c7081d70af43d6fd0520a800a6542d,PDF-991148cc25d1,CB-TB-558_Doyle,991148cc25d16cca3a7e5bb0095adaf929c7081d70af43d6fd0520a800a6542d,OFFLINE_PAPERS_PROJECTION,,MODALITY,modality_summary_vs_recording,,,modality_summary_vs_recording,,src_charge|src_hearing|src_mg_forms|src_parties|src_dates|src_continuity|papers_materials_39,8316,,"HEARING_ISO | 2026-08-18T08:30:00.000Z || HEARING | 18 August 2026 09:30 || CHARGE | Possession of a bladed article in a public place, contrary to section 139 Criminal Justice Act 1988"
sha:9a271ba429f6ea201ba186acbdf7cfae67917262bc8efc698597e2c432de5ead,PDF-9a271ba429f6,CB-TB-073_Barker,9a271ba429f6ea201ba186acbdf7cfae67917262bc8efc698597e2c432de5ead,OFFLINE_PAPERS_PROJECTION,,MUTE,mute_cctv_master,,mute_cctv_master,,,src_charge|src_hearing|src_mg_forms|src_parties|src_cctv|src_continuity|papers_materials_30,5051,,"HEARING_ISO | 2026-08-24T13:00:00.000Z || HEARING | 24 August 2026 at 14:00 || CHARGE | behaviour with intent to cause harassment,, alarm or distress, contrary to section 4A"
sha:9ab7a7e0cb455fce23a3bcf1e1dc8f9ed0dca720d9e3ebd8ed26292e565a3025,PDF-9ab7a7e0cb45,CB-TB-808_Bell,9ab7a7e0cb455fce23a3bcf1e1dc8f9ed0dca720d9e3ebd8ed26292e565a3025,OFFLINE_PAPERS_PROJECTION,,MUTE,mute_phone_download,,mute_phone_download,,,src_charge|src_hearing|src_mg_forms|src_cctv|papers_materials_15,11032,,"HEARING_ISO | 2026-08-22T09:30:00.000Z || HEARING | 22 August 2026 at 10:30 || CHARGE | Main charge Possession of cannabis, a controlled drug of Class B, contrary to section 5(2) of the"
sha:9bbca1728c076651a0a45545c549644d63ff8078e268a0a321356bf75a044991,PDF-9bbca1728c07,CB-TB-677_Reed,9bbca1728c076651a0a45545c549644d63ff8078e268a0a321356bf75a044991,OFFLINE_PAPERS_PROJECTION,,MUTE,mute_export_log,,mute_export_log,,,src_charge|src_hearing|src_mg_forms|src_parties|src_dates|src_cctv|src_cctv_stills|papers_materials_40,7875,,"HEARING_ISO | 2026-06-22T09:30:00.000Z || HEARING | 22 June 2026 at 10:30 || CHARGE | Robbery, contrary to s.8 Theft Act 1968"
sha:9bbaa141842733c6499606959a05500e68aca3201aab046d318701a973920c96,PDF-9bbaa1418427,CB-TB-1866_Denton,9bbaa141842733c6499606959a05500e68aca3201aab046d318701a973920c96,OFFLINE_PAPERS_PROJECTION,,MUTE,mute_phone_download,,mute_phone_download,,,src_charge|src_hearing|src_mg_forms|src_parties|src_cctv|src_cctv_stills|src_continuity|papers_materials_35,8042,,HEARING_ISO | 2026-08-04T09:00:00.000Z || HEARING | 04 August 2026 10:00 || CHARGE | Theft and possession of a bladed article on a multi-count indictment
sha:9bd50cc0b112b7b298d5a49cbe82fb3baa1844ea8afa6709c33662c61108a10c,PDF-9bd50cc0b112,CB-TB-636_Turner,9bd50cc0b112b7b298d5a49cbe82fb3baa1844ea8afa6709c33662c61108a10c,OFFLINE_PAPERS_PROJECTION,,MUTE,mute_phone_download,,mute_phone_download,,,src_charge|src_hearing|src_mg_forms|src_parties|src_dates|src_cctv|src_cctv_stills|papers_materials_40,8638,,"HEARING_ISO | 2026-07-19T08:30:00.000Z || HEARING | 19 July 2026 at 09:30 || CHARGE | Possession of a controlled drug of Class B, namely cannabis, contrary to section 5(2) of the Misuse of Drugs Act 1971"
sha:9cca59fe4d54a3ad90e9e005f85900420c634b41b6556a678b2cb0e52b59bc7e,PDF-9cca59fe4d54,CB-TB-1000_Price,9cca59fe4d54a3ad90e9e005f85900420c634b41b6556a678b2cb0e52b59bc7e,OFFLINE_PAPERS_PROJECTION,,MUTE,mute_phone_download,,mute_phone_download,,,src_charge|src_hearing|src_mg_forms|src_parties|src_cctv|papers_materials_25,5362,,"HEARING_ISO | 2026-08-02T08:00:00.000Z || HEARING | 02/08/2026 09:00 || CHARGE | Possession of a controlled drug of Class A with intent to supply, contrary to section 5(3) of the Misuse of Drugs Act 1971"
sha:9d35a9f787446425ed627663537493b5af5113413ab3e2c1a5449fe71120d147,PDF-9d35a9f78744,CB-TB-1496_Walsh,9d35a9f787446425ed627663537493b5af5113413ab3e2c1a5449fe71120d147,OFFLINE_PAPERS_PROJECTION,,MUTE,mute_phone_download,,mute_phone_download,,,src_charge|src_hearing|src_mg_forms|src_id_procedure|src_parties|src_dates|src_cctv|src_continuity|papers_materials_33,8429,,"HEARING_ISO | 2026-06-20T08:30:00.000Z || HEARING | 20 June 2026 at 09:30 || CHARGE | Driving without due care and attention, contrary to section 3 of the Road Traffic Act 1988"
sha:9e14295a4fc12d58994f152b4985b9ca682d8edd32880f2b278df5cd70f4b4be,PDF-9e14295a4fc1,CB-TB-605_Patterson,9e14295a4fc12d58994f152b4985b9ca682d8edd32880f2b278df5cd70f4b4be,OFFLINE_PAPERS_PROJECTION,,MUTE,mute_export_log,,mute_export_log,,,src_charge|src_hearing|src_mg_forms|src_parties|src_dates|src_cctv|src_cctv_stills|src_continuity|papers_materials_40,11811,,"HEARING_ISO | 2026-07-01T09:30:00.000Z || HEARING | 01 July 2026 at 10:30 || CHARGE | Assault occasioning actual bodily harm, s.47 OAPA 1861"
sha:9fe7b4aa9a22e5ba599a86cf455d7f26030b1b60c866839aba85fcd00d2f96f8,PDF-9fe7b4aa9a22,CB-TB-843_Patterson,9fe7b4aa9a22e5ba599a86cf455d7f26030b1b60c866839aba85fcd00d2f96f8,OFFLINE_PAPERS_PROJECTION,,MUTE,mute_phone_download,,mute_phone_download,,,src_charge|src_hearing|src_mg_forms|src_continuity|papers_materials_14,10771,,"HEARING_ISO | 2026-07-06T09:30:00.000Z || HEARING | 06 July 2026 at 10:30 || CHARGE | Possession with intent to supply cocaine, a controlled drug of Class A, contrary to section 5(3) of the Misuse of Drugs Act 1971"
sha:a04ab778d49b8e9c607a4927c2d4bf6933a2c25d3185e0b1a5b407d547901983,PDF-a04ab778d49b,CB-TB-930_Fletcher,a04ab778d49b8e9c607a4927c2d4bf6933a2c25d3185e0b1a5b407d547901983,OFFLINE_PAPERS_PROJECTION,,MUTE,mute_phone_download,,mute_phone_download,,,src_hearing|src_mg_forms|src_parties|src_dates|src_cctv|papers_materials_20,5115,,"HEARING_ISO | 2026-08-12T10:00:00.000Z || HEARING | 12/08/2026 11:00 || CHARGE | 1Wounding with intent to cause grievous bodily, harm, contrary to section 18 of the Offences"
sha:a08211ae991a57a7d2b67174164b2b42d306f8380d6d3772a746fb32b4d77d9b,PDF-a08211ae991a,CB-TB-736_Morgan,a08211ae991a57a7d2b67174164b2b42d306f8380d6d3772a746fb32b4d77d9b,OFFLINE_PAPERS_PROJECTION,,MUTE,mute_phone_download,,mute_phone_download,,,src_charge|src_hearing|src_mg_forms|src_parties|src_dates|src_cctv|src_continuity|papers_materials_26,5888,,"HEARING_ISO | 2026-07-19T08:30:00.000Z || HEARING | 19 July 2026 at 09:30 || CHARGE | Possession of a controlled drug of Class B, namely cannabis, contrary to section 5(2) of the Misuse of Drugs Act 1971"
sha:a1630111ff7bd5693f39003a447822311fa4f922be3a2c356954f841a5028938,PDF-a1630111ff7b,CB-TB-746_Coleman,a1630111ff7bd5693f39003a447822311fa4f922be3a2c356954f841a5028938,OFFLINE_PAPERS_PROJECTION,,MUTE,mute_phone_download,,mute_phone_download,,,src_charge|src_hearing|src_mg_forms|src_parties|src_dates|src_cctv|src_cctv_stills|src_continuity|papers_materials_40,10630,,"HEARING_ISO | 2026-08-18T10:30:00.000Z || HEARING | 18 August 2026 at 11:30 || CHARGE | Possessing criminal property, contrary to section 329 of the Proceeds of Crime Act 2002"
sha:a2e4429423259dca25680b15cc7e4093e8dfd1f79a8b1f5e4de60c68daeadf98,PDF-a2e442942325,CB-TB-427_Brennan,a2e4429423259dca25680b15cc7e4093e8dfd1f79a8b1f5e4de60c68daeadf98,OFFLINE_PAPERS_PROJECTION,,MODALITY,modality_screenshot_vs_download,,,modality_screenshot_vs_download,,src_charge|src_hearing|src_mg_forms|src_parties|src_cctv|src_continuity|papers_materials_21,4185,,"HEARING_ISO | 2026-08-06T09:30:00.000Z || HEARING | 6 August 2026 at 10:30 || CHARGE | Possession of a controlled drug of Class B, contrary to section 5(2) Misuse of Drugs Act 1971"
sha:a285546802861c01ea47721237ac8fa217b94d4973b8c0ec52f24ec65e558d30,PDF-a28554680286,CB-TB-016_Kian_Doyle,a285546802861c01ea47721237ac8fa217b94d4973b8c0ec52f24ec65e558d30,OFFLINE_PAPERS_PROJECTION,,MUTE,mute_phone_download,,mute_phone_download,,,src_charge|src_hearing|src_mg_forms|src_parties|src_dates|papers_materials_12,5072,,"CHARGE | Possession of a controlled drug of Class A with intent to supply, contrary to section 5(3) Misuse of Drugs Act 1971 || 4MG11 witness statement | unclear | PC Amina Yusuf29/06/2026Prosecution witness | 4MG11 witness statement — PC A"
sha:a2948f774531df1f05e170d804fde1a4d4d88111c0cded51694d98bd4233c42c,PDF-a2948f774531,CB-TB-259_Spencer,a2948f774531df1f05e170d804fde1a4d4d88111c0cded51694d98bd4233c42c,OFFLINE_PAPERS_PROJECTION,,MUTE,mute_phone_download,,mute_phone_download,,,src_charge|src_hearing|src_mg_forms|src_parties|src_dates|src_cctv|papers_materials_25,11677,,"HEARING_ISO | 2026-07-07T13:15:00.000Z || HEARING | 07 July 2026 at 14:15 || CHARGE | Wounding with intent to cause grievous bodily harm, s.18 OAPA 1861"
sha:a35884e37345b2ebf80529e995a951b60849e48d080d5c29d003ad2203215b71,PDF-a35884e37345,NS-CPS-2026-0432 - Copy (2),a35884e37345b2ebf80529e995a951b60849e48d080d5c29d003ad2203215b71,OFFLINE_PAPERS_PROJECTION,,MUTE,mute_cctv_master,,mute_cctv_master,,,src_charge|src_hearing|src_mg_forms|src_parties|src_dates|src_cctv|src_continuity|papers_materials_29,4766,,"CHARGE | ABH, s.47 || Other party / key witness: AARON THORNTON (DOB 01/09/1987) | unclear | Other party / key witness: AARON THORNTON (DOB 01/09/1987) || Primary eval hook: Medical schedule only | unclear | Primary eval hook: Medical sched"
sha:a42fbb3996318530d4660fd13fb81858b11e7e9015feb17aff60b92480315f55,PDF-a42fbb399631,CB-TB-891_Rees,a42fbb3996318530d4660fd13fb81858b11e7e9015feb17aff60b92480315f55,OFFLINE_PAPERS_PROJECTION,,MUTE,mute_cctv_master,,mute_cctv_master,,,src_charge|src_hearing|src_mg_forms|src_parties|src_cctv|src_continuity|papers_materials_21,5245,,"HEARING_ISO | 2026-06-28T08:30:00.000Z || HEARING | 28 June 2026 at 09:30 || CHARGE | Assault occasioning actual bodily harm, s.47"
sha:a44dc2b1229bfa719481e541d2137e6d6d552143cf842a5da71b75f4ab7d9e5a,PDF-a44dc2b1229b,CB-TB-1202_Baines,a44dc2b1229bfa719481e541d2137e6d6d552143cf842a5da71b75f4ab7d9e5a,OFFLINE_PAPERS_PROJECTION,,MUTE,mute_phone_download,,mute_phone_download,,,src_charge|src_hearing|src_mg_forms|src_id_procedure|src_parties|src_dates|src_cctv|src_cctv_stills|papers_materials_19,4023,,"HEARING_ISO | 2026-06-21T09:00:00.000Z || HEARING | 21/06/2026 10:00 || CHARGE | Theft, contrary to s.1 Theft Act 1968"
sha:a5135613b5f5aa7a1ed8982e3af598214b5d5910e80391d6304b7ed5944329b8,PDF-a5135613b5f5,CB-TB-1296_Rees,a5135613b5f5aa7a1ed8982e3af598214b5d5910e80391d6304b7ed5944329b8,OFFLINE_PAPERS_PROJECTION,,MUTE,mute_phone_download,,mute_phone_download,,,src_charge|src_hearing|src_mg_forms|src_parties|src_dates|src_cctv|src_continuity|papers_materials_20,4586,,HEARING_ISO | 2026-08-17T08:30:00.000Z || HEARING | 17/08/2026 09:30 || 5CAD / 999 / custody extractSee continuation | unclear | 5CAD / 999 / custody extractSee continuation
sha:a50fc3f5ae1fba7d6080873d7f8e4743d49e9c7da94858e95a27e0b6fb1171ae,PDF-a50fc3f5ae1f,CB-TB-414_Davies,a50fc3f5ae1fba7d6080873d7f8e4743d49e9c7da94858e95a27e0b6fb1171ae,OFFLINE_PAPERS_PROJECTION,,MUTE,mute_phone_download,,mute_phone_download,,,src_charge|src_hearing|src_mg_forms|src_parties|src_cctv|src_continuity|papers_materials_24,5652,,"HEARING_ISO | 2026-07-11T10:00:00.000Z || HEARING | 11 July 2026 at 11:00 || CHARGE | Burglary, contrary to section 9(1)(b) Theft Act 1968"
sha:a5a50480a1a07632e04452ec1875f9547a531be9520d23278ef6844b3a7cf38a,PDF-a5a50480a1a0,CB-TB-1898_Nolan,a5a50480a1a07632e04452ec1875f9547a531be9520d23278ef6844b3a7cf38a,OFFLINE_PAPERS_PROJECTION,,MUTE,mute_phone_download,,mute_phone_download,,,src_charge|src_hearing|src_mg_forms|src_parties|papers_materials_28,5254,,"HEARING_ISO | 2026-08-25T09:00:00.000Z || HEARING | 25 August 2026 || CHARGE | Robbery, contrary to s.8 Theft Act 1968"
sha:a59ead66aa27566dea94d3c02e3decf16760b3d37c1ae1e4557582fa5bcc3b5d,PDF-a59ead66aa27,CB-TB-1886_Keighley,a59ead66aa27566dea94d3c02e3decf16760b3d37c1ae1e4557582fa5bcc3b5d,OFFLINE_PAPERS_PROJECTION,,MUTE,mute_phone_download,,mute_phone_download,,,src_charge|src_hearing|src_mg_forms|src_parties|src_cctv|src_continuity|papers_materials_28,6186,,"HEARING_ISO | 2026-07-20T11:00:00.000Z || HEARING | 20 July 2026 12:00 || CHARGE | Being concerned in the supply of a controlled drug of Class A, contrary to section 4(3)(b) of the Misuse of Drugs Act 1971"
sha:a663b294b26dbe39e772426d480e328aa2973a837576d880249aca1c839fe87a,PDF-a663b294b26d,CB-TB-539_Ross,a663b294b26dbe39e772426d480e328aa2973a837576d880249aca1c839fe87a,OFFLINE_PAPERS_PROJECTION,,MODALITY,modality_summary_vs_recording,,,modality_summary_vs_recording,,src_charge|src_hearing|src_mg_forms|src_parties|src_dates|src_cctv|src_continuity|papers_materials_34,3754,,"HEARING_ISO | 2026-07-28T10:15:00.000Z || HEARING | 28 July 2026 11:15 || CHARGE | Possession of a controlled drug of Class B, contrary to section 5(2) Misuse of Drugs Act 1971"
sha:a6f36778e49b593852334e2464a948b87c5e4dbd470d626d7fb9cb94724c1e80,PDF-a6f36778e49b,CB-TB-545_Thornton,a6f36778e49b593852334e2464a948b87c5e4dbd470d626d7fb9cb94724c1e80,OFFLINE_PAPERS_PROJECTION,,MODALITY,modality_summary_vs_recording,,,modality_summary_vs_recording,,src_charge|src_hearing|src_mg_forms|src_parties|src_dates|src_continuity|papers_materials_27,3264,,"HEARING_ISO | 2026-07-24T13:00:00.000Z || HEARING | 24 July 2026 14:00 || CHARGE | Possession of a bladed article in a public place, contrary to section 139 Criminal Justice Act 1988"
sha:a6e61144e9b2ee8cd24d5698e7f3bdc2ac7518eae88a19f89adea050fe5a465f,PDF-a6e61144e9b2,CB-TB-671_Ross,a6e61144e9b2ee8cd24d5698e7f3bdc2ac7518eae88a19f89adea050fe5a465f,OFFLINE_PAPERS_PROJECTION,,MUTE,mute_phone_download,,mute_phone_download,,,src_charge|src_hearing|src_mg_forms|src_parties|src_dates|src_cctv|papers_materials_35,6115,,"HEARING_ISO | 2026-08-18T11:30:00.000Z || HEARING | 18 August 2026 at 12:30 || CHARGE | Affray, contrary to section 3 of the Public Order Act 1986"
sha:a6a9ac3d32578ccba3084138a0e7c66d260cb7d34b9427f7d56bcd770553e418,PDF-a6a9ac3d3257,CB-TB-556_Wright,a6a9ac3d32578ccba3084138a0e7c66d260cb7d34b9427f7d56bcd770553e418,OFFLINE_PAPERS_PROJECTION,,MODALITY,modality_summary_vs_recording,,,modality_summary_vs_recording,,src_charge|src_hearing|src_mg_forms|src_parties|src_dates|src_continuity|papers_materials_38,7892,,"HEARING_ISO | 2026-08-17T13:00:00.000Z || HEARING | 17 August 2026 14:00 || CHARGE | Theft, contrary to s.1 Theft Act 1968"
sha:a74c00c7ba29dc5e3b75b2cbd4c3348892bd4b9283ff14aac98aa5f3a3e35b11,PDF-a74c00c7ba29,CB-TB-1455_Ross,a74c00c7ba29dc5e3b75b2cbd4c3348892bd4b9283ff14aac98aa5f3a3e35b11,OFFLINE_PAPERS_PROJECTION,,MUTE,mute_phone_download,,mute_phone_download,,,src_charge|src_hearing|src_mg_forms|src_id_procedure|src_parties|src_dates|src_cctv|src_continuity|papers_materials_23,7477,,"HEARING_ISO | 2026-07-05T09:30:00.000Z || HEARING | 05 July 2026 at 10:30 || CHARGE | Possession of a controlled drug of Class B with intent to supply, contrary to section 5(3) of the Misuse of Drugs Act"
sha:a74e679c3653a30b09d92057b4c30de1f15eb989d2e8bfc16f15e38a80efb740,PDF-a74e679c3653,CB-TB-1984_Denton,a74e679c3653a30b09d92057b4c30de1f15eb989d2e8bfc16f15e38a80efb740,OFFLINE_PAPERS_PROJECTION,,MUTE,mute_phone_download,,mute_phone_download,,,src_charge|src_hearing|src_mg_forms|src_parties|src_dates|src_cctv|papers_materials_20,4762,,"HEARING_ISO | 2026-07-18T13:00:00.000Z || HEARING | 18 July 2026 14:00 || CHARGE | Affray, contrary to section 3 of the Public Order Act 1986"
sha:a8f0172f4c9b7383acce4e034f846ba14a893ce141488b462d41c1a748546ce4,PDF-a8f0172f4c9b,CB-TB-1649_Mitchell,a8f0172f4c9b7383acce4e034f846ba14a893ce141488b462d41c1a748546ce4,OFFLINE_PAPERS_PROJECTION,,MUTE,mute_phone_download,,mute_phone_download,,,src_charge|src_hearing|src_mg_forms|src_parties|src_dates|src_cctv|src_continuity|papers_materials_30,6237,,"HEARING_ISO | 2026-08-04T10:00:00.000Z || HEARING | 4 August 2026 at 11:00 || CHARGE | Offence Possession of a controlled drug of Class A with intent to supply, contrary to section 5(3) Misuse of Drugs Act 1971"
sha:a8212b59135e7160a06fd948acf7ac158542565077ac4224bafa06a09cf284ea,PDF-a8212b59135e,CB-TB-2018_Doyle,a8212b59135e7160a06fd948acf7ac158542565077ac4224bafa06a09cf284ea,OFFLINE_PAPERS_PROJECTION,,MUTE,mute_phone_download,,mute_phone_download,,,src_charge|src_hearing|src_mg_forms|src_parties|src_dates|src_cctv|src_continuity|papers_materials_25,8297,,"HEARING_ISO | 2026-07-22T11:00:00.000Z || HEARING | 22 July 2026 at 12:00 || CHARGE | Offence Being concerned in the supply of a controlled drug of Class A, contrary to section 4(3)(b) Misuse of Drugs Act 1971"
sha:a8ad81fa39ece1f5f798bd078805df000fe2d7b12293800de7337a1def587fdb,PDF-a8ad81fa39ec,CB-TB-1317_Vale,a8ad81fa39ece1f5f798bd078805df000fe2d7b12293800de7337a1def587fdb,OFFLINE_PAPERS_PROJECTION,,MUTE,mute_phone_download,,mute_phone_download,,,src_charge|src_hearing|src_mg_forms|src_id_procedure|src_parties|src_dates|src_cctv|src_continuity|papers_materials_40,9912,,HEARING_ISO | 2026-08-13T09:30:00.000Z || HEARING | 13 August 2026 at 10:30 || CHARGE | Doing an act tending and intended to pervert the course of public justice
sha:a95ed4ea59a83c31189156473aae56d87dec9dc66f1d8c2db6a884a26151e716,PDF-a95ed4ea59a8,CB-TB-551_Parker,a95ed4ea59a83c31189156473aae56d87dec9dc66f1d8c2db6a884a26151e716,OFFLINE_PAPERS_PROJECTION,,MODALITY,modality_summary_vs_recording,,,modality_summary_vs_recording,,src_charge|src_hearing|src_mg_forms|src_parties|src_dates|src_continuity|papers_materials_35,5850,,"HEARING_ISO | 2026-07-17T09:30:00.000Z || HEARING | 17 July 2026 10:30 || CHARGE | Harassment, contrary to section 2 Protection from Harassment Act 1997"
sha:a9a76a8e577d92ec1be87f49c50d339314e18f22601643d8ca1ed847afdd2fa4,PDF-a9a76a8e577d,CB-TB-518_Walsh,a9a76a8e577d92ec1be87f49c50d339314e18f22601643d8ca1ed847afdd2fa4,OFFLINE_PAPERS_PROJECTION,,MODALITY,modality_summary_vs_recording,,mute_phone_download,modality_summary_vs_recording,,src_charge|src_hearing|src_mg_forms|src_parties|src_dates|src_continuity|papers_materials_33,3999,,"HEARING_ISO | 2026-07-27T08:30:00.000Z || HEARING | 27 July 2026 09:30 || CHARGE | Burglary, contrary to section 9 Theft Act 1968"
sha:a9b52aed8db57c277af6cccbc672b1ddd467cb01cb5c010105617502144cdecc,PDF-a9b52aed8db5,CB-TB-861_Khan,a9b52aed8db57c277af6cccbc672b1ddd467cb01cb5c010105617502144cdecc,OFFLINE_PAPERS_PROJECTION,,MUTE,mute_phone_download,,mute_phone_download,,,src_charge|src_hearing|src_mg_forms|src_cctv|papers_materials_11,3543,,"HEARING_ISO | 2026-08-29T08:30:00.000Z || HEARING | 29 August 2026 at 09:30 || CHARGE | Possession with intent to supply cocaine, a controlled drug of Class A, contrary to section 5(3) of the Misuse of Drugs Act 1971"
sha:a9900dcbe8d8fcbc08198ac090e1e1d697e3c62f7d2c6aa731559734efde3457,PDF-a9900dcbe8d8,CB-TB-167_Coates,a9900dcbe8d8fcbc08198ac090e1e1d697e3c62f7d2c6aa731559734efde3457,OFFLINE_PAPERS_PROJECTION,,MUTE,mute_phone_download,,mute_phone_download,,,src_charge|src_hearing|src_mg_forms|src_parties|src_cctv|src_continuity|papers_materials_38,11929,,HEARING_ISO | 2026-08-12T10:00:00.000Z || HEARING | 12 August 2026 at 11:00 || CHARGE | Burglary non-dwelling
sha:aac73c92cb75a160a9bd71ef4bc5c03c36bc0851f83ab4569eaa25e393adc1aa,PDF-aac73c92cb75,CB-TB-1658_Okonkwo,aac73c92cb75a160a9bd71ef4bc5c03c36bc0851f83ab4569eaa25e393adc1aa,OFFLINE_PAPERS_PROJECTION,,MUTE,mute_cad_999,,mute_cad_999,,,src_charge|src_hearing|src_mg_forms|src_parties|src_dates|src_cctv|src_continuity|papers_materials_18,4092,,"HEARING_ISO | 2026-06-22T11:00:00.000Z || HEARING | 22 June 2026 at 12:00 || CHARGE | Theft, contrary to s.1 Theft Act 1968"
sha:aa721d359c77e5ef690947a0b6edf4bc86fc471763c6917cd932e9e6bb28ec5f,PDF-aa721d359c77,CB-TB-221_Dunn,aa721d359c77e5ef690947a0b6edf4bc86fc471763c6917cd932e9e6bb28ec5f,OFFLINE_PAPERS_PROJECTION,,MUTE,mute_phone_download,,mute_phone_download,,,src_charge|src_hearing|src_mg_forms|src_parties|src_dates|src_cctv|src_continuity|papers_materials_34,12129,,"HEARING_ISO | 2026-08-30T10:00:00.000Z || HEARING | 30 August 2026 at 11:00 || CHARGE | Being concerned in the supply of a Class A controlled drug, contrary to section 4(3)(b) of the Misuse of Drugs Act 1971"
sha:ab149b586219bd0844108d6db4d8a19dc46a0e7bb5e6392f319aa062a6fac2f9,PDF-ab149b586219,CB-TB-631_Marsh,ab149b586219bd0844108d6db4d8a19dc46a0e7bb5e6392f319aa062a6fac2f9,OFFLINE_PAPERS_PROJECTION,,MUTE,mute_phone_download,,mute_phone_download,,,src_charge|src_hearing|src_mg_forms|src_parties|src_dates|src_cctv|src_continuity|papers_materials_18,3849,,"HEARING_ISO | 2026-07-04T11:30:00.000Z || HEARING | 04 July 2026 at 12:30 || CHARGE | Possession of a controlled drug of Class A, namely cocaine, with intent to supply, contrary to section 5(3) of the Misuse of Drugs Act 1971"
sha:ab4527fd6c6ce84945157acc6b117eb370274734f549dab5ccfc7aaf281a1885,PDF-ab4527fd6c6c,CB-TB-1758_Pike,ab4527fd6c6ce84945157acc6b117eb370274734f549dab5ccfc7aaf281a1885,OFFLINE_PAPERS_PROJECTION,,MUTE,mute_phone_download,,mute_phone_download,,,src_charge|src_hearing|src_mg_forms|src_parties|papers_materials_26,4806,,"HEARING_ISO | 2026-07-11T09:00:00.000Z || HEARING | 11 July 2026 || CHARGE | Harassment, contrary to section 2 of the Protection from Harassment Act 1997"
sha:abf54951ea4b35c70ff90ddd07b9189ad616ab32e7b3382e1fcd3ea180f8fb68,PDF-abf54951ea4b,CB-TB-570_Okonkwo,abf54951ea4b35c70ff90ddd07b9189ad616ab32e7b3382e1fcd3ea180f8fb68,OFFLINE_PAPERS_PROJECTION,,MODALITY,modality_summary_vs_recording,,mute_phone_download,modality_summary_vs_recording,,src_charge|src_hearing|src_mg_forms|src_parties|src_dates|src_continuity|papers_materials_34,4957,,"HEARING_ISO | 2026-08-21T10:15:00.000Z || HEARING | 21 August 2026 11:15 || CHARGE | Burglary, contrary to section 9 Theft Act 1968"
sha:ac49fb2cf0c2fa1edf2de24fa4d88e53b012e396dcf3190c8264c19cda65b24b,PDF-ac49fb2cf0c2,CB-TB-944_Khan,ac49fb2cf0c2fa1edf2de24fa4d88e53b012e396dcf3190c8264c19cda65b24b,OFFLINE_PAPERS_PROJECTION,,MUTE,mute_phone_download,,mute_phone_download,,,src_charge|src_hearing|src_mg_forms|src_parties|src_cctv|papers_materials_23,5144,,"HEARING_ISO | 2026-06-26T13:00:00.000Z || HEARING | 26/06/2026 14:00 || CHARGE | Being concerned in the supply of a controlled drug of Class A, contrary to section 4(3)(b) of the Misuse of Drugs Act 1971"
sha:ac63ec9bc93b371288567d024062793771e3e3c123fee0ee663547827bd2200a,PDF-ac63ec9bc93b,CB-TB-1266_Patterson,ac63ec9bc93b371288567d024062793771e3e3c123fee0ee663547827bd2200a,OFFLINE_PAPERS_PROJECTION,,MUTE,mute_phone_download,,mute_phone_download,,,src_charge|src_hearing|src_mg_forms|src_parties|src_dates|src_cctv|src_continuity|papers_materials_23,4794,,"HEARING_ISO | 2026-08-02T09:30:00.000Z || HEARING | 02/08/2026 10:30 || CHARGE | Wounding with intent to cause grievous bodily harm, s.18 OAPA 1861"
sha:adf157639a41248ac682906343181fc62fdd2d31978ef0312a8545c401e9fbb7,PDF-adf157639a41,CB-TB-472_Nolan,adf157639a41248ac682906343181fc62fdd2d31978ef0312a8545c401e9fbb7,OFFLINE_PAPERS_PROJECTION,,MUTE,mute_phone_download,,mute_phone_download,,,src_charge|src_hearing|src_mg_forms|src_parties|papers_materials_19,4555,,"HEARING_ISO | 2026-08-24T09:00:00.000Z || HEARING | 24 August 2026 at 10:00 || CHARGE | Primary charge:Controlling or coercive behaviour in an intimate or family relationship, contrary to section 76 Serious"
sha:ad708433ce7361c36f9d047fef18200f8b0d3239873775bdb4f0d48db120845d,PDF-ad708433ce73,CB-TB-654_Parker,ad708433ce7361c36f9d047fef18200f8b0d3239873775bdb4f0d48db120845d,OFFLINE_PAPERS_PROJECTION,,MUTE,mute_export_log,,mute_export_log|mute_phone_download,,,src_charge|src_hearing|src_mg_forms|src_parties|src_dates|src_cctv|src_cctv_stills|src_continuity|papers_materials_40,10228,,"HEARING_ISO | 2026-06-28T10:30:00.000Z || HEARING | 28 June 2026 at 11:30 || CHARGE | Possessing criminal property, contrary to section 329 of the Proceeds of Crime Act 2002"
sha:aed99790b486b87bec9ae071d98e1ae7146f22b3e5059f11e13f0b103b6776c9,PDF-aed99790b486,CB-TB-642_Walsh,aed99790b486b87bec9ae071d98e1ae7146f22b3e5059f11e13f0b103b6776c9,OFFLINE_PAPERS_PROJECTION,,MUTE,mute_phone_download,,mute_phone_download,,,src_charge|src_hearing|src_mg_forms|src_parties|src_dates|src_cctv|src_cctv_stills|papers_materials_40,8935,,"HEARING_ISO | 2026-08-06T10:30:00.000Z || HEARING | 06 August 2026 at 11:30 || CHARGE | Possession of a controlled drug of Class A, namely cocaine, with intent to supply, contrary to section 5(3) of the Misuse of Drugs Act"
sha:af39df05ae799f04df3b73d2270df99d4282c0c973198da5084b315345d2d83a,PDF-af39df05ae79,CB-TB-1974_Blythe,af39df05ae799f04df3b73d2270df99d4282c0c973198da5084b315345d2d83a,OFFLINE_PAPERS_PROJECTION,,MUTE,mute_phone_download,,mute_phone_download,,,src_charge|src_hearing|src_mg_forms|src_parties|src_dates|src_cctv|src_continuity|papers_materials_19,5402,,"HEARING_ISO | 2026-07-23T10:30:00.000Z || HEARING | 23 July 2026 11:30 || CHARGE | Possession of a controlled drug of Class B, contrary to section 5(2)"
sha:aee815a3b291b070ba66bf84299f15a91a580cd87d30422b4b2186ea83851c8d,PDF-aee815a3b291,CB-TB-1970_Mercer,aee815a3b291b070ba66bf84299f15a91a580cd87d30422b4b2186ea83851c8d,OFFLINE_PAPERS_PROJECTION,,MUTE,mute_phone_download,,mute_phone_download,,,src_charge|src_hearing|src_mg_forms|src_parties|src_dates|src_cctv|src_continuity|papers_materials_31,11808,,"HEARING_ISO | 2026-06-11T09:45:00.000Z || HEARING | 11 June 2026 10:45 || CHARGE | Possession of a controlled drug of Class A with intent to supply, contrary to section 5(3) of the Misuse of Drugs Act 1971"
sha:afc7ecab5f4c09c5d180ccec005f65ce77cffc860f3eaa7569c70b41aaf7882d,PDF-afc7ecab5f4c,CB-TB-571_Walsh,afc7ecab5f4c09c5d180ccec005f65ce77cffc860f3eaa7569c70b41aaf7882d,OFFLINE_PAPERS_PROJECTION,,MODALITY,modality_summary_vs_recording,,,modality_summary_vs_recording,,src_charge|src_hearing|src_mg_forms|src_parties|src_dates|src_continuity|papers_materials_32,3771,,"HEARING_ISO | 2026-07-20T09:30:00.000Z || HEARING | 20 July 2026 10:30 || CHARGE | Having an offensive weapon, contrary to s.1(1) Prevention of Crime Act 1953"
sha:aff8f630988344e9f3c27fc2949fd7af6960ca2d55cc3e58ff7aaf26b28effbd,PDF-aff8f6309883,CB-TB-339_Shaw,aff8f630988344e9f3c27fc2949fd7af6960ca2d55cc3e58ff7aaf26b28effbd,OFFLINE_PAPERS_PROJECTION,,MUTE,mute_phone_download,,mute_phone_download,,,src_charge|src_hearing|src_mg_forms|src_parties|src_dates|src_continuity|papers_materials_25,7462,,"HEARING_ISO | 2026-06-25T13:30:00.000Z || HEARING | 25 June 2026 at 14:30 || CHARGE | Fraud by false representation, s.2 Fraud Act 2006"
sha:b142df952756fc065083968b03b82c7d7c9d5fb6d9e592b3b52f063424e873d9,PDF-b142df952756,CB-TB-578_Patel,b142df952756fc065083968b03b82c7d7c9d5fb6d9e592b3b52f063424e873d9,OFFLINE_PAPERS_PROJECTION,,MODALITY,modality_summary_vs_recording,,,modality_summary_vs_recording,,src_charge|src_hearing|src_mg_forms|src_parties|src_dates|src_continuity|papers_materials_24,2671,,"HEARING_ISO | 2026-06-26T09:00:00.000Z || HEARING | 26 June 2026 10:00 || CHARGE | Harassment, contrary to section 2 Protection from Harassment Act 1997"
sha:b1a21896fa220b31c3b99ddd812277d89b49306d5e68bd356d901659df2ee71e,PDF-b1a21896fa22,CB-TB-2082_Ross,b1a21896fa220b31c3b99ddd812277d89b49306d5e68bd356d901659df2ee71e,OFFLINE_PAPERS_PROJECTION,,MUTE,mute_phone_download,,mute_phone_download,,,src_charge|src_hearing|src_mg_forms|src_parties|src_dates|src_cctv|src_continuity|papers_materials_18,3938,,"HEARING_ISO | 2026-07-04T11:30:00.000Z || HEARING | 4 July 2026 at 12:30 || CHARGE | Fraud by false representation, s.2 Fraud Act 2006"
sha:b1fbb47b19979e36e64f1c6f8242325b48052d4d6044d62e8a97d607348eec7e,PDF-b1fbb47b1997,CB-TB-1620_Nolan,b1fbb47b19979e36e64f1c6f8242325b48052d4d6044d62e8a97d607348eec7e,OFFLINE_PAPERS_PROJECTION,,MUTE,mute_phone_download,,mute_phone_download,,,src_charge|src_hearing|src_mg_forms|src_parties|src_dates|src_cctv|src_continuity|papers_materials_31,8106,,"HEARING_ISO | 2026-07-18T09:30:00.000Z || HEARING | 18 July 2026 at 10:30 || CHARGE | Offence Possession of criminal property, contrary to section 329 Proceeds of Crime Act 2002"
sha:b28057a4ae5b335b74357f75a0e4fa8318db89bf48fa801afd91bd47ebc4ee33,PDF-b28057a4ae5b,CB-TB-1626_Merritt,b28057a4ae5b335b74357f75a0e4fa8318db89bf48fa801afd91bd47ebc4ee33,OFFLINE_PAPERS_PROJECTION,,MUTE,mute_phone_download,,mute_phone_download,,,src_charge|src_hearing|src_mg_forms|src_parties|src_dates|src_cctv|src_continuity|papers_materials_26,6951,,"HEARING_ISO | 2026-08-05T11:30:00.000Z || HEARING | 5 August 2026 at 12:30 || CHARGE | Offence Possession of criminal property, contrary to section 329 Proceeds of Crime Act 2002"
sha:b3ab82c406b504e69f7b5d220c308961c68add333313c62b5e1ac7f8c4bc74c7,PDF-b3ab82c406b5,CB-TB-1548_Foster,b3ab82c406b504e69f7b5d220c308961c68add333313c62b5e1ac7f8c4bc74c7,OFFLINE_PAPERS_PROJECTION,,MUTE,mute_phone_download,,mute_phone_download,,,src_charge|src_hearing|src_mg_forms|src_parties|src_cctv|src_cctv_stills|papers_materials_18,4143,,"HEARING_ISO | 2026-06-23T11:00:00.000Z || HEARING | 23 June 2026 at 12:00 || CHARGE | Possessing criminal property, contrary to section 329 of"
sha:b3c8b69c4ca349a7e05c7f9a45b7ba7b2d251462ebe1f05dfb9b4490f8813a70,PDF-b3c8b69c4ca3,CB-TB-817_Shaw,b3c8b69c4ca349a7e05c7f9a45b7ba7b2d251462ebe1f05dfb9b4490f8813a70,OFFLINE_PAPERS_PROJECTION,,MUTE,mute_cctv_master,,mute_cctv_master,,,src_charge|src_hearing|src_mg_forms|src_id_procedure|src_dates|src_cctv|papers_materials_18,6734,,"HEARING_ISO | 2026-07-04T09:00:00.000Z || HEARING | 04 July 2026 at 10:00 || CHARGE | Main charge Perverting the course of justice, contrary to common law"
sha:b3af7fe1a3036e1108e28a7d71cf7fc6ab93145156261c845dc81843eb349fce,PDF-b3af7fe1a303,CB-TB-019_Santos,b3af7fe1a3036e1108e28a7d71cf7fc6ab93145156261c845dc81843eb349fce,OFFLINE_PAPERS_PROJECTION,,MUTE,mute_phone_download,,mute_phone_download,,,src_charge|src_hearing|src_mg_forms|src_cctv|src_continuity|papers_materials_40,10079,,"HEARING_ISO | 2026-07-08T09:00:00.000Z || HEARING | 08 July 2026 at 10:00 || CHARGE | Primary charge Being concerned in the supply of a controlled drug of Class A, contrary to section 4(3)(b) Misuse"
sha:b3f8eee524e73ecef9e374086ee540ed7dffb4f43b94176e3b14e8b62d8ff3f9,PDF-b3f8eee524e7,CB-TB-1989_Vale,b3f8eee524e73ecef9e374086ee540ed7dffb4f43b94176e3b14e8b62d8ff3f9,OFFLINE_PAPERS_PROJECTION,,MUTE,mute_phone_download,,mute_phone_download,,,src_charge|src_hearing|src_mg_forms|src_parties|src_dates|src_cctv|src_continuity|papers_materials_19,4118,,"HEARING_ISO | 2026-07-06T10:00:00.000Z || HEARING | 06 July 2026 11:00 || CHARGE | Dangerous driving, contrary to section 2 Road Traffic Act 1988"
sha:b3d2dbde2c12875238d1a4415aa1c55dc851a71c524557aa9bac8ed92976beaf,PDF-b3d2dbde2c12,CB-TB-212_Clarke,b3d2dbde2c12875238d1a4415aa1c55dc851a71c524557aa9bac8ed92976beaf,OFFLINE_PAPERS_PROJECTION,,MUTE,mute_phone_download,,mute_phone_download,,,src_charge|src_hearing|src_mg_forms|src_parties|src_dates|src_cctv|papers_materials_21,7794,,"HEARING_ISO | 2026-08-03T09:15:00.000Z || HEARING | 03 August 2026 at 10:15 || CHARGE | Affray, contrary to section 3 of the Public Order Act 1986"
sha:b4764009323c30d4f1c2e4cbdc86cff907a33c9d8118e14e705df2cbb4359489,PDF-b4764009323c,CB-TB-1940_Tobin,b4764009323c30d4f1c2e4cbdc86cff907a33c9d8118e14e705df2cbb4359489,OFFLINE_PAPERS_PROJECTION,,MUTE,mute_phone_download,,mute_phone_download,,,src_charge|src_hearing|src_mg_forms|src_parties|src_dates|src_cctv|src_continuity|papers_materials_24,4251,,"HEARING_ISO | 2026-07-31T10:30:00.000Z || HEARING | 31 July 2026 11:30 || CHARGE | Robbery, contrary to s.8 Theft Act 1968"
sha:b4d7ece89530fd975cf49042d634ef8799256a21db0cdd547ac020783ebb11f4,PDF-b4d7ece89530,CB-TB-1398_Turner,b4d7ece89530fd975cf49042d634ef8799256a21db0cdd547ac020783ebb11f4,OFFLINE_PAPERS_PROJECTION,,MUTE,mute_phone_download,,mute_phone_download,,,src_charge|src_hearing|src_mg_forms|src_id_procedure|src_parties|src_dates|src_cctv|src_continuity|papers_materials_31,7233,,"HEARING_ISO | 2026-08-28T09:30:00.000Z || HEARING | 28 August 2026 at 10:30 || CHARGE | Conspiracy to supply a controlled drug of Class A, contrary to section 1 of the Criminal Law Act 1977"
sha:b4f625b0f73407941a7ebddca7ecb4e21e2e9e0ed5a8a946c7278a42c3f6360f,PDF-b4f625b0f734,CB-TB-108_Hayes,b4f625b0f73407941a7ebddca7ecb4e21e2e9e0ed5a8a946c7278a42c3f6360f,OFFLINE_PAPERS_PROJECTION,,MODALITY,modality_summary_vs_recording,,,modality_summary_vs_recording,,src_charge|src_hearing|src_mg_forms|src_parties|src_cctv|src_continuity|papers_materials_28,6917,,"HEARING_ISO | 2026-07-14T09:15:00.000Z || HEARING | 14 July 2026 at 10:15 || CHARGE | Theft, contrary to s.1 Theft Act 1968"
sha:b4e3e5b05e578263b58ec8fcae9a6288e9d761f194183c2bbfbda47e4ba2188e,PDF-b4e3e5b05e57,CB-TB-1937_Rahman,b4e3e5b05e578263b58ec8fcae9a6288e9d761f194183c2bbfbda47e4ba2188e,OFFLINE_PAPERS_PROJECTION,,MUTE,mute_phone_download,,mute_phone_download,,,src_charge|src_hearing|src_mg_forms|src_parties|src_dates|src_cctv|src_continuity|papers_materials_23,8574,,"HEARING_ISO | 2026-06-30T09:15:00.000Z || HEARING | 30 June 2026 10:15 || CHARGE | Assault occasioning actual bodily harm, s.47"
sha:b569949a488c7b776e779c471b636aea8d39782764ca6359b3717fdf83c7493f,PDF-b569949a488c,CB-TB-1062_Reynolds,b569949a488c7b776e779c471b636aea8d39782764ca6359b3717fdf83c7493f,OFFLINE_PAPERS_PROJECTION,,MUTE,mute_phone_download,,mute_phone_download,,,src_charge|src_hearing|src_mg_forms|src_parties|src_dates|src_cctv|papers_materials_27,4446,,"HEARING_ISO | 2026-07-11T13:00:00.000Z || HEARING | 11 July 2026 at 14:00 || CHARGE | Theft, contrary to s.1 Theft Act 1968"
sha:b57415a7c36e4b09317d4fe64f4e117d7dd4becea4a799def17d05f0311dfc30,PDF-b57415a7c36e,NS-CPS-2026-0440 - Copy (2),b57415a7c36e4b09317d4fe64f4e117d7dd4becea4a799def17d05f0311dfc30,OFFLINE_PAPERS_PROJECTION,,MUTE,mute_cctv_master,,mute_cctv_master,,,src_charge|src_hearing|src_mg_forms|src_parties|src_dates|src_cctv|src_continuity|papers_materials_28,4706,,CHARGE | Mixed counts: theft + blade + POA || Other party / key witness: EMMA FLETCHER (DOB 03/01/1995) | unclear | Other party / key witness: EMMA FLETCHER (DOB 03/01/1995) || Charge sheet extract | Below | unclear | Charge sheet extract |
sha:b5a195f15f3ef7e17b68560fe05f307f89850eeec7457af14801a53a43bc8754,PDF-b5a195f15f3e,CB-TB-270_Nolan,b5a195f15f3ef7e17b68560fe05f307f89850eeec7457af14801a53a43bc8754,OFFLINE_PAPERS_PROJECTION,,MUTE,mute_phone_download,,mute_phone_download,,,src_charge|src_hearing|src_mg_forms|src_parties|src_dates|src_cctv|papers_materials_25,12587,,"HEARING_ISO | 2026-08-09T10:30:00.000Z || HEARING | 09 August 2026 at 11:30 || CHARGE | Possession of a Class B controlled drug, contrary to section 5(2) of the Misuse of Drugs Act 1971"
sha:b626549716466ffae714afaabc3f2c3509b63319b657b1a5023882e151bad7e4,PDF-b62654971646,CB-TB-1998_Keane,b626549716466ffae714afaabc3f2c3509b63319b657b1a5023882e151bad7e4,OFFLINE_PAPERS_PROJECTION,,MUTE,mute_phone_download,,mute_phone_download,,,src_charge|src_hearing|src_mg_forms|src_parties|src_dates|src_cctv|src_continuity|papers_materials_24,7544,,"HEARING_ISO | 2026-08-26T10:00:00.000Z || HEARING | 26 August 2026 11:00 || CHARGE | Possession of a controlled drug of Class A with intent to supply, contrary to section 5(3) of the Misuse of Drugs Act 1971"
sha:b6633c86ce49a2c5377e8c539efc9eb0fb7b6562a489d1bdefcf51df769af112,PDF-b6633c86ce49,CB-TB-218_Hart,b6633c86ce49a2c5377e8c539efc9eb0fb7b6562a489d1bdefcf51df769af112,OFFLINE_PAPERS_PROJECTION,,MUTE,mute_phone_download,,mute_phone_download,,,src_charge|src_hearing|src_mg_forms|src_parties|src_dates|src_continuity|papers_materials_22,7949,,"HEARING_ISO | 2026-08-21T13:00:00.000Z || HEARING | 21 August 2026 at 14:00 || CHARGE | Possession of a Class A controlled drug with intent to supply, contrary to section 5(3) of the Misuse of Drugs Act 1971"
sha:b66ef5497d8b0e7eb234662f638192622e3f805d0821e4a5ef7d2995369159e2,PDF-b66ef5497d8b,CB-TB-926_Ellis,b66ef5497d8b0e7eb234662f638192622e3f805d0821e4a5ef7d2995369159e2,OFFLINE_PAPERS_PROJECTION,,MUTE,mute_phone_download,,mute_phone_download,,,src_charge|src_hearing|src_mg_forms|src_parties|src_cctv|papers_materials_21,4709,,"HEARING_ISO | 2026-08-04T09:15:00.000Z || HEARING | 04/08/2026 10:15 || CHARGE | Breach of a restraining order, contrary to section 5 of the Protection from Harassment Act 1997"
sha:b6dea1752d4ab480ff47064677fa52831e85b94e3695be7efc3ceb8324564a03,PDF-b6dea1752d4a,CB-TB-1224_Mason,b6dea1752d4ab480ff47064677fa52831e85b94e3695be7efc3ceb8324564a03,OFFLINE_PAPERS_PROJECTION,,MUTE,mute_phone_download,,mute_phone_download,,,src_charge|src_hearing|src_mg_forms|src_parties|src_dates|src_cctv|src_cctv_stills|src_continuity|papers_materials_27,6618,,"HEARING_ISO | 2026-08-26T09:30:00.000Z || HEARING | 26/08/2026 10:30 || CHARGE | removing criminal property, contrary to section 327"
sha:b69ad96bd8a0648a7816fdb041b4a8feae90ed611a4985cfe9b249f130ef8753,PDF-b69ad96bd8a0,CB-TB-2173_Okonkwo,b69ad96bd8a0648a7816fdb041b4a8feae90ed611a4985cfe9b249f130ef8753,OFFLINE_PAPERS_PROJECTION,,MUTE,mute_phone_download,,mute_phone_download,,,src_charge|src_hearing|src_mg_forms|src_parties|src_cctv|src_continuity|papers_materials_29,6729,,"HEARING_ISO | 2026-06-27T10:00:00.000Z || HEARING | 27 June 2026 at 11:00 || CHARGE | Offence Possession of criminal property, contrary to section 329 Proceeds of Crime Act 2002"
sha:b6c63785bb46a0b2d4be65022bed1b182e643a926e18188d9d11139597f383ca,PDF-b6c63785bb46,CB-TB-586_Nair,b6c63785bb46a0b2d4be65022bed1b182e643a926e18188d9d11139597f383ca,OFFLINE_PAPERS_PROJECTION,,MODALITY,modality_summary_vs_recording,,,modality_summary_vs_recording,,src_charge|src_hearing|src_mg_forms|src_parties|src_dates|src_cctv|src_continuity|papers_materials_36,7735,,"HEARING_ISO | 2026-06-22T09:00:00.000Z || HEARING | 22 June 2026 10:00 || CHARGE | Wounding with intent to cause grievous bodily harm, s.18 OAPA 1861"
sha:b78d06ec997d032fa06da625af632696568c9423f294b5e8f51a921fee7ef16c,PDF-b78d06ec997d,CB-TB-1269_Price,b78d06ec997d032fa06da625af632696568c9423f294b5e8f51a921fee7ef16c,OFFLINE_PAPERS_PROJECTION,,MUTE,mute_phone_download,,mute_phone_download,,,src_charge|src_hearing|src_mg_forms|src_parties|src_dates|src_cctv|papers_materials_15,3720,,"HEARING_ISO | 2026-08-11T09:30:00.000Z || HEARING | 11/08/2026 10:30 || CHARGE | Driving without due care and attention, contrary to section 3 Road Traffic Act 1988"
sha:b7e2c1718d1ec5d1db561cbed415216e7be771e2ebc07516f20000e20ac5f653,PDF-b7e2c1718d1e,CB-TB-549_Hale,b7e2c1718d1ec5d1db561cbed415216e7be771e2ebc07516f20000e20ac5f653,OFFLINE_PAPERS_PROJECTION,,MODALITY,modality_summary_vs_recording,,,modality_summary_vs_recording,,src_charge|src_hearing|src_mg_forms|src_parties|src_dates|src_cctv|src_continuity|papers_materials_33,5012,,"HEARING_ISO | 2026-06-17T09:00:00.000Z || HEARING | 17 June 2026 10:00 || CHARGE | Burglary, contrary to section 9 Theft Act 1968"
sha:b7e34d40487649503d8639ce07d2985dff4dc3987fc89658902a5de440eb64b9,PDF-b7e34d404876,CB-TB-1450_Ross,b7e34d40487649503d8639ce07d2985dff4dc3987fc89658902a5de440eb64b9,OFFLINE_PAPERS_PROJECTION,,MUTE,mute_phone_download,,mute_phone_download,,,src_charge|src_hearing|src_mg_forms|src_parties|src_dates|src_cctv|src_continuity|papers_materials_26,6523,,"HEARING_ISO | 2026-07-20T10:15:00.000Z || HEARING | 20 July 2026 at 11:15 || CHARGE | Assault occasioning actual bodily harm, s.47 OAPA 1861"
sha:b7bdff5b304cda01515e1e7e51941e1e3a4e91b61d8c34184fce56af0fdaa887,PDF-b7bdff5b304c,CB-TB-1467_Merritt,b7bdff5b304cda01515e1e7e51941e1e3a4e91b61d8c34184fce56af0fdaa887,OFFLINE_PAPERS_PROJECTION,,MUTE,mute_phone_download,,mute_phone_download,,,src_charge|src_hearing|src_mg_forms|src_id_procedure|src_parties|src_dates|src_cctv|src_continuity|papers_materials_31,10259,,"HEARING_ISO | 2026-07-07T10:15:00.000Z || HEARING | 07 July 2026 at 11:15 || CHARGE | Possession of a controlled drug of Class B, contrary to section 5(2) of the Misuse of Drugs Act 1971"
sha:b8472793e10bc0273c10d5cbe6994908cca94af801e3f221bc43cd63415032a0,PDF-b8472793e10b,CB-TB-1830_Booth,b8472793e10bc0273c10d5cbe6994908cca94af801e3f221bc43cd63415032a0,OFFLINE_PAPERS_PROJECTION,,MUTE,mute_phone_download,,mute_phone_download,,,src_charge|src_hearing|src_mg_forms|src_parties|src_dates|src_cctv|src_continuity|papers_materials_29,5350,,"HEARING_ISO | 2026-07-02T09:30:00.000Z || HEARING | 02 July 2026 10:30 || CHARGE | Robbery, contrary to s.8 Theft Act 1968"
sha:b92ec00fb6ff4dd381444976e77ab19d12fc644724df58260ee1f34ef08e87bf,PDF-b92ec00fb6ff,NS-CPS-2026-0439 - Copy (2),b92ec00fb6ff4dd381444976e77ab19d12fc644724df58260ee1f34ef08e87bf,OFFLINE_PAPERS_PROJECTION,,MUTE,mute_cctv_master,,mute_cctv_master,,,src_charge|src_hearing|src_mg_forms|src_parties|src_dates|src_cctv|src_continuity|papers_materials_28,4655,,CHARGE | Affray + assault PC || Other party / key witness: DANIEL REID (DOB 03/01/1994) | unclear | Other party / key witness: DANIEL REID (DOB 03/01/1994) || Charge sheet extract | Below | unclear | Charge sheet extract | Below
sha:b96efc508078f592aec543c7d46a21bfb427b61c22c8ee32e65bc9338efc299b,PDF-b96efc508078,CB-TB-289_Doyle,b96efc508078f592aec543c7d46a21bfb427b61c22c8ee32e65bc9338efc299b,OFFLINE_PAPERS_PROJECTION,,MUTE,mute_phone_download,,mute_phone_download,,,src_charge|src_hearing|src_mg_forms|src_parties|src_dates|src_cctv|src_continuity|papers_materials_18,5676,,"HEARING_ISO | 2026-07-13T08:30:00.000Z || HEARING | 13 July 2026 at 09:30 || CHARGE | Fraud by false representation, s.2 Fraud Act 2006"
sha:b9ed34c4b2832801aa321f1b954ebf0b6e8571016515bbb56461fe63dd476053,PDF-b9ed34c4b283,CB-TB-536_Foster,b9ed34c4b2832801aa321f1b954ebf0b6e8571016515bbb56461fe63dd476053,OFFLINE_PAPERS_PROJECTION,,MODALITY,modality_summary_vs_recording,,,modality_summary_vs_recording,,src_charge|src_hearing|src_mg_forms|src_parties|src_dates|src_continuity|papers_materials_34,3779,,HEARING_ISO | 2026-07-19T13:00:00.000Z || HEARING | 19 July 2026 14:00 || CHARGE | contrary to section 20 Offences Against the Person Act 1861
sha:ba1de2019abd567a626358b82ad651806037c381de7ba6dccebb9266f55e7078,PDF-ba1de2019abd,CB-TB-647_Patel,ba1de2019abd567a626358b82ad651806037c381de7ba6dccebb9266f55e7078,OFFLINE_PAPERS_PROJECTION,,MUTE,mute_phone_download,,mute_phone_download,,,src_charge|src_hearing|src_mg_forms|src_parties|src_dates|src_cctv|src_cctv_stills|src_continuity|papers_materials_29,6299,,"HEARING_ISO | 2026-08-21T11:30:00.000Z || HEARING | 21 August 2026 at 12:30 || CHARGE | Fraud by false representation, s.2 Fraud Act 2006"
sha:ba5ebe73ebc5d6f4ec6f69349653cbd6dabeb3eefb201cecaf7772fec83f457d,PDF-ba5ebe73ebc5,CB-TB-2196_Hughes,ba5ebe73ebc5d6f4ec6f69349653cbd6dabeb3eefb201cecaf7772fec83f457d,OFFLINE_PAPERS_PROJECTION,,MUTE,mute_phone_download,,mute_phone_download,,,src_charge|src_hearing|src_mg_forms|src_parties|src_dates|src_cctv|src_continuity|papers_materials_24,7629,,"HEARING_ISO | 2026-06-26T09:30:00.000Z || HEARING | 26 June 2026 at 10:30 || CHARGE | Offence Possession of a controlled drug of Class B, contrary to section 5(2) Misuse of Drugs Act 1971"
sha:ba99ab943ab36e9598385e28ced82160b001622f93535d97338da3ca571713e5,PDF-ba99ab943ab3,CB-TB-826_Marsh,ba99ab943ab36e9598385e28ced82160b001622f93535d97338da3ca571713e5,OFFLINE_PAPERS_PROJECTION,,MUTE,mute_phone_download,,mute_phone_download,,,src_charge|src_hearing|src_mg_forms|src_parties|src_cctv|papers_materials_15,5943,,"HEARING_ISO | 2026-07-31T08:30:00.000Z || HEARING | 31 July 2026 at 09:30 || CHARGE | Main charge Possession of cannabis, a controlled drug of Class B, contrary to section 5(2) of the"
sha:bb2b958b7d0efdcb6a46dd877fa0e7baaae4eadb4170a4e8a6c29ca52119b98a,PDF-bb2b958b7d0e,CB-TB-552_Clarke,bb2b958b7d0efdcb6a46dd877fa0e7baaae4eadb4170a4e8a6c29ca52119b98a,OFFLINE_PAPERS_PROJECTION,,MODALITY,modality_summary_vs_recording,,,modality_summary_vs_recording,,src_charge|src_hearing|src_mg_forms|src_parties|src_dates|src_cctv|src_continuity|papers_materials_40,9689,,"HEARING_ISO | 2026-06-16T09:00:00.000Z || HEARING | 16 June 2026 10:00 || CHARGE | Possession of a bladed article in a public place, contrary to section 139 Criminal Justice Act 1988"
sha:bbf9db082ac02f162c3dc4905871904660929d03d507d94abcf13a5468ef3bef,PDF-bbf9db082ac0,CB-TB-1225_Ward,bbf9db082ac02f162c3dc4905871904660929d03d507d94abcf13a5468ef3bef,OFFLINE_PAPERS_PROJECTION,,MUTE,mute_phone_download,,mute_phone_download,,,src_charge|src_hearing|src_mg_forms|src_id_procedure|src_parties|src_dates|src_cctv_stills|src_continuity|papers_materials_19,4268,,HEARING_ISO | 2026-06-15T13:00:00.000Z || HEARING | 15/06/2026 14:00 || CHARGE | Doing an act tending and intended to pervert the course of public justice
sha:bb959e4ea1699db914bc6442794aff189793dbf37e72b0142c65b9d9f8037027,PDF-bb959e4ea169,CB-TB-562_Thornton,bb959e4ea1699db914bc6442794aff189793dbf37e72b0142c65b9d9f8037027,OFFLINE_PAPERS_PROJECTION,,MODALITY,modality_summary_vs_recording,,,modality_summary_vs_recording,,src_charge|src_hearing|src_mg_forms|src_parties|src_dates|src_continuity|papers_materials_36,4807,,HEARING_ISO | 2026-07-18T13:00:00.000Z || HEARING | 18 July 2026 14:00 || CHARGE | Doing an act tending and intended to pervert the course of public justice
sha:bb5fc487b8dcbe7d579cc009e75fb87556bee6ac64871a7c21acd4ab04b8376e,PDF-bb5fc487b8dc,CB-TB-1882_Walsh,bb5fc487b8dcbe7d579cc009e75fb87556bee6ac64871a7c21acd4ab04b8376e,OFFLINE_PAPERS_PROJECTION,,MUTE,mute_phone_download,,mute_phone_download,,,src_charge|src_hearing|src_mg_forms|src_parties|src_dates|papers_materials_28,7109,,"HEARING_ISO | 2026-07-08T11:00:00.000Z || HEARING | 08 July 2026 12:00 || CHARGE | Having an offensive weapon, contrary to s.1(1) Prevention of Crime Act 1953"
sha:bc159f47c1a9c30eb4b78f0e2bc687ed4220a9c4cf8ab01b149d425ef1e90a5d,PDF-bc159f47c1a9,CB-TB-508_Price,bc159f47c1a9c30eb4b78f0e2bc687ed4220a9c4cf8ab01b149d425ef1e90a5d,OFFLINE_PAPERS_PROJECTION,,MODALITY,modality_summary_vs_recording,,,modality_summary_vs_recording,,src_charge|src_hearing|src_mg_forms|src_parties|src_dates|src_continuity|papers_materials_28,3330,,HEARING_ISO | 2026-06-24T13:00:00.000Z || HEARING | 24 June 2026 14:00 || CHARGE | Possession of a controlled drug of Class A with intent to supply contrary to section 5(3) Misuse of Drugs Act 1971
sha:bcb38d0439e3324cc1b05775b3c86a0e1498205caacee5ecd71f826b7bc2ba10,PDF-bcb38d0439e3,CB-TB-2138_Okonkwo,bcb38d0439e3324cc1b05775b3c86a0e1498205caacee5ecd71f826b7bc2ba10,OFFLINE_PAPERS_PROJECTION,,MUTE,mute_phone_download,,mute_phone_download,,,src_charge|src_hearing|src_mg_forms|src_parties|src_dates|src_cctv|src_continuity|papers_materials_24,6132,,"HEARING_ISO | 2026-08-01T11:00:00.000Z || HEARING | 1 August 2026 at 12:00 || CHARGE | Offence Possession of a controlled drug of Class A with intent to supply, contrary to section 5(3) Misuse of Drugs Act 1971"
sha:be281d8de2ee39f705951eb44ebee0abec18682f70f4358682c635068c5e7556,PDF-be281d8de2ee,CB-TB-1874_Marsden,be281d8de2ee39f705951eb44ebee0abec18682f70f4358682c635068c5e7556,OFFLINE_PAPERS_PROJECTION,,MUTE,mute_phone_download,,mute_phone_download,,,src_charge|src_hearing|src_mg_forms|src_parties|src_dates|src_cctv|src_continuity|papers_materials_26,5064,,"HEARING_ISO | 2026-08-28T09:30:00.000Z || HEARING | 28 August 2026 10:30 || CHARGE | Assault occasioning actual bodily harm, s.47 OAPA 1861"
sha:bed8d7e795af8a40425a969e2acac5a9ec4518dd1db08ecc7db1cd9feb4411e7,PDF-bed8d7e795af,CB-TB-1929_Forrest,bed8d7e795af8a40425a969e2acac5a9ec4518dd1db08ecc7db1cd9feb4411e7,OFFLINE_PAPERS_PROJECTION,,MUTE,mute_phone_download,,mute_phone_download,,,src_charge|src_hearing|src_mg_forms|src_parties|src_dates|src_cctv|src_continuity|papers_materials_24,6283,,"HEARING_ISO | 2026-08-04T13:45:00.000Z || HEARING | 04 August 2026 14:45 || CHARGE | Assault occasioning actual bodily harm, s.47"
sha:bf73e78b3b3c2b1bb21f3053826264a0eaa3f66bb46e002bbdca2e637f55e438,PDF-bf73e78b3b3c,CB-TB-533_Price,bf73e78b3b3c2b1bb21f3053826264a0eaa3f66bb46e002bbdca2e637f55e438,OFFLINE_PAPERS_PROJECTION,,MODALITY,modality_summary_vs_recording,,mute_phone_download,modality_summary_vs_recording,,src_charge|src_hearing|src_mg_forms|src_parties|src_dates|src_continuity|papers_materials_39,6942,,"HEARING_ISO | 2026-07-25T13:00:00.000Z || HEARING | 25 July 2026 14:00 || CHARGE | Having an offensive weapon, contrary to s.1(1) Prevention of Crime Act 1953"
sha:bfc5983e942df13b4a8b921d0c0f10b42b179a6dc5ec3a48527dd93df0e76944,PDF-bfc5983e942d,CB-TB-512_Hale,bfc5983e942df13b4a8b921d0c0f10b42b179a6dc5ec3a48527dd93df0e76944,OFFLINE_PAPERS_PROJECTION,,MODALITY,modality_summary_vs_recording,,mute_phone_download,modality_summary_vs_recording,,src_charge|src_hearing|src_mg_forms|src_parties|src_dates|src_continuity|papers_materials_37,5974,,HEARING_ISO | 2026-06-17T10:15:00.000Z || HEARING | 17 June 2026 11:15 || CHARGE | Doing an act tending and intended to pervert the course of public justice
sha:c08b7aacece88da4ad5973c58adf2d14f0ff826242a05a1379629d6af63f1866,PDF-c08b7aacece8,CB-TB-1281_Pike,c08b7aacece88da4ad5973c58adf2d14f0ff826242a05a1379629d6af63f1866,OFFLINE_PAPERS_PROJECTION,,MUTE,mute_phone_download,,mute_phone_download,,,src_charge|src_hearing|src_mg_forms|src_parties|src_dates|src_cctv|src_continuity|papers_materials_18,4031,,"HEARING_ISO | 2026-07-03T09:00:00.000Z || HEARING | Hearing03/07/2026 10:00Court Crown || CHARGE | Harassment, contrary to section 2 Protection from Harassment Act 1997"
sha:c0618de08b8942d674daa0eaed9538dbeb342b18decfd7c2165e8c647b572002,PDF-c0618de08b89,CB-TB-652_Rees,c0618de08b8942d674daa0eaed9538dbeb342b18decfd7c2165e8c647b572002,OFFLINE_PAPERS_PROJECTION,,MUTE,mute_phone_download,,mute_phone_download,,,src_charge|src_hearing|src_mg_forms|src_parties|src_dates|src_cctv|src_cctv_stills|src_continuity|papers_materials_40,9255,,"HEARING_ISO | 2026-06-22T08:30:00.000Z || HEARING | 22 June 2026 at 09:30 || CHARGE | Fraud by false representation, s.2 Fraud Act 2006"
sha:c14e1ff2205be9dce961b8684a6de40693c7421ad8252fdc9ed005689b1a8cfc,PDF-c14e1ff2205b,CB-TB-565_Flint,c14e1ff2205be9dce961b8684a6de40693c7421ad8252fdc9ed005689b1a8cfc,OFFLINE_PAPERS_PROJECTION,,MODALITY,modality_summary_vs_recording,,,modality_summary_vs_recording,,src_charge|src_hearing|src_mg_forms|src_parties|src_dates|src_cctv|src_continuity|papers_materials_32,5107,,"HEARING_ISO | 2026-06-19T13:00:00.000Z || HEARING | 19 June 2026 14:00 || CHARGE | Theft, contrary to s.1 Theft Act 1968"
sha:c1c78eadba973d48796240eaa749d809bfcfe494cc3209b5c87b5e39f9667aad,PDF-c1c78eadba97,CB-TB-527_Mitchell,c1c78eadba973d48796240eaa749d809bfcfe494cc3209b5c87b5e39f9667aad,OFFLINE_PAPERS_PROJECTION,,MODALITY,modality_summary_vs_recording,,mute_phone_download,modality_summary_vs_recording,,src_charge|src_hearing|src_mg_forms|src_parties|src_dates|src_cctv|src_continuity|papers_materials_29,3313,,"HEARING_ISO | 2026-06-24T09:00:00.000Z || HEARING | 24 June 2026 10:00 || CHARGE | Fraud by false representation, s.2 Fraud Act 2006"
sha:c21d7a85399b23ceeb08406fd9edaf797395145127ef323782223ed445646116,PDF-c21d7a85399b,CB-TB-2092_Barlow,c21d7a85399b23ceeb08406fd9edaf797395145127ef323782223ed445646116,OFFLINE_PAPERS_PROJECTION,,MUTE,mute_cad_999,,mute_cad_999,,,src_charge|src_hearing|src_mg_forms|src_parties|src_dates|src_cctv|src_continuity|papers_materials_24,8352,,"HEARING_ISO | 2026-08-03T09:00:00.000Z || HEARING | 3 August 2026 at 10:00 || CHARGE | Offence Using threatening or abusive words or behaviour, contrary to section 4 Public Order Act 1986"
sha:c3288503cdfbcaecf80ceaf29ad3d28b6ea1424b688011a9bd164460e5ecd6fa,PDF-c3288503cdfb,CB-TB-644_Walsh,c3288503cdfbcaecf80ceaf29ad3d28b6ea1424b688011a9bd164460e5ecd6fa,OFFLINE_PAPERS_PROJECTION,,MUTE,mute_phone_download,,mute_phone_download,,,src_charge|src_hearing|src_mg_forms|src_parties|src_dates|src_cctv|src_cctv_stills|papers_materials_38,7353,,"HEARING_ISO | 2026-08-12T08:30:00.000Z || HEARING | 12 August 2026 at 09:30 || CHARGE | Fraud by false representation, s.2 Fraud Act 2006"
sha:c300e8925ef0476d22cb59c746dd86b0353c5b9fe41e6ef419682e48936a579c,PDF-c300e8925ef0,CB-TB-2137_Kerr,c300e8925ef0476d22cb59c746dd86b0353c5b9fe41e6ef419682e48936a579c,OFFLINE_PAPERS_PROJECTION,,MUTE,mute_phone_download,,mute_phone_download,,,src_charge|src_hearing|src_mg_forms|src_parties|src_dates|src_cctv|src_continuity|papers_materials_25,6919,,"HEARING_ISO | 2026-07-29T10:00:00.000Z || HEARING | 29 July 2026 at 11:00 || CHARGE | Offence Possession of criminal property, contrary to section 329 Proceeds of Crime Act 2002"
sha:c3c7ae8a4b632a64830b939a4b0ee45607d5df6c1bb6d2fe455a1b6d22c2120c,PDF-c3c7ae8a4b63,CB-TB-338_Miles,c3c7ae8a4b632a64830b939a4b0ee45607d5df6c1bb6d2fe455a1b6d22c2120c,OFFLINE_PAPERS_PROJECTION,,MUTE,mute_phone_download,,mute_phone_download,,,src_charge|src_hearing|src_mg_forms|src_parties|src_dates|src_cctv|src_cctv_stills|src_continuity|papers_materials_16,5211,,"HEARING_ISO | 2026-06-22T09:00:00.000Z || HEARING | 22 June 2026 at 10:00 || CHARGE | Assault occasioning actual bodily harm, s.47 OAPA 1861"
sha:c388fba017dbd8d0505e787b730c72ee69acbc97d285a5c0f385bbece90daafc,PDF-c388fba017db,CB-TB-844_Okonkwo,c388fba017dbd8d0505e787b730c72ee69acbc97d285a5c0f385bbece90daafc,OFFLINE_PAPERS_PROJECTION,,MUTE,mute_phone_download,,mute_phone_download,,,src_charge|src_hearing|src_mg_forms|src_dates|src_cctv|papers_materials_17,10822,,"HEARING_ISO | 2026-07-09T10:15:00.000Z || HEARING | 09 July 2026 at 11:15 || CHARGE | Main charge Possession of cannabis, a controlled drug of Class B, contrary to section 5(2) of the"
sha:c3f8bb52de0b232a3d689648146a79d27a77007bfc8a549b15fe2634a03e6f23,PDF-c3f8bb52de0b,CB-TB-2143_Kerr,c3f8bb52de0b232a3d689648146a79d27a77007bfc8a549b15fe2634a03e6f23,OFFLINE_PAPERS_PROJECTION,,MUTE,mute_cad_999,,mute_cad_999,,,src_charge|src_hearing|src_mg_forms|src_parties|src_dates|src_cctv|src_continuity|papers_materials_23,11152,,"HEARING_ISO | 2026-08-16T12:00:00.000Z || HEARING | 16 August 2026 at 13:00 || CHARGE | Offence Unlawful wounding, contrary to section 20 Offences Against the Person Act 1861"
sha:c457da49f8a81243f00bce2f171eebd39f6d6b926569b5bafdd86260ea66b220,PDF-c457da49f8a8,CB-TB-591_Evans,c457da49f8a81243f00bce2f171eebd39f6d6b926569b5bafdd86260ea66b220,OFFLINE_PAPERS_PROJECTION,,MODALITY,modality_summary_vs_recording,,,modality_summary_vs_recording,,src_charge|src_hearing|src_mg_forms|src_parties|src_dates|src_continuity|papers_materials_34,5021,,"HEARING_ISO | 2026-06-17T13:00:00.000Z || HEARING | 17 June 2026 14:00 || CHARGE | Theft, contrary to s.1 Theft Act 1968"
sha:c453d050c5ac12f9a1582b461c700e0123a76e31f99734c22b9fcc43910d3362,PDF-c453d050c5ac,CB-TB-2142_Ford,c453d050c5ac12f9a1582b461c700e0123a76e31f99734c22b9fcc43910d3362,OFFLINE_PAPERS_PROJECTION,,MUTE,mute_export_log,,mute_export_log,,,src_charge|src_hearing|src_mg_forms|src_parties|src_dates|src_cctv|src_continuity|papers_materials_21,5351,,"HEARING_ISO | 2026-08-13T11:30:00.000Z || HEARING | 13 August 2026 at 12:30 || CHARGE | Offence Using threatening or abusive words or behaviour, contrary to section 4 Public Order Act 1986"
sha:c44399e2b4df1d99fce490137f59f4a099d5dc1c6f61d414f7252ce1108f85e4,PDF-c44399e2b4df,CB-TB-579_Hale,c44399e2b4df1d99fce490137f59f4a099d5dc1c6f61d414f7252ce1108f85e4,OFFLINE_PAPERS_PROJECTION,,MODALITY,modality_summary_vs_recording,,,modality_summary_vs_recording,,src_charge|src_hearing|src_mg_forms|src_parties|src_dates|src_cctv|src_continuity|papers_materials_40,9526,,"HEARING_ISO | 2026-08-23T13:00:00.000Z || HEARING | 23 August 2026 14:00 || CHARGE | Possession of a bladed article in a public place, contrary to section 139 Criminal Justice Act 1988"
sha:c47dbef009832fedcb88611cd2f4dbe58b2139809efa97b8314ac23e6894ea8a,PDF-c47dbef00983,CB-TB-496_Howard,c47dbef009832fedcb88611cd2f4dbe58b2139809efa97b8314ac23e6894ea8a,OFFLINE_PAPERS_PROJECTION,,MODALITY,modality_screenshot_vs_download,,,modality_screenshot_vs_download,,src_charge|src_hearing|src_mg_forms|src_parties|src_cctv|src_continuity|papers_materials_15,3555,,"HEARING_ISO | 2026-07-31T08:30:00.000Z || HEARING | 31 July 2026 at 09:30 || CHARGE | Possession of a controlled drug of Class A with intent to supply, contrary to section 5(3) Misuse of"
sha:c48fb5551de535c8cd4beccb7c3aec47a4b62edc1cd3a07d5a216be63e7c6cd5,PDF-c48fb5551de5,CB-TB-1746_Nolan,c48fb5551de535c8cd4beccb7c3aec47a4b62edc1cd3a07d5a216be63e7c6cd5,OFFLINE_PAPERS_PROJECTION,,MUTE,mute_phone_download,,mute_phone_download,,,src_charge|src_hearing|src_mg_forms|src_parties|src_cctv|papers_materials_28,4800,,"HEARING_ISO | 2026-08-19T09:30:00.000Z || HEARING | 19 August 2026 10:30 || CHARGE | Threatening behaviour, contrary to section 4 of the Public Order Act 1986"
sha:c48b6700e810ab6d3fac005be09a18c146720b369b9c242c6882e539b572a007,PDF-c48b6700e810,CB-TB-1027_Bradley,c48b6700e810ab6d3fac005be09a18c146720b369b9c242c6882e539b572a007,OFFLINE_PAPERS_PROJECTION,,MUTE,mute_phone_download,,mute_phone_download,,,src_charge|src_hearing|src_mg_forms|src_parties|src_dates|src_cctv|src_cctv_stills|src_continuity|papers_materials_40,9303,,"HEARING_ISO | 2026-07-01T10:15:00.000Z || HEARING | 01 July 2026 at 11:15 || CHARGE | Possession with intent to supply cocaine, contrary to section 5(3) Misuse of Drugs Act 1971"
sha:c4d91d10ca43c7b26542589f6a8e7e820428b04b600f1daaa40f529d82c694e2,PDF-c4d91d10ca43,NS-CPS-2026-0504,c4d91d10ca43c7b26542589f6a8e7e820428b04b600f1daaa40f529d82c694e2,OFFLINE_PAPERS_PROJECTION,,ERROR,engine_error,,,,,,0,"corrupt_or_protected:PDF parsing failed: bad XRef entry. The PDF may be corrupted, password-protected, or use an unsupported format.",
sha:c57151ebc2786e6d241bee1180441432ad50ed898ad1cbf101112bb2bbea82c8,PDF-c57151ebc278,CB-TB-2012_Bennett,c57151ebc2786e6d241bee1180441432ad50ed898ad1cbf101112bb2bbea82c8,OFFLINE_PAPERS_PROJECTION,,MUTE,mute_phone_download,,mute_phone_download,,,src_charge|src_hearing|src_mg_forms|src_parties|src_dates|src_cctv|src_continuity|papers_materials_28,8834,,"HEARING_ISO | 2026-07-04T09:00:00.000Z || HEARING | 4 July 2026 at 10:00 || CHARGE | Offence Possession of a controlled drug of Class A with intent to supply, contrary to section 5(3) Misuse of Drugs Act 1971"
sha:c563a3b4f1fd948c6af99795f126369962e1ec578d57164c65493b058934dd68,PDF-c563a3b4f1fd,CB-TB-1798_Marsden,c563a3b4f1fd948c6af99795f126369962e1ec578d57164c65493b058934dd68,OFFLINE_PAPERS_PROJECTION,,MUTE,mute_phone_download,,mute_phone_download,,,src_charge|src_hearing|src_mg_forms|src_parties|papers_materials_28,7338,,"HEARING_ISO | 2026-08-25T09:00:00.000Z || HEARING | 25 August 2026 || CHARGE | Robbery, contrary to s.8 Theft Act 1968"
sha:c64b547ec868515e450575c4721afaa69f35cd92016924316d089ba875606e8f,PDF-c64b547ec868,CB-TB-451_Cross,c64b547ec868515e450575c4721afaa69f35cd92016924316d089ba875606e8f,OFFLINE_PAPERS_PROJECTION,,MUTE,mute_phone_download,,mute_phone_download,,,src_charge|src_hearing|src_mg_forms|src_parties|src_cctv|src_continuity|papers_materials_22,6554,,"HEARING_ISO | 2026-07-13T09:00:00.000Z || HEARING | 13 July 2026 at 10:00 || CHARGE | Dangerous driving, contrary to section 2 Road Traffic Act 1988"
sha:c7bae027138588fa6fe8dab75d37b49a7948555b21956de3f001ef3f1eabf0c3,PDF-c7bae0271385,CB-TB-1238_Blake,c7bae027138588fa6fe8dab75d37b49a7948555b21956de3f001ef3f1eabf0c3,OFFLINE_PAPERS_PROJECTION,,MUTE,mute_phone_download,,mute_phone_download,,,src_charge|src_hearing|src_mg_forms|src_id_procedure|src_parties|src_dates|src_cctv|src_cctv_stills|src_continuity|papers_materials_26,5414,,"HEARING_ISO | 2026-07-24T13:00:00.000Z || HEARING | 24/07/2026 14:00 || CHARGE | Fraud by false representation, s.2 Fraud Act 2006"
sha:c84db456b8332751afa21da583f9414f864569a250fd782a7f4bc65fbb3cc018,PDF-c84db456b833,CB-TB-1364_Dacre,c84db456b8332751afa21da583f9414f864569a250fd782a7f4bc65fbb3cc018,OFFLINE_PAPERS_PROJECTION,,MUTE,mute_phone_download,,mute_phone_download,,,src_charge|src_hearing|src_mg_forms|src_id_procedure|src_parties|src_dates|src_cctv|src_continuity|papers_materials_19,6944,,"HEARING_ISO | 2026-07-08T08:30:00.000Z || HEARING | 08 July 2026 at 09:30 || CHARGE | Handling stolen goods, contrary to s.22 Theft Act 1968"
sha:c8d6193066ee4ad70430d9faf904e81b60977764ad11b5fa7472f89f8011cf67,PDF-c8d6193066ee,CB-TB-142_Patterson,c8d6193066ee4ad70430d9faf904e81b60977764ad11b5fa7472f89f8011cf67,OFFLINE_PAPERS_PROJECTION,,MUTE,mute_cad_999,,mute_cad_999,,,src_charge|src_hearing|src_mg_forms|src_parties|src_continuity|papers_materials_24,7195,,"HEARING_ISO | 2026-08-11T08:30:00.000Z || HEARING | 11 August 2026 at 09:30 || CHARGE | Assault by beating of an emergency worker, contrary to section 1 Assaults on Emergency"
sha:c9970700a36afa6b98f13fad5b7152339404158872a533419be4a0d16b23cbe3,PDF-c9970700a36a,NS-CPS-2026-0434 - Copy (2),c9970700a36afa6b98f13fad5b7152339404158872a533419be4a0d16b23cbe3,OFFLINE_PAPERS_PROJECTION,,MUTE,mute_cctv_master,,mute_cctv_master,,,src_charge|src_hearing|src_mg_forms|src_parties|src_dates|src_cctv|src_continuity|papers_materials_29,4628,,CHARGE | Fraud retail refund || Other party / key witness: SAM MORGAN (DOB 01/10/1989) | unclear | Other party / key witness: SAM MORGAN (DOB 01/10/1989) || Primary eval hook: MG5 £ vs MG11 £ | unclear | Primary eval hook: MG5 £ vs MG11 £
sha:c95d8d943916058877d38af9b0a965090eded2536a5f0fc3bcf63637de1ae706,PDF-c95d8d943916,CB-TB-501_Shaw,c95d8d943916058877d38af9b0a965090eded2536a5f0fc3bcf63637de1ae706,OFFLINE_PAPERS_PROJECTION,,MODALITY,modality_summary_vs_recording,,mute_phone_download,modality_summary_vs_recording,,src_charge|src_hearing|src_mg_forms|src_parties|src_dates|src_continuity|papers_materials_38,10238,,"HEARING_ISO | 2026-08-27T13:00:00.000Z || HEARING | 27 August 2026 14:00 || CHARGE | Assault occasioning actual bodily harm, s.47 OAPA 1861"
sha:c9b1668262eb2a556f256f5d45cbbea78af8bcc7a0fc6a85c6e9841c5ae9b1a4,PDF-c9b1668262eb,CB-TB-547_Ali,c9b1668262eb2a556f256f5d45cbbea78af8bcc7a0fc6a85c6e9841c5ae9b1a4,OFFLINE_PAPERS_PROJECTION,,MODALITY,modality_summary_vs_recording,,,modality_summary_vs_recording,,src_charge|src_hearing|src_mg_forms|src_parties|src_dates|src_continuity|papers_materials_36,6022,,"HEARING_ISO | 2026-07-23T09:30:00.000Z || HEARING | 23 July 2026 10:30 || CHARGE | Possession of a bladed article in a public place, contrary to section 139 Criminal Justice Act 1988"
sha:c9d7816f9578ef6d4d14f34f879c8adacb13f812ebfb89be344de52a9225466a,PDF-c9d7816f9578,CB-TB-1692_Shaw,c9d7816f9578ef6d4d14f34f879c8adacb13f812ebfb89be344de52a9225466a,OFFLINE_PAPERS_PROJECTION,,MUTE,mute_phone_download,,mute_phone_download,,,src_charge|src_hearing|src_mg_forms|src_parties|src_dates|src_cctv|src_continuity|papers_materials_28,9086,,"HEARING_ISO | 2026-07-24T09:30:00.000Z || HEARING | 24 July 2026 at 10:30 || CHARGE | Fraud by false representation, s.2 Fraud Act 2006"
sha:c9ef425fd1ab848a26011d518cf6d5f5bb131b4e13466e2833408745809fbce6,PDF-c9ef425fd1ab,CB-TB-318_Greene,c9ef425fd1ab848a26011d518cf6d5f5bb131b4e13466e2833408745809fbce6,OFFLINE_PAPERS_PROJECTION,,MUTE,mute_phone_download,,mute_phone_download,,,src_charge|src_hearing|src_mg_forms|src_parties|src_dates|src_cctv|src_continuity|papers_materials_27,10586,,"HEARING_ISO | 2026-07-16T13:00:00.000Z || HEARING | 16 July 2026 at 14:00 || CHARGE | Possession of a Class A controlled drug with intent to supply, contrary to section 5(3) of the Misuse of Drugs Act 1971"
sha:cacc90cf79f4a36df52f57c5c4736948baec0c3d55a31278e11be5d4259c5e9d,PDF-cacc90cf79f4,CB-TB-908_Rees,cacc90cf79f4a36df52f57c5c4736948baec0c3d55a31278e11be5d4259c5e9d,OFFLINE_PAPERS_PROJECTION,,MUTE,mute_phone_download,,mute_phone_download,,,src_charge|src_hearing|src_mg_forms|src_parties|src_cctv|papers_materials_23,5139,,"HEARING_ISO | 2026-06-29T09:00:00.000Z || HEARING | 29/06/2026 10:00 || CHARGE | Assault by beating of an emergency worker, contrary to section 1 of the Assaults on Emergency Workers (Offences) Act 2018"
sha:caea5567d579ba5e3c4f7fd8eaa56136deb99c54f8f495275803326453be7f5f,PDF-caea5567d579,CB-TB-169_Price,caea5567d579ba5e3c4f7fd8eaa56136deb99c54f8f495275803326453be7f5f,OFFLINE_PAPERS_PROJECTION,,MUTE,mute_phone_download,,mute_phone_download,,,src_charge|src_hearing|src_mg_forms|src_parties|src_continuity|papers_materials_18,5703,,"HEARING_ISO | 2026-08-18T09:15:00.000Z || HEARING | 18 August 2026 at 10:15 || CHARGE | Possession of a controlled drug of Class A, namely cocaine, contrary to section 5(2)"
sha:cb74d7f40adffd2590be266aafa158ad29ab65f24c56aff4f5251907e37864e8,PDF-cb74d7f40adf,CB-TB-650_Ali,cb74d7f40adffd2590be266aafa158ad29ab65f24c56aff4f5251907e37864e8,OFFLINE_PAPERS_PROJECTION,,MUTE,mute_phone_download,,mute_phone_download,,,src_charge|src_hearing|src_mg_forms|src_parties|src_dates|src_cctv|src_cctv_stills|src_continuity|papers_materials_40,10846,,"HEARING_ISO | 2026-06-16T10:30:00.000Z || HEARING | 16 June 2026 at 11:30 || CHARGE | Possessing criminal property, contrary to section 329 of the Proceeds of Crime Act 2002"
sha:cb612a870f279c0edff1ae5c2d805e9690f9afd80e12b8e510afedb773c533fa,PDF-cb612a870f27,CB-TB-424_Patterson,cb612a870f279c0edff1ae5c2d805e9690f9afd80e12b8e510afedb773c533fa,OFFLINE_PAPERS_PROJECTION,,MUTE,mute_phone_download,,mute_phone_download,,,src_charge|src_hearing|src_mg_forms|src_parties|src_cctv|src_continuity|papers_materials_25,11614,,"HEARING_ISO | 2026-07-31T08:30:00.000Z || HEARING | 31 July 2026 at 09:30 || CHARGE | Robbery, contrary to s.8 Theft Act 1968"
sha:cc1e9575bdda2c56a3f16a7c7ddaad292c69541d24b859ae1fcb32d69b7a9418,PDF-cc1e9575bdda,CB-TB-1603_Mitchell,cc1e9575bdda2c56a3f16a7c7ddaad292c69541d24b859ae1fcb32d69b7a9418,OFFLINE_PAPERS_PROJECTION,,MUTE,mute_cad_999,,mute_cad_999,,,src_charge|src_hearing|src_mg_forms|src_parties|src_dates|src_cctv|src_continuity|papers_materials_27,8440,,"HEARING_ISO | 2026-08-06T12:00:00.000Z || HEARING | 6 August 2026 at 13:00 || CHARGE | Offence Unlawful wounding, contrary to section 20 Offences Against the Person Act 1861"
sha:cbcdfac940dfb226a4ef066186316ef34b83361d17863ca02670d16a5639783f,PDF-cbcdfac940df,CB-TB-1762_Price,cbcdfac940dfb226a4ef066186316ef34b83361d17863ca02670d16a5639783f,OFFLINE_PAPERS_PROJECTION,,MUTE,mute_phone_download,,mute_phone_download,,,src_charge|src_hearing|src_mg_forms|src_parties|src_dates|papers_materials_30,6217,,"HEARING_ISO | 2026-07-23T13:00:00.000Z || HEARING | 23 July 2026 14:00 || CHARGE | Dangerous driving, contrary to section 2 Road Traffic Act 1988"
sha:ccbdd29b2761f466fd9d875c8cbc680dca38cb81ded20061bc542542211e4f29,PDF-ccbdd29b2761,CB-TB-1901_Lowe,ccbdd29b2761f466fd9d875c8cbc680dca38cb81ded20061bc542542211e4f29,OFFLINE_PAPERS_PROJECTION,,MUTE,mute_phone_download,,mute_phone_download,,,src_charge|src_hearing|src_mg_forms|src_parties|src_dates|src_cctv|src_continuity|papers_materials_30,10231,,"HEARING_ISO | 2026-10-05T09:15:00.000Z || HEARING | 05 October 2026 10:15 || CHARGE | Assault occasioning actual bodily harm, s.47"
sha:ce006080f16f1f5e959680cd2dd43d8f5c1fee4512af090f651a60b12d406331,PDF-ce006080f16f,CB-TB-505_Evans,ce006080f16f1f5e959680cd2dd43d8f5c1fee4512af090f651a60b12d406331,OFFLINE_PAPERS_PROJECTION,,MODALITY,modality_summary_vs_recording,,,modality_summary_vs_recording,,src_charge|src_hearing|src_mg_forms|src_parties|src_dates|src_continuity|papers_materials_34,5603,,"HEARING_ISO | 2026-06-25T10:15:00.000Z || HEARING | 25 June 2026 11:15 || CHARGE | Harassment, contrary to section 2 Protection from Harassment Act 1997"
sha:ce82464fae420eb3a935796665386edabec743a5bb19c17fc92348e06da82cd4,PDF-ce82464fae42,CB-TB-229_Rowe,ce82464fae420eb3a935796665386edabec743a5bb19c17fc92348e06da82cd4,OFFLINE_PAPERS_PROJECTION,,MUTE,mute_phone_download,,mute_phone_download,,,src_charge|src_hearing|src_mg_forms|src_parties|src_dates|papers_materials_31,12919,,"HEARING_ISO | 2026-07-01T09:00:00.000Z || HEARING | 01 July 2026 at 10:00 || CHARGE | Concealing, disguising, converting, transferring or removing criminal property, contrary to section 327 of the Proceeds of"
sha:cf0dd04b06afe8813f73fb287b5093fc2d3b5b2c4f5cbf1c8ea3a3e3c6e6aec4,PDF-cf0dd04b06af,CB-TB-071_Okonkwo,cf0dd04b06afe8813f73fb287b5093fc2d3b5b2c4f5cbf1c8ea3a3e3c6e6aec4,OFFLINE_PAPERS_PROJECTION,,MUTE,mute_cctv_master,,mute_cctv_master,,,src_charge|src_mg_forms|src_parties|src_cctv|src_continuity|papers_materials_32,6839,,"HEARING_ISO | 2026-08-18T09:00:00.000Z || HEARING | 18 August 2026 at 10:00 || CHARGE | Charge Affray, contrary to section 3 Public Order Act"
sha:d0b7832aa14fad59b1dfb719b22176ae458f349c2b02a32621e0e4f3633a1734,PDF-d0b7832aa14f,CB-TB-232_Walsh,d0b7832aa14fad59b1dfb719b22176ae458f349c2b02a32621e0e4f3633a1734,OFFLINE_PAPERS_PROJECTION,,MUTE,mute_phone_download,,mute_phone_download,,,src_charge|src_hearing|src_mg_forms|src_parties|src_dates|src_cctv|src_continuity|papers_materials_30,6901,,"HEARING_ISO | 2026-07-10T10:30:00.000Z || HEARING | 10 July 2026 at 11:30 || CHARGE | Intimidating a witness, contrary to section 51 of the Criminal Justice and Public Order Act 1994"
sha:d0bfdb30cd93f22c3901391962b9f3036f2e5b7bd6935ae6d3efcdacb443f967,PDF-d0bfdb30cd93,CB-TB-277_Miles,d0bfdb30cd93f22c3901391962b9f3036f2e5b7bd6935ae6d3efcdacb443f967,OFFLINE_PAPERS_PROJECTION,,MUTE,mute_phone_download,,mute_phone_download,,,src_charge|src_hearing|src_mg_forms|src_parties|src_dates|src_cctv|src_cctv_stills|papers_materials_28,8549,,"HEARING_ISO | 2026-08-30T09:30:00.000Z || HEARING | 30 August 2026 at 10:30 || CHARGE | Fraud by false representation, s.2 Fraud Act 2006"
sha:d104e73b105f4460e70bc88a62192461b90c056d2f675c7d7b3378e0c3476ffd,PDF-d104e73b105f,CB-TB-1064_Ward,d104e73b105f4460e70bc88a62192461b90c056d2f675c7d7b3378e0c3476ffd,OFFLINE_PAPERS_PROJECTION,,MUTE,mute_phone_download,,mute_phone_download,,,src_charge|src_hearing|src_mg_forms|src_parties|src_dates|src_cctv|src_continuity|papers_materials_26,3783,,"HEARING_ISO | 2026-07-29T09:00:00.000Z || HEARING | 29 July 2026 at 10:00 || CHARGE | Assault occasioning actual bodily harm, s.47 OAPA 1861"
sha:d183fd26e8430d986cafbfc9871cac08b37cf7c10215b0f194ed20c91752c2d1,PDF-d183fd26e843,CB-TB-1093_Bradley,d183fd26e8430d986cafbfc9871cac08b37cf7c10215b0f194ed20c91752c2d1,OFFLINE_PAPERS_PROJECTION,,MUTE,mute_phone_download,,mute_phone_download,,,src_charge|src_hearing|src_mg_forms|src_parties|src_dates|src_cctv|papers_materials_24,3758,,"HEARING_ISO | 2026-08-09T09:00:00.000Z || HEARING | 09 August 2026 at 10:00 || CHARGE | Affray, contrary to section 3 Public Order Act 1986"
sha:d1e20f72b20ca0c7841a7d7e0ef8c50c9910711a47f61fd50df617abe615087c,PDF-d1e20f72b20c,CB-TB-282_Dunn,d1e20f72b20ca0c7841a7d7e0ef8c50c9910711a47f61fd50df617abe615087c,OFFLINE_PAPERS_PROJECTION,,MUTE,mute_phone_download,,mute_phone_download,,,src_charge|src_hearing|src_mg_forms|src_parties|src_dates|src_cctv|src_continuity|papers_materials_24,7528,,"HEARING_ISO | 2026-06-22T13:30:00.000Z || HEARING | 22 June 2026 at 14:30 || CHARGE | Intimidating a witness, contrary to section 51 of the Criminal Justice and Public Order Act 1994"
sha:d2132e37cd05d6a445b4a1221d28cc0124e0e8d3f897dbd2a17d900ea0196e25,PDF-d2132e37cd05,CB-TB-1973_Saxon,d2132e37cd05d6a445b4a1221d28cc0124e0e8d3f897dbd2a17d900ea0196e25,OFFLINE_PAPERS_PROJECTION,,MUTE,mute_phone_download,,mute_phone_download,,,src_charge|src_hearing|src_mg_forms|src_parties|src_dates|src_cctv|src_continuity|papers_materials_34,11373,,"HEARING_ISO | 2026-08-13T10:00:00.000Z || HEARING | 13 August 2026 11:00 || CHARGE | Theft, contrary to s.1 Theft Act 1968"
sha:d38c8147b71728c1fb3bfb3863dd3906f0a1c30f21dd9948191db13e0e595cb0,PDF-d38c8147b717,CB-TB-1963_Stone,d38c8147b71728c1fb3bfb3863dd3906f0a1c30f21dd9948191db13e0e595cb0,OFFLINE_PAPERS_PROJECTION,,MUTE,mute_phone_download,,mute_phone_download,,,src_charge|src_hearing|src_mg_forms|src_parties|src_dates|src_cctv|src_continuity|papers_materials_28,9758,,"HEARING_ISO | 2026-09-03T13:45:00.000Z || HEARING | 03 September 2026 14:45 || CHARGE | Possessing criminal property, contrary to section 329 of the"
sha:d2aaca873c43ec223159d4548213355db0b6db0ca7719ec55b30052d3b0506b8,PDF-d2aaca873c43,CB-TB-1366_Patterson,d2aaca873c43ec223159d4548213355db0b6db0ca7719ec55b30052d3b0506b8,OFFLINE_PAPERS_PROJECTION,,MUTE,mute_phone_download,,mute_phone_download,,,src_charge|src_hearing|src_mg_forms|src_id_procedure|src_parties|src_dates|src_cctv|src_continuity|papers_materials_39,8967,,"HEARING_ISO | 2026-06-21T13:00:00.000Z || HEARING | 21 June 2026 at 14:00 || CHARGE | Being concerned in the supply of a controlled drug of Class A, contrary to section 4(3)(b) of the Misuse of Drugs"
sha:d41899cfdefbf63cc36f1380c477d3b384e190423e41a94af220449ec6e8107b,PDF-d41899cfdefb,CB-TB-2102_Thornton,d41899cfdefbf63cc36f1380c477d3b384e190423e41a94af220449ec6e8107b,OFFLINE_PAPERS_PROJECTION,,MUTE,mute_phone_download,,mute_phone_download,,,src_charge|src_hearing|src_mg_forms|src_parties|src_dates|src_cctv|src_continuity|papers_materials_29,9302,,"HEARING_ISO | 2026-06-24T11:00:00.000Z || HEARING | 24 June 2026 at 12:00 || CHARGE | Fraud by false representation, s.2 Fraud Act 2006"
sha:d42ed31861e02226e49e8a16988891dfc5c24189e8b5f9fdeec1b8591e38629b,PDF-d42ed31861e0,CB-TB-1706_Lloyd,d42ed31861e02226e49e8a16988891dfc5c24189e8b5f9fdeec1b8591e38629b,OFFLINE_PAPERS_PROJECTION,,MUTE,mute_phone_download,,mute_phone_download,,,src_charge|src_hearing|src_mg_forms|src_parties|papers_materials_31,5780,,"HEARING_ISO | 2026-07-05T13:00:00.000Z || HEARING | 05 July 2026 14:00 || CHARGE | Assault occasioning actual bodily harm, s.47 OAPA 1861"
sha:d4ae4d6f345a08878b74174e858dba9664993fe5f0a4510451f36750c2e3a2ea,PDF-d4ae4d6f345a,CB-TB-2099_Booth,d4ae4d6f345a08878b74174e858dba9664993fe5f0a4510451f36750c2e3a2ea,OFFLINE_PAPERS_PROJECTION,,MUTE,mute_phone_download,,mute_phone_download,,,src_charge|src_hearing|src_mg_forms|src_parties|src_dates|src_cctv|src_continuity|papers_materials_32,12435,,"HEARING_ISO | 2026-08-24T12:00:00.000Z || HEARING | 24 August 2026 at 13:00 || CHARGE | Offence Possession of criminal property, contrary to section 329 Proceeds of Crime Act 2002"
sha:d557017f7c5567f772d5399a3a2cf44a676683fc10c46f384d86abcb38ef6d69,PDF-d557017f7c55,CB-TB-370_Cole,d557017f7c5567f772d5399a3a2cf44a676683fc10c46f384d86abcb38ef6d69,OFFLINE_PAPERS_PROJECTION,,MUTE,mute_phone_download,,mute_phone_download,,,src_charge|src_hearing|src_mg_forms|src_parties|src_dates|papers_materials_22,6167,,"HEARING_ISO | 2026-07-04T13:15:00.000Z || HEARING | 04 July 2026 at 14:15 || CHARGE | Possession of a Class B controlled drug, contrary to section 5(2) of the Misuse of Drugs Act 1971"
sha:d5429d3e4986ac0ce11182c88b5b3f6e530daf8f1095bb9fe332cd38b9cec88b,PDF-d5429d3e4986,CB-TB-598_Doyle,d5429d3e4986ac0ce11182c88b5b3f6e530daf8f1095bb9fe332cd38b9cec88b,OFFLINE_PAPERS_PROJECTION,,MODALITY,modality_summary_vs_recording,,,modality_summary_vs_recording,,src_charge|src_hearing|src_mg_forms|src_parties|src_dates|src_continuity|papers_materials_36,5910,,"HEARING_ISO | 2026-08-19T13:00:00.000Z || HEARING | 19 August 2026 14:00 || CHARGE | Harassment, contrary to section 2 Protection from Harassment Act 1997"
sha:d56204d0c018f33f11b7d4e7e576ac6a82493e04acea02c57024e883c1866482,PDF-d56204d0c018,CB-TB-745_Quinn,d56204d0c018f33f11b7d4e7e576ac6a82493e04acea02c57024e883c1866482,OFFLINE_PAPERS_PROJECTION,,MUTE,mute_phone_download,,mute_phone_download,,,src_charge|src_hearing|src_mg_forms|src_parties|src_dates|src_cctv|src_cctv_stills|src_continuity|papers_materials_40,10857,,"HEARING_ISO | 2026-08-15T09:30:00.000Z || HEARING | 15 August 2026 at 10:30 || CHARGE | Fraud by false representation, s.2 Fraud Act 2006"
sha:d4f1d5886c96a27a6a918bc22d1dc7cc10c296cabda359b9f0c8da4f9889a455,PDF-d4f1d5886c96,CB-TB-1766_Hughes,d4f1d5886c96a27a6a918bc22d1dc7cc10c296cabda359b9f0c8da4f9889a455,OFFLINE_PAPERS_PROJECTION,,MUTE,mute_phone_download,,mute_phone_download,,,src_charge|src_hearing|src_mg_forms|src_parties|src_continuity|papers_materials_32,6475,,HEARING_ISO | 2026-08-04T10:00:00.000Z || HEARING | 04 August 2026 11:00 || CHARGE | Theft and possession of a bladed article on a multi-count indictment
sha:d5bc81465ea13b1ca8bf54be2cee2744bae53221a5acab679124866511302b44,PDF-d5bc81465ea1,CB-TB-1057_Coleman,d5bc81465ea13b1ca8bf54be2cee2744bae53221a5acab679124866511302b44,OFFLINE_PAPERS_PROJECTION,,MODALITY,modality_screenshot_vs_download,,,modality_screenshot_vs_download,,src_charge|src_hearing|src_mg_forms|src_parties|src_dates|src_cctv|src_cctv_stills|src_continuity|papers_materials_30,5011,,"HEARING_ISO | 2026-06-20T10:15:00.000Z || HEARING | 20 June 2026 at 11:15 || CHARGE | Harassment, contrary to section 2 Protection from Harassment Act 1997"
sha:d574f02f01ffe5ab4d888ce021cb7ef06f2421b265da3b9ca8035f06bd700df1,PDF-d574f02f01ff,CB-TB-540_Coleman,d574f02f01ffe5ab4d888ce021cb7ef06f2421b265da3b9ca8035f06bd700df1,OFFLINE_PAPERS_PROJECTION,,MODALITY,modality_summary_vs_recording,,mute_phone_download,modality_summary_vs_recording,,src_charge|src_hearing|src_mg_forms|src_parties|src_dates|src_continuity|papers_materials_37,6111,,"HEARING_ISO | 2026-07-21T13:00:00.000Z || HEARING | 21 July 2026 14:00 || CHARGE | Unlawful wounding, contrary to section 20 Offences Against the Person Act 1861"
sha:d60f3375eb4b43fb3d7dd0ce792b152e16811559014ebcba640a4d561e348643,PDF-d60f3375eb4b,NS-CPS-2026-0438 - Copy (2),d60f3375eb4b43fb3d7dd0ce792b152e16811559014ebcba640a4d561e348643,OFFLINE_PAPERS_PROJECTION,,MUTE,mute_cctv_master,,mute_cctv_master,,,src_charge|src_hearing|src_mg_forms|src_parties|src_dates|src_cctv|src_continuity|papers_materials_28,4650,,CHARGE | Handling stolen goods || Other party / key witness: ROWAN MURRAY (DOB 02/12/1993) | unclear | Other party / key witness: ROWAN MURRAY (DOB 02/12/1993) || Charge sheet extract | Below | unclear | Charge sheet extract | Below
sha:d63b6d767be4ac3a7db067e49304b69b7c887a998abd3e750c1fae749f31ec8a,PDF-d63b6d767be4,CB-TB-741_Patel,d63b6d767be4ac3a7db067e49304b69b7c887a998abd3e750c1fae749f31ec8a,OFFLINE_PAPERS_PROJECTION,,MUTE,mute_phone_download,,mute_phone_download,,,src_charge|src_hearing|src_mg_forms|src_parties|src_dates|src_cctv|papers_materials_30,6658,,"HEARING_ISO | 2026-08-03T09:30:00.000Z || HEARING | 03 August 2026 at 10:30 || CHARGE | Possession of a controlled drug of Class A, namely cocaine, with intent to supply, contrary to section 5(3) of the Misuse of Drugs Act"
sha:d6d96027b158cae3a8013c8b0f1316c96035541de38f5653837e75da7e0063d9,PDF-d6d96027b158,CB-TB-1754_Booth,d6d96027b158cae3a8013c8b0f1316c96035541de38f5653837e75da7e0063d9,OFFLINE_PAPERS_PROJECTION,,MUTE,mute_phone_download,,mute_phone_download,,,src_charge|src_hearing|src_mg_forms|src_parties|src_dates|src_cctv|src_continuity|papers_materials_32,6566,,"HEARING_ISO | 2026-06-29T13:00:00.000Z || HEARING | 29 June 2026 14:00 || CHARGE | Fraud by false representation, s.2 Fraud Act 2006"
sha:d748c6104ced5bcf4a8fd471c7de4932791ace1a4c6aed7c247a0b20e9beb59f,PDF-d748c6104ced,CB-TB-600_Lewis,d748c6104ced5bcf4a8fd471c7de4932791ace1a4c6aed7c247a0b20e9beb59f,OFFLINE_PAPERS_PROJECTION,,MODALITY,modality_summary_vs_recording,,,modality_summary_vs_recording,,src_charge|src_hearing|src_mg_forms|src_parties|src_dates|src_cctv|src_continuity|papers_materials_38,9710,,"HEARING_ISO | 2026-08-26T09:00:00.000Z || HEARING | 26 August 2026 10:00 || CHARGE | Having an offensive weapon, contrary to s.1(1) Prevention of Crime Act 1953"
sha:d818dfbfc749a7edc7223beeac113ad3b73fae7a51405e9ff772e0c1ea83bfdb,PDF-d818dfbfc749,CB-TB-280_Tanner,d818dfbfc749a7edc7223beeac113ad3b73fae7a51405e9ff772e0c1ea83bfdb,OFFLINE_PAPERS_PROJECTION,,MUTE,mute_phone_download,,mute_phone_download,,,src_charge|src_hearing|src_mg_forms|src_parties|src_dates|src_cctv|src_cctv_stills|src_continuity|papers_materials_24,7141,,"HEARING_ISO | 2026-06-16T09:00:00.000Z || HEARING | 16 June 2026 at 10:00 || CHARGE | Possessing criminal property, contrary to section 329 of the Proceeds of Crime Act 2002"
sha:d8ce0606a1ec17e8fe3cfd6bb05f9329b294464c3a766409fc2670601e5c16b5,PDF-d8ce0606a1ec,CB-TB-1293_Clarke,d8ce0606a1ec17e8fe3cfd6bb05f9329b294464c3a766409fc2670601e5c16b5,OFFLINE_PAPERS_PROJECTION,,MUTE,mute_phone_download,,mute_phone_download,,,src_charge|src_hearing|src_mg_forms|src_parties|src_dates|src_continuity|papers_materials_17,3897,,HEARING_ISO | 2026-08-08T08:30:00.000Z || HEARING | 08/08/2026 09:30 || CHARGE | Unlawful wounding and affray
sha:d917844b2a89a21d792f6cf419d133fc9de01b0350bda5e2ed15770a4cd6a4be,PDF-d917844b2a89,CB-TB-430_Walsh,d917844b2a89a21d792f6cf419d133fc9de01b0350bda5e2ed15770a4cd6a4be,OFFLINE_PAPERS_PROJECTION,,MUTE,mute_cad_999,,mute_cad_999,,,src_charge|src_hearing|src_mg_forms|src_parties|src_continuity|papers_materials_17,4262,,"HEARING_ISO | 2026-08-12T11:00:00.000Z || HEARING | 12 August 2026 at 12:00 || CHARGE | Primary charge:Being concerned in the supply of a controlled drug of Class A, contrary to section 4(3)(b) Misuse of"
sha:d945ab71d0de6b2cc1cf30b0bcdfeed8f40aa7af64ebe23dc61e980b1903357e,PDF-d945ab71d0de,CB-TB-580_Okonkwo,d945ab71d0de6b2cc1cf30b0bcdfeed8f40aa7af64ebe23dc61e980b1903357e,OFFLINE_PAPERS_PROJECTION,,MODALITY,modality_summary_vs_recording,,,modality_summary_vs_recording,,src_charge|src_hearing|src_mg_forms|src_parties|src_dates|src_continuity|papers_materials_37,6276,,"HEARING_ISO | 2026-08-22T09:00:00.000Z || HEARING | 22 August 2026 10:00 || CHARGE | Possessing criminal property, contrary to section 329 Proceeds of Crime Act 2002"
sha:d94e2813d2ea3bf6ffe4e09ce0dcfd6dd1738f712458aa094afe2268ce29497b,PDF-d94e2813d2ea,CB-TB-648_Stone,d94e2813d2ea3bf6ffe4e09ce0dcfd6dd1738f712458aa094afe2268ce29497b,OFFLINE_PAPERS_PROJECTION,,MUTE,mute_phone_download,,mute_phone_download,,,src_charge|src_hearing|src_mg_forms|src_parties|src_dates|src_cctv|src_cctv_stills|src_continuity|papers_materials_36,8442,,"HEARING_ISO | 2026-08-24T08:30:00.000Z || HEARING | 24 August 2026 at 09:30 || CHARGE | Possessing criminal property, contrary to section 329 of the Proceeds of Crime Act 2002"
sha:d92474d061ab5d11828335c4f11422b741050484366e25ba70e8c4c4d6f10959,PDF-d92474d061ab,CB-TB-879_Noble,d92474d061ab5d11828335c4f11422b741050484366e25ba70e8c4c4d6f10959,OFFLINE_PAPERS_PROJECTION,,MUTE,mute_phone_download,,mute_phone_download,,,src_charge|src_hearing|src_mg_forms|src_parties|src_dates|src_cctv|src_continuity|papers_materials_18,8358,,"HEARING_ISO | 2026-08-07T10:15:00.000Z || HEARING | 07 August 2026 at 11:15 || CHARGE | Possession with intent to supply cocaine, a controlled drug of Class A, contrary to section 5(3) of the Misuse of Drugs Act 1971"
sha:d96b29285a8d9877e402ea17bb232da0ebf0e0f67873a51af70cbfd2a6cd73ff,PDF-d96b29285a8d,CB-TB-230_Brooks,d96b29285a8d9877e402ea17bb232da0ebf0e0f67873a51af70cbfd2a6cd73ff,OFFLINE_PAPERS_PROJECTION,,MUTE,mute_phone_download,,mute_phone_download,,,src_charge|src_hearing|src_mg_forms|src_parties|src_dates|src_cctv_stills|src_continuity|papers_materials_25,7971,,"HEARING_ISO | 2026-07-04T08:30:00.000Z || HEARING | 04 July 2026 at 09:30 || CHARGE | Possessing criminal property, contrary to section 329 of the Proceeds of Crime Act 2002"
sha:da8bab59ec9dfc4d3eb3d1a3d21c3cb0f8ab4a5bfca536ec0cc25a63335c3929,PDF-da8bab59ec9d,CB-TB-2086_Okonkwo,da8bab59ec9dfc4d3eb3d1a3d21c3cb0f8ab4a5bfca536ec0cc25a63335c3929,OFFLINE_PAPERS_PROJECTION,,MUTE,mute_phone_download,,mute_phone_download,,,src_charge|src_hearing|src_mg_forms|src_parties|src_dates|src_cctv|src_continuity|papers_materials_21,5133,,"HEARING_ISO | 2026-07-16T11:00:00.000Z || HEARING | 16 July 2026 at 12:00 || CHARGE | Fraud by false representation, s.2 Fraud Act 2006"
sha:dad8e81bec4794ddd60d466f1684ca764848de4ca206ef784031eedd360f92ff,PDF-dad8e81bec47,CB-TB-443_Rees,dad8e81bec4794ddd60d466f1684ca764848de4ca206ef784031eedd360f92ff,OFFLINE_PAPERS_PROJECTION,,MUTE,mute_cad_999,,mute_cad_999,,,src_charge|src_hearing|src_mg_forms|src_parties|src_cctv|src_continuity|papers_materials_20,3758,,"HEARING_ISO | 2026-06-27T11:00:00.000Z || HEARING | 27 June 2026 at 12:00 || CHARGE | Fraud by false representation, s.2 Fraud Act 2006"
sha:db916f7b0f107a90ecc8a23712a323a9d7699ad47d6ec71fb8bd4f384e782542,PDF-db916f7b0f10,CB-TB-1878_Byrne,db916f7b0f107a90ecc8a23712a323a9d7699ad47d6ec71fb8bd4f384e782542,OFFLINE_PAPERS_PROJECTION,,MUTE,mute_phone_download,,mute_phone_download,,,src_charge|src_hearing|src_mg_forms|src_parties|src_cctv|papers_materials_28,5120,,"HEARING_ISO | 2026-06-26T09:00:00.000Z || HEARING | 26 June 2026 || CHARGE | Assault by beating of an emergency worker, contrary to section 1 of the Assaults on Emergency Workers (Offences) Act 2018"
sha:dca35f7137712051f32783e18b53a9706f94797c3be8a6da22d66e9dde4ffd0d,PDF-dca35f713771,CB-TB-1285_Kent,dca35f7137712051f32783e18b53a9706f94797c3be8a6da22d66e9dde4ffd0d,OFFLINE_PAPERS_PROJECTION,,MUTE,mute_phone_download,,mute_phone_download,,,src_charge|src_hearing|src_mg_forms|src_parties|src_dates|src_cctv|src_cctv_stills|src_continuity|papers_materials_18,3871,,"HEARING_ISO | 2026-07-15T08:30:00.000Z || HEARING | 15/07/2026 09:30 || CHARGE | Breach of a court order, contrary to section 5 Protection from Harassment Act 1997"
sha:dcbf5927041f055cafeaac572c42b44325bdf70abc0f47dcf41bf43c5fd07a7f,PDF-dcbf5927041f,CB-TB-639_Ross,dcbf5927041f055cafeaac572c42b44325bdf70abc0f47dcf41bf43c5fd07a7f,OFFLINE_PAPERS_PROJECTION,,MUTE,mute_phone_download,,mute_phone_download,,,src_charge|src_hearing|src_mg_forms|src_parties|src_dates|src_cctv|papers_materials_27,5279,,"HEARING_ISO | 2026-07-28T11:30:00.000Z || HEARING | 28 July 2026 at 12:30 || CHARGE | Possession of a controlled drug of Class B, namely cannabis, contrary to section 5(2) of the Misuse of Drugs Act 1971"
sha:dcb567a1a1ebe7667aded34bdd758c5aa509d26061e71ac28ca703d7fab17c09,PDF-dcb567a1a1eb,CB-TB-465_Hayes,dcb567a1a1ebe7667aded34bdd758c5aa509d26061e71ac28ca703d7fab17c09,OFFLINE_PAPERS_PROJECTION,,MUTE,mute_phone_download,,mute_phone_download,,,src_charge|src_hearing|src_mg_forms|src_parties|src_cctv|src_continuity|papers_materials_18,6580,,"HEARING_ISO | 2026-08-10T09:00:00.000Z || HEARING | 10 August 2026 at 10:00 || CHARGE | Primary charge:Affray, contrary to section 3 Public Order Act 1986"
sha:dcd0400461b47ef35ba21ab70c81b17a649af8800bbda88a1e60c5608c1bf978,PDF-dcd0400461b4,CB-TB-733_Walsh,dcd0400461b47ef35ba21ab70c81b17a649af8800bbda88a1e60c5608c1bf978,OFFLINE_PAPERS_PROJECTION,,MUTE,mute_phone_download,,mute_phone_download,,,src_charge|src_hearing|src_mg_forms|src_parties|src_dates|src_cctv|src_cctv_stills|papers_materials_39,7638,,"HEARING_ISO | 2026-07-10T09:30:00.000Z || HEARING | 10 July 2026 at 10:30 || CHARGE | Possession of a controlled drug of Class B, namely cannabis, contrary to section 5(2) of the Misuse of Drugs Act 1971"
sha:dddc35f5aa56eceb8245221ca4ab451a3221d90288243ba214901d698dd24faf,PDF-dddc35f5aa56,CB-TB-327_Roberts,dddc35f5aa56eceb8245221ca4ab451a3221d90288243ba214901d698dd24faf,OFFLINE_PAPERS_PROJECTION,,MUTE,mute_phone_download,,mute_phone_download,,,src_charge|src_hearing|src_mg_forms|src_parties|src_dates|papers_materials_26,8276,,"HEARING_ISO | 2026-08-12T13:30:00.000Z || HEARING | 12 August 2026 at 14:30 || CHARGE | Fraud by false representation, s.2 Fraud Act 2006"
sha:dd28b0e6169b2bd953313743ef84e04d73e7326dcaf022891a5b8627dea3220e,PDF-dd28b0e6169b,CB-TB-1339_Rowe,dd28b0e6169b2bd953313743ef84e04d73e7326dcaf022891a5b8627dea3220e,OFFLINE_PAPERS_PROJECTION,,MUTE,mute_phone_download,,mute_phone_download,,,src_charge|src_hearing|src_mg_forms|src_id_procedure|src_parties|src_dates|src_cctv|src_continuity|papers_materials_40,14315,,"HEARING_ISO | 2026-07-28T10:15:00.000Z || HEARING | 28 July 2026 at 11:15 || CHARGE | Conspiracy to burgle, contrary to section 1 of the Criminal Law Act 1977"
sha:de117582d21c56abc947ebc58cd755c5399ee049cead080a76c50f59237e4a61,PDF-de117582d21c,CB-TB-755_Khan,de117582d21c56abc947ebc58cd755c5399ee049cead080a76c50f59237e4a61,OFFLINE_PAPERS_PROJECTION,,MUTE,mute_phone_download,,mute_phone_download,,,src_charge|src_hearing|src_mg_forms|src_parties|src_dates|src_cctv|src_cctv_stills|papers_materials_39,8064,,"HEARING_ISO | 2026-07-01T11:30:00.000Z || HEARING | 01 July 2026 at 12:30 || CHARGE | Fraud by false representation, s.2 Fraud Act 2006"
sha:defd7a91ad328de491beedb8e8f2b9cf3b707968a78799ee9e00294322ff1721,PDF-defd7a91ad32,CB-TB-576_Rees,defd7a91ad328de491beedb8e8f2b9cf3b707968a78799ee9e00294322ff1721,OFFLINE_PAPERS_PROJECTION,,MODALITY,modality_summary_vs_recording,,,modality_summary_vs_recording,,src_charge|src_hearing|src_mg_forms|src_parties|src_dates|src_continuity|papers_materials_34,4082,,"HEARING_ISO | 2026-07-24T09:00:00.000Z || HEARING | 24 July 2026 10:00 || CHARGE | Dangerous driving, contrary to section 2 Road Traffic Act 1988"
sha:de7a686bae946143e125c90a25b1fd9cebd2e4bc8a5ee2070028f4f6db671da9,PDF-de7a686bae94,CB-TB-2178_Bennett,de7a686bae946143e125c90a25b1fd9cebd2e4bc8a5ee2070028f4f6db671da9,OFFLINE_PAPERS_PROJECTION,,MUTE,mute_cad_999,,mute_cad_999,,,src_charge|src_hearing|src_mg_forms|src_parties|src_dates|src_cctv|src_continuity|papers_materials_24,10336,,"HEARING_ISO | 2026-07-12T11:30:00.000Z || HEARING | 12 July 2026 at 12:30 || CHARGE | Assault occasioning actual bodily harm, s.47 OAPA 1861"
sha:df237f03126f0dcef781302ca42d1eb9caa9cd05c7756207ac2e21440256b0b0,PDF-df237f03126f,CB-TB-522_Price,df237f03126f0dcef781302ca42d1eb9caa9cd05c7756207ac2e21440256b0b0,OFFLINE_PAPERS_PROJECTION,,MODALITY,modality_summary_vs_recording,,,modality_summary_vs_recording,,src_charge|src_hearing|src_mg_forms|src_parties|src_dates|src_continuity|papers_materials_35,5474,,HEARING_ISO | 2026-07-20T13:00:00.000Z || HEARING | 20 July 2026 14:00 || CHARGE | Doing an act tending and intended to pervert the course of public justice
sha:df5779bd30e01e3d299ba1f65b9d0d98f4df922d711db1dac64c29b5e8ebb2c6,PDF-df5779bd30e0,CB-TB-515_Hale,df5779bd30e01e3d299ba1f65b9d0d98f4df922d711db1dac64c29b5e8ebb2c6,OFFLINE_PAPERS_PROJECTION,,MODALITY,modality_summary_vs_recording,,mute_phone_download,modality_summary_vs_recording,,src_charge|src_hearing|src_mg_forms|src_parties|src_dates|src_continuity|papers_materials_34,5891,,"HEARING_ISO | 2026-07-28T10:15:00.000Z || HEARING | 28 July 2026 11:15 || CHARGE | Unlawful wounding, contrary to section 20 Offences Against the Person Act 1861"
sha:e0343d3d96a1612f229edda22816f295ff626708eb2fa27657513d6e010072c9,PDF-e0343d3d96a1,CB-TB-563_Okonkwo,e0343d3d96a1612f229edda22816f295ff626708eb2fa27657513d6e010072c9,OFFLINE_PAPERS_PROJECTION,,MODALITY,modality_summary_vs_recording,,,modality_summary_vs_recording,,src_charge|src_hearing|src_mg_forms|src_parties|src_dates|src_continuity|papers_materials_36,7115,,HEARING_ISO | 2026-07-22T09:00:00.000Z || HEARING | 22 July 2026 10:00 || CHARGE | contrary to section 2 Fraud Act 2006
sha:e10c506831019953157ca70620267d8efee0cd5f6d7c8c58d505a98cda58405c,PDF-e10c50683101,CB-TB-1458_Rowe,e10c506831019953157ca70620267d8efee0cd5f6d7c8c58d505a98cda58405c,OFFLINE_PAPERS_PROJECTION,,MUTE,mute_phone_download,,mute_phone_download,,,src_charge|src_hearing|src_mg_forms|src_id_procedure|src_parties|src_dates|src_cctv|papers_materials_14,4739,,"HEARING_ISO | 2026-06-29T13:00:00.000Z || HEARING | 29 June 2026 at 14:00 || CHARGE | Having an offensive weapon, contrary to s.1(1) Prevention of Crime Act 1953"
sha:e23c8110887bea1d35132c34b68674b30547f9714958eee9a393401dca487d0f,PDF-e23c8110887b,CB-TB-1924_Forrest,e23c8110887bea1d35132c34b68674b30547f9714958eee9a393401dca487d0f,OFFLINE_PAPERS_PROJECTION,,MUTE,mute_phone_download,,mute_phone_download,,,src_charge|src_hearing|src_mg_forms|src_parties|src_dates|src_cctv|src_continuity|papers_materials_26,6324,,"HEARING_ISO | 2026-08-06T10:15:00.000Z || HEARING | 06 August 2026 11:15 || CHARGE | Affray, contrary to section 3 of the Public Order Act 1986"
sha:e2414da66fcfb706fd36e92aabea026164a6a067545a8ba719d08df779c77d5e,PDF-e2414da66fcf,CB-TB-954_Hale,e2414da66fcfb706fd36e92aabea026164a6a067545a8ba719d08df779c77d5e,OFFLINE_PAPERS_PROJECTION,,MUTE,mute_phone_download,,mute_phone_download,,,src_charge|src_hearing|src_mg_forms|src_parties|src_cctv|papers_materials_30,8495,,"HEARING_ISO | 2026-07-16T13:15:00.000Z || HEARING | 16/07/2026 14:15 || CHARGE | Harassment, contrary to section 2 of the Protection from Harassment Act 1997"
sha:e28e8ff2fbc60b6ac64363c359182f1d992c109e5274c1c91391f6a6b8c44a1a,PDF-e28e8ff2fbc6,CB-TB-2015_Austin,e28e8ff2fbc60b6ac64363c359182f1d992c109e5274c1c91391f6a6b8c44a1a,OFFLINE_PAPERS_PROJECTION,,MUTE,mute_phone_download,,mute_phone_download,,,src_charge|src_hearing|src_mg_forms|src_parties|src_dates|src_cctv|src_continuity|papers_materials_23,5753,,"HEARING_ISO | 2026-07-13T12:00:00.000Z || HEARING | 13 July 2026 at 13:00 || CHARGE | Offence Concealing, disguising, converting or transferring criminal property, contrary to section 327 Proceeds of Crime Act 2002"
sha:e2b9da49b35bf04f68f3f8f7b69cef3d94ba1ca2f57a7c4ef23c08d622a0e9c2,PDF-e2b9da49b35b,CB-TB-2055_Okonkwo,e2b9da49b35bf04f68f3f8f7b69cef3d94ba1ca2f57a7c4ef23c08d622a0e9c2,OFFLINE_PAPERS_PROJECTION,,MUTE,mute_phone_download,,mute_phone_download,,,src_charge|src_hearing|src_mg_forms|src_parties|src_dates|src_cctv|src_continuity|papers_materials_24,7697,,"HEARING_ISO | 2026-06-23T12:30:00.000Z || HEARING | 23 June 2026 at 13:30 || CHARGE | Offence Possession of a controlled drug of Class A with intent to supply, contrary to section 5(3) Misuse of Drugs Act 1971"
sha:e30eb5f1e7d679b85bd62dde038477081d12dadca2d0af71403a6bba5f368905,PDF-e30eb5f1e7d6,CB-TB-592_Patel,e30eb5f1e7d679b85bd62dde038477081d12dadca2d0af71403a6bba5f368905,OFFLINE_PAPERS_PROJECTION,,MODALITY,modality_summary_vs_recording,,,modality_summary_vs_recording,,src_charge|src_hearing|src_mg_forms|src_parties|src_dates|src_cctv|src_continuity|papers_materials_29,3323,,"HEARING_ISO | 2026-07-21T13:00:00.000Z || HEARING | 21 July 2026 14:00 || CHARGE | Burglary, contrary to section 9 Theft Act 1968"
sha:e4432967a3c49a0172e1ac865577d147a4102fc6e6cc8f83141ec3a0fecb035b,PDF-e4432967a3c4,CB-TB-1752_Denton,e4432967a3c49a0172e1ac865577d147a4102fc6e6cc8f83141ec3a0fecb035b,OFFLINE_PAPERS_PROJECTION,,MUTE,mute_phone_download,,mute_phone_download,,,src_charge|src_hearing|src_mg_forms|src_parties|src_dates|src_cctv|src_continuity|papers_materials_32,6781,,"HEARING_ISO | 2026-06-23T10:00:00.000Z || HEARING | 23 June 2026 11:00 || CHARGE | Being concerned in the supply of a controlled drug of Class A, contrary to section 4(3)(b) of the Misuse of Drugs Act 1971"
sha:e470d6e43e05ca19dba84d74e241b36c5810f55d78bb66f54337a2759ee6a169,PDF-e470d6e43e05,CB-TB-880_Dawson,e470d6e43e05ca19dba84d74e241b36c5810f55d78bb66f54337a2759ee6a169,OFFLINE_PAPERS_PROJECTION,,MUTE,mute_phone_download,,mute_phone_download,,,src_charge|src_hearing|src_mg_forms|src_dates|src_continuity|papers_materials_14,7485,,"HEARING_ISO | 2026-08-10T13:00:00.000Z || HEARING | 10 August 2026 at 14:00 || CHARGE | Main charge Possession of cannabis, a controlled drug of Class B, contrary to section 5(2) of the"
sha:e4b98d29b722c02179560fc6413f20725b82b82f95e491766268510fb8b819ce,PDF-e4b98d29b722,CB-TB-140_Baines,e4b98d29b722c02179560fc6413f20725b82b82f95e491766268510fb8b819ce,OFFLINE_PAPERS_PROJECTION,,MUTE,mute_phone_download,,mute_phone_download,,,src_charge|src_hearing|src_mg_forms|src_parties|src_cctv|src_continuity|papers_materials_32,11514,,HEARING_ISO | 2026-08-05T10:00:00.000Z || HEARING | 05 August 2026 at 11:00 || CHARGE | Drug supply conspiracy
sha:e50cc4fb0fb62e5b5e806d38fcdd21f19754b21b21ada79338413f076ef55a3d,PDF-e50cc4fb0fb6,CB-TB-846_Hussain,e50cc4fb0fb62e5b5e806d38fcdd21f19754b21b21ada79338413f076ef55a3d,OFFLINE_PAPERS_PROJECTION,,MUTE,mute_cctv_master,,mute_cctv_master,,,src_charge|src_hearing|src_mg_forms|src_parties|src_continuity|papers_materials_15,6357,,"HEARING_ISO | 2026-07-15T08:30:00.000Z || HEARING | 15 July 2026 at 09:30 || CHARGE | Main charge Possessing criminal property, contrary to section 329 of the Proceeds of Crime Act"
sha:e50a1f5e47c96e999f76c06503ccacc55a2e34986b1b98acdb5ff52d47ec5d41,PDF-e50a1f5e47c9,CB-TB-116_Merritt,e50a1f5e47c96e999f76c06503ccacc55a2e34986b1b98acdb5ff52d47ec5d41,OFFLINE_PAPERS_PROJECTION,,MUTE,mute_phone_download,,mute_phone_download,,,src_charge|src_hearing|src_mg_forms|src_parties|src_cctv|src_continuity|papers_materials_35,14142,,HEARING_ISO | 2026-08-07T09:30:00.000Z || HEARING | 07 August 2026 at 10:30 || CHARGE | Burglary non-dwelling
sha:e5a610c1febdd5cb686f093ba296f91a390af914ca23412dc05f900cf073226b,PDF-e5a610c1febd,CB-TB-988_Rees,e5a610c1febdd5cb686f093ba296f91a390af914ca23412dc05f900cf073226b,OFFLINE_PAPERS_PROJECTION,,MUTE,mute_phone_download,,mute_phone_download,,,src_charge|src_hearing|src_mg_forms|src_parties|src_cctv|papers_materials_24,5737,,"HEARING_ISO | 2026-07-09T09:15:00.000Z || HEARING | 09/07/2026 10:15 || CHARGE | Concealing, disguising, converting, transferring or removing criminal property, contrary to section 327 of the Proceeds of Crime Act 2002"
sha:e5de0a7a214fb5a7795c609427d71bef3fa5fcd6546eaad636cb84ff51b60871,PDF-e5de0a7a214f,CB-TB-2155_Austin,e5de0a7a214fb5a7795c609427d71bef3fa5fcd6546eaad636cb84ff51b60871,OFFLINE_PAPERS_PROJECTION,,MUTE,mute_phone_download,,mute_phone_download,,,src_charge|src_hearing|src_mg_forms|src_parties|src_dates|src_cctv|src_continuity|papers_materials_29,11162,,"HEARING_ISO | 2026-07-13T12:00:00.000Z || HEARING | 13 July 2026 at 13:00 || CHARGE | Offence Possession of a controlled drug of Class A with intent to supply, contrary to section 5(3) Misuse of Drugs Act 1971"
sha:e6efac5ad589175bd4f5879256846496a6d2c3d941ec67b5715bebefd5e3db4a,PDF-e6efac5ad589,CB-TB-544_Evans,e6efac5ad589175bd4f5879256846496a6d2c3d941ec67b5715bebefd5e3db4a,OFFLINE_PAPERS_PROJECTION,,MODALITY,modality_summary_vs_recording,,,modality_summary_vs_recording,,src_charge|src_hearing|src_mg_forms|src_parties|src_dates|src_cctv|src_continuity|papers_materials_29,3159,,"HEARING_ISO | 2026-08-27T08:30:00.000Z || HEARING | 27 August 2026 09:30 || CHARGE | Wounding with intent to cause grievous bodily harm, s.18 OAPA 1861"
sha:e6cdb0ac89ffe3109de25a2668004643aa4e70cfda56a7b471f60af2d52e4f5c,PDF-e6cdb0ac89ff,CB-TB-630_Doyle,e6cdb0ac89ffe3109de25a2668004643aa4e70cfda56a7b471f60af2d52e4f5c,OFFLINE_PAPERS_PROJECTION,,MUTE,mute_phone_download,,mute_phone_download,,,src_charge|src_hearing|src_mg_forms|src_parties|src_dates|src_cctv|src_continuity|papers_materials_33,6701,,"HEARING_ISO | 2026-07-01T10:30:00.000Z || HEARING | 01 July 2026 at 11:30 || CHARGE | Burglary of a dwelling, contrary to section 9(1)(b) of the Theft Act 1968"
sha:e6aa50c96af1b91be63e5c6cc0bdb4e607499cdbd44b4b89b60398de37cc5538,PDF-e6aa50c96af1,CB-TB-931_Walsh,e6aa50c96af1b91be63e5c6cc0bdb4e607499cdbd44b4b89b60398de37cc5538,OFFLINE_PAPERS_PROJECTION,,MUTE,mute_phone_download,,mute_phone_download,,,src_hearing|src_mg_forms|src_parties|src_dates|src_cctv|papers_materials_20,4807,,"HEARING_ISO | 2026-08-14T12:00:00.000Z || HEARING | 14/08/2026 13:00 || CHARGE | 1Unlawful wounding, contrary to section 20 of"
sha:e6559f5994066805ae5b1594b8d3f01e07df805a3af3e859d640f89817e624af,PDF-e6559f599406,CB-TB-378_Blake,e6559f5994066805ae5b1594b8d3f01e07df805a3af3e859d640f89817e624af,OFFLINE_PAPERS_PROJECTION,,MUTE,mute_phone_download,,mute_phone_download,,,src_charge|src_hearing|src_mg_forms|src_parties|src_dates|src_cctv|src_continuity|papers_materials_28,13131,,"HEARING_ISO | 2026-07-28T13:30:00.000Z || HEARING | 28 July 2026 at 14:30 || CHARGE | Fraud by abuse of position, contrary to section 4 of the Fraud Act 2006"
sha:e78d0acf48d1cff9e46753687724662d30d8b11b29cc2fb24116bc7c2613e28f,PDF-e78d0acf48d1,CB-TB-368_Ash,e78d0acf48d1cff9e46753687724662d30d8b11b29cc2fb24116bc7c2613e28f,OFFLINE_PAPERS_PROJECTION,,MUTE,mute_phone_download,,mute_phone_download,,,src_charge|src_hearing|src_mg_forms|src_parties|src_dates|src_cctv|src_continuity|papers_materials_21,7053,,"HEARING_ISO | 2026-06-28T09:00:00.000Z || HEARING | 28 June 2026 at 10:00 || CHARGE | Possession of a Class A controlled drug with intent to supply, contrary to section 5(3) of the Misuse of Drugs Act 1971"
sha:e77dab1ff2277493712a08b901f5b78fc6f55e0952d028d1f37c2584bfd5d2b8,PDF-e77dab1ff227,CB-TB-2165_Kerr,e77dab1ff2277493712a08b901f5b78fc6f55e0952d028d1f37c2584bfd5d2b8,OFFLINE_PAPERS_PROJECTION,,MUTE,mute_phone_download,,mute_phone_download,,,src_charge|src_hearing|src_mg_forms|src_parties|src_dates|src_cctv|src_continuity|papers_materials_21,6403,,"HEARING_ISO | 2026-08-12T10:00:00.000Z || HEARING | 12 August 2026 at 11:00 || CHARGE | Offence Possession of a controlled drug of Class A with intent to supply, contrary to section 5(3) Misuse of Drugs Act 1971"
sha:e78b1d7950e51bf393e261ad04b6d43a006b45702e57cb2824a21bafd1412113,PDF-e78b1d7950e5,CB-TB-1116_Cole,e78b1d7950e51bf393e261ad04b6d43a006b45702e57cb2824a21bafd1412113,OFFLINE_PAPERS_PROJECTION,,MUTE,mute_phone_download,,mute_phone_download,,,src_charge|src_hearing|src_mg_forms|src_id_procedure|src_parties|src_dates|src_cctv|src_continuity|papers_materials_20,8251,,"HEARING_ISO | 2026-07-25T09:30:00.000Z || HEARING | 25 July 2026 at 10:30 || CHARGE | Possession of a controlled drug of Class B, contrary to section 5(2) of the Misuse of Drugs Act 1971"
sha:e80b92c4d67ed98abae3cb4d66e8472ea606cd6d0271a1568002a27aafb93175,PDF-e80b92c4d67e,CB-TB-1652_Okonkwo,e80b92c4d67ed98abae3cb4d66e8472ea606cd6d0271a1568002a27aafb93175,OFFLINE_PAPERS_PROJECTION,,MUTE,mute_cad_999,,mute_cad_999,,,src_charge|src_hearing|src_mg_forms|src_parties|src_dates|src_cctv|src_continuity|papers_materials_25,5391,,"HEARING_ISO | 2026-08-13T09:00:00.000Z || HEARING | 13 August 2026 at 10:00 || CHARGE | Offence Using threatening or abusive words or behaviour, contrary to section 4 Public Order Act 1986"
sha:e850de2f0b66e9403c0dd20a278031c2b955d34431763c1b509b2d73454561e6,PDF-e850de2f0b66,CB-TB-463_Gibson,e850de2f0b66e9403c0dd20a278031c2b955d34431763c1b509b2d73454561e6,OFFLINE_PAPERS_PROJECTION,,MUTE,mute_phone_download,,mute_phone_download,,,src_charge|src_hearing|src_mg_forms|src_parties|src_cctv|src_continuity|papers_materials_22,5447,,"HEARING_ISO | 2026-08-06T13:00:00.000Z || HEARING | 6 August 2026 at 14:00 || CHARGE | Assault by beating of an emergency worker, contrary to section 1 Assaults on Emergency Workers"
sha:e8a787992e9384ca12f061ae025382892cb1c30c17a62dd9ec4550e481317c4b,PDF-e8a787992e93,CB-TB-1695_Booth,e8a787992e9384ca12f061ae025382892cb1c30c17a62dd9ec4550e481317c4b,OFFLINE_PAPERS_PROJECTION,,MUTE,mute_cad_999,,mute_cad_999,,,src_charge|src_hearing|src_mg_forms|src_parties|src_dates|src_cctv|papers_materials_22,5344,,"HEARING_ISO | 2026-08-02T12:30:00.000Z || HEARING | 2 August 2026 at 13:30 || CHARGE | Offence Assault by beating of an emergency worker, contrary to section 1 Assaults on Emergency Workers (Offences) Act 2018"
sha:e99453f2f8f91721a20de3808c6565aa5868990ba6c60c8e8ef8dfbbd0672c43,PDF-e99453f2f8f9,CB-TB-1290_Shah,e99453f2f8f91721a20de3808c6565aa5868990ba6c60c8e8ef8dfbbd0672c43,OFFLINE_PAPERS_PROJECTION,,MUTE,mute_phone_download,,mute_phone_download,,,src_charge|src_hearing|src_mg_forms|src_parties|src_dates|src_cctv|src_cctv_stills|src_continuity|papers_materials_32,7024,,"HEARING_ISO | 2026-07-30T08:30:00.000Z || HEARING | 30/07/2026 09:30 || CHARGE | Robbery, contrary to s.8 Theft Act 1968"
sha:e9bdfcea56457cb924224f501e6d34f51cf5018f99e922116813c7ec19d19459,PDF-e9bdfcea5645,CB-TB-1014_Wright,e9bdfcea56457cb924224f501e6d34f51cf5018f99e922116813c7ec19d19459,OFFLINE_PAPERS_PROJECTION,,MUTE,mute_phone_download,,mute_phone_download,,,src_charge|src_hearing|src_mg_forms|src_parties|src_dates|src_cctv|src_continuity|papers_materials_33,6463,,"HEARING_ISO | 2026-08-16T10:15:00.000Z || HEARING | 16 August 2026 at 11:15 || CHARGE | Assault by beating of an emergency worker, contrary to section 1 Assaults on Emergency Workers (Offences)"
sha:eab025cada335d6a017414ea991d27163ddb22f99991f06eafa98076776daec6,PDF-eab025cada33,CB-TB-787_Olsen,eab025cada335d6a017414ea991d27163ddb22f99991f06eafa98076776daec6,OFFLINE_PAPERS_PROJECTION,,MUTE,mute_export_log,,mute_export_log,,,src_charge|src_hearing|src_mg_forms|src_parties|src_dates|src_cctv|src_cctv_stills|src_continuity|papers_materials_40,9972,,"HEARING_ISO | 2026-07-22T11:30:00.000Z || HEARING | 22 July 2026 at 12:30 || CHARGE | Robbery, contrary to s.8 Theft Act 1968"
sha:eb1a310a695c46f80c8f291e67d00433b76ec09facfcbb8e5a8343eeed07a0a9,PDF-eb1a310a695c,CB-TB-960_Clarke,eb1a310a695c46f80c8f291e67d00433b76ec09facfcbb8e5a8343eeed07a0a9,OFFLINE_PAPERS_PROJECTION,,MUTE,mute_phone_download,,mute_phone_download,,,src_charge|src_hearing|src_mg_forms|src_parties|src_cctv|papers_materials_22,5547,,"HEARING_ISO | 2026-07-28T10:30:00.000Z || HEARING | 28/07/2026 11:30 || CHARGE | Handling stolen goods, contrary to s.22 Theft Act 1968"
sha:eaf252666fe8b536952045e26e9d4be030d52f8389b3e11dd72b14145295a1fc,PDF-eaf252666fe8,CB-TB-1176_Merritt,eaf252666fe8b536952045e26e9d4be030d52f8389b3e11dd72b14145295a1fc,OFFLINE_PAPERS_PROJECTION,,MUTE,mute_phone_download,,mute_phone_download,,,src_charge|src_hearing|src_mg_forms|src_parties|src_dates|src_cctv|src_continuity|papers_materials_33,8898,,"HEARING_ISO | 2026-06-27T10:15:00.000Z || HEARING | 27 June 2026 at 11:15 || CHARGE | Burglary of a dwelling, contrary to section 9 of the Theft Act 1968"
sha:eb46e18ef22aa8fc306b83af3270837d2cd6762827fd59d89506f393822f1a36,PDF-eb46e18ef22a,CB-TB-521_Doyle,eb46e18ef22aa8fc306b83af3270837d2cd6762827fd59d89506f393822f1a36,OFFLINE_PAPERS_PROJECTION,,MODALITY,modality_summary_vs_recording,,,modality_summary_vs_recording,,src_charge|src_hearing|src_mg_forms|src_parties|src_dates|src_continuity|papers_materials_40,8405,,"HEARING_ISO | 2026-08-20T10:15:00.000Z || HEARING | 20 August 2026 11:15 || CHARGE | Possession of a controlled drug of Class A with intent to supply, contrary to section 5(3) Misuse of Drugs Act 1971"
sha:eb53a2ab4b985b30211b8b37ebecf53720ee81c29fc762060de035dcf1c1e03a,PDF-eb53a2ab4b98,NS-CPS-2026-0502,eb53a2ab4b985b30211b8b37ebecf53720ee81c29fc762060de035dcf1c1e03a,OFFLINE_PAPERS_PROJECTION,,ERROR,engine_error,,,,,,0,"corrupt_or_protected:PDF parsing failed: bad XRef entry. The PDF may be corrupted, password-protected, or use an unsupported format.",
sha:ebc3916f92ac81677aa1edcd6f462d50a4a1df82c04fa3f4f319b2570a4752f0,PDF-ebc3916f92ac,CB-TB-651_Parker,ebc3916f92ac81677aa1edcd6f462d50a4a1df82c04fa3f4f319b2570a4752f0,OFFLINE_PAPERS_PROJECTION,,MUTE,mute_phone_download,,mute_phone_download,,,src_charge|src_hearing|src_mg_forms|src_parties|src_dates|src_cctv|src_cctv_stills|papers_materials_25,5303,,"HEARING_ISO | 2026-06-19T11:30:00.000Z || HEARING | 19 June 2026 at 12:30 || CHARGE | Fraud by false representation, s.2 Fraud Act 2006"
sha:ebd3b3fa35b1909307c4b347a700d85ad65ee74ab7ae07b326b233548fcedb75,PDF-ebd3b3fa35b1,CB-TB-2022_Kerr,ebd3b3fa35b1909307c4b347a700d85ad65ee74ab7ae07b326b233548fcedb75,OFFLINE_PAPERS_PROJECTION,,MUTE,mute_phone_download,,mute_phone_download,,,src_charge|src_hearing|src_mg_forms|src_parties|src_dates|src_cctv|src_continuity|papers_materials_29,7742,,"HEARING_ISO | 2026-08-03T11:30:00.000Z || HEARING | 3 August 2026 at 12:30 || CHARGE | Offence Being concerned in the supply of a controlled drug of Class A, contrary to section 4(3)(b) Misuse of Drugs Act 1971"
sha:ec91c16b37c753ceef83728d1a14d73a970487515e9345053a3e39abb1af4590,PDF-ec91c16b37c7,CB-TB-1944_Saxon,ec91c16b37c753ceef83728d1a14d73a970487515e9345053a3e39abb1af4590,OFFLINE_PAPERS_PROJECTION,,MUTE,mute_phone_download,,mute_phone_download,,,src_charge|src_hearing|src_mg_forms|src_parties|src_dates|src_cctv|src_continuity|papers_materials_24,5040,,"HEARING_ISO | 2026-06-28T09:00:00.000Z || HEARING | 28 June 2026 10:00 || CHARGE | Affray, contrary to section 3 of the Public Order Act 1986"
sha:ed1427d6f0481f54268abf55ce0f4784c72f6596adfd8bd7b51dc53cd0f2c496,PDF-ed1427d6f048,CB-TB-1151_Ahmed,ed1427d6f0481f54268abf55ce0f4784c72f6596adfd8bd7b51dc53cd0f2c496,OFFLINE_PAPERS_PROJECTION,,MUTE,mute_phone_download,,mute_phone_download,,,src_charge|src_hearing|src_mg_forms|src_id_procedure|src_parties|src_dates|src_cctv|papers_materials_21,4888,,"HEARING_ISO | 2026-07-27T09:00:00.000Z || HEARING | 27 July 2026 at 10:00 || CHARGE | Driving with a specified controlled drug above the specified limit, contrary to section 5A of the Road Traffic Act"
sha:ed1aa23c74f581e283b617aec2a9e11bb9277ad0676d343e5c45fb178dc03ad7,PDF-ed1aa23c74f5,CB-TB-2139_Riley,ed1aa23c74f581e283b617aec2a9e11bb9277ad0676d343e5c45fb178dc03ad7,OFFLINE_PAPERS_PROJECTION,,MUTE,mute_phone_download,,mute_phone_download,,,src_charge|src_hearing|src_mg_forms|src_parties|src_dates|src_cctv|src_continuity|papers_materials_23,5717,,"HEARING_ISO | 2026-08-04T12:30:00.000Z || HEARING | 4 August 2026 at 13:30 || CHARGE | Offence Being concerned in the supply of a controlled drug of Class A, contrary to section 4(3)(b) Misuse of Drugs Act 1971"
sha:ed085faf982562fe39cd0564307657fb488de899b727cb198905e8d8e824e2f8,PDF-ed085faf9825,CB-TB-589_Thornton,ed085faf982562fe39cd0564307657fb488de899b727cb198905e8d8e824e2f8,OFFLINE_PAPERS_PROJECTION,,MODALITY,modality_summary_vs_recording,,,modality_summary_vs_recording,,src_charge|src_hearing|src_mg_forms|src_parties|src_dates|src_cctv|src_continuity|papers_materials_37,6150,,"HEARING_ISO | 2026-06-27T09:00:00.000Z || HEARING | 27 June 2026 10:00 || CHARGE | Having an offensive weapon, contrary to s.1(1) Prevention of Crime Act 1953"
sha:ed6cd2ea0e43d4d46e8521266e227d192327ff79452e499fb313c681c72a876e,PDF-ed6cd2ea0e43,CB-TB-627_Patterson,ed6cd2ea0e43d4d46e8521266e227d192327ff79452e499fb313c681c72a876e,OFFLINE_PAPERS_PROJECTION,,MUTE,mute_phone_download,,mute_phone_download,,,src_charge|src_hearing|src_mg_forms|src_parties|src_dates|src_cctv|papers_materials_40,7807,,"HEARING_ISO | 2026-06-22T11:30:00.000Z || HEARING | 22 June 2026 at 12:30 || CHARGE | Robbery, contrary to s.8 Theft Act 1968"
sha:ee84d8c560cf2a5d74637e68ae898fe4c1347a7bae1e30f54958b5730bc0f9d3,PDF-ee84d8c560cf,CB-TB-1295_Mitchell,ee84d8c560cf2a5d74637e68ae898fe4c1347a7bae1e30f54958b5730bc0f9d3,OFFLINE_PAPERS_PROJECTION,,MUTE,mute_phone_download,,mute_phone_download,,,src_charge|src_hearing|src_mg_forms|src_parties|src_dates|src_cctv|src_continuity|papers_materials_11,3181,,"HEARING_ISO | 2026-08-14T08:30:00.000Z || HEARING | 14/08/2026 09:30 || CHARGE | Robbery, contrary to s.8 Theft Act 1968"
sha:eefcb5e40797377cab5e9b79787e40f1e6147727fd472db346f4ea75fc2abefe,PDF-eefcb5e40797,CB-TB-479_Banks,eefcb5e40797377cab5e9b79787e40f1e6147727fd472db346f4ea75fc2abefe,OFFLINE_PAPERS_PROJECTION,,MUTE,mute_phone_download,,mute_phone_download,,,src_charge|src_hearing|src_mg_forms|src_parties|src_cctv|src_continuity|papers_materials_19,3695,,"HEARING_ISO | 2026-06-27T09:30:00.000Z || HEARING | 27 June 2026 at 10:30 || CHARGE | Primary charge:Failing to stop and report an accident, contrary to section 170 Road Traffic Act 1988"
sha:eed8899bc27e7bf331a3629cca0df936c58bc707a392a2e43c3e2db544179c36,PDF-eed8899bc27e,CB-TB-1407_Rowe,eed8899bc27e7bf331a3629cca0df936c58bc707a392a2e43c3e2db544179c36,OFFLINE_PAPERS_PROJECTION,,MUTE,mute_phone_download,,mute_phone_download,,,src_charge|src_hearing|src_mg_forms|src_id_procedure|src_parties|src_dates|src_cctv|src_continuity|papers_materials_23,5530,,"HEARING_ISO | 2026-08-25T13:00:00.000Z || HEARING | 25 August 2026 at 14:00 || CHARGE | Possession of a controlled drug of Class A with intent to supply, contrary to section 5(3) of the Misuse of Drugs Act"
sha:efdb874afea0ccd12bf0994ac7ae927d9ec404d7501a1f7a89e648ac1c742e0e,PDF-efdb874afea0,CB-TB-379_Greene,efdb874afea0ccd12bf0994ac7ae927d9ec404d7501a1f7a89e648ac1c742e0e,OFFLINE_PAPERS_PROJECTION,,MUTE,mute_phone_download,,mute_phone_download,,,src_charge|src_hearing|src_mg_forms|src_parties|src_dates|src_cctv|src_continuity|papers_materials_26,11561,,"HEARING_ISO | 2026-07-31T08:00:00.000Z || HEARING | 31 July 2026 at 09:00 || CHARGE | Concealing, disguising, converting, transferring or removing criminal property, contrary to section 327 of the Proceeds of"
sha:f0fccefc2f0407bf4145a50d8ff6d2cc8b9e99b11ce8aa47c122aff252f407bc,PDF-f0fccefc2f04,CB-TB-048_Reid,f0fccefc2f0407bf4145a50d8ff6d2cc8b9e99b11ce8aa47c122aff252f407bc,OFFLINE_PAPERS_PROJECTION,,MODALITY,modality_screenshot_vs_download,,,modality_screenshot_vs_download,,src_charge|src_hearing|src_mg_forms|src_parties|src_cctv|src_continuity|papers_materials_28,5289,,"HEARING_ISO | 2026-08-24T10:00:00.000Z || HEARING | 24 August 2026 at 11:00 || CHARGE | Possession of cocaine with intent to supply, contrary to section 5(3) Misuse of Drugs Act"
sha:f197b4184d85cb303583edcd3ba0e45a012b3bec8b9b13df47b13475739e3468,PDF-f197b4184d85,CB-TB-2026_Ford,f197b4184d85cb303583edcd3ba0e45a012b3bec8b9b13df47b13475739e3468,OFFLINE_PAPERS_PROJECTION,,MUTE,mute_phone_download,,mute_phone_download,,,src_charge|src_hearing|src_mg_forms|src_parties|src_dates|src_cctv|src_continuity|papers_materials_27,5596,,"HEARING_ISO | 2026-08-15T11:00:00.000Z || HEARING | 15 August 2026 at 12:00 || CHARGE | Fraud by false representation, s.2 Fraud Act 2006"
sha:f115a9ed4c31e91df9a4cf45a43f2fd6c9b1f82365452fad4037dfff38aaf6b5,PDF-f115a9ed4c31,CB-TB-231_Ford,f115a9ed4c31e91df9a4cf45a43f2fd6c9b1f82365452fad4037dfff38aaf6b5,OFFLINE_PAPERS_PROJECTION,,MUTE,mute_phone_download,,mute_phone_download,,,src_charge|src_hearing|src_mg_forms|src_parties|src_dates|src_cctv_stills|papers_materials_21,8890,,HEARING_ISO | 2026-07-07T13:15:00.000Z || HEARING | 07 July 2026 at 14:15 || CHARGE | Doing an act tending and intended to pervert the course of public justice
sha:f1228bc125e5bd783d8843ae67cba7117cf7b098f510909f3e8bdbfda9d390ab,PDF-f1228bc125e5,CB-TB-1894_Griffiths,f1228bc125e5bd783d8843ae67cba7117cf7b098f510909f3e8bdbfda9d390ab,OFFLINE_PAPERS_PROJECTION,,MUTE,mute_phone_download,,mute_phone_download,,,src_charge|src_hearing|src_mg_forms|src_parties|src_dates|papers_materials_30,8334,,"HEARING_ISO | 2026-08-13T13:00:00.000Z || HEARING | 13 August 2026 14:00 || CHARGE | Driving with excess alcohol, contrary to section 5 of the Road Traffic Act 1988"
sha:f23046d667f4c410c14ecf561af84d709f3663fd6a94a8a99276e31fd9a991b2,PDF-f23046d667f4,CB-TB-220_Hayes,f23046d667f4c410c14ecf561af84d709f3663fd6a94a8a99276e31fd9a991b2,OFFLINE_PAPERS_PROJECTION,,MUTE,mute_phone_download,,mute_phone_download,,,src_charge|src_hearing|src_mg_forms|src_parties|src_dates|src_cctv|papers_materials_19,6541,,"HEARING_ISO | 2026-08-27T09:15:00.000Z || HEARING | 27 August 2026 at 10:15 || CHARGE | Possession of a Class B controlled drug, contrary to section 5(2) of the Misuse of Drugs Act 1971"
sha:f213bb76e034706a5b2c1a9f64a1f6c384ee3f51a08a7689f6c664cdad31f8b4,PDF-f213bb76e034,CB-TB-369_Khan,f213bb76e034706a5b2c1a9f64a1f6c384ee3f51a08a7689f6c664cdad31f8b4,OFFLINE_PAPERS_PROJECTION,,MUTE,mute_phone_download,,mute_phone_download,,,src_charge|src_hearing|src_mg_forms|src_parties|src_dates|src_cctv_stills|src_continuity|papers_materials_23,10996,,"HEARING_ISO | 2026-07-01T09:30:00.000Z || HEARING | 01 July 2026 at 10:30 || CHARGE | Possession of a Class B controlled drug with intent to supply, contrary to section 5(3) of the Misuse of Drugs Act 1971"
sha:f2ef6d3268d6915cd5ef5478930592fd9024e5d556f3274782be090442c83ccf,PDF-f2ef6d3268d6,CB-TB-510_Reed,f2ef6d3268d6915cd5ef5478930592fd9024e5d556f3274782be090442c83ccf,OFFLINE_PAPERS_PROJECTION,,MODALITY,modality_summary_vs_recording,,,modality_summary_vs_recording,,src_charge|src_hearing|src_mg_forms|src_parties|src_dates|src_continuity|papers_materials_22,2626,,"HEARING_ISO | 2026-06-24T08:30:00.000Z || HEARING | 24 June 2026 09:30 || CHARGE | Fraud by false representation, s.2 Fraud Act 2006"
sha:f30fad3ffd6b61696861cd6b53b73c713d45d814680280becc3cc7d3db8fc59e,PDF-f30fad3ffd6b,CB-TB-1251_Parker,f30fad3ffd6b61696861cd6b53b73c713d45d814680280becc3cc7d3db8fc59e,OFFLINE_PAPERS_PROJECTION,,MUTE,mute_phone_download,,mute_phone_download,,,src_charge|src_hearing|src_mg_forms|src_parties|src_dates|papers_materials_17,3816,,"HEARING_ISO | 2026-06-18T13:00:00.000Z || HEARING | 18/06/2026 14:00 || CHARGE | Robbery, contrary to s.8 Theft Act 1968"
sha:f3228e6b184819276af5b2e04e9aa78853f50ce1290aa8efb5f277e87ec28900,PDF-f3228e6b1848,CB-TB-1868_Booth,f3228e6b184819276af5b2e04e9aa78853f50ce1290aa8efb5f277e87ec28900,OFFLINE_PAPERS_PROJECTION,,MUTE,mute_phone_download,,mute_phone_download,,,src_charge|src_hearing|src_mg_forms|src_parties|src_cctv|papers_materials_24,3782,,"HEARING_ISO | 2026-08-10T20:05:00.000Z || HEARING | 10 August 2026 at 21:05 || CHARGE | Theft, contrary to s.1 Theft Act 1968"
sha:f3287b9fb07b477daebf2f62fa65ec148533a1d0bdc826fda08f158c2504a841,PDF-f3287b9fb07b,CB-TB-281_Hayes,f3287b9fb07b477daebf2f62fa65ec148533a1d0bdc826fda08f158c2504a841,OFFLINE_PAPERS_PROJECTION,,MUTE,mute_phone_download,,mute_phone_download,,,src_charge|src_hearing|src_mg_forms|src_parties|src_dates|src_continuity|papers_materials_21,8746,,HEARING_ISO | 2026-06-19T09:30:00.000Z || HEARING | 19 June 2026 at 10:30 || CHARGE | Doing an act tending and intended to pervert the course of public justice
sha:f3e7c6bb97bbd99b7066fed877e4bd8c3ddb86f34c6ee522cbb5974a5407907d,PDF-f3e7c6bb97bb,CB-TB-1466_Patterson,f3e7c6bb97bbd99b7066fed877e4bd8c3ddb86f34c6ee522cbb5974a5407907d,OFFLINE_PAPERS_PROJECTION,,MUTE,mute_phone_download,,mute_phone_download,,,src_charge|src_hearing|src_mg_forms|src_parties|src_dates|src_cctv|src_continuity|papers_materials_22,5178,,"HEARING_ISO | 2026-07-29T09:30:00.000Z || HEARING | 29 July 2026 at 10:30 || CHARGE | Fraud by false representation, s.2 Fraud Act 2006"
sha:f3e3a06216748f323faa19b24b20890481aa061559fc009164eb400a7ca52bb0,PDF-f3e3a0621674,CB-TB-984_Mitchell,f3e3a06216748f323faa19b24b20890481aa061559fc009164eb400a7ca52bb0,OFFLINE_PAPERS_PROJECTION,,MUTE,mute_phone_download,,mute_phone_download,,,src_charge|src_hearing|src_mg_forms|src_parties|src_cctv|papers_materials_24,6142,,"HEARING_ISO | 2026-07-01T12:15:00.000Z || HEARING | 01/07/2026 13:15 || CHARGE | Being concerned in the supply of a controlled drug of Class A, contrary to section 4(3)(b) of the Misuse of Drugs Act 1971"
sha:f493171f198c9a4dc0801f06d247b519c0d426ea82fc5adcf3dbe40592b0c728,PDF-f493171f198c,CB-TB-523_Flint,f493171f198c9a4dc0801f06d247b519c0d426ea82fc5adcf3dbe40592b0c728,OFFLINE_PAPERS_PROJECTION,,MODALITY,modality_summary_vs_recording,,,modality_summary_vs_recording,,src_charge|src_hearing|src_mg_forms|src_parties|src_dates|src_cctv|src_continuity|papers_materials_39,7967,,HEARING_ISO | 2026-07-26T10:15:00.000Z || HEARING | 26 July 2026 11:15 || CHARGE | Possession of a controlled drug of Class A with intent to supply contrary to section 5(3) Misuse of Drugs Act 1971
sha:f49da71cc42533c080b6d0b33303b0e28faab0bdb48026fbf04dee533fc29f5a,PDF-f49da71cc425,CB-TB-2153_Fletcher,f49da71cc42533c080b6d0b33303b0e28faab0bdb48026fbf04dee533fc29f5a,OFFLINE_PAPERS_PROJECTION,,MUTE,mute_phone_download,,mute_phone_download,,,src_charge|src_hearing|src_mg_forms|src_parties|src_dates|src_cctv|src_continuity|papers_materials_26,9250,,"HEARING_ISO | 2026-07-07T10:00:00.000Z || HEARING | 7 July 2026 at 11:00 || CHARGE | Offence Being concerned in the supply of a controlled drug of Class A, contrary to section 4(3)(b) Misuse of Drugs Act 1971"
sha:f527c23b4b9da4b93beb3086ebeafa9e5e790310e6b133e0b30d6d57917ba1e9,PDF-f527c23b4b9d,CB-TB-553_Patel,f527c23b4b9da4b93beb3086ebeafa9e5e790310e6b133e0b30d6d57917ba1e9,OFFLINE_PAPERS_PROJECTION,,MODALITY,modality_summary_vs_recording,,,modality_summary_vs_recording,,src_charge|src_hearing|src_mg_forms|src_parties|src_dates|src_cctv|src_continuity|papers_materials_30,3248,,"HEARING_ISO | 2026-08-21T09:30:00.000Z || HEARING | 21 August 2026 10:30 || CHARGE | Fraud by false representation, s.2 Fraud Act 2006"
sha:f4c95848ba8c937dc371ef88f746fc70fb816fc3dda00c74a42cca5561bad2ff,PDF-f4c95848ba8c,CB-TB-1054_Hughes,f4c95848ba8c937dc371ef88f746fc70fb816fc3dda00c74a42cca5561bad2ff,OFFLINE_PAPERS_PROJECTION,,MUTE,mute_phone_download,,mute_phone_download,,,src_charge|src_hearing|src_mg_forms|src_parties|src_dates|src_continuity|papers_materials_28,5122,,"HEARING_ISO | 2026-08-29T10:15:00.000Z || HEARING | 29 August 2026 at 11:15 || CHARGE | Assault by beating of an emergency worker, contrary to section 1 Assaults on Emergency Workers (Offences)"
sha:f512883e8087488aac6ebaa9ab2804549e7738705df60ea56e4ad3e221ba63c4,PDF-f512883e8087,CB-TB-1009_Sutton,f512883e8087488aac6ebaa9ab2804549e7738705df60ea56e4ad3e221ba63c4,OFFLINE_PAPERS_PROJECTION,,MUTE,mute_cctv_master,,mute_cctv_master,,,src_charge|src_hearing|src_mg_forms|src_parties|src_dates|src_cctv|src_cctv_stills|src_continuity|papers_materials_40,7397,,"HEARING_ISO | 2026-08-13T13:00:00.000Z || HEARING | 13 August 2026 at 14:00 || CHARGE | Fraud by false representation, s.2 Fraud Act 2006"
sha:f544819cc2e057b191abbed0e3504800b0d6abbedbbd2131bc3f443a58a729ac,PDF-f544819cc2e0,CB-TB-528_Brooks,f544819cc2e057b191abbed0e3504800b0d6abbedbbd2131bc3f443a58a729ac,OFFLINE_PAPERS_PROJECTION,,MODALITY,modality_summary_vs_recording,,,modality_summary_vs_recording,,src_charge|src_hearing|src_mg_forms|src_parties|src_dates|src_continuity|papers_materials_37,5570,,"HEARING_ISO | 2026-07-26T08:30:00.000Z || HEARING | 26 July 2026 09:30 || CHARGE | Burglary, contrary to section 9 Theft Act 1968"
sha:f55db8ab74c1598881579df2da99d40e4b55babb60f30315ebe4c044a1100d60,PDF-f55db8ab74c1,CB-TB-1613_Parker,f55db8ab74c1598881579df2da99d40e4b55babb60f30315ebe4c044a1100d60,OFFLINE_PAPERS_PROJECTION,,MUTE,mute_phone_download,,mute_phone_download,,,src_charge|src_hearing|src_mg_forms|src_parties|src_dates|src_cctv|src_continuity|papers_materials_25,7724,,"HEARING_ISO | 2026-06-27T10:00:00.000Z || HEARING | 27 June 2026 at 11:00 || CHARGE | Offence Possession of a controlled drug of Class A with intent to supply, contrary to section 5(3) Misuse of Drugs Act 1971"
sha:f6301f41adb92b1251347c30556dee8b51405a283e307e0c73868c6189ae54c9,PDF-f6301f41adb9,CB-TB-2097_Booth,f6301f41adb92b1251347c30556dee8b51405a283e307e0c73868c6189ae54c9,OFFLINE_PAPERS_PROJECTION,,MUTE,mute_phone_download,,mute_phone_download,,,src_charge|src_hearing|src_mg_forms|src_parties|src_dates|src_cctv|src_continuity|papers_materials_25,6903,,"HEARING_ISO | 2026-08-18T10:30:00.000Z || HEARING | 18 August 2026 at 11:30 || CHARGE | Offence Possession of a controlled drug of Class B, contrary to section 5(2) Misuse of Drugs Act 1971"
sha:f640c621759b6d47b2fe922c6ef1689fe299fcb87f0f1c2f7658993383953b45,PDF-f640c621759b,CB-TB-940_Ross,f640c621759b6d47b2fe922c6ef1689fe299fcb87f0f1c2f7658993383953b45,OFFLINE_PAPERS_PROJECTION,,MUTE,mute_phone_download,,mute_phone_download,,,src_charge|src_hearing|src_mg_forms|src_parties|src_cctv|papers_materials_14,3446,,"HEARING_ISO | 2026-06-18T08:30:00.000Z || HEARING | 18/06/2026 09:30 || CHARGE | Having an offensive weapon, contrary to s.1(1) Prevention of Crime Act 1953"
sha:f66d94e4a85b8dace12ab7a1dffe092da6d36dc1eb72b3650e4afebbe5636ab9,PDF-f66d94e4a85b,CB-TB-1039_Reynolds,f66d94e4a85b8dace12ab7a1dffe092da6d36dc1eb72b3650e4afebbe5636ab9,OFFLINE_PAPERS_PROJECTION,,MUTE,mute_cctv_master,,mute_cctv_master,,,src_charge|src_hearing|src_mg_forms|src_parties|src_dates|src_cctv|src_cctv_stills|src_continuity|papers_materials_40,9069,,"HEARING_ISO | 2026-06-30T08:30:00.000Z || HEARING | 30 June 2026 at 09:30 || CHARGE | Count 1: Burglary, contrary to section 9 Theft Act 1968; Count 2: Assault occasioning actual bodily"
sha:f809c3cad542338d9fc90bf51f971d28f488fd024346fb4d9ecbae6b084e98a1,PDF-f809c3cad542,CB-TB-1422_Turner,f809c3cad542338d9fc90bf51f971d28f488fd024346fb4d9ecbae6b084e98a1,OFFLINE_PAPERS_PROJECTION,,MUTE,mute_phone_download,,mute_phone_download,,,src_charge|src_hearing|src_id_procedure|src_parties|src_dates|src_cctv|src_continuity|papers_materials_33,8645,,"HEARING_ISO | 2026-07-19T08:30:00.000Z || HEARING | 19 July 2026 at 09:30 || CHARGE | Assault occasioning actual bodily harm, s.47 OAPA 1861"
sha:f837b412fd72002156b68c504b81982766ccb382707fd1830e894cbe8a66e80c,PDF-f837b412fd72,CB-TB-1854_Holt,f837b412fd72002156b68c504b81982766ccb382707fd1830e894cbe8a66e80c,OFFLINE_PAPERS_PROJECTION,,MUTE,mute_phone_download,,mute_phone_download,,,src_charge|src_hearing|src_mg_forms|src_parties|src_dates|src_continuity|papers_materials_35,7054,,"HEARING_ISO | 2026-06-29T09:30:00.000Z || HEARING | 29 June 2026 10:30 || CHARGE | Fraud by false representation, s.2 Fraud Act 2006"
sha:f93f2890994ba5413ff7165eda28ca806843cfd64096e12663417edd625b7991,PDF-f93f2890994b,CB-TB-906_Archer,f93f2890994ba5413ff7165eda28ca806843cfd64096e12663417edd625b7991,OFFLINE_PAPERS_PROJECTION,,MUTE,mute_phone_download,,mute_phone_download,,,src_charge|src_hearing|src_mg_forms|src_parties|src_dates|src_cctv|papers_materials_26,6404,,"HEARING_ISO | 2026-06-25T08:30:00.000Z || HEARING | 25/06/2026 09:30 || CHARGE | Wounding with intent to cause grievous bodily harm, s.18 OAPA 1861"
sha:fa4f0f1eb3361cb4d385b6932b154a4a26b328a4a39d19eeeb66ace82194327a,PDF-fa4f0f1eb336,CB-TB-022_Walsh,fa4f0f1eb3361cb4d385b6932b154a4a26b328a4a39d19eeeb66ace82194327a,OFFLINE_PAPERS_PROJECTION,,MUTE,mute_phone_download,,mute_phone_download,,,src_charge|src_hearing|src_mg_forms|src_parties|src_cctv|src_continuity|papers_materials_40,12595,,"HEARING_ISO | 2026-08-05T09:00:00.000Z || HEARING | 05 August 2026 at 10:00 || CHARGE | Primary charge Conspiracy to supply a controlled drug of Class A, contrary to section 1 Criminal Law Act 1977"
sha:faedc1a04547842e37e7b09ab9ab2004d2a6a30b5ffd91bdae25c558ae5c71cf,PDF-faedc1a04547,CB-TB-2188_Nolan,faedc1a04547842e37e7b09ab9ab2004d2a6a30b5ffd91bdae25c558ae5c71cf,OFFLINE_PAPERS_PROJECTION,,MUTE,mute_phone_download,,mute_phone_download,,,src_charge|src_hearing|src_mg_forms|src_parties|src_dates|src_cctv|src_continuity|papers_materials_30,8453,,"HEARING_ISO | 2026-08-11T09:00:00.000Z || HEARING | 11 August 2026 at 10:00 || CHARGE | Offence Concealing, disguising, converting or transferring criminal property, contrary to section 327 Proceeds of Crime Act 2002"
sha:faa414ba3f97c491528f59dd0d9b90cd7712f77920f2d0b36bd33160983d682b,PDF-faa414ba3f97,CB-TB-2006_Doyle,faa414ba3f97c491528f59dd0d9b90cd7712f77920f2d0b36bd33160983d682b,OFFLINE_PAPERS_PROJECTION,,MUTE,mute_export_log,,mute_export_log,,,src_charge|src_hearing|src_mg_forms|src_parties|src_dates|src_cctv|src_continuity|papers_materials_30,11879,,"HEARING_ISO | 2026-08-25T11:00:00.000Z || HEARING | 25 August 2026 at 12:00 || CHARGE | Offence Burglary of a dwelling, contrary to section 9 Theft Act 1968"
sha:fb73ea289ac8cdc0404f5a41f10a94222f9565282753a44f86937cedd11206cf,PDF-fb73ea289ac8,CB-TB-1992_Kellett,fb73ea289ac8cdc0404f5a41f10a94222f9565282753a44f86937cedd11206cf,OFFLINE_PAPERS_PROJECTION,,MUTE,mute_phone_download,,mute_phone_download,,,src_charge|src_hearing|src_mg_forms|src_parties|src_dates|src_cctv|src_continuity|papers_materials_30,8959,,"HEARING_ISO | 2026-08-10T10:45:00.000Z || HEARING | 10 August 2026 11:45 || CHARGE | Possession of a controlled drug of Class A with intent to supply, contrary to section 5(3) of the Misuse of Drugs Act 1971"
sha:fc290b7a05f7f61a20a151b74cd527eecdaa21ee088b15a55a5138f03eb768ff,PDF-fc290b7a05f7,CB-TB-332_Daly,fc290b7a05f7f61a20a151b74cd527eecdaa21ee088b15a55a5138f03eb768ff,OFFLINE_PAPERS_PROJECTION,,MUTE,mute_phone_download,,mute_phone_download,,,src_charge|src_hearing|src_mg_forms|src_parties|src_dates|src_continuity|papers_materials_35,13732,,"HEARING_ISO | 2026-08-27T09:00:00.000Z || HEARING | 27 August 2026 at 10:00 || CHARGE | Intimidating a witness, contrary to section 51 of the Criminal Justice and Public Order Act 1994"
sha:fdb3697f9f86080dbf29d13af228d504e59f7b4ea4e3f3eb84417d443bc79f3b,PDF-fdb3697f9f86,CB-TB-155_Rees,fdb3697f9f86080dbf29d13af228d504e59f7b4ea4e3f3eb84417d443bc79f3b,OFFLINE_PAPERS_PROJECTION,,MUTE,mute_phone_download,,mute_phone_download,,,src_charge|src_hearing|src_mg_forms|src_parties|src_cctv|src_continuity|papers_materials_30,13264,,"HEARING_ISO | 2026-07-07T10:00:00.000Z || HEARING | 07 July 2026 at 11:00 || CHARGE | becoming concerned in a money laundering arrangement, contrary to section 328 Proceeds"
sha:fe1daf044f51a144e2c0289b9480b8cc15bbc841949224c90f83e8c21ed1f812,PDF-fe1daf044f51,CB-TB-1627_West,fe1daf044f51a144e2c0289b9480b8cc15bbc841949224c90f83e8c21ed1f812,OFFLINE_PAPERS_PROJECTION,,MUTE,mute_phone_download,,mute_phone_download,,,src_charge|src_hearing|src_mg_forms|src_parties|src_dates|src_cctv|src_continuity|papers_materials_31,9974,,"HEARING_ISO | 2026-08-08T12:00:00.000Z || HEARING | 8 August 2026 at 13:00 || CHARGE | Offence Possession of criminal property, contrary to section 329 Proceeds of Crime Act 2002"
sha:fe45d8c70f57c0182916f5e4b6c3be766008167500260e2ef1e6c17566e07d22,PDF-fe45d8c70f57,CB-TB-1939_Akhtar,fe45d8c70f57c0182916f5e4b6c3be766008167500260e2ef1e6c17566e07d22,OFFLINE_PAPERS_PROJECTION,,MUTE,mute_phone_download,,mute_phone_download,,,src_charge|src_hearing|src_mg_forms|src_parties|src_dates|src_cctv|src_continuity|papers_materials_30,11493,,"HEARING_ISO | 2026-08-12T13:00:00.000Z || HEARING | 12 August 2026 14:00 || CHARGE | Possession of a controlled drug of Class A with intent to supply, contrary to section 5(3) of the Misuse of Drugs Act 1971"
sha:fe899af500ac1c88b81c32130581dac5bfbe1be8ddd466c2893bbfa0cc1e9347,PDF-fe899af500ac,CB-TB-468_Cross,fe899af500ac1c88b81c32130581dac5bfbe1be8ddd466c2893bbfa0cc1e9347,OFFLINE_PAPERS_PROJECTION,,MUTE,mute_phone_download,,mute_phone_download,,,src_charge|src_hearing|src_mg_forms|src_parties|src_continuity|papers_materials_16,3740,,"HEARING_ISO | 2026-08-16T11:00:00.000Z || HEARING | 16 August 2026 at 12:00 || CHARGE | Primary charge:Affray, contrary to section 3 Public Order Act 1986"
sha:fe6306f9b204c6e19b9b64ec6264a0e13a371937519d56fc1c7f012f511c30cf,PDF-fe6306f9b204,CB-TB-2163_Mitchell,fe6306f9b204c6e19b9b64ec6264a0e13a371937519d56fc1c7f012f511c30cf,OFFLINE_PAPERS_PROJECTION,,MUTE,mute_cad_999,,mute_cad_999,,,src_charge|src_hearing|src_mg_forms|src_parties|src_dates|src_cctv|src_continuity|papers_materials_25,8721,,"HEARING_ISO | 2026-08-06T12:30:00.000Z || HEARING | 6 August 2026 at 13:30 || CHARGE | Assault occasioning actual bodily harm, s.47 OAPA 1861"
sha:ff88c5819c378b8baab630cef740032921205154e0499c87d2917b6bfa8f286a,PDF-ff88c5819c37,CB-TB-574_Foster,ff88c5819c378b8baab630cef740032921205154e0499c87d2917b6bfa8f286a,OFFLINE_PAPERS_PROJECTION,,MODALITY,modality_summary_vs_recording,,mute_phone_download,modality_summary_vs_recording,,src_charge|src_hearing|src_mg_forms|src_parties|src_dates|src_continuity|papers_materials_40,9629,,"HEARING_ISO | 2026-06-22T10:15:00.000Z || HEARING | 22 June 2026 11:15 || CHARGE | Affray, contrary to section 3 Public Order Act 1986"
sha:ffc600f915bde4e189089b9ec49e5abadb0c5d66c3157b7106d7e32bf547bf23,PDF-ffc600f915bd,CB-TB-526_Foster,ffc600f915bde4e189089b9ec49e5abadb0c5d66c3157b7106d7e32bf547bf23,OFFLINE_PAPERS_PROJECTION,,MODALITY,modality_summary_vs_recording,,,modality_summary_vs_recording,,src_charge|src_hearing|src_mg_forms|src_parties|src_dates|src_continuity|papers_materials_40,9558,,HEARING_ISO | 2026-08-19T13:00:00.000Z || HEARING | 19 August 2026 14:00 || CHARGE | contrary to section 2 Protection from Harassment Act 1997
sha:d30e3f83d5866f31282fe9b4d9e6716489922c3d879598a81d27c920fc5f451b,RP-01,RP-01,d30e3f83d5866f31282fe9b4d9e6716489922c3d879598a81d27c920fc5f451b,OFFLINE_PAPERS_PROJECTION,,MODALITY,modality_stills_collapsed_to_generic_cctv,,mute_export_log,modality_stills_collapsed_to_generic_cctv,,src_charge|src_hearing|src_mg_forms|src_parties|src_dates|src_cctv|src_cctv_stills|src_continuity|papers_materials_40,167149,,"HEARING_ISO | 2026-05-22T09:00:00.000Z || HEARING | 22 May 2026 at 10:00 || CHARGE | Murder, contrary to common law"
sha:c5808d92030c0eb2005b40da003e8be027b09daae1f5844e1aea4b1fede24cd6,RP-17,RP-17,c5808d92030c0eb2005b40da003e8be027b09daae1f5844e1aea4b1fede24cd6,OFFLINE_PAPERS_PROJECTION,,MUTE,mute_phone_download,,mute_phone_download,,,src_charge|src_hearing|src_mg_forms|src_parties|src_dates|src_cctv_stills|src_continuity|papers_materials_40,11938,,HEARING_ISO | 2026-07-06T09:00:00.000Z || HEARING | 06 July 2026 at 10:00 || R v Taylor Brookes | unclear | Digital Attribution / Witness Contact | R v Taylor Brookes — Digital Attribution / Witness Contact
sha:650f87da03a510f75c0eb201b94c194fb76a1482d588442d939d8b5b872ff7ea,RP-11,RP-11,650f87da03a510f75c0eb201b94c194fb76a1482d588442d939d8b5b872ff7ea,OFFLINE_PAPERS_PROJECTION,,CONTRADICTION,contradict_export_log,,,,contradict_export_log,src_charge|src_hearing|src_mg_forms|src_parties|src_dates|src_cctv|src_continuity|papers_materials_40,26963,,"HEARING_ISO | 2024-01-01T10:00:00.000Z || HEARING | 01 January 2024 || CHARGE | Wounding with intent to cause grievous bodily harm, s.18 OAPA 1861"
