unique_key,case_key,source_id,display_name,pdf_sha256,pdf_path,offence_family,strata_tags,gold_tier,pool,route,skip_reason,backend_case_id,match_hint
sha:0b966f3d6296a8359519de929cd2dd558a4b6bdd47b17f6924d0c11b27f4c69f,ARDEN-MONSTER-0001,CB-MONSTER-2026-0001,Arden Vale,0b966f3d6296a8359519de929cd2dd558a4b6bdd47b17f6924d0c11b27f4c69f,C:\Users\gduff\Downloads\CaseBrain_Monster_and_Charge_Coverage_2026\casebrain_monster_charge\Monster_Bundle_Load_Pack\pdfs\CB-MONSTER-2026-0001.pdf,robbery,canary|historically_problematic|monster_bundle|cctv_master|identification,GOLD_A,criminal,BACKEND_LIVE,,99090c69-5d78-41e3-946d-119b4bc335ba,Case 5
key:CASE-01,CASE-01,demo-audit-01-phone-harassment,phone harassment / attribution,,artifacts/evidence-state-audit-local/cases/demo-audit-01-phone-harassment/bundle-text.md,phone harassment / attribution,gold_manual_v1|phone_harassment_/_attribution|opposite_pair_candidate,GOLD_B,criminal,SKIP,missing_pdf_sha256,,
key:CASE-02,CASE-02,demo-audit-03-bwv-custody,BWV referred-only,,artifacts/evidence-state-audit-local/cases/demo-audit-03-bwv-custody/bundle-text.md,BWV referred-only,gold_manual_v1|BWV_referred-only|opposite_pair_candidate,GOLD_B,criminal,SKIP,missing_pdf_sha256,,
key:CASE-03,CASE-03,demo-audit-27-custody-pace-missing,custody extract vs full custody,,artifacts/evidence-state-audit-local/cases/demo-audit-27-custody-pace-missing/bundle-text.md,custody extract vs full custody,gold_manual_v1|custody_extract_vs_full_custody|opposite_pair_candidate,GOLD_B,criminal,SKIP,missing_pdf_sha256,,
key:CASE-04,CASE-04,demo-audit-02-cctv-stills,CCTV stills vs master footage,,artifacts/evidence-state-audit-local/cases/demo-audit-02-cctv-stills/bundle-text.md,CCTV stills vs master footage,gold_manual_v1|CCTV_stills_vs_master_footage|opposite_pair_candidate,GOLD_B,criminal,SKIP,missing_pdf_sha256,,
key:CASE-05,CASE-05,demo-audit-05-encro-attribution,Encro handle attribution,,artifacts/evidence-state-audit-local/cases/demo-audit-05-encro-attribution/bundle-text.md,Encro handle attribution,gold_manual_v1|Encro_handle_attribution|opposite_pair_candidate,GOLD_B,criminal,SKIP,missing_pdf_sha256,,
key:CASE-06,CASE-06,demo-audit-04-co-def-interview,mixed-defendant material,,artifacts/evidence-state-audit-local/cases/demo-audit-04-co-def-interview/bundle-text.md,mixed-defendant material,gold_manual_v1|mixed-defendant_material|opposite_pair_candidate,GOLD_B,criminal,SKIP,missing_pdf_sha256,,
key:CASE-07,CASE-07,demo-audit-44-bad-redaction,bad redaction,,catalog:demo-audit-44-bad-redaction (materialized from v9_catalog),bad redaction,gold_manual_v1|bad_redaction|opposite_pair_candidate,GOLD_B,criminal,SKIP,missing_pdf_sha256,,
key:CASE-08,CASE-08,demo-audit-69-charge-mg5-hearing,charge mismatch,,catalog:demo-audit-69-charge-mg5-hearing (materialized from v9_catalog),charge mismatch,gold_manual_v1|charge_mismatch|opposite_pair_candidate,GOLD_B,criminal,SKIP,missing_pdf_sha256,,
key:CASE-09,CASE-09,demo-audit-32-restraining-order-breach,domestic order / restraining order breach,,catalog:demo-audit-32-restraining-order-breach (materialized from v9_catalog),domestic order / restraining order breach,gold_manual_v1|domestic_order_/_restraining_order_breach|opposite_pair_candidate,GOLD_B,criminal,SKIP,missing_pdf_sha256,,
key:CASE-10,CASE-10,demo-audit-41-translated-messages,translated messages,,catalog:demo-audit-41-translated-messages (materialized from v9_catalog),translated messages,gold_manual_v1|translated_messages|opposite_pair_candidate,GOLD_B,criminal,SKIP,missing_pdf_sha256,,
key:CASE-11,CASE-11,demo-audit-22-youth-interview,youth / appropriate adult / intermediary,,artifacts/evidence-state-audit-local/cases/demo-audit-22-youth-interview/bundle-text.md,youth / appropriate adult / intermediary,gold_manual_v1|youth_/_appropriate_adult_/_intermediary|opposite_pair_candidate,GOLD_B,criminal,SKIP,missing_pdf_sha256,,
key:CASE-12,CASE-12,demo-audit-21-historic-sexual-abe,ABE / first account / third-party records,,artifacts/evidence-state-audit-local/cases/demo-audit-21-historic-sexual-abe/bundle-text.md,ABE / first account / third-party records,gold_manual_v1|ABE_/_first_account_/_third-party_records|opposite_pair_candidate,GOLD_B,criminal,SKIP,missing_pdf_sha256,,
key:CASE-13,CASE-13,demo-audit-50-lab-continuity-conflict,drugs lab / continuity,,catalog:demo-audit-50-lab-continuity-conflict (materialized from v9_catalog),drugs lab / continuity,gold_manual_v1|drugs_lab_/_continuity|opposite_pair_candidate,GOLD_B,criminal,SKIP,missing_pdf_sha256,,
key:CASE-14,CASE-14,demo-audit-16-fraud-bank-statements,fraud bank/device attribution,,artifacts/evidence-state-audit-local/cases/demo-audit-16-fraud-bank-statements/bundle-text.md,fraud bank/device attribution,gold_manual_v1|fraud_bank/device_attribution|opposite_pair_candidate,GOLD_B,criminal,SKIP,missing_pdf_sha256,,
key:CASE-15,CASE-15,demo-audit-18-motoring-sjp-thin,motoring SJP thin evidence,,artifacts/evidence-state-audit-local/cases/demo-audit-18-motoring-sjp-thin/bundle-text.md,motoring SJP thin evidence,gold_manual_v1|motoring_SJP_thin_evidence|opposite_pair_candidate,GOLD_B,criminal,SKIP,missing_pdf_sha256,,
key:CASE-16,CASE-16,demo-audit-49-anpr-trap,ANPR / vehicle ID,,catalog:demo-audit-49-anpr-trap (materialized from v9_catalog),ANPR / vehicle ID,gold_manual_v1|ANPR_/_vehicle_ID|opposite_pair_candidate,GOLD_B,criminal,SKIP,missing_pdf_sha256,,
key:CASE-17,CASE-17,demo-audit-61-medical-triage-partial,medical injury report missing,,catalog:demo-audit-61-medical-triage-partial (materialized from v9_catalog),medical injury report missing,gold_manual_v1|medical_injury_report_missing|opposite_pair_candidate,GOLD_B,criminal,SKIP,missing_pdf_sha256,,
key:CASE-18,CASE-18,demo-audit-46-prison-calls,prison calls / call logs,,catalog:demo-audit-46-prison-calls (materialized from v9_catalog),prison calls / call logs,gold_manual_v1|prison_calls_/_call_logs|opposite_pair_candidate,GOLD_B,criminal,SKIP,missing_pdf_sha256,,
key:CASE-19,CASE-19,demo-audit-47-social-media-handles,social handles / subscriber gap,,catalog:demo-audit-47-social-media-handles (materialized from v9_catalog),social handles / subscriber gap,gold_manual_v1|social_handles_/_subscriber_gap|opposite_pair_candidate,GOLD_B,criminal,SKIP,missing_pdf_sha256,,
key:CASE-20,CASE-20,demo-audit-30-layout-hearing-date,OCR/date/court mismatch,,artifacts/evidence-state-audit-local/cases/demo-audit-30-layout-hearing-date/bundle-text.md,OCR/date/court mismatch,gold_manual_v1|OCR/date/court_mismatch|opposite_pair_candidate,GOLD_B,criminal,SKIP,missing_pdf_sha256,,
key:CAT-cb-found-2003-nguyen,CAT-cb-found-2003-nguyen,cb-found-2003-nguyen,cb-found-2003-nguyen,,artifacts/evidence-state-audit-local/cases/cb-found-2003-nguyen/truth-key.json,violence,corpus_catalog|evidence_state_audit|bundle_fidelity_gold|materialised=true,GOLD_C,criminal,SKIP,missing_pdf_sha256,,
key:CAT-cb-found-2004-clarke,CAT-cb-found-2004-clarke,cb-found-2004-clarke,cb-found-2004-clarke,,artifacts/evidence-state-audit-local/cases/cb-found-2004-clarke/truth-key.json,motoring,corpus_catalog|evidence_state_audit|bundle_fidelity_gold|materialised=true,GOLD_C,criminal,SKIP,missing_pdf_sha256,,
key:CAT-cb-fresh-001-taylor-brookes,CAT-cb-fresh-001-taylor-brookes,cb-fresh-001-taylor-brookes,cb-fresh-001-taylor-brookes,,artifacts/evidence-state-audit-local/cases/cb-fresh-001-taylor-brookes/truth-key.json,harassment_digital,corpus_catalog|evidence_state_audit|bundle_fidelity_gold|materialised=true,GOLD_C,criminal,SKIP,missing_pdf_sha256,,
key:CAT-crown-court-patterson,CAT-crown-court-patterson,crown-court-patterson,crown-court-patterson,,artifacts/evidence-state-audit-local/cases/crown-court-patterson/truth-key.json,violence,corpus_catalog|evidence_state_audit|bundle_fidelity_gold|materialised=true,GOLD_C,criminal,SKIP,missing_pdf_sha256,,
key:CAT-demo-audit-01-phone-harassment,CAT-demo-audit-01-phone-harassment,demo-audit-01-phone-harassment,demo-audit-01-phone-harassment,,artifacts/evidence-state-audit-local/cases/demo-audit-01-phone-harassment/truth-key.json,harassment_digital,corpus_catalog|evidence_state_audit|demo_audit_template|materialised=true,NO_GOLD,criminal,SKIP,missing_pdf_sha256,,
key:CAT-demo-audit-02-cctv-stills,CAT-demo-audit-02-cctv-stills,demo-audit-02-cctv-stills,demo-audit-02-cctv-stills,,artifacts/evidence-state-audit-local/cases/demo-audit-02-cctv-stills/truth-key.json,unknown,corpus_catalog|evidence_state_audit|demo_audit_template|materialised=true,NO_GOLD,criminal,SKIP,missing_pdf_sha256,,
key:CAT-demo-audit-03-bwv-custody,CAT-demo-audit-03-bwv-custody,demo-audit-03-bwv-custody,demo-audit-03-bwv-custody,,artifacts/evidence-state-audit-local/cases/demo-audit-03-bwv-custody/truth-key.json,unknown,corpus_catalog|evidence_state_audit|demo_audit_template|materialised=true,NO_GOLD,criminal,SKIP,missing_pdf_sha256,,
key:CAT-demo-audit-04-co-def-interview,CAT-demo-audit-04-co-def-interview,demo-audit-04-co-def-interview,demo-audit-04-co-def-interview,,artifacts/evidence-state-audit-local/cases/demo-audit-04-co-def-interview/truth-key.json,unknown,corpus_catalog|evidence_state_audit|demo_audit_template|materialised=true,NO_GOLD,criminal,SKIP,missing_pdf_sha256,,
key:CAT-demo-audit-06-domestic-stalking,CAT-demo-audit-06-domestic-stalking,demo-audit-06-domestic-stalking,demo-audit-06-domestic-stalking,,artifacts/evidence-state-audit-local/cases/demo-audit-06-domestic-stalking/truth-key.json,harassment_digital,corpus_catalog|evidence_state_audit|materialised=true,NO_GOLD,criminal,SKIP,missing_pdf_sha256,,
key:CAT-demo-audit-07-phone-ocr-trap,CAT-demo-audit-07-phone-ocr-trap,demo-audit-07-phone-ocr-trap,demo-audit-07-phone-ocr-trap,,artifacts/evidence-state-audit-local/cases/demo-audit-07-phone-ocr-trap/truth-key.json,harassment_digital,corpus_catalog|evidence_state_audit|materialised=true,NO_GOLD,criminal,SKIP,missing_pdf_sha256,,
key:CAT-demo-audit-08-cctv-night-stills,CAT-demo-audit-08-cctv-night-stills,demo-audit-08-cctv-night-stills,demo-audit-08-cctv-night-stills,,artifacts/evidence-state-audit-local/cases/demo-audit-08-cctv-night-stills/truth-key.json,unknown,corpus_catalog|evidence_state_audit|materialised=true,NO_GOLD,criminal,SKIP,missing_pdf_sha256,,
key:CAT-demo-audit-09-cctv-index-only,CAT-demo-audit-09-cctv-index-only,demo-audit-09-cctv-index-only,demo-audit-09-cctv-index-only,,artifacts/evidence-state-audit-local/cases/demo-audit-09-cctv-index-only/truth-key.json,unknown,corpus_catalog|evidence_state_audit|materialised=true,NO_GOLD,criminal,SKIP,missing_pdf_sha256,,
key:CAT-demo-audit-10-bwv-public-order,CAT-demo-audit-10-bwv-public-order,demo-audit-10-bwv-public-order,demo-audit-10-bwv-public-order,,artifacts/evidence-state-audit-local/cases/demo-audit-10-bwv-public-order/truth-key.json,unknown,corpus_catalog|evidence_state_audit|materialised=true,NO_GOLD,criminal,SKIP,missing_pdf_sha256,,
key:CAT-demo-audit-11-custody-pace-ocr,CAT-demo-audit-11-custody-pace-ocr,demo-audit-11-custody-pace-ocr,demo-audit-11-custody-pace-ocr,,artifacts/evidence-state-audit-local/cases/demo-audit-11-custody-pace-ocr/truth-key.json,unknown,corpus_catalog|evidence_state_audit|materialised=true,NO_GOLD,criminal,SKIP,missing_pdf_sha256,,
key:CAT-demo-audit-12-multi-def-burglary,CAT-demo-audit-12-multi-def-burglary,demo-audit-12-multi-def-burglary,demo-audit-12-multi-def-burglary,,artifacts/evidence-state-audit-local/cases/demo-audit-12-multi-def-burglary/truth-key.json,unknown,corpus_catalog|evidence_state_audit|materialised=true,NO_GOLD,criminal,SKIP,missing_pdf_sha256,,
key:CAT-demo-audit-16-fraud-bank-statements,CAT-demo-audit-16-fraud-bank-statements,demo-audit-16-fraud-bank-statements,demo-audit-16-fraud-bank-statements,,artifacts/evidence-state-audit-local/cases/demo-audit-16-fraud-bank-statements/truth-key.json,unknown,corpus_catalog|evidence_state_audit|materialised=true,NO_GOLD,criminal,SKIP,missing_pdf_sha256,,
key:CAT-demo-audit-17-fraud-transaction-export,CAT-demo-audit-17-fraud-transaction-export,demo-audit-17-fraud-transaction-export,demo-audit-17-fraud-transaction-export,,artifacts/evidence-state-audit-local/cases/demo-audit-17-fraud-transaction-export/truth-key.json,unknown,corpus_catalog|evidence_state_audit|materialised=true,NO_GOLD,criminal,SKIP,missing_pdf_sha256,,
key:CAT-demo-audit-18-motoring-sjp-thin,CAT-demo-audit-18-motoring-sjp-thin,demo-audit-18-motoring-sjp-thin,demo-audit-18-motoring-sjp-thin,,artifacts/evidence-state-audit-local/cases/demo-audit-18-motoring-sjp-thin/truth-key.json,motoring,corpus_catalog|evidence_state_audit|materialised=true,NO_GOLD,criminal,SKIP,missing_pdf_sha256,,
key:CAT-demo-audit-19-motoring-breath-specimen,CAT-demo-audit-19-motoring-breath-specimen,demo-audit-19-motoring-breath-specimen,demo-audit-19-motoring-breath-specimen,,artifacts/evidence-state-audit-local/cases/demo-audit-19-motoring-breath-specimen/truth-key.json,motoring,corpus_catalog|evidence_state_audit|materialised=true,NO_GOLD,criminal,SKIP,missing_pdf_sha256,,
key:CAT-demo-audit-20-domestic-harassment,CAT-demo-audit-20-domestic-harassment,demo-audit-20-domestic-harassment,demo-audit-20-domestic-harassment,,artifacts/evidence-state-audit-local/cases/demo-audit-20-domestic-harassment/truth-key.json,harassment_digital,corpus_catalog|evidence_state_audit|materialised=true,NO_GOLD,criminal,SKIP,missing_pdf_sha256,,
key:CAT-demo-audit-22-youth-interview,CAT-demo-audit-22-youth-interview,demo-audit-22-youth-interview,demo-audit-22-youth-interview,,artifacts/evidence-state-audit-local/cases/demo-audit-22-youth-interview/truth-key.json,unknown,corpus_catalog|evidence_state_audit|materialised=true,NO_GOLD,criminal,SKIP,missing_pdf_sha256,,
key:CAT-demo-audit-23-duplicate-pages,CAT-demo-audit-23-duplicate-pages,demo-audit-23-duplicate-pages,demo-audit-23-duplicate-pages,,artifacts/evidence-state-audit-local/cases/demo-audit-23-duplicate-pages/truth-key.json,harassment_digital,corpus_catalog|evidence_state_audit|materialised=true,NO_GOLD,criminal,SKIP,missing_pdf_sha256,,
key:CAT-demo-audit-25-charge-bundle-mismatch,CAT-demo-audit-25-charge-bundle-mismatch,demo-audit-25-charge-bundle-mismatch,demo-audit-25-charge-bundle-mismatch,,artifacts/evidence-state-audit-local/cases/demo-audit-25-charge-bundle-mismatch/truth-key.json,unknown,corpus_catalog|evidence_state_audit|materialised=true,NO_GOLD,criminal,SKIP,missing_pdf_sha256,,
key:CAT-demo-audit-26-phone-referred-metadata,CAT-demo-audit-26-phone-referred-metadata,demo-audit-26-phone-referred-metadata,demo-audit-26-phone-referred-metadata,,artifacts/evidence-state-audit-local/cases/demo-audit-26-phone-referred-metadata/truth-key.json,harassment_digital,corpus_catalog|evidence_state_audit|materialised=true,NO_GOLD,criminal,SKIP,missing_pdf_sha256,,
key:CAT-demo-audit-27-custody-pace-missing,CAT-demo-audit-27-custody-pace-missing,demo-audit-27-custody-pace-missing,demo-audit-27-custody-pace-missing,,artifacts/evidence-state-audit-local/cases/demo-audit-27-custody-pace-missing/truth-key.json,unknown,corpus_catalog|evidence_state_audit|materialised=true,NO_GOLD,criminal,SKIP,missing_pdf_sha256,,
key:CAT-demo-audit-28-fraud-subscriber-trap,CAT-demo-audit-28-fraud-subscriber-trap,demo-audit-28-fraud-subscriber-trap,demo-audit-28-fraud-subscriber-trap,,artifacts/evidence-state-audit-local/cases/demo-audit-28-fraud-subscriber-trap/truth-key.json,unknown,corpus_catalog|evidence_state_audit|materialised=true,NO_GOLD,criminal,SKIP,missing_pdf_sha256,,
key:CAT-fictional-theft-ashleigh-merritt,CAT-fictional-theft-ashleigh-merritt,fictional-theft-ashleigh-merritt,fictional-theft-ashleigh-merritt,,artifacts/evidence-state-audit-local/cases/fictional-theft-ashleigh-merritt/truth-key.json,unknown,corpus_catalog|evidence_state_audit|bundle_fidelity_gold|materialised=true,GOLD_C,criminal,SKIP,missing_pdf_sha256,,
key:CAT-gbh-pike-jordan-pike,CAT-gbh-pike-jordan-pike,gbh-pike-jordan-pike,gbh-pike-jordan-pike,,artifacts/evidence-state-audit-local/cases/gbh-pike-jordan-pike/truth-key.json,violence,corpus_catalog|evidence_state_audit|bundle_fidelity_gold|materialised=true,GOLD_C,criminal,SKIP,missing_pdf_sha256,,
key:CAT-motoring-thin-ella-shaw,CAT-motoring-thin-ella-shaw,motoring-thin-ella-shaw,motoring-thin-ella-shaw,,artifacts/evidence-state-audit-local/cases/motoring-thin-ella-shaw/truth-key.json,motoring,corpus_catalog|evidence_state_audit|bundle_fidelity_gold|materialised=true,GOLD_C,criminal,SKIP,missing_pdf_sha256,,
key:CAT-s18-charge-reduction-jordan-clarke,CAT-s18-charge-reduction-jordan-clarke,s18-charge-reduction-jordan-clarke,s18-charge-reduction-jordan-clarke,,artifacts/evidence-state-audit-local/cases/s18-charge-reduction-jordan-clarke/truth-key.json,violence,corpus_catalog|evidence_state_audit|bundle_fidelity_gold|materialised=true,GOLD_C,criminal,SKIP,missing_pdf_sha256,,
key:CAT-sc-0000a,CAT-sc-0000a,sc-0000a,sc-0000a,,artifacts/evidence-state-audit-local/cases/sc-0000a/truth-key.json,violence,corpus_catalog|evidence_state_audit|bundle_fidelity_gold|materialised=true,GOLD_C,criminal,SKIP,missing_pdf_sha256,,
key:CAT-sc-0000c,CAT-sc-0000c,sc-0000c,sc-0000c,,artifacts/evidence-state-audit-local/cases/sc-0000c/truth-key.json,motoring,corpus_catalog|evidence_state_audit|bundle_fidelity_gold|materialised=true,GOLD_C,criminal,SKIP,missing_pdf_sha256,,
key:CAT-sc-00016,CAT-sc-00016,sc-00016,sc-00016,,artifacts/evidence-state-audit-local/cases/sc-00016/truth-key.json,violence,corpus_catalog|evidence_state_audit|bundle_fidelity_gold|materialised=true,GOLD_C,criminal,SKIP,missing_pdf_sha256,,
key:CAT-sc-00018,CAT-sc-00018,sc-00018,sc-00018,,artifacts/evidence-state-audit-local/cases/sc-00018/truth-key.json,motoring,corpus_catalog|evidence_state_audit|bundle_fidelity_gold|materialised=true,GOLD_C,criminal,SKIP,missing_pdf_sha256,,
key:CAT-sc-00022,CAT-sc-00022,sc-00022,sc-00022,,artifacts/evidence-state-audit-local/cases/sc-00022/truth-key.json,violence,corpus_catalog|evidence_state_audit|bundle_fidelity_gold|materialised=true,GOLD_C,criminal,SKIP,missing_pdf_sha256,,
key:CAT-sc-00024,CAT-sc-00024,sc-00024,sc-00024,,artifacts/evidence-state-audit-local/cases/sc-00024/truth-key.json,motoring,corpus_catalog|evidence_state_audit|bundle_fidelity_gold|materialised=true,GOLD_C,criminal,SKIP,missing_pdf_sha256,,
key:CAT-sc-0002e,CAT-sc-0002e,sc-0002e,sc-0002e,,artifacts/evidence-state-audit-local/cases/sc-0002e/truth-key.json,violence,corpus_catalog|evidence_state_audit|bundle_fidelity_gold|materialised=true,GOLD_C,criminal,SKIP,missing_pdf_sha256,,
key:CAT-sc-00030,CAT-sc-00030,sc-00030,sc-00030,,artifacts/evidence-state-audit-local/cases/sc-00030/truth-key.json,motoring,corpus_catalog|evidence_state_audit|bundle_fidelity_gold|materialised=true,GOLD_C,criminal,SKIP,missing_pdf_sha256,,
key:CAT-sc-0003a,CAT-sc-0003a,sc-0003a,sc-0003a,,artifacts/evidence-state-audit-local/cases/sc-0003a/truth-key.json,violence,corpus_catalog|evidence_state_audit|bundle_fidelity_gold|materialised=true,GOLD_C,criminal,SKIP,missing_pdf_sha256,,
key:CAT-sc-0003c,CAT-sc-0003c,sc-0003c,sc-0003c,,artifacts/evidence-state-audit-local/cases/sc-0003c/truth-key.json,motoring,corpus_catalog|evidence_state_audit|bundle_fidelity_gold|materialised=true,GOLD_C,criminal,SKIP,missing_pdf_sha256,,
key:CAT-sc-00046,CAT-sc-00046,sc-00046,sc-00046,,artifacts/evidence-state-audit-local/cases/sc-00046/truth-key.json,violence,corpus_catalog|evidence_state_audit|bundle_fidelity_gold|materialised=true,GOLD_C,criminal,SKIP,missing_pdf_sha256,,
key:CAT-sc-00048,CAT-sc-00048,sc-00048,sc-00048,,artifacts/evidence-state-audit-local/cases/sc-00048/truth-key.json,motoring,corpus_catalog|evidence_state_audit|bundle_fidelity_gold|materialised=true,GOLD_C,criminal,SKIP,missing_pdf_sha256,,
key:CAT-sc-00052,CAT-sc-00052,sc-00052,sc-00052,,artifacts/evidence-state-audit-local/cases/sc-00052/truth-key.json,violence,corpus_catalog|evidence_state_audit|bundle_fidelity_gold|materialised=true,GOLD_C,criminal,SKIP,missing_pdf_sha256,,
key:CAT-sc-00054,CAT-sc-00054,sc-00054,sc-00054,,artifacts/evidence-state-audit-local/cases/sc-00054/truth-key.json,motoring,corpus_catalog|evidence_state_audit|bundle_fidelity_gold|materialised=true,GOLD_C,criminal,SKIP,missing_pdf_sha256,,
key:CAT-sc-0005e,CAT-sc-0005e,sc-0005e,sc-0005e,,artifacts/evidence-state-audit-local/cases/sc-0005e/truth-key.json,violence,corpus_catalog|evidence_state_audit|bundle_fidelity_gold|materialised=true,GOLD_C,criminal,SKIP,missing_pdf_sha256,,
key:CAT-sc-00060,CAT-sc-00060,sc-00060,sc-00060,,artifacts/evidence-state-audit-local/cases/sc-00060/truth-key.json,motoring,corpus_catalog|evidence_state_audit|bundle_fidelity_gold|materialised=true,GOLD_C,criminal,SKIP,missing_pdf_sha256,,
key:CAT-sc-0006a,CAT-sc-0006a,sc-0006a,sc-0006a,,artifacts/evidence-state-audit-local/cases/sc-0006a/truth-key.json,violence,corpus_catalog|evidence_state_audit|bundle_fidelity_gold|materialised=true,GOLD_C,criminal,SKIP,missing_pdf_sha256,,
key:CAT-sc-0006c,CAT-sc-0006c,sc-0006c,sc-0006c,,artifacts/evidence-state-audit-local/cases/sc-0006c/truth-key.json,motoring,corpus_catalog|evidence_state_audit|bundle_fidelity_gold|materialised=true,GOLD_C,criminal,SKIP,missing_pdf_sha256,,
key:CAT-sim-001,CAT-sim-001,sim-001,sim-001,,artifacts/evidence-state-audit-local/cases/sim-001/truth-key.json,harassment_other,corpus_catalog|evidence_state_audit|h4_simulator|materialised=true,NO_GOLD,criminal,SKIP,missing_pdf_sha256,,
key:CAT-sim-002,CAT-sim-002,sim-002,sim-002,,artifacts/evidence-state-audit-local/cases/sim-002/truth-key.json,harassment_other,corpus_catalog|evidence_state_audit|h4_simulator|materialised=true,NO_GOLD,criminal,SKIP,missing_pdf_sha256,,
key:CAT-sim-003,CAT-sim-003,sim-003,sim-003,,artifacts/evidence-state-audit-local/cases/sim-003/truth-key.json,violence,corpus_catalog|evidence_state_audit|h4_simulator|materialised=true,NO_GOLD,criminal,SKIP,missing_pdf_sha256,,
key:CAT-sim-004,CAT-sim-004,sim-004,sim-004,,artifacts/evidence-state-audit-local/cases/sim-004/truth-key.json,violence,corpus_catalog|evidence_state_audit|h4_simulator|materialised=true,NO_GOLD,criminal,SKIP,missing_pdf_sha256,,
key:CAT-sim-005,CAT-sim-005,sim-005,sim-005,,artifacts/evidence-state-audit-local/cases/sim-005/truth-key.json,violence,corpus_catalog|evidence_state_audit|h4_simulator|materialised=true,NO_GOLD,criminal,SKIP,missing_pdf_sha256,,
key:CAT-sim-006,CAT-sim-006,sim-006,sim-006,,artifacts/evidence-state-audit-local/cases/sim-006/truth-key.json,violence,corpus_catalog|evidence_state_audit|h4_simulator|materialised=true,NO_GOLD,criminal,SKIP,missing_pdf_sha256,,
key:CAT-sim-007,CAT-sim-007,sim-007,sim-007,,artifacts/evidence-state-audit-local/cases/sim-007/truth-key.json,violence,corpus_catalog|evidence_state_audit|h4_simulator|materialised=true,NO_GOLD,criminal,SKIP,missing_pdf_sha256,,
key:CAT-sim-014,CAT-sim-014,sim-014,sim-014,,artifacts/evidence-state-audit-local/cases/sim-014/truth-key.json,motoring,corpus_catalog|evidence_state_audit|h4_simulator|materialised=true,NO_GOLD,criminal,SKIP,missing_pdf_sha256,,
key:CAT-sim-015,CAT-sim-015,sim-015,sim-015,,artifacts/evidence-state-audit-local/cases/sim-015/truth-key.json,motoring,corpus_catalog|evidence_state_audit|h4_simulator|materialised=true,NO_GOLD,criminal,SKIP,missing_pdf_sha256,,
key:CAT-sim-020,CAT-sim-020,sim-020,sim-020,,artifacts/evidence-state-audit-local/cases/sim-020/truth-key.json,violence,corpus_catalog|evidence_state_audit|h4_simulator|materialised=true,NO_GOLD,criminal,SKIP,missing_pdf_sha256,,
key:CAT-sim-025,CAT-sim-025,sim-025,sim-025,,artifacts/evidence-state-audit-local/cases/sim-025/truth-key.json,violence,corpus_catalog|evidence_state_audit|h4_simulator|materialised=true,NO_GOLD,criminal,SKIP,missing_pdf_sha256,,
key:CAT-sim-026,CAT-sim-026,sim-026,sim-026,,artifacts/evidence-state-audit-local/cases/sim-026/truth-key.json,violence,corpus_catalog|evidence_state_audit|h4_simulator|materialised=true,NO_GOLD,criminal,SKIP,missing_pdf_sha256,,
key:CAT-sim-034,CAT-sim-034,sim-034,sim-034,,artifacts/evidence-state-audit-local/cases/sim-034/truth-key.json,violence,corpus_catalog|evidence_state_audit|h4_simulator|materialised=true,NO_GOLD,criminal,SKIP,missing_pdf_sha256,,
key:CAT-sim-044,CAT-sim-044,sim-044,sim-044,,artifacts/evidence-state-audit-local/cases/sim-044/truth-key.json,violence,corpus_catalog|evidence_state_audit|h4_simulator|materialised=true,NO_GOLD,criminal,SKIP,missing_pdf_sha256,,
key:CAT-sim-045,CAT-sim-045,sim-045,sim-045,,artifacts/evidence-state-audit-local/cases/sim-045/truth-key.json,violence,corpus_catalog|evidence_state_audit|h4_simulator|materialised=true,NO_GOLD,criminal,SKIP,missing_pdf_sha256,,
key:CAT-sim-050,CAT-sim-050,sim-050,sim-050,,artifacts/evidence-state-audit-local/cases/sim-050/truth-key.json,harassment_other,corpus_catalog|evidence_state_audit|h4_simulator|materialised=true,NO_GOLD,criminal,SKIP,missing_pdf_sha256,,
key:CAT-sim-052,CAT-sim-052,sim-052,sim-052,,artifacts/evidence-state-audit-local/cases/sim-052/truth-key.json,violence,corpus_catalog|evidence_state_audit|h4_simulator|materialised=true,NO_GOLD,criminal,SKIP,missing_pdf_sha256,,
key:CAT-sim-053,CAT-sim-053,sim-053,sim-053,,artifacts/evidence-state-audit-local/cases/sim-053/truth-key.json,violence,corpus_catalog|evidence_state_audit|h4_simulator|materialised=true,NO_GOLD,criminal,SKIP,missing_pdf_sha256,,
key:CAT-sim-054,CAT-sim-054,sim-054,sim-054,,artifacts/evidence-state-audit-local/cases/sim-054/truth-key.json,violence,corpus_catalog|evidence_state_audit|h4_simulator|materialised=true,NO_GOLD,criminal,SKIP,missing_pdf_sha256,,
key:CAT-sim-059,CAT-sim-059,sim-059,sim-059,,artifacts/evidence-state-audit-local/cases/sim-059/truth-key.json,motoring,corpus_catalog|evidence_state_audit|h4_simulator|materialised=true,NO_GOLD,criminal,SKIP,missing_pdf_sha256,,
key:CAT-sim-060,CAT-sim-060,sim-060,sim-060,,artifacts/evidence-state-audit-local/cases/sim-060/truth-key.json,motoring,corpus_catalog|evidence_state_audit|h4_simulator|materialised=true,NO_GOLD,criminal,SKIP,missing_pdf_sha256,,
key:CAT-sim-061,CAT-sim-061,sim-061,sim-061,,artifacts/evidence-state-audit-local/cases/sim-061/truth-key.json,motoring,corpus_catalog|evidence_state_audit|h4_simulator|materialised=true,NO_GOLD,criminal,SKIP,missing_pdf_sha256,,
key:CAT-sim-062,CAT-sim-062,sim-062,sim-062,,artifacts/evidence-state-audit-local/cases/sim-062/truth-key.json,motoring,corpus_catalog|evidence_state_audit|h4_simulator|materialised=true,NO_GOLD,criminal,SKIP,missing_pdf_sha256,,
key:CAT-sim-069,CAT-sim-069,sim-069,sim-069,,artifacts/evidence-state-audit-local/cases/sim-069/truth-key.json,harassment_other,corpus_catalog|evidence_state_audit|h4_simulator|materialised=true,NO_GOLD,criminal,SKIP,missing_pdf_sha256,,
key:CAT-sim-092,CAT-sim-092,sim-092,sim-092,,artifacts/evidence-state-audit-local/cases/sim-092/truth-key.json,violence,corpus_catalog|evidence_state_audit|materialised=true,NO_GOLD,criminal,SKIP,missing_pdf_sha256,,
key:CAT-sim-093,CAT-sim-093,sim-093,sim-093,,artifacts/evidence-state-audit-local/cases/sim-093/truth-key.json,violence,corpus_catalog|evidence_state_audit|materialised=true,NO_GOLD,criminal,SKIP,missing_pdf_sha256,,
key:CAT-sim-094,CAT-sim-094,sim-094,sim-094,,artifacts/evidence-state-audit-local/cases/sim-094/truth-key.json,violence,corpus_catalog|evidence_state_audit|materialised=true,NO_GOLD,criminal,SKIP,missing_pdf_sha256,,
key:CAT-sim-095,CAT-sim-095,sim-095,sim-095,,artifacts/evidence-state-audit-local/cases/sim-095/truth-key.json,violence,corpus_catalog|evidence_state_audit|materialised=true,NO_GOLD,criminal,SKIP,missing_pdf_sha256,,
key:CAT-sim-096,CAT-sim-096,sim-096,sim-096,,artifacts/evidence-state-audit-local/cases/sim-096/truth-key.json,violence,corpus_catalog|evidence_state_audit|materialised=true,NO_GOLD,criminal,SKIP,missing_pdf_sha256,,
key:CAT-sim-098,CAT-sim-098,sim-098,sim-098,,artifacts/evidence-state-audit-local/cases/sim-098/truth-key.json,violence,corpus_catalog|evidence_state_audit|materialised=true,NO_GOLD,criminal,SKIP,missing_pdf_sha256,,
key:CAT-sim-108,CAT-sim-108,sim-108,sim-108,,artifacts/evidence-state-audit-local/cases/sim-108/truth-key.json,harassment_other,corpus_catalog|evidence_state_audit|materialised=true,NO_GOLD,criminal,SKIP,missing_pdf_sha256,,
key:CAT-sim-110,CAT-sim-110,sim-110,sim-110,,artifacts/evidence-state-audit-local/cases/sim-110/truth-key.json,harassment_other,corpus_catalog|evidence_state_audit|materialised=true,NO_GOLD,criminal,SKIP,missing_pdf_sha256,,
key:CAT-sim-113,CAT-sim-113,sim-113,sim-113,,artifacts/evidence-state-audit-local/cases/sim-113/truth-key.json,harassment_other,corpus_catalog|evidence_state_audit|materialised=true,NO_GOLD,criminal,SKIP,missing_pdf_sha256,,
key:CAT-sim-118,CAT-sim-118,sim-118,sim-118,,artifacts/evidence-state-audit-local/cases/sim-118/truth-key.json,motoring,corpus_catalog|evidence_state_audit|materialised=true,NO_GOLD,criminal,SKIP,missing_pdf_sha256,,
key:CAT-sim-119,CAT-sim-119,sim-119,sim-119,,artifacts/evidence-state-audit-local/cases/sim-119/truth-key.json,motoring,corpus_catalog|evidence_state_audit|materialised=true,NO_GOLD,criminal,SKIP,missing_pdf_sha256,,
key:CAT-sim-120,CAT-sim-120,sim-120,sim-120,,artifacts/evidence-state-audit-local/cases/sim-120/truth-key.json,motoring,corpus_catalog|evidence_state_audit|materialised=true,NO_GOLD,criminal,SKIP,missing_pdf_sha256,,
key:CAT-sim-121,CAT-sim-121,sim-121,sim-121,,artifacts/evidence-state-audit-local/cases/sim-121/truth-key.json,motoring,corpus_catalog|evidence_state_audit|materialised=true,NO_GOLD,criminal,SKIP,missing_pdf_sha256,,
key:CAT-sim-122,CAT-sim-122,sim-122,sim-122,,artifacts/evidence-state-audit-local/cases/sim-122/truth-key.json,motoring,corpus_catalog|evidence_state_audit|materialised=true,NO_GOLD,criminal,SKIP,missing_pdf_sha256,,
key:CAT-sim-123,CAT-sim-123,sim-123,sim-123,,artifacts/evidence-state-audit-local/cases/sim-123/truth-key.json,motoring,corpus_catalog|evidence_state_audit|materialised=true,NO_GOLD,criminal,SKIP,missing_pdf_sha256,,
key:CAT-sim-154,CAT-sim-154,sim-154,sim-154,,artifacts/evidence-state-audit-local/cases/sim-154/truth-key.json,violence,corpus_catalog|evidence_state_audit|h4_simulator|materialised=true,NO_GOLD,criminal,SKIP,missing_pdf_sha256,,
key:CAT-sim-157,CAT-sim-157,sim-157,sim-157,,artifacts/evidence-state-audit-local/cases/sim-157/truth-key.json,harassment_other,corpus_catalog|evidence_state_audit|h4_simulator|materialised=true,NO_GOLD,criminal,SKIP,missing_pdf_sha256,,
key:CAT-sim-159,CAT-sim-159,sim-159,sim-159,,artifacts/evidence-state-audit-local/cases/sim-159/truth-key.json,motoring,corpus_catalog|evidence_state_audit|h4_simulator|materialised=true,NO_GOLD,criminal,SKIP,missing_pdf_sha256,,
key:CAT-sim-174,CAT-sim-174,sim-174,sim-174,,artifacts/evidence-state-audit-local/cases/sim-174/truth-key.json,violence,corpus_catalog|evidence_state_audit|h4_simulator|materialised=true,NO_GOLD,criminal,SKIP,missing_pdf_sha256,,
key:CAT-sim-177,CAT-sim-177,sim-177,sim-177,,artifacts/evidence-state-audit-local/cases/sim-177/truth-key.json,harassment_other,corpus_catalog|evidence_state_audit|h4_simulator|materialised=true,NO_GOLD,criminal,SKIP,missing_pdf_sha256,,
key:CAT-sim-179,CAT-sim-179,sim-179,sim-179,,artifacts/evidence-state-audit-local/cases/sim-179/truth-key.json,motoring,corpus_catalog|evidence_state_audit|h4_simulator|materialised=true,NO_GOLD,criminal,SKIP,missing_pdf_sha256,,
key:CAT-sim-194,CAT-sim-194,sim-194,sim-194,,artifacts/evidence-state-audit-local/cases/sim-194/truth-key.json,violence,corpus_catalog|evidence_state_audit|h4_simulator|materialised=true,NO_GOLD,criminal,SKIP,missing_pdf_sha256,,
key:CAT-sim-197,CAT-sim-197,sim-197,sim-197,,artifacts/evidence-state-audit-local/cases/sim-197/truth-key.json,harassment_other,corpus_catalog|evidence_state_audit|h4_simulator|materialised=true,NO_GOLD,criminal,SKIP,missing_pdf_sha256,,
key:CAT-sim-199,CAT-sim-199,sim-199,sim-199,,artifacts/evidence-state-audit-local/cases/sim-199/truth-key.json,motoring,corpus_catalog|evidence_state_audit|h4_simulator|materialised=true,NO_GOLD,criminal,SKIP,missing_pdf_sha256,,
key:CAT-sim-213,CAT-sim-213,sim-213,sim-213,,artifacts/evidence-state-audit-local/cases/sim-213/truth-key.json,violence,corpus_catalog|evidence_state_audit|h4_simulator|materialised=true,NO_GOLD,criminal,SKIP,missing_pdf_sha256,,
key:CAT-sim-216,CAT-sim-216,sim-216,sim-216,,artifacts/evidence-state-audit-local/cases/sim-216/truth-key.json,harassment_other,corpus_catalog|evidence_state_audit|h4_simulator|materialised=true,NO_GOLD,criminal,SKIP,missing_pdf_sha256,,
key:CAT-sim-218,CAT-sim-218,sim-218,sim-218,,artifacts/evidence-state-audit-local/cases/sim-218/truth-key.json,motoring,corpus_catalog|evidence_state_audit|h4_simulator|materialised=true,NO_GOLD,criminal,SKIP,missing_pdf_sha256,,
key:CAT-sim-233,CAT-sim-233,sim-233,sim-233,,artifacts/evidence-state-audit-local/cases/sim-233/truth-key.json,violence,corpus_catalog|evidence_state_audit|h4_simulator|materialised=true,NO_GOLD,criminal,SKIP,missing_pdf_sha256,,
key:CAT-sim-236,CAT-sim-236,sim-236,sim-236,,artifacts/evidence-state-audit-local/cases/sim-236/truth-key.json,harassment_other,corpus_catalog|evidence_state_audit|h4_simulator|materialised=true,NO_GOLD,criminal,SKIP,missing_pdf_sha256,,
key:CAT-sim-238,CAT-sim-238,sim-238,sim-238,,artifacts/evidence-state-audit-local/cases/sim-238/truth-key.json,motoring,corpus_catalog|evidence_state_audit|h4_simulator|materialised=true,NO_GOLD,criminal,SKIP,missing_pdf_sha256,,
key:CAT-sim-253,CAT-sim-253,sim-253,sim-253,,artifacts/evidence-state-audit-local/cases/sim-253/truth-key.json,violence,corpus_catalog|evidence_state_audit|h4_simulator|materialised=true,NO_GOLD,criminal,SKIP,missing_pdf_sha256,,
key:CAT-sim-255,CAT-sim-255,sim-255,sim-255,,artifacts/evidence-state-audit-local/cases/sim-255/truth-key.json,harassment_other,corpus_catalog|evidence_state_audit|h4_simulator|materialised=true,NO_GOLD,criminal,SKIP,missing_pdf_sha256,,
key:CAT-sim-257,CAT-sim-257,sim-257,sim-257,,artifacts/evidence-state-audit-local/cases/sim-257/truth-key.json,motoring,corpus_catalog|evidence_state_audit|h4_simulator|materialised=true,NO_GOLD,criminal,SKIP,missing_pdf_sha256,,
key:CAT-sim-272,CAT-sim-272,sim-272,sim-272,,artifacts/evidence-state-audit-local/cases/sim-272/truth-key.json,violence,corpus_catalog|evidence_state_audit|h4_simulator|materialised=true,NO_GOLD,criminal,SKIP,missing_pdf_sha256,,
key:CAT-sim-275,CAT-sim-275,sim-275,sim-275,,artifacts/evidence-state-audit-local/cases/sim-275/truth-key.json,harassment_other,corpus_catalog|evidence_state_audit|h4_simulator|materialised=true,NO_GOLD,criminal,SKIP,missing_pdf_sha256,,
key:CAT-sim-277,CAT-sim-277,sim-277,sim-277,,artifacts/evidence-state-audit-local/cases/sim-277/truth-key.json,motoring,corpus_catalog|evidence_state_audit|h4_simulator|materialised=true,NO_GOLD,criminal,SKIP,missing_pdf_sha256,,
key:CAT-sim-292,CAT-sim-292,sim-292,sim-292,,artifacts/evidence-state-audit-local/cases/sim-292/truth-key.json,violence,corpus_catalog|evidence_state_audit|h4_simulator|materialised=true,NO_GOLD,criminal,SKIP,missing_pdf_sha256,,
key:CAT-sim-295,CAT-sim-295,sim-295,sim-295,,artifacts/evidence-state-audit-local/cases/sim-295/truth-key.json,harassment_other,corpus_catalog|evidence_state_audit|h4_simulator|materialised=true,NO_GOLD,criminal,SKIP,missing_pdf_sha256,,
key:CAT-sim-297,CAT-sim-297,sim-297,sim-297,,artifacts/evidence-state-audit-local/cases/sim-297/truth-key.json,motoring,corpus_catalog|evidence_state_audit|h4_simulator|materialised=true,NO_GOLD,criminal,SKIP,missing_pdf_sha256,,
key:CAT-sim-311,CAT-sim-311,sim-311,sim-311,,artifacts/evidence-state-audit-local/cases/sim-311/truth-key.json,violence,corpus_catalog|evidence_state_audit|h4_simulator|materialised=true,NO_GOLD,criminal,SKIP,missing_pdf_sha256,,
key:CAT-sim-314,CAT-sim-314,sim-314,sim-314,,artifacts/evidence-state-audit-local/cases/sim-314/truth-key.json,harassment_other,corpus_catalog|evidence_state_audit|h4_simulator|materialised=true,NO_GOLD,criminal,SKIP,missing_pdf_sha256,,
key:CAT-sim-316,CAT-sim-316,sim-316,sim-316,,artifacts/evidence-state-audit-local/cases/sim-316/truth-key.json,motoring,corpus_catalog|evidence_state_audit|h4_simulator|materialised=true,NO_GOLD,criminal,SKIP,missing_pdf_sha256,,
key:CAT-sim-331,CAT-sim-331,sim-331,sim-331,,artifacts/evidence-state-audit-local/cases/sim-331/truth-key.json,violence,corpus_catalog|evidence_state_audit|h4_simulator|materialised=true,NO_GOLD,criminal,SKIP,missing_pdf_sha256,,
key:CAT-sim-334,CAT-sim-334,sim-334,sim-334,,artifacts/evidence-state-audit-local/cases/sim-334/truth-key.json,harassment_other,corpus_catalog|evidence_state_audit|h4_simulator|materialised=true,NO_GOLD,criminal,SKIP,missing_pdf_sha256,,
key:CAT-sim-336,CAT-sim-336,sim-336,sim-336,,artifacts/evidence-state-audit-local/cases/sim-336/truth-key.json,motoring,corpus_catalog|evidence_state_audit|h4_simulator|materialised=true,NO_GOLD,criminal,SKIP,missing_pdf_sha256,,
key:CAT-sim-351,CAT-sim-351,sim-351,sim-351,,artifacts/evidence-state-audit-local/cases/sim-351/truth-key.json,violence,corpus_catalog|evidence_state_audit|h4_simulator|materialised=true,NO_GOLD,criminal,SKIP,missing_pdf_sha256,,
key:CAT-sim-354,CAT-sim-354,sim-354,sim-354,,artifacts/evidence-state-audit-local/cases/sim-354/truth-key.json,harassment_other,corpus_catalog|evidence_state_audit|h4_simulator|materialised=true,NO_GOLD,criminal,SKIP,missing_pdf_sha256,,
key:CAT-sim-356,CAT-sim-356,sim-356,sim-356,,artifacts/evidence-state-audit-local/cases/sim-356/truth-key.json,motoring,corpus_catalog|evidence_state_audit|h4_simulator|materialised=true,NO_GOLD,criminal,SKIP,missing_pdf_sha256,,
key:CAT-sim-370,CAT-sim-370,sim-370,sim-370,,artifacts/evidence-state-audit-local/cases/sim-370/truth-key.json,violence,corpus_catalog|evidence_state_audit|h4_simulator|materialised=true,NO_GOLD,criminal,SKIP,missing_pdf_sha256,,
key:CAT-sim-373,CAT-sim-373,sim-373,sim-373,,artifacts/evidence-state-audit-local/cases/sim-373/truth-key.json,harassment_other,corpus_catalog|evidence_state_audit|h4_simulator|materialised=true,NO_GOLD,criminal,SKIP,missing_pdf_sha256,,
key:CAT-sim-375,CAT-sim-375,sim-375,sim-375,,artifacts/evidence-state-audit-local/cases/sim-375/truth-key.json,motoring,corpus_catalog|evidence_state_audit|h4_simulator|materialised=true,NO_GOLD,criminal,SKIP,missing_pdf_sha256,,
key:CAT-sim-390,CAT-sim-390,sim-390,sim-390,,artifacts/evidence-state-audit-local/cases/sim-390/truth-key.json,violence,corpus_catalog|evidence_state_audit|h4_simulator|materialised=true,NO_GOLD,criminal,SKIP,missing_pdf_sha256,,
key:CAT-sim-393,CAT-sim-393,sim-393,sim-393,,artifacts/evidence-state-audit-local/cases/sim-393/truth-key.json,harassment_other,corpus_catalog|evidence_state_audit|h4_simulator|materialised=true,NO_GOLD,criminal,SKIP,missing_pdf_sha256,,
key:CAT-sim-395,CAT-sim-395,sim-395,sim-395,,artifacts/evidence-state-audit-local/cases/sim-395/truth-key.json,motoring,corpus_catalog|evidence_state_audit|h4_simulator|materialised=true,NO_GOLD,criminal,SKIP,missing_pdf_sha256,,
sha:0f43e4fab5fa0a7b250de5101ad14b6ad0310a549ddca44bbd6e179d6cb9f523,CB-CHARGE-2026-0001,CB-CHARGE-2026-0001,CB-CHARGE-2026-0001,0f43e4fab5fa0a7b250de5101ad14b6ad0310a549ddca44bbd6e179d6cb9f523,C:\Users\gduff\Downloads\CaseBrain_Monster_and_Charge_Coverage_2026\casebrain_monster_charge\Charge_Coverage_Smoke_Pack\pdfs\CB-CHARGE-2026-0001.pdf,charge_coverage_smoke,charge_smoke|thin_pdf,NO_GOLD,criminal,OFFLINE_CLIENT_PROJECTION,,,
sha:b325fb23d6c9a7e367c6568de260ffc0be86a8be9dd63f99122250a9962dde2e,CB-CHARGE-2026-0002,CB-CHARGE-2026-0002,CB-CHARGE-2026-0002,b325fb23d6c9a7e367c6568de260ffc0be86a8be9dd63f99122250a9962dde2e,C:\Users\gduff\Downloads\CaseBrain_Monster_and_Charge_Coverage_2026\casebrain_monster_charge\Charge_Coverage_Smoke_Pack\pdfs\CB-CHARGE-2026-0002.pdf,charge_coverage_smoke,charge_smoke|thin_pdf,NO_GOLD,criminal,OFFLINE_CLIENT_PROJECTION,,,
sha:6558b1d359697f822968884575d3096200d6ff0c1f3822dfdfbf1357ed5ba02a,CB-CHARGE-2026-0003,CB-CHARGE-2026-0003,CB-CHARGE-2026-0003,6558b1d359697f822968884575d3096200d6ff0c1f3822dfdfbf1357ed5ba02a,C:\Users\gduff\Downloads\CaseBrain_Monster_and_Charge_Coverage_2026\casebrain_monster_charge\Charge_Coverage_Smoke_Pack\pdfs\CB-CHARGE-2026-0003.pdf,charge_coverage_smoke,charge_smoke|thin_pdf,NO_GOLD,criminal,OFFLINE_CLIENT_PROJECTION,,,
sha:5bd795c2cb77ed3be00e2d7f2fac21a18f439f600117f5b573dd411139aaabb3,CB-CHARGE-2026-0004,CB-CHARGE-2026-0004,CB-CHARGE-2026-0004,5bd795c2cb77ed3be00e2d7f2fac21a18f439f600117f5b573dd411139aaabb3,C:\Users\gduff\Downloads\CaseBrain_Monster_and_Charge_Coverage_2026\casebrain_monster_charge\Charge_Coverage_Smoke_Pack\pdfs\CB-CHARGE-2026-0004.pdf,charge_coverage_smoke,charge_smoke|thin_pdf,NO_GOLD,criminal,OFFLINE_CLIENT_PROJECTION,,,
sha:6c6b2f0c77b640775279e48409b8b41aff039aa62bcf57cac8e919c767700cc6,CB-CHARGE-2026-0005,CB-CHARGE-2026-0005,CB-CHARGE-2026-0005,6c6b2f0c77b640775279e48409b8b41aff039aa62bcf57cac8e919c767700cc6,C:\Users\gduff\Downloads\CaseBrain_Monster_and_Charge_Coverage_2026\casebrain_monster_charge\Charge_Coverage_Smoke_Pack\pdfs\CB-CHARGE-2026-0005.pdf,charge_coverage_smoke,charge_smoke|thin_pdf,NO_GOLD,criminal,OFFLINE_CLIENT_PROJECTION,,,
sha:cb37b8aa86778b1ad5af4f0b356d7eb1781260006f1b7c77b9d7f3c19221564a,CB-CHARGE-2026-0006,CB-CHARGE-2026-0006,CB-CHARGE-2026-0006,cb37b8aa86778b1ad5af4f0b356d7eb1781260006f1b7c77b9d7f3c19221564a,C:\Users\gduff\Downloads\CaseBrain_Monster_and_Charge_Coverage_2026\casebrain_monster_charge\Charge_Coverage_Smoke_Pack\pdfs\CB-CHARGE-2026-0006.pdf,charge_coverage_smoke,charge_smoke|thin_pdf,NO_GOLD,criminal,OFFLINE_CLIENT_PROJECTION,,,
sha:6e38261d413062ce774a0fa9a7e75e46c4f78a91d8d7719357a0d89442b4a576,CB-CHARGE-2026-0007,CB-CHARGE-2026-0007,CB-CHARGE-2026-0007,6e38261d413062ce774a0fa9a7e75e46c4f78a91d8d7719357a0d89442b4a576,C:\Users\gduff\Downloads\CaseBrain_Monster_and_Charge_Coverage_2026\casebrain_monster_charge\Charge_Coverage_Smoke_Pack\pdfs\CB-CHARGE-2026-0007.pdf,charge_coverage_smoke,charge_smoke|thin_pdf,NO_GOLD,criminal,OFFLINE_CLIENT_PROJECTION,,,
sha:aad70c769b8948d23318b8f056d01545e84c190564e8690c9c35292a008e9035,CB-CHARGE-2026-0008,CB-CHARGE-2026-0008,CB-CHARGE-2026-0008,aad70c769b8948d23318b8f056d01545e84c190564e8690c9c35292a008e9035,C:\Users\gduff\Downloads\CaseBrain_Monster_and_Charge_Coverage_2026\casebrain_monster_charge\Charge_Coverage_Smoke_Pack\pdfs\CB-CHARGE-2026-0008.pdf,charge_coverage_smoke,charge_smoke|thin_pdf,NO_GOLD,criminal,OFFLINE_CLIENT_PROJECTION,,,
sha:a637c4d41b1647ee95012012e7d63d9ab3b16d31aedc13e16b0a693809cebb3f,CB-CHARGE-2026-0009,CB-CHARGE-2026-0009,CB-CHARGE-2026-0009,a637c4d41b1647ee95012012e7d63d9ab3b16d31aedc13e16b0a693809cebb3f,C:\Users\gduff\Downloads\CaseBrain_Monster_and_Charge_Coverage_2026\casebrain_monster_charge\Charge_Coverage_Smoke_Pack\pdfs\CB-CHARGE-2026-0009.pdf,charge_coverage_smoke,charge_smoke|thin_pdf,NO_GOLD,criminal,OFFLINE_CLIENT_PROJECTION,,,
sha:9206ee92c37c68d2febdda5c77d6ceed2ead9828619648d8689e213b5f14de2d,CB-CHARGE-2026-0010,CB-CHARGE-2026-0010,CB-CHARGE-2026-0010,9206ee92c37c68d2febdda5c77d6ceed2ead9828619648d8689e213b5f14de2d,C:\Users\gduff\Downloads\CaseBrain_Monster_and_Charge_Coverage_2026\casebrain_monster_charge\Charge_Coverage_Smoke_Pack\pdfs\CB-CHARGE-2026-0010.pdf,charge_coverage_smoke,charge_smoke|thin_pdf,NO_GOLD,criminal,OFFLINE_CLIENT_PROJECTION,,,
sha:93024377e3dfe32bb7813e5ea98072f476840badeadf077fdc2b49bbb659cee2,CB-CHARGE-2026-0011,CB-CHARGE-2026-0011,CB-CHARGE-2026-0011,93024377e3dfe32bb7813e5ea98072f476840badeadf077fdc2b49bbb659cee2,C:\Users\gduff\Downloads\CaseBrain_Monster_and_Charge_Coverage_2026\casebrain_monster_charge\Charge_Coverage_Smoke_Pack\pdfs\CB-CHARGE-2026-0011.pdf,charge_coverage_smoke,charge_smoke|thin_pdf,NO_GOLD,criminal,OFFLINE_CLIENT_PROJECTION,,,
sha:53727fcd1761a2ae24fa7bcbc6456600ddc6bd119e45fe40e1cf0d0822cad94e,CB-CHARGE-2026-0012,CB-CHARGE-2026-0012,CB-CHARGE-2026-0012,53727fcd1761a2ae24fa7bcbc6456600ddc6bd119e45fe40e1cf0d0822cad94e,C:\Users\gduff\Downloads\CaseBrain_Monster_and_Charge_Coverage_2026\casebrain_monster_charge\Charge_Coverage_Smoke_Pack\pdfs\CB-CHARGE-2026-0012.pdf,charge_coverage_smoke,charge_smoke|thin_pdf,NO_GOLD,criminal,OFFLINE_CLIENT_PROJECTION,,,
sha:6b5f549fb78c86b171448baf13c0292fcf5ffe2639807abbffa270963c106002,CB-CHARGE-2026-0013,CB-CHARGE-2026-0013,CB-CHARGE-2026-0013,6b5f549fb78c86b171448baf13c0292fcf5ffe2639807abbffa270963c106002,C:\Users\gduff\Downloads\CaseBrain_Monster_and_Charge_Coverage_2026\casebrain_monster_charge\Charge_Coverage_Smoke_Pack\pdfs\CB-CHARGE-2026-0013.pdf,charge_coverage_smoke,charge_smoke|thin_pdf,NO_GOLD,criminal,OFFLINE_CLIENT_PROJECTION,,,
sha:a9ffd25a5125c07be48b4935b66b4d4896d56eb1529da17aef772fdebf40c94b,CB-CHARGE-2026-0014,CB-CHARGE-2026-0014,CB-CHARGE-2026-0014,a9ffd25a5125c07be48b4935b66b4d4896d56eb1529da17aef772fdebf40c94b,C:\Users\gduff\Downloads\CaseBrain_Monster_and_Charge_Coverage_2026\casebrain_monster_charge\Charge_Coverage_Smoke_Pack\pdfs\CB-CHARGE-2026-0014.pdf,charge_coverage_smoke,charge_smoke|thin_pdf,NO_GOLD,criminal,OFFLINE_CLIENT_PROJECTION,,,
sha:d84047933d4386326fac84388b52ee7892ddbe0e22b33d30d7b6ddaa04d58a2e,CB-CHARGE-2026-0015,CB-CHARGE-2026-0015,CB-CHARGE-2026-0015,d84047933d4386326fac84388b52ee7892ddbe0e22b33d30d7b6ddaa04d58a2e,C:\Users\gduff\Downloads\CaseBrain_Monster_and_Charge_Coverage_2026\casebrain_monster_charge\Charge_Coverage_Smoke_Pack\pdfs\CB-CHARGE-2026-0015.pdf,charge_coverage_smoke,charge_smoke|thin_pdf,NO_GOLD,criminal,OFFLINE_CLIENT_PROJECTION,,,
sha:a4e86850bd057ca44c8e7337d823d07141a80d9961dd9a738f45f629abcacd14,CB-CHARGE-2026-0016,CB-CHARGE-2026-0016,CB-CHARGE-2026-0016,a4e86850bd057ca44c8e7337d823d07141a80d9961dd9a738f45f629abcacd14,C:\Users\gduff\Downloads\CaseBrain_Monster_and_Charge_Coverage_2026\casebrain_monster_charge\Charge_Coverage_Smoke_Pack\pdfs\CB-CHARGE-2026-0016.pdf,charge_coverage_smoke,charge_smoke|thin_pdf,NO_GOLD,criminal,OFFLINE_CLIENT_PROJECTION,,,
sha:0050f8352206562999ce7276ac0712e8d169fbc9d5ba4f8ae23af944970dcd73,CB-CHARGE-2026-0017,CB-CHARGE-2026-0017,CB-CHARGE-2026-0017,0050f8352206562999ce7276ac0712e8d169fbc9d5ba4f8ae23af944970dcd73,C:\Users\gduff\Downloads\CaseBrain_Monster_and_Charge_Coverage_2026\casebrain_monster_charge\Charge_Coverage_Smoke_Pack\pdfs\CB-CHARGE-2026-0017.pdf,charge_coverage_smoke,charge_smoke|thin_pdf,NO_GOLD,criminal,OFFLINE_CLIENT_PROJECTION,,,
sha:d598841928c064e178f27973255f520734f74fe45be19a6a0f0fdc5d3dcc23a5,CB-CHARGE-2026-0018,CB-CHARGE-2026-0018,CB-CHARGE-2026-0018,d598841928c064e178f27973255f520734f74fe45be19a6a0f0fdc5d3dcc23a5,C:\Users\gduff\Downloads\CaseBrain_Monster_and_Charge_Coverage_2026\casebrain_monster_charge\Charge_Coverage_Smoke_Pack\pdfs\CB-CHARGE-2026-0018.pdf,charge_coverage_smoke,charge_smoke|thin_pdf,NO_GOLD,criminal,OFFLINE_CLIENT_PROJECTION,,,
sha:79a2401dfcbe2a1b221db4bf87be9cc838ca1e161b260de05d8d5b4dc38370a3,CB-CHARGE-2026-0019,CB-CHARGE-2026-0019,CB-CHARGE-2026-0019,79a2401dfcbe2a1b221db4bf87be9cc838ca1e161b260de05d8d5b4dc38370a3,C:\Users\gduff\Downloads\CaseBrain_Monster_and_Charge_Coverage_2026\casebrain_monster_charge\Charge_Coverage_Smoke_Pack\pdfs\CB-CHARGE-2026-0019.pdf,charge_coverage_smoke,charge_smoke|thin_pdf,NO_GOLD,criminal,OFFLINE_CLIENT_PROJECTION,,,
sha:ef44d8b6faad129b6c0d49fd4e5841757fffff279ef971359cb3fbcd2ce902f5,CB-CHARGE-2026-0020,CB-CHARGE-2026-0020,CB-CHARGE-2026-0020,ef44d8b6faad129b6c0d49fd4e5841757fffff279ef971359cb3fbcd2ce902f5,C:\Users\gduff\Downloads\CaseBrain_Monster_and_Charge_Coverage_2026\casebrain_monster_charge\Charge_Coverage_Smoke_Pack\pdfs\CB-CHARGE-2026-0020.pdf,charge_coverage_smoke,charge_smoke|thin_pdf,NO_GOLD,criminal,OFFLINE_CLIENT_PROJECTION,,,
sha:f1c5e98b19ec6479a5bca152941f756954f09a5848e92ad2edf21887861f552d,CB-CHARGE-2026-0021,CB-CHARGE-2026-0021,CB-CHARGE-2026-0021,f1c5e98b19ec6479a5bca152941f756954f09a5848e92ad2edf21887861f552d,C:\Users\gduff\Downloads\CaseBrain_Monster_and_Charge_Coverage_2026\casebrain_monster_charge\Charge_Coverage_Smoke_Pack\pdfs\CB-CHARGE-2026-0021.pdf,charge_coverage_smoke,charge_smoke|thin_pdf,NO_GOLD,criminal,OFFLINE_CLIENT_PROJECTION,,,
sha:e52b99a2daa2ff1de48a8e3365133d399fd695bfd44d74588c3409cde2bdadad,CB-CHARGE-2026-0022,CB-CHARGE-2026-0022,CB-CHARGE-2026-0022,e52b99a2daa2ff1de48a8e3365133d399fd695bfd44d74588c3409cde2bdadad,C:\Users\gduff\Downloads\CaseBrain_Monster_and_Charge_Coverage_2026\casebrain_monster_charge\Charge_Coverage_Smoke_Pack\pdfs\CB-CHARGE-2026-0022.pdf,charge_coverage_smoke,charge_smoke|thin_pdf,NO_GOLD,criminal,OFFLINE_CLIENT_PROJECTION,,,
sha:8a52216f986ee61111869d8984e7800eaacdff066d1c1162f02be338cae76099,CB-CHARGE-2026-0023,CB-CHARGE-2026-0023,CB-CHARGE-2026-0023,8a52216f986ee61111869d8984e7800eaacdff066d1c1162f02be338cae76099,C:\Users\gduff\Downloads\CaseBrain_Monster_and_Charge_Coverage_2026\casebrain_monster_charge\Charge_Coverage_Smoke_Pack\pdfs\CB-CHARGE-2026-0023.pdf,charge_coverage_smoke,charge_smoke|thin_pdf,NO_GOLD,criminal,OFFLINE_CLIENT_PROJECTION,,,
sha:a6d7ad667ffe957e7b1d26c0fc7c04c00cad035c44a66a96feebdbe9a9e0026b,CB-CHARGE-2026-0024,CB-CHARGE-2026-0024,CB-CHARGE-2026-0024,a6d7ad667ffe957e7b1d26c0fc7c04c00cad035c44a66a96feebdbe9a9e0026b,C:\Users\gduff\Downloads\CaseBrain_Monster_and_Charge_Coverage_2026\casebrain_monster_charge\Charge_Coverage_Smoke_Pack\pdfs\CB-CHARGE-2026-0024.pdf,charge_coverage_smoke,charge_smoke|thin_pdf,NO_GOLD,criminal,OFFLINE_CLIENT_PROJECTION,,,
sha:73bf693bea707bc5074eb3806b69a81977281d444a676960d1e52bf22751af3b,CB-CHARGE-2026-0025,CB-CHARGE-2026-0025,CB-CHARGE-2026-0025,73bf693bea707bc5074eb3806b69a81977281d444a676960d1e52bf22751af3b,C:\Users\gduff\Downloads\CaseBrain_Monster_and_Charge_Coverage_2026\casebrain_monster_charge\Charge_Coverage_Smoke_Pack\pdfs\CB-CHARGE-2026-0025.pdf,charge_coverage_smoke,charge_smoke|thin_pdf,NO_GOLD,criminal,OFFLINE_CLIENT_PROJECTION,,,
sha:66281814fc4c36bff276b29f3b864448fbfad3d09c961add735e1e8a44e57c00,CB-CHARGE-2026-0026,CB-CHARGE-2026-0026,CB-CHARGE-2026-0026,66281814fc4c36bff276b29f3b864448fbfad3d09c961add735e1e8a44e57c00,C:\Users\gduff\Downloads\CaseBrain_Monster_and_Charge_Coverage_2026\casebrain_monster_charge\Charge_Coverage_Smoke_Pack\pdfs\CB-CHARGE-2026-0026.pdf,charge_coverage_smoke,charge_smoke|thin_pdf,NO_GOLD,criminal,OFFLINE_CLIENT_PROJECTION,,,
sha:d4302f92842bf127f50294798d7a457d78e4af9fc2ffd1d85fd9eb59048586ea,CB-CHARGE-2026-0027,CB-CHARGE-2026-0027,CB-CHARGE-2026-0027,d4302f92842bf127f50294798d7a457d78e4af9fc2ffd1d85fd9eb59048586ea,C:\Users\gduff\Downloads\CaseBrain_Monster_and_Charge_Coverage_2026\casebrain_monster_charge\Charge_Coverage_Smoke_Pack\pdfs\CB-CHARGE-2026-0027.pdf,charge_coverage_smoke,charge_smoke|thin_pdf,NO_GOLD,criminal,OFFLINE_CLIENT_PROJECTION,,,
sha:7decd499ac3a1d0d98682cfff8e186764737d96b51fe8726361badb17fbd8a58,CB-CHARGE-2026-0028,CB-CHARGE-2026-0028,CB-CHARGE-2026-0028,7decd499ac3a1d0d98682cfff8e186764737d96b51fe8726361badb17fbd8a58,C:\Users\gduff\Downloads\CaseBrain_Monster_and_Charge_Coverage_2026\casebrain_monster_charge\Charge_Coverage_Smoke_Pack\pdfs\CB-CHARGE-2026-0028.pdf,charge_coverage_smoke,charge_smoke|thin_pdf,NO_GOLD,criminal,OFFLINE_CLIENT_PROJECTION,,,
sha:7cc29ce04fc7f4792a2695fa90d60c258b68107c17bc542f9f829bd7731aaa7f,CB-CHARGE-2026-0029,CB-CHARGE-2026-0029,CB-CHARGE-2026-0029,7cc29ce04fc7f4792a2695fa90d60c258b68107c17bc542f9f829bd7731aaa7f,C:\Users\gduff\Downloads\CaseBrain_Monster_and_Charge_Coverage_2026\casebrain_monster_charge\Charge_Coverage_Smoke_Pack\pdfs\CB-CHARGE-2026-0029.pdf,charge_coverage_smoke,charge_smoke|thin_pdf,NO_GOLD,criminal,OFFLINE_CLIENT_PROJECTION,,,
sha:04c13d3c6e2029748b337b85139092222c60e126ef045e541c4d18c685c5f628,CB-CHARGE-2026-0030,CB-CHARGE-2026-0030,CB-CHARGE-2026-0030,04c13d3c6e2029748b337b85139092222c60e126ef045e541c4d18c685c5f628,C:\Users\gduff\Downloads\CaseBrain_Monster_and_Charge_Coverage_2026\casebrain_monster_charge\Charge_Coverage_Smoke_Pack\pdfs\CB-CHARGE-2026-0030.pdf,charge_coverage_smoke,charge_smoke|thin_pdf,NO_GOLD,criminal,OFFLINE_CLIENT_PROJECTION,,,
sha:6acfde474eba3305871b02cc5a695d09cf39b9f11c2d965cef2948152b69bb28,CB-CHARGE-2026-0031,CB-CHARGE-2026-0031,CB-CHARGE-2026-0031,6acfde474eba3305871b02cc5a695d09cf39b9f11c2d965cef2948152b69bb28,C:\Users\gduff\Downloads\CaseBrain_Monster_and_Charge_Coverage_2026\casebrain_monster_charge\Charge_Coverage_Smoke_Pack\pdfs\CB-CHARGE-2026-0031.pdf,charge_coverage_smoke,charge_smoke|thin_pdf,NO_GOLD,criminal,OFFLINE_CLIENT_PROJECTION,,,
sha:e89e0b6e6fb9a04f6fd2b1dbeba10646e709be4833cdcbfcdc52c848c7656dfb,CB-CHARGE-2026-0032,CB-CHARGE-2026-0032,CB-CHARGE-2026-0032,e89e0b6e6fb9a04f6fd2b1dbeba10646e709be4833cdcbfcdc52c848c7656dfb,C:\Users\gduff\Downloads\CaseBrain_Monster_and_Charge_Coverage_2026\casebrain_monster_charge\Charge_Coverage_Smoke_Pack\pdfs\CB-CHARGE-2026-0032.pdf,charge_coverage_smoke,charge_smoke|thin_pdf,NO_GOLD,criminal,OFFLINE_CLIENT_PROJECTION,,,
sha:5747db94b59edaaea56e0be31b7d7854b9730e1706ca30848914063514674c65,CB-CHARGE-2026-0033,CB-CHARGE-2026-0033,CB-CHARGE-2026-0033,5747db94b59edaaea56e0be31b7d7854b9730e1706ca30848914063514674c65,C:\Users\gduff\Downloads\CaseBrain_Monster_and_Charge_Coverage_2026\casebrain_monster_charge\Charge_Coverage_Smoke_Pack\pdfs\CB-CHARGE-2026-0033.pdf,charge_coverage_smoke,charge_smoke|thin_pdf,NO_GOLD,criminal,OFFLINE_CLIENT_PROJECTION,,,
sha:ca4c6313d8faebf74ca8206322519d7b03e128a93d841ea5faf4ea74e3bb1c93,CB-CHARGE-2026-0034,CB-CHARGE-2026-0034,CB-CHARGE-2026-0034,ca4c6313d8faebf74ca8206322519d7b03e128a93d841ea5faf4ea74e3bb1c93,C:\Users\gduff\Downloads\CaseBrain_Monster_and_Charge_Coverage_2026\casebrain_monster_charge\Charge_Coverage_Smoke_Pack\pdfs\CB-CHARGE-2026-0034.pdf,charge_coverage_smoke,charge_smoke|thin_pdf,NO_GOLD,criminal,OFFLINE_CLIENT_PROJECTION,,,
sha:a8656dedb6066c2f74f966f641dc307beae2b1b1110f00ca71a6887ae95c5f2d,CB-CHARGE-2026-0035,CB-CHARGE-2026-0035,CB-CHARGE-2026-0035,a8656dedb6066c2f74f966f641dc307beae2b1b1110f00ca71a6887ae95c5f2d,C:\Users\gduff\Downloads\CaseBrain_Monster_and_Charge_Coverage_2026\casebrain_monster_charge\Charge_Coverage_Smoke_Pack\pdfs\CB-CHARGE-2026-0035.pdf,charge_coverage_smoke,charge_smoke|thin_pdf,NO_GOLD,criminal,OFFLINE_CLIENT_PROJECTION,,,
sha:aa09bf79762b25fa563fe80bcbb9bec407c7dc200011b8914b33f217ed6191dc,CB-CHARGE-2026-0036,CB-CHARGE-2026-0036,CB-CHARGE-2026-0036,aa09bf79762b25fa563fe80bcbb9bec407c7dc200011b8914b33f217ed6191dc,C:\Users\gduff\Downloads\CaseBrain_Monster_and_Charge_Coverage_2026\casebrain_monster_charge\Charge_Coverage_Smoke_Pack\pdfs\CB-CHARGE-2026-0036.pdf,charge_coverage_smoke,charge_smoke|thin_pdf,NO_GOLD,criminal,OFFLINE_CLIENT_PROJECTION,,,
sha:d5d612211f64350d201e556f610e3842efee02614fe3181bc12ec088e9cf4bbd,CB-CHARGE-2026-0037,CB-CHARGE-2026-0037,CB-CHARGE-2026-0037,d5d612211f64350d201e556f610e3842efee02614fe3181bc12ec088e9cf4bbd,C:\Users\gduff\Downloads\CaseBrain_Monster_and_Charge_Coverage_2026\casebrain_monster_charge\Charge_Coverage_Smoke_Pack\pdfs\CB-CHARGE-2026-0037.pdf,charge_coverage_smoke,charge_smoke|thin_pdf,NO_GOLD,criminal,OFFLINE_CLIENT_PROJECTION,,,
sha:bfbedd7ef03248e4b2fd9c6f85dce51fb1cec644377a1910b125a73479a7b22d,CB-CHARGE-2026-0038,CB-CHARGE-2026-0038,CB-CHARGE-2026-0038,bfbedd7ef03248e4b2fd9c6f85dce51fb1cec644377a1910b125a73479a7b22d,C:\Users\gduff\Downloads\CaseBrain_Monster_and_Charge_Coverage_2026\casebrain_monster_charge\Charge_Coverage_Smoke_Pack\pdfs\CB-CHARGE-2026-0038.pdf,charge_coverage_smoke,charge_smoke|thin_pdf,NO_GOLD,criminal,OFFLINE_CLIENT_PROJECTION,,,
sha:1ef4c384db0f0f36273e3416c3d1e1db30b9ed1f7460bd21169830c60f8b6a6c,CB-CHARGE-2026-0039,CB-CHARGE-2026-0039,CB-CHARGE-2026-0039,1ef4c384db0f0f36273e3416c3d1e1db30b9ed1f7460bd21169830c60f8b6a6c,C:\Users\gduff\Downloads\CaseBrain_Monster_and_Charge_Coverage_2026\casebrain_monster_charge\Charge_Coverage_Smoke_Pack\pdfs\CB-CHARGE-2026-0039.pdf,charge_coverage_smoke,charge_smoke|thin_pdf,NO_GOLD,criminal,OFFLINE_CLIENT_PROJECTION,,,
sha:fb49e594f7b764f8be47de993e99ce0763639911451b40ceafcc60d24c8a254b,CB-CHARGE-2026-0040,CB-CHARGE-2026-0040,CB-CHARGE-2026-0040,fb49e594f7b764f8be47de993e99ce0763639911451b40ceafcc60d24c8a254b,C:\Users\gduff\Downloads\CaseBrain_Monster_and_Charge_Coverage_2026\casebrain_monster_charge\Charge_Coverage_Smoke_Pack\pdfs\CB-CHARGE-2026-0040.pdf,charge_coverage_smoke,charge_smoke|thin_pdf,NO_GOLD,criminal,OFFLINE_CLIENT_PROJECTION,,,
sha:09f38da6934f25ffcd9231fe446385ac62cf44f8538ddedf303e14ed6a1eede7,CB-CHARGE-2026-0041,CB-CHARGE-2026-0041,CB-CHARGE-2026-0041,09f38da6934f25ffcd9231fe446385ac62cf44f8538ddedf303e14ed6a1eede7,C:\Users\gduff\Downloads\CaseBrain_Monster_and_Charge_Coverage_2026\casebrain_monster_charge\Charge_Coverage_Smoke_Pack\pdfs\CB-CHARGE-2026-0041.pdf,charge_coverage_smoke,charge_smoke|thin_pdf,NO_GOLD,criminal,OFFLINE_CLIENT_PROJECTION,,,
sha:9710a1112246847e5dc367ac4b9f85f4eac716a71474d8c78bfaa2dccf20991e,CB-CHARGE-2026-0042,CB-CHARGE-2026-0042,CB-CHARGE-2026-0042,9710a1112246847e5dc367ac4b9f85f4eac716a71474d8c78bfaa2dccf20991e,C:\Users\gduff\Downloads\CaseBrain_Monster_and_Charge_Coverage_2026\casebrain_monster_charge\Charge_Coverage_Smoke_Pack\pdfs\CB-CHARGE-2026-0042.pdf,charge_coverage_smoke,charge_smoke|thin_pdf,NO_GOLD,criminal,OFFLINE_CLIENT_PROJECTION,,,
sha:079646bfc829e6e6da32d86b24826b97eaad702d7faff21835b51601811c804c,CB-CHARGE-2026-0043,CB-CHARGE-2026-0043,CB-CHARGE-2026-0043,079646bfc829e6e6da32d86b24826b97eaad702d7faff21835b51601811c804c,C:\Users\gduff\Downloads\CaseBrain_Monster_and_Charge_Coverage_2026\casebrain_monster_charge\Charge_Coverage_Smoke_Pack\pdfs\CB-CHARGE-2026-0043.pdf,charge_coverage_smoke,charge_smoke|thin_pdf,NO_GOLD,criminal,OFFLINE_CLIENT_PROJECTION,,,
sha:70e0195d011fad504566d28fa9780c3533333237f20a817298041adda85c0c00,CB-CHARGE-2026-0044,CB-CHARGE-2026-0044,CB-CHARGE-2026-0044,70e0195d011fad504566d28fa9780c3533333237f20a817298041adda85c0c00,C:\Users\gduff\Downloads\CaseBrain_Monster_and_Charge_Coverage_2026\casebrain_monster_charge\Charge_Coverage_Smoke_Pack\pdfs\CB-CHARGE-2026-0044.pdf,charge_coverage_smoke,charge_smoke|thin_pdf,NO_GOLD,criminal,OFFLINE_CLIENT_PROJECTION,,,
sha:bcc2470bcded5f48bafcfd0b3da2df42c9d5576d44ed74581457d154c410e99d,CB-CHARGE-2026-0045,CB-CHARGE-2026-0045,CB-CHARGE-2026-0045,bcc2470bcded5f48bafcfd0b3da2df42c9d5576d44ed74581457d154c410e99d,C:\Users\gduff\Downloads\CaseBrain_Monster_and_Charge_Coverage_2026\casebrain_monster_charge\Charge_Coverage_Smoke_Pack\pdfs\CB-CHARGE-2026-0045.pdf,charge_coverage_smoke,charge_smoke|thin_pdf,NO_GOLD,criminal,OFFLINE_CLIENT_PROJECTION,,,
sha:5195425dc558406b7746fff879b6df6501ac8baeb511ad10a4e8ff5d5c6961c7,CB-CHARGE-2026-0046,CB-CHARGE-2026-0046,CB-CHARGE-2026-0046,5195425dc558406b7746fff879b6df6501ac8baeb511ad10a4e8ff5d5c6961c7,C:\Users\gduff\Downloads\CaseBrain_Monster_and_Charge_Coverage_2026\casebrain_monster_charge\Charge_Coverage_Smoke_Pack\pdfs\CB-CHARGE-2026-0046.pdf,charge_coverage_smoke,charge_smoke|thin_pdf,NO_GOLD,criminal,OFFLINE_CLIENT_PROJECTION,,,
sha:cf2ae25ac505efec88b5804124415821f96b7e88a96d06f84cc96be7a9d5360c,CB-CHARGE-2026-0047,CB-CHARGE-2026-0047,CB-CHARGE-2026-0047,cf2ae25ac505efec88b5804124415821f96b7e88a96d06f84cc96be7a9d5360c,C:\Users\gduff\Downloads\CaseBrain_Monster_and_Charge_Coverage_2026\casebrain_monster_charge\Charge_Coverage_Smoke_Pack\pdfs\CB-CHARGE-2026-0047.pdf,charge_coverage_smoke,charge_smoke|thin_pdf,NO_GOLD,criminal,OFFLINE_CLIENT_PROJECTION,,,
sha:5cc7f0f10b3066f960be185dee221d862f2cdbad35ffb15bc030038fb5cd2952,CB-CHARGE-2026-0048,CB-CHARGE-2026-0048,CB-CHARGE-2026-0048,5cc7f0f10b3066f960be185dee221d862f2cdbad35ffb15bc030038fb5cd2952,C:\Users\gduff\Downloads\CaseBrain_Monster_and_Charge_Coverage_2026\casebrain_monster_charge\Charge_Coverage_Smoke_Pack\pdfs\CB-CHARGE-2026-0048.pdf,charge_coverage_smoke,charge_smoke|thin_pdf,NO_GOLD,criminal,OFFLINE_CLIENT_PROJECTION,,,
sha:bee3f4fa099108e10c3367b93dd97a9532470bd18c7aa753956646f1995c5185,CB-CHARGE-2026-0049,CB-CHARGE-2026-0049,CB-CHARGE-2026-0049,bee3f4fa099108e10c3367b93dd97a9532470bd18c7aa753956646f1995c5185,C:\Users\gduff\Downloads\CaseBrain_Monster_and_Charge_Coverage_2026\casebrain_monster_charge\Charge_Coverage_Smoke_Pack\pdfs\CB-CHARGE-2026-0049.pdf,charge_coverage_smoke,charge_smoke|thin_pdf,NO_GOLD,criminal,OFFLINE_CLIENT_PROJECTION,,,
sha:09750c20ceabcc7b3e11ad08ba128b23c7010f48a59cf231b7436df7096a7e88,CB-CHARGE-2026-0050,CB-CHARGE-2026-0050,CB-CHARGE-2026-0050,09750c20ceabcc7b3e11ad08ba128b23c7010f48a59cf231b7436df7096a7e88,C:\Users\gduff\Downloads\CaseBrain_Monster_and_Charge_Coverage_2026\casebrain_monster_charge\Charge_Coverage_Smoke_Pack\pdfs\CB-CHARGE-2026-0050.pdf,charge_coverage_smoke,charge_smoke|thin_pdf,NO_GOLD,criminal,OFFLINE_CLIENT_PROJECTION,,,
sha:9e7074ce1b3fc88f012e6af8076f23726cb58c5267ca1cc84ddc6864dec9addb,CB-CHARGE-2026-0051,CB-CHARGE-2026-0051,CB-CHARGE-2026-0051,9e7074ce1b3fc88f012e6af8076f23726cb58c5267ca1cc84ddc6864dec9addb,C:\Users\gduff\Downloads\CaseBrain_Monster_and_Charge_Coverage_2026\casebrain_monster_charge\Charge_Coverage_Smoke_Pack\pdfs\CB-CHARGE-2026-0051.pdf,charge_coverage_smoke,charge_smoke|thin_pdf,NO_GOLD,criminal,OFFLINE_CLIENT_PROJECTION,,,
sha:478c50c4e6949c9076572d6dd0554f849631d1b517627d6110a5296c6907bc07,CB-CHARGE-2026-0052,CB-CHARGE-2026-0052,CB-CHARGE-2026-0052,478c50c4e6949c9076572d6dd0554f849631d1b517627d6110a5296c6907bc07,C:\Users\gduff\Downloads\CaseBrain_Monster_and_Charge_Coverage_2026\casebrain_monster_charge\Charge_Coverage_Smoke_Pack\pdfs\CB-CHARGE-2026-0052.pdf,charge_coverage_smoke,charge_smoke|thin_pdf,NO_GOLD,criminal,OFFLINE_CLIENT_PROJECTION,,,
sha:89dbbf06bc2aa92b0aef2feb62110d1f447533adee9853c11cceaef071e4cd99,CB-CHARGE-2026-0053,CB-CHARGE-2026-0053,CB-CHARGE-2026-0053,89dbbf06bc2aa92b0aef2feb62110d1f447533adee9853c11cceaef071e4cd99,C:\Users\gduff\Downloads\CaseBrain_Monster_and_Charge_Coverage_2026\casebrain_monster_charge\Charge_Coverage_Smoke_Pack\pdfs\CB-CHARGE-2026-0053.pdf,charge_coverage_smoke,charge_smoke|thin_pdf,NO_GOLD,criminal,OFFLINE_CLIENT_PROJECTION,,,
sha:790a1d7bd23b3d9000578fd01527a0ea43fce988bbeeeb40ad30a4345c8548b6,CB-CHARGE-2026-0054,CB-CHARGE-2026-0054,CB-CHARGE-2026-0054,790a1d7bd23b3d9000578fd01527a0ea43fce988bbeeeb40ad30a4345c8548b6,C:\Users\gduff\Downloads\CaseBrain_Monster_and_Charge_Coverage_2026\casebrain_monster_charge\Charge_Coverage_Smoke_Pack\pdfs\CB-CHARGE-2026-0054.pdf,charge_coverage_smoke,charge_smoke|thin_pdf,NO_GOLD,criminal,OFFLINE_CLIENT_PROJECTION,,,
sha:78d9ae9b107313b00e6eeef9ca88ea93ce999a7d98c23ff235472a4f217bcbed,CB-CHARGE-2026-0055,CB-CHARGE-2026-0055,CB-CHARGE-2026-0055,78d9ae9b107313b00e6eeef9ca88ea93ce999a7d98c23ff235472a4f217bcbed,C:\Users\gduff\Downloads\CaseBrain_Monster_and_Charge_Coverage_2026\casebrain_monster_charge\Charge_Coverage_Smoke_Pack\pdfs\CB-CHARGE-2026-0055.pdf,charge_coverage_smoke,charge_smoke|thin_pdf,NO_GOLD,criminal,OFFLINE_CLIENT_PROJECTION,,,
sha:0ad070f9d05a50d4c983fd51a1c23f1fe041afd2b23101e0ce38bd52939a43d8,CB-CHARGE-2026-0056,CB-CHARGE-2026-0056,CB-CHARGE-2026-0056,0ad070f9d05a50d4c983fd51a1c23f1fe041afd2b23101e0ce38bd52939a43d8,C:\Users\gduff\Downloads\CaseBrain_Monster_and_Charge_Coverage_2026\casebrain_monster_charge\Charge_Coverage_Smoke_Pack\pdfs\CB-CHARGE-2026-0056.pdf,charge_coverage_smoke,charge_smoke|thin_pdf,NO_GOLD,criminal,OFFLINE_CLIENT_PROJECTION,,,
sha:5c9fcb420b2ec208927e63da5707cdfdd0f8eea024b698e27d8e1ee312f75ac2,CB-CHARGE-2026-0057,CB-CHARGE-2026-0057,CB-CHARGE-2026-0057,5c9fcb420b2ec208927e63da5707cdfdd0f8eea024b698e27d8e1ee312f75ac2,C:\Users\gduff\Downloads\CaseBrain_Monster_and_Charge_Coverage_2026\casebrain_monster_charge\Charge_Coverage_Smoke_Pack\pdfs\CB-CHARGE-2026-0057.pdf,charge_coverage_smoke,charge_smoke|thin_pdf,NO_GOLD,criminal,OFFLINE_CLIENT_PROJECTION,,,
sha:2fa49faded33ad52e41e8744266af797a201b73e96089c600666a60608d3f9a2,CB-CHARGE-2026-0058,CB-CHARGE-2026-0058,CB-CHARGE-2026-0058,2fa49faded33ad52e41e8744266af797a201b73e96089c600666a60608d3f9a2,C:\Users\gduff\Downloads\CaseBrain_Monster_and_Charge_Coverage_2026\casebrain_monster_charge\Charge_Coverage_Smoke_Pack\pdfs\CB-CHARGE-2026-0058.pdf,charge_coverage_smoke,charge_smoke|thin_pdf,NO_GOLD,criminal,OFFLINE_CLIENT_PROJECTION,,,
sha:2ed2d186b062391e72f43f2f1ea0c369519f227d0ae5a40bd73bd8fd2cdb2961,CB-CHARGE-2026-0059,CB-CHARGE-2026-0059,CB-CHARGE-2026-0059,2ed2d186b062391e72f43f2f1ea0c369519f227d0ae5a40bd73bd8fd2cdb2961,C:\Users\gduff\Downloads\CaseBrain_Monster_and_Charge_Coverage_2026\casebrain_monster_charge\Charge_Coverage_Smoke_Pack\pdfs\CB-CHARGE-2026-0059.pdf,charge_coverage_smoke,charge_smoke|thin_pdf,NO_GOLD,criminal,OFFLINE_CLIENT_PROJECTION,,,
sha:750cb207987c003b4596a524c373661714194317678e31191d4a4fb76db751a2,CB-CHARGE-2026-0060,CB-CHARGE-2026-0060,CB-CHARGE-2026-0060,750cb207987c003b4596a524c373661714194317678e31191d4a4fb76db751a2,C:\Users\gduff\Downloads\CaseBrain_Monster_and_Charge_Coverage_2026\casebrain_monster_charge\Charge_Coverage_Smoke_Pack\pdfs\CB-CHARGE-2026-0060.pdf,charge_coverage_smoke,charge_smoke|thin_pdf,NO_GOLD,criminal,OFFLINE_CLIENT_PROJECTION,,,
sha:bc5d732fa9306133c0c7d7fe2ea85a8e7d65a5d1b30a823ac491495839e0a6ef,ISAAC-PATEL-TB-546,CB-TB-546,Isaac Patel,bc5d732fa9306133c0c7d7fe2ea85a8e7d65a5d1b30a823ac491495839e0a6ef,C:\Users\gduff\Downloads\00-CASEBRAIN-PILOT-20\CB-TB-546_Patel.pdf,unknown_from_index_only,canary|source_backed|pilot20|isaac_patel,NO_GOLD,criminal,OFFLINE_CLIENT_PROJECTION,,,
sha:bf3626dc86ecdf4bc11f8ef7618c0354817dc20e9a10dfac9947024f405ce7da,MONSTER-0002,CB-MONSTER-2026-0002,CB-MONSTER-2026-0002,bf3626dc86ecdf4bc11f8ef7618c0354817dc20e9a10dfac9947024f405ce7da,C:\Users\gduff\Downloads\CaseBrain_Monster_and_Charge_Coverage_2026\casebrain_monster_charge\Monster_Bundle_Load_Pack\pdfs\CB-MONSTER-2026-0002.pdf,monster_stress,monster_bundle|stress,GOLD_B,criminal,OFFLINE_CLIENT_PROJECTION,,,
sha:6430ea4a06eb23d491807f7b04328f501502961935286e75f4bcc63fddc71d7f,MONSTER-0003,CB-MONSTER-2026-0003,CB-MONSTER-2026-0003,6430ea4a06eb23d491807f7b04328f501502961935286e75f4bcc63fddc71d7f,C:\Users\gduff\Downloads\CaseBrain_Monster_and_Charge_Coverage_2026\casebrain_monster_charge\Monster_Bundle_Load_Pack\pdfs\CB-MONSTER-2026-0003.pdf,monster_stress,monster_bundle|stress,GOLD_B,criminal,OFFLINE_CLIENT_PROJECTION,,,
sha:8dba31a8bca95c045f7d2dd57a9cd9ec4a0ab02046e388d40d669a78f7b86b38,MONSTER-0004,CB-MONSTER-2026-0004,CB-MONSTER-2026-0004,8dba31a8bca95c045f7d2dd57a9cd9ec4a0ab02046e388d40d669a78f7b86b38,C:\Users\gduff\Downloads\CaseBrain_Monster_and_Charge_Coverage_2026\casebrain_monster_charge\Monster_Bundle_Load_Pack\pdfs\CB-MONSTER-2026-0004.pdf,monster_stress,monster_bundle|stress,GOLD_B,criminal,OFFLINE_CLIENT_PROJECTION,,,
sha:ef1d7eb3c977a3b01e15cccf575bdf21f0621793467929367c95d6f59a9c3db1,MONSTER-0005,CB-MONSTER-2026-0005,CB-MONSTER-2026-0005,ef1d7eb3c977a3b01e15cccf575bdf21f0621793467929367c95d6f59a9c3db1,C:\Users\gduff\Downloads\CaseBrain_Monster_and_Charge_Coverage_2026\casebrain_monster_charge\Monster_Bundle_Load_Pack\pdfs\CB-MONSTER-2026-0005.pdf,monster_stress,monster_bundle|stress,GOLD_B,criminal,OFFLINE_CLIENT_PROJECTION,,,
sha:002f3fc9174aaac7d9f23ee0e8befdbb700c2867f8c5563612c645837fbea4d2,PDF-002f3fc9174a,CB-TB-1074_Marsh,CB-TB-1074_Marsh.pdf,002f3fc9174aaac7d9f23ee0e8befdbb700c2867f8c5563612c645837fbea4d2,C:\Users\gduff\Downloads\cb-tb-901-1100-v5\pdfs\CB-TB-1074_Marsh.pdf,pdf_inventory_criminal,pdf_hash_unique|dupes=2,NO_GOLD,criminal,OFFLINE_CLIENT_PROJECTION,,,
sha:004cfad261dc755e4182392bdb4351dc6a58aecd2f11ae740bef1a16172c307f,PDF-004cfad261dc,CB-TB-2046_Patel,CB-TB-2046_Patel.pdf,004cfad261dc755e4182392bdb4351dc6a58aecd2f11ae740bef1a16172c307f,C:\Users\gduff\Downloads\cb-tb-1601-2200-v5-factory-run\pdfs\CB-TB-2046_Patel.pdf,pdf_inventory_criminal,pdf_hash_unique|dupes=2,NO_GOLD,criminal,OFFLINE_CLIENT_PROJECTION,,,
sha:00588f09819d998c6a9ab32a82a489b11db5cb3ca580cc9f5edbcc664e23081b,PDF-00588f09819d,CB-TB-039_Field,CB-TB-039_Field.pdf,00588f09819d998c6a9ab32a82a489b11db5cb3ca580cc9f5edbcc664e23081b,C:\Users\gduff\Downloads\cb-tb-031-100-v4\pdfs\CB-TB-039_Field.pdf,pdf_inventory_criminal,pdf_hash_unique|dupes=1,NO_GOLD,criminal,OFFLINE_CLIENT_PROJECTION,,,
sha:008d412a81804612c83cd2b305215f3ddd7059868a9a4b6839c7e3de788c46a2,PDF-008d412a8180,CB-TB-858_Coleman,CB-TB-858_Coleman.pdf,008d412a81804612c83cd2b305215f3ddd7059868a9a4b6839c7e3de788c46a2,C:\Users\gduff\Downloads\cb-tb-801-900-v5\pdfs\CB-TB-858_Coleman.pdf,pdf_inventory_criminal,pdf_hash_unique|dupes=1,NO_GOLD,criminal,OFFLINE_CLIENT_PROJECTION,,,
sha:008dd66f3e1e4024a414394c5dbd031eee2474172e8cf60b566cbebbdd8c9527,PDF-008dd66f3e1e,CB-TB-1345_West,CB-TB-1345_West.pdf,008dd66f3e1e4024a414394c5dbd031eee2474172e8cf60b566cbebbdd8c9527,C:\Users\gduff\Downloads\cb-tb-1301-1400-v5\pdfs\CB-TB-1345_West.pdf,pdf_inventory_criminal,pdf_hash_unique|dupes=2,NO_GOLD,criminal,OFFLINE_CLIENT_PROJECTION,,,
sha:009b620fc7fbd214aa74db4ee634d77022e95d73c7b60b98de3200e94d8ef731,PDF-009b620fc7fb,CB-TB-248_Cole,CB-TB-248_Cole.pdf,009b620fc7fbd214aa74db4ee634d77022e95d73c7b60b98de3200e94d8ef731,C:\Users\gduff\Downloads\cb-tb-201-300-v4\pdfs\CB-TB-248_Cole.pdf,pdf_inventory_criminal,pdf_hash_unique|dupes=1,NO_GOLD,criminal,OFFLINE_CLIENT_PROJECTION,,,
sha:009c216e124403acc882978134e17b8c8468f701087f3c03eac2b966715f4053,PDF-009c216e1244,CB-TB-244_Hale,CB-TB-244_Hale.pdf,009c216e124403acc882978134e17b8c8468f701087f3c03eac2b966715f4053,C:\Users\gduff\Downloads\cb-tb-201-300-v4\pdfs\CB-TB-244_Hale.pdf,pdf_inventory_criminal,pdf_hash_unique|dupes=1,NO_GOLD,criminal,OFFLINE_CLIENT_PROJECTION,,,
sha:00b9d41b0f661c28a39bf963d225cfb4b16afb817a4521dd43db11d65b004df5,PDF-00b9d41b0f66,CB-TB-771_Harper,CB-TB-771_Harper.pdf,00b9d41b0f661c28a39bf963d225cfb4b16afb817a4521dd43db11d65b004df5,C:\Users\gduff\Downloads\cb-tb-701-800-v5\pdfs\CB-TB-771_Harper.pdf,pdf_inventory_criminal,pdf_hash_unique|dupes=1,NO_GOLD,criminal,OFFLINE_CLIENT_PROJECTION,,,
sha:00c4901e34559769c5bec177fb9f01c087ee44a8cbed0e056f216dc11166bddd,PDF-00c4901e3455,CB-TB-975_Brooks,CB-TB-975_Brooks.pdf,00c4901e34559769c5bec177fb9f01c087ee44a8cbed0e056f216dc11166bddd,C:\Users\gduff\Downloads\cb-tb-901-1100-v5\pdfs\CB-TB-975_Brooks.pdf,pdf_inventory_criminal,pdf_hash_unique|dupes=2,NO_GOLD,criminal,OFFLINE_CLIENT_PROJECTION,,,
sha:00c6550b91a141fc2330d04d1bd077590974ff23f9bf6015bd9cb5e50aed3e69,PDF-00c6550b91a1,CB-TB-1365_Bell,CB-TB-1365_Bell.pdf,00c6550b91a141fc2330d04d1bd077590974ff23f9bf6015bd9cb5e50aed3e69,C:\Users\gduff\Downloads\cb-tb-1301-1400-v5\pdfs\CB-TB-1365_Bell.pdf,pdf_inventory_criminal,pdf_hash_unique|dupes=2,NO_GOLD,criminal,OFFLINE_CLIENT_PROJECTION,,,
sha:00d4f8bcc3d4bd8e195c85b79da119ebc56c9c8f3820a3ff75a18845b3487050,PDF-00d4f8bcc3d4,CB-TB-345_Pike,CB-TB-345_Pike.pdf,00d4f8bcc3d4bd8e195c85b79da119ebc56c9c8f3820a3ff75a18845b3487050,C:\Users\gduff\Downloads\cb-tb-301-400-v4\pdfs\CB-TB-345_Pike.pdf,pdf_inventory_criminal,pdf_hash_unique|dupes=2,NO_GOLD,criminal,OFFLINE_CLIENT_PROJECTION,,,
sha:00e742b9946fbc96623ed5437029a27c84e1c9c52bff668fc2ab23bea011dfd4,PDF-00e742b9946f,CB-TB-1011_Reynolds,CB-TB-1011_Reynolds.pdf,00e742b9946fbc96623ed5437029a27c84e1c9c52bff668fc2ab23bea011dfd4,C:\Users\gduff\Downloads\cb-tb-901-1100-v5\pdfs\CB-TB-1011_Reynolds.pdf,pdf_inventory_criminal,pdf_hash_unique|dupes=2,NO_GOLD,criminal,OFFLINE_CLIENT_PROJECTION,,,
sha:00fc006cdb5153c7256e7275da6c24dda26ee60a631d051aaeaecbbc559539e8,PDF-00fc006cdb51,CB-TB-819_Vale,CB-TB-819_Vale.pdf,00fc006cdb5153c7256e7275da6c24dda26ee60a631d051aaeaecbbc559539e8,C:\Users\gduff\Downloads\cb-tb-801-900-v5\pdfs\CB-TB-819_Vale.pdf,pdf_inventory_criminal,pdf_hash_unique|dupes=1,NO_GOLD,criminal,OFFLINE_CLIENT_PROJECTION,,,
sha:01177e80610d9ea7dad1438aaa814b49957abb1e02cc0861a28b95ce21192b88,PDF-01177e80610d,CB-TB-1228_Morley,CB-TB-1228_Morley.pdf,01177e80610d9ea7dad1438aaa814b49957abb1e02cc0861a28b95ce21192b88,C:\Users\gduff\Downloads\cb-tb-1201-1300-v5\pdfs\CB-TB-1228_Morley.pdf,pdf_inventory_criminal,pdf_hash_unique|dupes=2,NO_GOLD,criminal,OFFLINE_CLIENT_PROJECTION,,,
sha:011b6847dbfd7c01205507660e9fa1eae6bf6f5d328625f830cf3afd77c83316,PDF-011b6847dbfd,CB-TB-029_Wright,CB-TB-029_Wright.pdf,011b6847dbfd7c01205507660e9fa1eae6bf6f5d328625f830cf3afd77c83316,C:\Users\gduff\Downloads\cb-tb-001-050-v3\pdfs\CB-TB-029_Wright.pdf,pdf_inventory_criminal,pdf_hash_unique|dupes=2,NO_GOLD,criminal,OFFLINE_CLIENT_PROJECTION,,,
sha:0168b4a7ae6bde326991951425b63e8febe624af507ae05da6397bc727c0191a,PDF-0168b4a7ae6b,CB-TB-1122_Walsh,CB-TB-1122_Walsh.pdf,0168b4a7ae6bde326991951425b63e8febe624af507ae05da6397bc727c0191a,C:\Users\gduff\Downloads\cb-tb-1101-1400-v5\pdfs\CB-TB-1122_Walsh.pdf,pdf_inventory_criminal,pdf_hash_unique|dupes=2,NO_GOLD,criminal,OFFLINE_CLIENT_PROJECTION,,,
sha:0171b46bbfdda4924f54a67e4919fcc28b99fdb24562f0ab446bc38bbac5e13c,PDF-0171b46bbfdd,CB-TB-1486_Ross,CB-TB-1486_Ross.pdf,0171b46bbfdda4924f54a67e4919fcc28b99fdb24562f0ab446bc38bbac5e13c,C:\Users\gduff\Downloads\cb-tb-1401-1500-v5-tmp\pdfs\CB-TB-1486_Ross.pdf,pdf_inventory_criminal,pdf_hash_unique|dupes=1,NO_GOLD,criminal,OFFLINE_CLIENT_PROJECTION,,,
sha:01834df5b278f59a8f570c93521a04763ab8c3e1a2ecf89defa053add2b5a2ac,PDF-01834df5b278,CB-TB-637_Shaw,CB-TB-637_Shaw.pdf,01834df5b278f59a8f570c93521a04763ab8c3e1a2ecf89defa053add2b5a2ac,C:\Users\gduff\Downloads\cb-tb-601-700-v5\pdfs\CB-TB-637_Shaw.pdf,pdf_inventory_criminal,pdf_hash_unique|dupes=1,NO_GOLD,criminal,OFFLINE_CLIENT_PROJECTION,,,
sha:01976b46edf351ccbf7d5e1b1d208d004f536e3ca30f53afd9fa1adfcc329a58,PDF-01976b46edf3,CB-TB-1786_Barker,CB-TB-1786_Barker.pdf,01976b46edf351ccbf7d5e1b1d208d004f536e3ca30f53afd9fa1adfcc329a58,C:\Users\gduff\Downloads\cb-tb-1601-2200-v5-factory-run\pdfs\CB-TB-1786_Barker.pdf,pdf_inventory_criminal,pdf_hash_unique|dupes=2,NO_GOLD,criminal,OFFLINE_CLIENT_PROJECTION,,,
sha:019ab2719aca0184fc7e392e39b431434741f25a3ea916181e2c10d686266804,PDF-019ab2719aca,CB-TB-1696_Ali,CB-TB-1696_Ali.pdf,019ab2719aca0184fc7e392e39b431434741f25a3ea916181e2c10d686266804,C:\Users\gduff\Downloads\cb-tb-1601-2200-v5-factory-run\pdfs\CB-TB-1696_Ali.pdf,pdf_inventory_criminal,pdf_hash_unique|dupes=4,NO_GOLD,criminal,OFFLINE_CLIENT_PROJECTION,,,
sha:01f929961cef9e21085a810fa9b24f2cfbe166577847b94c0e1ef59f7098145b,PDF-01f929961cef,CB-TB-604_Thornton,CB-TB-604_Thornton.pdf,01f929961cef9e21085a810fa9b24f2cfbe166577847b94c0e1ef59f7098145b,C:\Users\gduff\Downloads\cb-tb-601-700-v5\pdfs\CB-TB-604_Thornton.pdf,pdf_inventory_criminal,pdf_hash_unique|dupes=1,NO_GOLD,criminal,OFFLINE_CLIENT_PROJECTION,,,
sha:0287b9bbeb5cb9af14e5c18f9f83e0f24605c8792234dec4bfaf41ab384f34d3,PDF-0287b9bbeb5c,CB-TB-2074_Barlow,CB-TB-2074_Barlow.pdf,0287b9bbeb5cb9af14e5c18f9f83e0f24605c8792234dec4bfaf41ab384f34d3,C:\Users\gduff\Downloads\cb-tb-1601-2200-v5-factory-run\pdfs\CB-TB-2074_Barlow.pdf,pdf_inventory_criminal,pdf_hash_unique|dupes=2,NO_GOLD,criminal,OFFLINE_CLIENT_PROJECTION,,,
sha:029afcffb6cdd84841da1dbf184b77bc35c2cddd80881a53ceb8af817f2f6f82,PDF-029afcffb6cd,CB-TB-614_Patel,CB-TB-614_Patel.pdf,029afcffb6cdd84841da1dbf184b77bc35c2cddd80881a53ceb8af817f2f6f82,C:\Users\gduff\Downloads\cb-tb-601-700-v5\pdfs\CB-TB-614_Patel.pdf,pdf_inventory_criminal,pdf_hash_unique|dupes=1,NO_GOLD,criminal,OFFLINE_CLIENT_PROJECTION,,,
sha:029daa994ce57eccf01ee55770a01881dfc7bc1200c29cd47190df149f2b6ce2,PDF-029daa994ce5,CB-TB-1204_Ross,CB-TB-1204_Ross.pdf,029daa994ce57eccf01ee55770a01881dfc7bc1200c29cd47190df149f2b6ce2,C:\Users\gduff\Downloads\cb-tb-1201-1300-v5\pdfs\CB-TB-1204_Ross.pdf,pdf_inventory_criminal,pdf_hash_unique|dupes=2,NO_GOLD,criminal,OFFLINE_CLIENT_PROJECTION,,,
sha:02a31c7b5436953a9ccfb41c94dfb91b8a629ccbcd9688e92ceab034a0871dcf,PDF-02a31c7b5436,CB-TB-1549_Nolan,CB-TB-1549_Nolan.pdf,02a31c7b5436953a9ccfb41c94dfb91b8a629ccbcd9688e92ceab034a0871dcf,C:\Users\gduff\Downloads\cb-tb-1501-1600-v5-factory-run\pdfs\CB-TB-1549_Nolan.pdf,pdf_inventory_criminal,pdf_hash_unique|dupes=2,NO_GOLD,criminal,OFFLINE_CLIENT_PROJECTION,,,
sha:02b2253efe8e84cecd8954df7945e1212798d7c58e74949f512de649d8770114,PDF-02b2253efe8e,CB-TB-254_Bennett,CB-TB-254_Bennett.pdf,02b2253efe8e84cecd8954df7945e1212798d7c58e74949f512de649d8770114,C:\Users\gduff\Downloads\cb-tb-201-300-v4\pdfs\CB-TB-254_Bennett.pdf,pdf_inventory_criminal,pdf_hash_unique|dupes=1,NO_GOLD,criminal,OFFLINE_CLIENT_PROJECTION,,,
sha:02b6aa11c01ee4091c88d3381d1abfadc247d9189baf9e171c27e60cf78c99f9,PDF-02b6aa11c01e,CB-TB-469_Walker,CB-TB-469_Walker.pdf,02b6aa11c01ee4091c88d3381d1abfadc247d9189baf9e171c27e60cf78c99f9,C:\Users\gduff\Downloads\cb-tb-401-500-v5\pdfs\CB-TB-469_Walker.pdf,pdf_inventory_criminal,pdf_hash_unique|dupes=2,NO_GOLD,criminal,OFFLINE_CLIENT_PROJECTION,,,
sha:0354b8770a88000b7376e7e729f7bc4842db4d417526ed939a2fa1fd5f8698cd,PDF-0354b8770a88,NS-CPS-2026-0437 - Copy (2),NS-CPS-2026-0437 - Copy (2).pdf,0354b8770a88000b7376e7e729f7bc4842db4d417526ed939a2fa1fd5f8698cd,C:\Users\gduff\Downloads\NS-CPS-2026-0437 - Copy (2).pdf,pdf_inventory,pdf_hash_unique|dupes=2,NO_GOLD,criminal,OFFLINE_CLIENT_PROJECTION,,,
sha:0394a7db748c12ffa4c9327c78ee7519c19bac7cb57c90617e25f22abfad7f2b,PDF-0394a7db748c,CB-TB-672_Morris,CB-TB-672_Morris.pdf,0394a7db748c12ffa4c9327c78ee7519c19bac7cb57c90617e25f22abfad7f2b,C:\Users\gduff\Downloads\cb-tb-601-700-v5\pdfs\CB-TB-672_Morris.pdf,pdf_inventory_criminal,pdf_hash_unique|dupes=1,NO_GOLD,criminal,OFFLINE_CLIENT_PROJECTION,,,
sha:0399765957c7920b95b5ea0fbef50e06664a085eaf39aa74ee853bb413e40a6e,PDF-0399765957c7,CB-TB-1877_Foster,CB-TB-1877_Foster.pdf,0399765957c7920b95b5ea0fbef50e06664a085eaf39aa74ee853bb413e40a6e,C:\Users\gduff\Downloads\cb-tb-1601-2200-v5-factory-run\pdfs\CB-TB-1877_Foster.pdf,pdf_inventory_criminal,pdf_hash_unique|dupes=2,NO_GOLD,criminal,OFFLINE_CLIENT_PROJECTION,,,
sha:03d17e13ea12d887f2cb3ef64e8954ed3044ed73cfa2386d700c35e827abff8b,PDF-03d17e13ea12,CB-TB-2190_Austin,CB-TB-2190_Austin.pdf,03d17e13ea12d887f2cb3ef64e8954ed3044ed73cfa2386d700c35e827abff8b,C:\Users\gduff\Downloads\cb-tb-1601-2200-v5-factory-run\pdfs\CB-TB-2190_Austin.pdf,pdf_inventory_criminal,pdf_hash_unique|dupes=2,NO_GOLD,criminal,OFFLINE_CLIENT_PROJECTION,,,
sha:03eb339c18b2add717a2f898c5f8672d16cd8fd7a805dfdb7f444feb372aa028,PDF-03eb339c18b2,CB-TB-1875_Fielding,CB-TB-1875_Fielding.pdf,03eb339c18b2add717a2f898c5f8672d16cd8fd7a805dfdb7f444feb372aa028,C:\Users\gduff\Downloads\cb-tb-1601-2200-v5-factory-run\pdfs\CB-TB-1875_Fielding.pdf,pdf_inventory_criminal,pdf_hash_unique|dupes=2,NO_GOLD,criminal,OFFLINE_CLIENT_PROJECTION,,,
sha:0415bf1fb4d2f1129e96524f47ba63ee35b51a992f6acfc107a2308108a15fa9,PDF-0415bf1fb4d2,CB-TB-1976_Iqbal,CB-TB-1976_Iqbal.pdf,0415bf1fb4d2f1129e96524f47ba63ee35b51a992f6acfc107a2308108a15fa9,C:\Users\gduff\Downloads\cb-tb-1601-2200-v5-factory-run\pdfs\CB-TB-1976_Iqbal.pdf,pdf_inventory_criminal,pdf_hash_unique|dupes=2,NO_GOLD,criminal,OFFLINE_CLIENT_PROJECTION,,,
sha:041e314cbba9118bd8669f09e57ded2c90f27635d57a660e845d70f7e198bb1c,PDF-041e314cbba9,CB-TB-821_Khan,CB-TB-821_Khan.pdf,041e314cbba9118bd8669f09e57ded2c90f27635d57a660e845d70f7e198bb1c,C:\Users\gduff\Downloads\cb-tb-801-900-v5\pdfs\CB-TB-821_Khan.pdf,pdf_inventory_criminal,pdf_hash_unique|dupes=1,NO_GOLD,criminal,OFFLINE_CLIENT_PROJECTION,,,
sha:0433990424090c0d9d667279b86856de9628d1ea391c22ae52bcedb0db2dd637,PDF-043399042409,CB-TB-412_Mitchell,CB-TB-412_Mitchell.pdf,0433990424090c0d9d667279b86856de9628d1ea391c22ae52bcedb0db2dd637,C:\Users\gduff\Downloads\cb-tb-401-500-v5\pdfs\CB-TB-412_Mitchell.pdf,pdf_inventory_criminal,pdf_hash_unique|dupes=2,NO_GOLD,criminal,OFFLINE_CLIENT_PROJECTION,,,
sha:0443cada0fb0fc8c7ed30b8ff9e14b323813b70ad4d875fe7688fa80ad6eb476,PDF-0443cada0fb0,CB-TB-495_Morris,CB-TB-495_Morris.pdf,0443cada0fb0fc8c7ed30b8ff9e14b323813b70ad4d875fe7688fa80ad6eb476,C:\Users\gduff\Downloads\cb-tb-401-500-v5\pdfs\CB-TB-495_Morris.pdf,pdf_inventory_criminal,pdf_hash_unique|dupes=2,NO_GOLD,criminal,OFFLINE_CLIENT_PROJECTION,,,
sha:044f2ca433992992412cda3f8457f3e53cf72a5b9ea0a6ba40efd25a2a6bfb46,PDF-044f2ca43399,CB-TB-939_Archer,CB-TB-939_Archer.pdf,044f2ca433992992412cda3f8457f3e53cf72a5b9ea0a6ba40efd25a2a6bfb46,C:\Users\gduff\Downloads\cb-tb-901-1100-v5\pdfs\CB-TB-939_Archer.pdf,pdf_inventory_criminal,pdf_hash_unique|dupes=2,NO_GOLD,criminal,OFFLINE_CLIENT_PROJECTION,,,
sha:04547fccfb184d5827d9cec8182c50ab6dde79ebfb4f7b267abea1b40b09e954,PDF-04547fccfb18,CB-TB-710_Wright,CB-TB-710_Wright.pdf,04547fccfb184d5827d9cec8182c50ab6dde79ebfb4f7b267abea1b40b09e954,C:\Users\gduff\Downloads\cb-tb-701-800-v5\pdfs\CB-TB-710_Wright.pdf,pdf_inventory_criminal,pdf_hash_unique|dupes=1,NO_GOLD,criminal,OFFLINE_CLIENT_PROJECTION,,,
sha:0472bb29cb198f676342df38b2ef4218972f182e95ca696dda75563e03a081b4,PDF-0472bb29cb19,CB-TB-585_Marsh,CB-TB-585_Marsh.pdf,0472bb29cb198f676342df38b2ef4218972f182e95ca696dda75563e03a081b4,C:\Users\gduff\Downloads\cb-tb-501-600-v5-extract\pdfs\CB-TB-585_Marsh.pdf,pdf_inventory_criminal,pdf_hash_unique|dupes=3,NO_GOLD,criminal,OFFLINE_CLIENT_PROJECTION,,,
sha:04731b07a1820ebc17d2652cc239347014e15c559a8d924901657e0bd658dd0a,PDF-04731b07a182,CB-TB-1730_Walsh,CB-TB-1730_Walsh.pdf,04731b07a1820ebc17d2652cc239347014e15c559a8d924901657e0bd658dd0a,C:\Users\gduff\Downloads\cb-tb-1601-2200-v5-factory-run\pdfs\CB-TB-1730_Walsh.pdf,pdf_inventory_criminal,pdf_hash_unique|dupes=2,NO_GOLD,criminal,OFFLINE_CLIENT_PROJECTION,,,
sha:048959c2ec82de6d03e487f6cc831f2d3300766ffd66761aef168a46677c2be7,PDF-048959c2ec82,CB-TB-987_Okonkwo,CB-TB-987_Okonkwo.pdf,048959c2ec82de6d03e487f6cc831f2d3300766ffd66761aef168a46677c2be7,C:\Users\gduff\Downloads\cb-tb-901-1100-v5\pdfs\CB-TB-987_Okonkwo.pdf,pdf_inventory_criminal,pdf_hash_unique|dupes=2,NO_GOLD,criminal,OFFLINE_CLIENT_PROJECTION,,,
sha:04bc203f99524d2635642f564a198568a8172b028f1efa57a1401662767404be,PDF-04bc203f9952,CB-TB-2042_Hale,CB-TB-2042_Hale.pdf,04bc203f99524d2635642f564a198568a8172b028f1efa57a1401662767404be,C:\Users\gduff\Downloads\cb-tb-1601-2200-v5-factory-run\pdfs\CB-TB-2042_Hale.pdf,pdf_inventory_criminal,pdf_hash_unique|dupes=2,NO_GOLD,criminal,OFFLINE_CLIENT_PROJECTION,,,
sha:04c5077729bc8b752e97a8851de6b3bc8ad8efeedac572863a250b5f93ad9473,PDF-04c5077729bc,CB-TB-006_Declan_Rees,CB-TB-006_Declan_Rees.pdf,04c5077729bc8b752e97a8851de6b3bc8ad8efeedac572863a250b5f93ad9473,C:\Users\gduff\Downloads\CaseBrain_Blind_Bundle_Factory_v2_30_bundles (1)\pdfs\CB-TB-006_Declan_Rees.pdf,pdf_inventory_criminal,pdf_hash_unique|dupes=2,NO_GOLD,criminal,OFFLINE_CLIENT_PROJECTION,,,
sha:04cb41c24342a4531dffd325eb05142f0bd8847612391886a57e71a5aea8b021,PDF-04cb41c24342,CB-TB-924_Doyle,CB-TB-924_Doyle.pdf,04cb41c24342a4531dffd325eb05142f0bd8847612391886a57e71a5aea8b021,C:\Users\gduff\Downloads\cb-tb-901-1100-v5\pdfs\CB-TB-924_Doyle.pdf,pdf_inventory_criminal,pdf_hash_unique|dupes=2,NO_GOLD,criminal,OFFLINE_CLIENT_PROJECTION,,,
sha:04d1d35fb3cf88fd776d246f261d2af88cfae61acda0eb7996a6a31966940b82,PDF-04d1d35fb3cf,CB-TB-381_Spencer,CB-TB-381_Spencer.pdf,04d1d35fb3cf88fd776d246f261d2af88cfae61acda0eb7996a6a31966940b82,C:\Users\gduff\Downloads\cb-tb-301-400-v4\pdfs\CB-TB-381_Spencer.pdf,pdf_inventory_criminal,pdf_hash_unique|dupes=2,NO_GOLD,criminal,OFFLINE_CLIENT_PROJECTION,,,
sha:05137295e5528ffb3aec67975cbdac211a4fd80908be8d1d1b16d85b4c8579fa,PDF-05137295e552,CB-TB-1140_Stone,CB-TB-1140_Stone.pdf,05137295e5528ffb3aec67975cbdac211a4fd80908be8d1d1b16d85b4c8579fa,C:\Users\gduff\Downloads\cb-tb-1101-1400-v5\pdfs\CB-TB-1140_Stone.pdf,pdf_inventory_criminal,pdf_hash_unique|dupes=2,NO_GOLD,criminal,OFFLINE_CLIENT_PROJECTION,,,
sha:052217e37085e8c4f388c132b6fcfebc116ff800d7cb774bbbb0b50631ff6d72,PDF-052217e37085,CB-TB-1810_Keighley,CB-TB-1810_Keighley.pdf,052217e37085e8c4f388c132b6fcfebc116ff800d7cb774bbbb0b50631ff6d72,C:\Users\gduff\Downloads\cb-tb-1601-2200-v5-factory-run\pdfs\CB-TB-1810_Keighley.pdf,pdf_inventory_criminal,pdf_hash_unique|dupes=2,NO_GOLD,criminal,OFFLINE_CLIENT_PROJECTION,,,
sha:052fad02543832eaba157ad83f4a44b726b2edbf548e377918f9ec6611c94dd1,PDF-052fad025438,CB-TB-246_Ash,CB-TB-246_Ash.pdf,052fad02543832eaba157ad83f4a44b726b2edbf548e377918f9ec6611c94dd1,C:\Users\gduff\Downloads\cb-tb-201-300-v4\pdfs\CB-TB-246_Ash.pdf,pdf_inventory_criminal,pdf_hash_unique|dupes=1,NO_GOLD,criminal,OFFLINE_CLIENT_PROJECTION,,,
sha:053ed30987726762ede8f923d4a227feab1ffd4031866974160d0dfcce822bbe,PDF-053ed3098772,CB-TB-1127_Byrne,CB-TB-1127_Byrne.pdf,053ed30987726762ede8f923d4a227feab1ffd4031866974160d0dfcce822bbe,C:\Users\gduff\Downloads\cb-tb-1101-1400-v5\pdfs\CB-TB-1127_Byrne.pdf,pdf_inventory_criminal,pdf_hash_unique|dupes=2,NO_GOLD,criminal,OFFLINE_CLIENT_PROJECTION,,,
sha:05673dde899c3b6255d1af8ad0d40fee10acff568ac4404c9193629cfd114b59,PDF-05673dde899c,CB-TB-2087_Doyle,CB-TB-2087_Doyle.pdf,05673dde899c3b6255d1af8ad0d40fee10acff568ac4404c9193629cfd114b59,C:\Users\gduff\Downloads\cb-tb-1601-2200-v5-factory-run\pdfs\CB-TB-2087_Doyle.pdf,pdf_inventory_criminal,pdf_hash_unique|dupes=2,NO_GOLD,criminal,OFFLINE_CLIENT_PROJECTION,,,
sha:05ad5d1b3793718f299a78e98e7c35c01a0ff67363892b63fedbdb6c022f8c2f,PDF-05ad5d1b3793,CB-TB-1921_Mills,CB-TB-1921_Mills.pdf,05ad5d1b3793718f299a78e98e7c35c01a0ff67363892b63fedbdb6c022f8c2f,C:\Users\gduff\Downloads\cb-tb-1601-2200-v5-factory-run\pdfs\CB-TB-1921_Mills.pdf,pdf_inventory_criminal,pdf_hash_unique|dupes=2,NO_GOLD,criminal,OFFLINE_CLIENT_PROJECTION,,,
sha:05bbd2e351fc9447c1d2274fe0542cf69c852e00db82eafda1347d9843b47ac4,PDF-05bbd2e351fc,CB-TB-1231_Carver,CB-TB-1231_Carver.pdf,05bbd2e351fc9447c1d2274fe0542cf69c852e00db82eafda1347d9843b47ac4,C:\Users\gduff\Downloads\cb-tb-1201-1300-v5\pdfs\CB-TB-1231_Carver.pdf,pdf_inventory_criminal,pdf_hash_unique|dupes=2,NO_GOLD,criminal,OFFLINE_CLIENT_PROJECTION,,,
sha:05becc187140e7c0c43375cdd076d2754356965ea6790bd845832f115b9c9588,PDF-05becc187140,CB-TB-324_Holt,CB-TB-324_Holt.pdf,05becc187140e7c0c43375cdd076d2754356965ea6790bd845832f115b9c9588,C:\Users\gduff\Downloads\cb-tb-301-400-v4\pdfs\CB-TB-324_Holt.pdf,pdf_inventory_criminal,pdf_hash_unique|dupes=2,NO_GOLD,criminal,OFFLINE_CLIENT_PROJECTION,,,
sha:05c21fb1b4904de16d8ccd58633208bb73108647f8114e22761efe97bafb6aba,PDF-05c21fb1b490,CB-TB-1072_Webb,CB-TB-1072_Webb.pdf,05c21fb1b4904de16d8ccd58633208bb73108647f8114e22761efe97bafb6aba,C:\Users\gduff\Downloads\cb-tb-901-1100-v5\pdfs\CB-TB-1072_Webb.pdf,pdf_inventory_criminal,pdf_hash_unique|dupes=2,NO_GOLD,criminal,OFFLINE_CLIENT_PROJECTION,,,
sha:063ed047d3a2bd537a1547a42b29d67321cc9040c563680af98150461be58774,PDF-063ed047d3a2,CB-TB-1499_Dacre,CB-TB-1499_Dacre.pdf,063ed047d3a2bd537a1547a42b29d67321cc9040c563680af98150461be58774,C:\Users\gduff\Downloads\cb-tb-1401-1500-v5-tmp\pdfs\CB-TB-1499_Dacre.pdf,pdf_inventory_criminal,pdf_hash_unique|dupes=1,NO_GOLD,criminal,OFFLINE_CLIENT_PROJECTION,,,
sha:06579624cc91d5ccef2fcac9e90ed405c197400d99deccfe7e97354e9b11fbe0,PDF-06579624cc91,CB-TB-1104_Thornton,CB-TB-1104_Thornton.pdf,06579624cc91d5ccef2fcac9e90ed405c197400d99deccfe7e97354e9b11fbe0,C:\Users\gduff\Downloads\cb-tb-1101-1400-v5\pdfs\CB-TB-1104_Thornton.pdf,pdf_inventory_criminal,pdf_hash_unique|dupes=2,NO_GOLD,criminal,OFFLINE_CLIENT_PROJECTION,,,
sha:067883e9ff0e766c5be6fd12d17b53b2c7aa1d23680cbad5e8bbf0faab3f3e19,PDF-067883e9ff0e,CB-TB-193_Clarke,CB-TB-193_Clarke.pdf,067883e9ff0e766c5be6fd12d17b53b2c7aa1d23680cbad5e8bbf0faab3f3e19,C:\Users\gduff\Downloads\cb-tb-101-200-v4\pdfs\CB-TB-193_Clarke.pdf,pdf_inventory_criminal,pdf_hash_unique|dupes=1,NO_GOLD,criminal,OFFLINE_CLIENT_PROJECTION,,,
sha:0679f9870d9b97e1208c6b99a0a2f70bef02b72ba4b890dda18f736911c7f661,PDF-0679f9870d9b,CB-TB-1024_Marsh,CB-TB-1024_Marsh.pdf,0679f9870d9b97e1208c6b99a0a2f70bef02b72ba4b890dda18f736911c7f661,C:\Users\gduff\Downloads\cb-tb-901-1100-v5\pdfs\CB-TB-1024_Marsh.pdf,pdf_inventory_criminal,pdf_hash_unique|dupes=2,NO_GOLD,criminal,OFFLINE_CLIENT_PROJECTION,,,
sha:06af7f8615e2e0ae72422e3f0ee3a4f489465f1d18548f2c49a1303872641a80,PDF-06af7f8615e2,CB-TB-583_Flint,CB-TB-583_Flint.pdf,06af7f8615e2e0ae72422e3f0ee3a4f489465f1d18548f2c49a1303872641a80,C:\Users\gduff\Downloads\cb-tb-501-600-v5-extract\pdfs\CB-TB-583_Flint.pdf,pdf_inventory_criminal,pdf_hash_unique|dupes=3,NO_GOLD,criminal,OFFLINE_CLIENT_PROJECTION,,,
sha:06cd478fe6d6fb6fdb24b19aa1a1254fdd5f5d2a8490c4b738cdcd058d980ce7,PDF-06cd478fe6d6,CB-TB-2192_Hughes,CB-TB-2192_Hughes.pdf,06cd478fe6d6fb6fdb24b19aa1a1254fdd5f5d2a8490c4b738cdcd058d980ce7,C:\Users\gduff\Downloads\cb-tb-1601-2200-v5-factory-run\pdfs\CB-TB-2192_Hughes.pdf,pdf_inventory_criminal,pdf_hash_unique|dupes=2,NO_GOLD,criminal,OFFLINE_CLIENT_PROJECTION,,,
sha:071a198ac0c4761d087955a3645ccb2815ce8a5d3f22638c2c382cee4dd7d26f,PDF-071a198ac0c4,CB-TB-561_Price,CB-TB-561_Price.pdf,071a198ac0c4761d087955a3645ccb2815ce8a5d3f22638c2c382cee4dd7d26f,C:\Users\gduff\Downloads\cb-tb-501-600-v5-extract\pdfs\CB-TB-561_Price.pdf,pdf_inventory_criminal,pdf_hash_unique|dupes=3,NO_GOLD,criminal,OFFLINE_CLIENT_PROJECTION,,,
sha:07379184a8ce747dc410d31973bb8ea94d606b6444bffd8a9e09b7a2eb9d8207,PDF-07379184a8ce,CB-TB-1189_Coates,CB-TB-1189_Coates.pdf,07379184a8ce747dc410d31973bb8ea94d606b6444bffd8a9e09b7a2eb9d8207,C:\Users\gduff\Downloads\cb-tb-1101-1400-v5\pdfs\CB-TB-1189_Coates.pdf,pdf_inventory_criminal,pdf_hash_unique|dupes=2,NO_GOLD,criminal,OFFLINE_CLIENT_PROJECTION,,,
sha:073cdfb3a2f94d0b071d17dcf801b35b9f516fedc9ae50c444f9f3880ec56d91,PDF-073cdfb3a2f9,CB-TB-1357_Walsh,CB-TB-1357_Walsh.pdf,073cdfb3a2f94d0b071d17dcf801b35b9f516fedc9ae50c444f9f3880ec56d91,C:\Users\gduff\Downloads\cb-tb-1301-1400-v5\pdfs\CB-TB-1357_Walsh.pdf,pdf_inventory_criminal,pdf_hash_unique|dupes=2,NO_GOLD,criminal,OFFLINE_CLIENT_PROJECTION,,,
sha:074ae9c44ac079b7484d787fea592d60b6152f09168d9de711c6179efa0c83e0,PDF-074ae9c44ac0,CB-TB-1683_Rees,CB-TB-1683_Rees.pdf,074ae9c44ac079b7484d787fea592d60b6152f09168d9de711c6179efa0c83e0,C:\Users\gduff\Downloads\cb-tb-1601-2200-v5-factory-run\pdfs\CB-TB-1683_Rees.pdf,pdf_inventory_criminal,pdf_hash_unique|dupes=4,NO_GOLD,criminal,OFFLINE_CLIENT_PROJECTION,,,
sha:075ddc3da2e2213a196687fa6c27a153d91f8675fea012504d7769756780f22b,PDF-075ddc3da2e2,CB-TB-1938_Lowry,CB-TB-1938_Lowry.pdf,075ddc3da2e2213a196687fa6c27a153d91f8675fea012504d7769756780f22b,C:\Users\gduff\Downloads\cb-tb-1601-2200-v5-factory-run\pdfs\CB-TB-1938_Lowry.pdf,pdf_inventory_criminal,pdf_hash_unique|dupes=2,NO_GOLD,criminal,OFFLINE_CLIENT_PROJECTION,,,
sha:0770482476f474b53f753682f79c6137b1d2430a4433fbf11b8041f6dda8c705,PDF-0770482476f4,CB-TB-1325_Ahmed,CB-TB-1325_Ahmed.pdf,0770482476f474b53f753682f79c6137b1d2430a4433fbf11b8041f6dda8c705,C:\Users\gduff\Downloads\cb-tb-1301-1400-v5\pdfs\CB-TB-1325_Ahmed.pdf,pdf_inventory_criminal,pdf_hash_unique|dupes=2,NO_GOLD,criminal,OFFLINE_CLIENT_PROJECTION,,,
sha:078e306895e4c93f667a9d75af7ca2b1601cf64898422d228a5c06ab77cf1a19,PDF-078e306895e4,CB-TB-009_Clarke,CB-TB-009_Clarke.pdf,078e306895e4c93f667a9d75af7ca2b1601cf64898422d228a5c06ab77cf1a19,C:\Users\gduff\Downloads\cb-tb-001-030-v4\pdfs\CB-TB-009_Clarke.pdf,pdf_inventory_criminal,pdf_hash_unique|dupes=1,NO_GOLD,criminal,OFFLINE_CLIENT_PROJECTION,,,
sha:07b7ecbd569e80e6ace1a7d8a4b4253bfa5ef1fd14681d595096e0ae0290c034,PDF-07b7ecbd569e,CB-TB-554_Mitchell,CB-TB-554_Mitchell.pdf,07b7ecbd569e80e6ace1a7d8a4b4253bfa5ef1fd14681d595096e0ae0290c034,C:\Users\gduff\Downloads\cb-tb-501-600-v5-extract\pdfs\CB-TB-554_Mitchell.pdf,pdf_inventory_criminal,pdf_hash_unique|dupes=3,NO_GOLD,criminal,OFFLINE_CLIENT_PROJECTION,,,
sha:07c4b11217175ad6c4650573b33dfd90bbf99d9c8def08d2cfa77b0acae3fd08,PDF-07c4b1121717,CB-TB-1219_Okonkwo,CB-TB-1219_Okonkwo.pdf,07c4b11217175ad6c4650573b33dfd90bbf99d9c8def08d2cfa77b0acae3fd08,C:\Users\gduff\Downloads\cb-tb-1201-1300-v5\pdfs\CB-TB-1219_Okonkwo.pdf,pdf_inventory_criminal,pdf_hash_unique|dupes=2,NO_GOLD,criminal,OFFLINE_CLIENT_PROJECTION,,,
sha:07c6f98bf7e6906dbc5a207c7d5c99585fb69d47a33d2d2850fab386383993dd,PDF-07c6f98bf7e6,CB-TB-2166_Barlow,CB-TB-2166_Barlow.pdf,07c6f98bf7e6906dbc5a207c7d5c99585fb69d47a33d2d2850fab386383993dd,C:\Users\gduff\Downloads\cb-tb-1601-2200-v5-factory-run\pdfs\CB-TB-2166_Barlow.pdf,pdf_inventory_criminal,pdf_hash_unique|dupes=2,NO_GOLD,criminal,OFFLINE_CLIENT_PROJECTION,,,
sha:07f6dc94507fee126ee0d190daa1b549cd90ef99b51de4dd07b53bc98bf18a45,PDF-07f6dc94507f,CB-TB-748_Morgan,CB-TB-748_Morgan.pdf,07f6dc94507fee126ee0d190daa1b549cd90ef99b51de4dd07b53bc98bf18a45,C:\Users\gduff\Downloads\cb-tb-701-800-v5\pdfs\CB-TB-748_Morgan.pdf,pdf_inventory_criminal,pdf_hash_unique|dupes=1,NO_GOLD,criminal,OFFLINE_CLIENT_PROJECTION,,,
sha:07fe83f48acd2dabf28799c152047ed878059df8a5988b8ef13345890d64c9ce,PDF-07fe83f48acd,CB-TB-1428_Okonkwo,CB-TB-1428_Okonkwo.pdf,07fe83f48acd2dabf28799c152047ed878059df8a5988b8ef13345890d64c9ce,C:\Users\gduff\Downloads\cb-tb-1401-1500-v5-tmp\pdfs\CB-TB-1428_Okonkwo.pdf,pdf_inventory_criminal,pdf_hash_unique|dupes=1,NO_GOLD,criminal,OFFLINE_CLIENT_PROJECTION,,,
sha:08397b24f4a00b9c78dc0892e16040627e322980f070f65f667b03fcab9ed698,PDF-08397b24f4a0,CB-TB-291_Brooks,CB-TB-291_Brooks.pdf,08397b24f4a00b9c78dc0892e16040627e322980f070f65f667b03fcab9ed698,C:\Users\gduff\Downloads\cb-tb-201-300-v4\pdfs\CB-TB-291_Brooks.pdf,pdf_inventory_criminal,pdf_hash_unique|dupes=1,NO_GOLD,criminal,OFFLINE_CLIENT_PROJECTION,,,
sha:088358252053a12602601e198e31ba1b0e872103314722477afd38242facaff0,PDF-088358252053,CB-TB-1558_Patel,CB-TB-1558_Patel.pdf,088358252053a12602601e198e31ba1b0e872103314722477afd38242facaff0,C:\Users\gduff\Downloads\cb-tb-1501-1600-v5-factory-run\pdfs\CB-TB-1558_Patel.pdf,pdf_inventory_criminal,pdf_hash_unique|dupes=2,NO_GOLD,criminal,OFFLINE_CLIENT_PROJECTION,,,
sha:0896af8fcb7388e8c928faf1617e96ba68baa39fef539e1ae1b116816af631f3,PDF-0896af8fcb73,CB-TB-781_Merritt,CB-TB-781_Merritt.pdf,0896af8fcb7388e8c928faf1617e96ba68baa39fef539e1ae1b116816af631f3,C:\Users\gduff\Downloads\cb-tb-701-800-v5\pdfs\CB-TB-781_Merritt.pdf,pdf_inventory_criminal,pdf_hash_unique|dupes=1,NO_GOLD,criminal,OFFLINE_CLIENT_PROJECTION,,,
sha:090fde416de1323a2c59253ad4876f30e536113799e67fb9d4c3c85cdef6bed7,PDF-090fde416de1,CB-TB-854_Turner,CB-TB-854_Turner.pdf,090fde416de1323a2c59253ad4876f30e536113799e67fb9d4c3c85cdef6bed7,C:\Users\gduff\Downloads\cb-tb-801-900-v5\pdfs\CB-TB-854_Turner.pdf,pdf_inventory_criminal,pdf_hash_unique|dupes=1,NO_GOLD,criminal,OFFLINE_CLIENT_PROJECTION,,,
sha:09112312e1957759fad03615e7d1e01b947870bc08a422c17f7c64f94bc6f9fd,PDF-09112312e195,CB-TB-1664_Sutton,CB-TB-1664_Sutton.pdf,09112312e1957759fad03615e7d1e01b947870bc08a422c17f7c64f94bc6f9fd,C:\Users\gduff\Downloads\cb-tb-1601-2200-v5-factory-run\pdfs\CB-TB-1664_Sutton.pdf,pdf_inventory_criminal,pdf_hash_unique|dupes=4,NO_GOLD,criminal,OFFLINE_CLIENT_PROJECTION,,,
sha:093418c79890a3fa3353449240f4bd7ef0db0f1b5f6021f9bc6e1ca9a2917156,PDF-093418c79890,CB-TB-1588_Mason,CB-TB-1588_Mason.pdf,093418c79890a3fa3353449240f4bd7ef0db0f1b5f6021f9bc6e1ca9a2917156,C:\Users\gduff\Downloads\cb-tb-1501-1600-v5-factory-run\pdfs\CB-TB-1588_Mason.pdf,pdf_inventory_criminal,pdf_hash_unique|dupes=2,NO_GOLD,criminal,OFFLINE_CLIENT_PROJECTION,,,
sha:0954b317ebad4e6231289a95f600e032d987c53d3555b847b0f7ba24da717ae8,PDF-0954b317ebad,CB-TB-1982_Reed,CB-TB-1982_Reed.pdf,0954b317ebad4e6231289a95f600e032d987c53d3555b847b0f7ba24da717ae8,C:\Users\gduff\Downloads\cb-tb-1601-2200-v5-factory-run\pdfs\CB-TB-1982_Reed.pdf,pdf_inventory_criminal,pdf_hash_unique|dupes=2,NO_GOLD,criminal,OFFLINE_CLIENT_PROJECTION,,,
sha:097b8140ab4205b6e21f461ea948a6bb8151a34a289b9a1b989499ae42b5425b,PDF-097b8140ab42,CB-TB-961_Farrell,CB-TB-961_Farrell.pdf,097b8140ab4205b6e21f461ea948a6bb8151a34a289b9a1b989499ae42b5425b,C:\Users\gduff\Downloads\cb-tb-901-1100-v5\pdfs\CB-TB-961_Farrell.pdf,pdf_inventory_criminal,pdf_hash_unique|dupes=2,NO_GOLD,criminal,OFFLINE_CLIENT_PROJECTION,,,
sha:097d4f2c5dc192094f038cd26aa92d2c514a9df692287838e3d15f7295891cea,PDF-097d4f2c5dc1,CB-TB-2198_Patel,CB-TB-2198_Patel.pdf,097d4f2c5dc192094f038cd26aa92d2c514a9df692287838e3d15f7295891cea,C:\Users\gduff\Downloads\cb-tb-1601-2200-v5-factory-run\pdfs\CB-TB-2198_Patel.pdf,pdf_inventory_criminal,pdf_hash_unique|dupes=2,NO_GOLD,criminal,OFFLINE_CLIENT_PROJECTION,,,
sha:09891e7f948e52be87ee2862f9c04ee0d335b1de82db7010dd75c1d65e532cf1,PDF-09891e7f948e,CB-TB-1381_Walsh,CB-TB-1381_Walsh.pdf,09891e7f948e52be87ee2862f9c04ee0d335b1de82db7010dd75c1d65e532cf1,C:\Users\gduff\Downloads\cb-tb-1301-1400-v5\pdfs\CB-TB-1381_Walsh.pdf,pdf_inventory_criminal,pdf_hash_unique|dupes=2,NO_GOLD,criminal,OFFLINE_CLIENT_PROJECTION,,,
sha:09cdb549710a2ba734268455557441b4728a3002a99b3c46548640049f408f56,PDF-09cdb549710a,CB-TB-1553_Malik,CB-TB-1553_Malik.pdf,09cdb549710a2ba734268455557441b4728a3002a99b3c46548640049f408f56,C:\Users\gduff\Downloads\cb-tb-1501-1600-v5-factory-run\pdfs\CB-TB-1553_Malik.pdf,pdf_inventory_criminal,pdf_hash_unique|dupes=2,NO_GOLD,criminal,OFFLINE_CLIENT_PROJECTION,,,
sha:09ec46fa0e46de2f50ff0961b6b4648e90dbaaa270a7dbecba76bfa22bf6b3b5,PDF-09ec46fa0e46,CB-TB-898_Coleman,CB-TB-898_Coleman.pdf,09ec46fa0e46de2f50ff0961b6b4648e90dbaaa270a7dbecba76bfa22bf6b3b5,C:\Users\gduff\Downloads\cb-tb-801-900-v5\pdfs\CB-TB-898_Coleman.pdf,pdf_inventory_criminal,pdf_hash_unique|dupes=1,NO_GOLD,criminal,OFFLINE_CLIENT_PROJECTION,,,
sha:0a40445a9e3342eeb83aaaede4a05a74739920460fa8e58bed28caae87c5edb8,PDF-0a40445a9e33,CB-TB-1841_Talbot,CB-TB-1841_Talbot.pdf,0a40445a9e3342eeb83aaaede4a05a74739920460fa8e58bed28caae87c5edb8,C:\Users\gduff\Downloads\cb-tb-1601-2200-v5-factory-run\pdfs\CB-TB-1841_Talbot.pdf,pdf_inventory_criminal,pdf_hash_unique|dupes=2,NO_GOLD,criminal,OFFLINE_CLIENT_PROJECTION,,,
sha:0a6e9116a533388b5d3e8dc88cda29298eccfb863bba3915ba95f42bdc50f688,PDF-0a6e9116a533,CB-TB-1962_Shaw,CB-TB-1962_Shaw.pdf,0a6e9116a533388b5d3e8dc88cda29298eccfb863bba3915ba95f42bdc50f688,C:\Users\gduff\Downloads\cb-tb-1601-2200-v5-factory-run\pdfs\CB-TB-1962_Shaw.pdf,pdf_inventory_criminal,pdf_hash_unique|dupes=2,NO_GOLD,criminal,OFFLINE_CLIENT_PROJECTION,,,
sha:0a8457aba5c96457b0a76caf8fbcdf92639f39848bdfe559ae3e296bd304f050,PDF-0a8457aba5c9,CB-TB-1674_Hale,CB-TB-1674_Hale.pdf,0a8457aba5c96457b0a76caf8fbcdf92639f39848bdfe559ae3e296bd304f050,C:\Users\gduff\Downloads\cb-tb-1601-2200-v5-factory-run\pdfs\CB-TB-1674_Hale.pdf,pdf_inventory_criminal,pdf_hash_unique|dupes=4,NO_GOLD,criminal,OFFLINE_CLIENT_PROJECTION,,,
sha:0a84d4f16541b787ca7fe9b44f6dfa065b4d5bd0509480a25e840897643e8b62,PDF-0a84d4f16541,CB-TB-1525_Reynolds,CB-TB-1525_Reynolds.pdf,0a84d4f16541b787ca7fe9b44f6dfa065b4d5bd0509480a25e840897643e8b62,C:\Users\gduff\Downloads\cb-tb-1501-1600-v5-factory-run\pdfs\CB-TB-1525_Reynolds.pdf,pdf_inventory_criminal,pdf_hash_unique|dupes=2,NO_GOLD,criminal,OFFLINE_CLIENT_PROJECTION,,,
sha:0a876ec31f4662c3aca97c256e793ce4d65706b6052c7aad8df237cc9ee84f4a,PDF-0a876ec31f46,CB-TB-1802_Byrne,CB-TB-1802_Byrne.pdf,0a876ec31f4662c3aca97c256e793ce4d65706b6052c7aad8df237cc9ee84f4a,C:\Users\gduff\Downloads\cb-tb-1601-2200-v5-factory-run\pdfs\CB-TB-1802_Byrne.pdf,pdf_inventory_criminal,pdf_hash_unique|dupes=2,NO_GOLD,criminal,OFFLINE_CLIENT_PROJECTION,,,
sha:0a91f2c503af6fae423e26a87b814036dae003b92eb8f862564fee45fbde8abd,PDF-0a91f2c503af,CB-TB-953_Farrell,CB-TB-953_Farrell.pdf,0a91f2c503af6fae423e26a87b814036dae003b92eb8f862564fee45fbde8abd,C:\Users\gduff\Downloads\cb-tb-901-1100-v5\pdfs\CB-TB-953_Farrell.pdf,pdf_inventory_criminal,pdf_hash_unique|dupes=2,NO_GOLD,criminal,OFFLINE_CLIENT_PROJECTION,,,
sha:0ae84a2174c83b59ffe5bbd29afcfc87df7cbe2c82361964c294d26aa763bcbd,PDF-0ae84a2174c8,CB-TB-791_Clarke,CB-TB-791_Clarke.pdf,0ae84a2174c83b59ffe5bbd29afcfc87df7cbe2c82361964c294d26aa763bcbd,C:\Users\gduff\Downloads\cb-tb-701-800-v5\pdfs\CB-TB-791_Clarke.pdf,pdf_inventory_criminal,pdf_hash_unique|dupes=1,NO_GOLD,criminal,OFFLINE_CLIENT_PROJECTION,,,
sha:0b006d368ac23c29faa19b986620b586569bb215a3c9d1ca94221c86ba3ecb74,PDF-0b006d368ac2,CB-TB-1038_Foster,CB-TB-1038_Foster.pdf,0b006d368ac23c29faa19b986620b586569bb215a3c9d1ca94221c86ba3ecb74,C:\Users\gduff\Downloads\cb-tb-901-1100-v5\pdfs\CB-TB-1038_Foster.pdf,pdf_inventory_criminal,pdf_hash_unique|dupes=2,NO_GOLD,criminal,OFFLINE_CLIENT_PROJECTION,,,
sha:0b2f966bbcadb15266fca0cac09e1c4dbbe18c5b45dca5d3b39e569cca2b8af6,PDF-0b2f966bbcad,CB-TB-2200_West,CB-TB-2200_West.pdf,0b2f966bbcadb15266fca0cac09e1c4dbbe18c5b45dca5d3b39e569cca2b8af6,C:\Users\gduff\Downloads\cb-tb-1601-2200-v5-factory-run\pdfs\CB-TB-2200_West.pdf,pdf_inventory_criminal,pdf_hash_unique|dupes=2,NO_GOLD,criminal,OFFLINE_CLIENT_PROJECTION,,,
sha:0b3d401dc71b4bb800c7310b9921cc9c749ac9d25f2867335cf26b0e9fd1cacf,PDF-0b3d401dc71b,CB-TB-344_Merritt,CB-TB-344_Merritt.pdf,0b3d401dc71b4bb800c7310b9921cc9c749ac9d25f2867335cf26b0e9fd1cacf,C:\Users\gduff\Downloads\cb-tb-301-400-v4\pdfs\CB-TB-344_Merritt.pdf,pdf_inventory_criminal,pdf_hash_unique|dupes=2,NO_GOLD,criminal,OFFLINE_CLIENT_PROJECTION,,,
sha:0b64b368639a5982fb786a8334fec884703421bc2ee61632d5f5fc2f304bcfd0,PDF-0b64b368639a,CB-TB-884_Okonkwo,CB-TB-884_Okonkwo.pdf,0b64b368639a5982fb786a8334fec884703421bc2ee61632d5f5fc2f304bcfd0,C:\Users\gduff\Downloads\cb-tb-801-900-v5\pdfs\CB-TB-884_Okonkwo.pdf,pdf_inventory_criminal,pdf_hash_unique|dupes=1,NO_GOLD,criminal,OFFLINE_CLIENT_PROJECTION,,,
sha:0b72ac5f98d168d4d793e0500628ae20a44faa47c2e714579fe52d76d0047245,PDF-0b72ac5f98d1,CB-TB-033_Parker,CB-TB-033_Parker.pdf,0b72ac5f98d168d4d793e0500628ae20a44faa47c2e714579fe52d76d0047245,C:\Users\gduff\Downloads\cb-tb-031-100-v4\pdfs\CB-TB-033_Parker.pdf,pdf_inventory_criminal,pdf_hash_unique|dupes=1,NO_GOLD,criminal,OFFLINE_CLIENT_PROJECTION,,,
sha:0b7d966f9f312d6e1d5569a1b031f0596981f5d7beaefa5ecd125611e81189df,PDF-0b7d966f9f31,CB-TB-1284_Ross,CB-TB-1284_Ross.pdf,0b7d966f9f312d6e1d5569a1b031f0596981f5d7beaefa5ecd125611e81189df,C:\Users\gduff\Downloads\cb-tb-1201-1300-v5\pdfs\CB-TB-1284_Ross.pdf,pdf_inventory_criminal,pdf_hash_unique|dupes=2,NO_GOLD,criminal,OFFLINE_CLIENT_PROJECTION,,,
sha:0b861b57f50877d8d9b0b7df9b070265a53c8b94328b57b40ea0dee0f1a2d601,PDF-0b861b57f508,CB-TB-862_Mason,CB-TB-862_Mason.pdf,0b861b57f50877d8d9b0b7df9b070265a53c8b94328b57b40ea0dee0f1a2d601,C:\Users\gduff\Downloads\cb-tb-801-900-v5\pdfs\CB-TB-862_Mason.pdf,pdf_inventory_criminal,pdf_hash_unique|dupes=1,NO_GOLD,criminal,OFFLINE_CLIENT_PROJECTION,,,
sha:0b8c35577b839fe940b4dd14d79ca282c088b8abffa084bca9b40c79bdfb446d,PDF-0b8c35577b83,CB-TB-440_Turner,CB-TB-440_Turner.pdf,0b8c35577b839fe940b4dd14d79ca282c088b8abffa084bca9b40c79bdfb446d,C:\Users\gduff\Downloads\cb-tb-401-500-v5\pdfs\CB-TB-440_Turner.pdf,pdf_inventory_criminal,pdf_hash_unique|dupes=2,NO_GOLD,criminal,OFFLINE_CLIENT_PROJECTION,,,
sha:0b98e9555f3f5db6a121f64a98c3e5b25369cb88a197a613d08a23585fcd002a,PDF-0b98e9555f3f,CB-TB-1983_Rahman,CB-TB-1983_Rahman.pdf,0b98e9555f3f5db6a121f64a98c3e5b25369cb88a197a613d08a23585fcd002a,C:\Users\gduff\Downloads\cb-tb-1601-2200-v5-factory-run\pdfs\CB-TB-1983_Rahman.pdf,pdf_inventory_criminal,pdf_hash_unique|dupes=2,NO_GOLD,criminal,OFFLINE_CLIENT_PROJECTION,,,
sha:0b9dada43da977ec730121db4f1dddea6450e51b6598619894e4784af41ae01e,PDF-0b9dada43da9,CB-TB-1227_Wright,CB-TB-1227_Wright.pdf,0b9dada43da977ec730121db4f1dddea6450e51b6598619894e4784af41ae01e,C:\Users\gduff\Downloads\cb-tb-1201-1300-v5\pdfs\CB-TB-1227_Wright.pdf,pdf_inventory_criminal,pdf_hash_unique|dupes=2,NO_GOLD,criminal,OFFLINE_CLIENT_PROJECTION,,,
sha:0be7f3e6a9942f86ea45a866a9e456659cfda310d891fb67dffc5187dc5b5901,PDF-0be7f3e6a994,CB-TB-1531_Webb,CB-TB-1531_Webb.pdf,0be7f3e6a9942f86ea45a866a9e456659cfda310d891fb67dffc5187dc5b5901,C:\Users\gduff\Downloads\cb-tb-1501-1600-v5-factory-run\pdfs\CB-TB-1531_Webb.pdf,pdf_inventory_criminal,pdf_hash_unique|dupes=2,NO_GOLD,criminal,OFFLINE_CLIENT_PROJECTION,,,
sha:0c4d40069262c7788b8b80340f00a2c77c682d8eae0ed065576986c2967601f6,PDF-0c4d40069262,CB-TB-1505_Newton,CB-TB-1505_Newton.pdf,0c4d40069262c7788b8b80340f00a2c77c682d8eae0ed065576986c2967601f6,C:\Users\gduff\Downloads\cb-tb-1501-1600-v5-factory-run\pdfs\CB-TB-1505_Newton.pdf,pdf_inventory_criminal,pdf_hash_unique|dupes=2,NO_GOLD,criminal,OFFLINE_CLIENT_PROJECTION,,,
sha:0c60785c9ffa45c4f55a034c40612318122494cbb52ea8d30ba5b07808b02064,PDF-0c60785c9ffa,CB-TB-1880_Hughes,CB-TB-1880_Hughes.pdf,0c60785c9ffa45c4f55a034c40612318122494cbb52ea8d30ba5b07808b02064,C:\Users\gduff\Downloads\cb-tb-1601-2200-v5-factory-run\pdfs\CB-TB-1880_Hughes.pdf,pdf_inventory_criminal,pdf_hash_unique|dupes=2,NO_GOLD,criminal,OFFLINE_CLIENT_PROJECTION,,,
sha:0cbeb5a40b6b1a3edf0ef4c7613c855405f4c67dfb93dcdaea991d74937927d2,PDF-0cbeb5a40b6b,CB-TB-1739_Rowley,CB-TB-1739_Rowley.pdf,0cbeb5a40b6b1a3edf0ef4c7613c855405f4c67dfb93dcdaea991d74937927d2,C:\Users\gduff\Downloads\cb-tb-1601-2200-v5-factory-run\pdfs\CB-TB-1739_Rowley.pdf,pdf_inventory_criminal,pdf_hash_unique|dupes=2,NO_GOLD,criminal,OFFLINE_CLIENT_PROJECTION,,,
sha:0cc036dc5e3bef7c604392c030886583a75a0b1f5874a0f000839efeb758b1b7,PDF-0cc036dc5e3b,CB-TB-2071_West,CB-TB-2071_West.pdf,0cc036dc5e3bef7c604392c030886583a75a0b1f5874a0f000839efeb758b1b7,C:\Users\gduff\Downloads\cb-tb-1601-2200-v5-factory-run\pdfs\CB-TB-2071_West.pdf,pdf_inventory_criminal,pdf_hash_unique|dupes=2,NO_GOLD,criminal,OFFLINE_CLIENT_PROJECTION,,,
sha:0cec38891f416558025edeb6d3b080ce1dca17c21fc905d404ef4e9b0b21398b,PDF-0cec38891f41,CB-TB-1005_Barker,CB-TB-1005_Barker.pdf,0cec38891f416558025edeb6d3b080ce1dca17c21fc905d404ef4e9b0b21398b,C:\Users\gduff\Downloads\cb-tb-901-1100-v5\pdfs\CB-TB-1005_Barker.pdf,pdf_inventory_criminal,pdf_hash_unique|dupes=2,NO_GOLD,criminal,OFFLINE_CLIENT_PROJECTION,,,
sha:0cecb8a4128755e4b9fb151be6c07f5e8e116c76fd8eb538e879aee922dc7a61,PDF-0cecb8a41287,CB-TB-371_Byrne,CB-TB-371_Byrne.pdf,0cecb8a4128755e4b9fb151be6c07f5e8e116c76fd8eb538e879aee922dc7a61,C:\Users\gduff\Downloads\cb-tb-301-400-v4\pdfs\CB-TB-371_Byrne.pdf,pdf_inventory_criminal,pdf_hash_unique|dupes=2,NO_GOLD,criminal,OFFLINE_CLIENT_PROJECTION,,,
sha:0d0ce8bf2606362b3726fa39469280a35669af91c672931cf219a0e7f0dbb1a1,PDF-0d0ce8bf2606,CB-TB-2119_Jennings,CB-TB-2119_Jennings.pdf,0d0ce8bf2606362b3726fa39469280a35669af91c672931cf219a0e7f0dbb1a1,C:\Users\gduff\Downloads\cb-tb-1601-2200-v5-factory-run\pdfs\CB-TB-2119_Jennings.pdf,pdf_inventory_criminal,pdf_hash_unique|dupes=2,NO_GOLD,criminal,OFFLINE_CLIENT_PROJECTION,,,
sha:0d40677babce9227a6526c00dd56d052c9d47bd202af868ed6a68f052c3a0f20,PDF-0d40677babce,CB-TB-921_Merritt,CB-TB-921_Merritt.pdf,0d40677babce9227a6526c00dd56d052c9d47bd202af868ed6a68f052c3a0f20,C:\Users\gduff\Downloads\cb-tb-901-1100-v5\pdfs\CB-TB-921_Merritt.pdf,pdf_inventory_criminal,pdf_hash_unique|dupes=2,NO_GOLD,criminal,OFFLINE_CLIENT_PROJECTION,,,
sha:0d67499f419b578a3bfdc79cb212db716e999389a2bac81b8fe82d05fd9d4ed1,PDF-0d67499f419b,custody.pdf,custody.pdf.pdf,0d67499f419b578a3bfdc79cb212db716e999389a2bac81b8fe82d05fd9d4ed1,C:\Users\gduff\Downloads\custody.pdf.pdf,pdf_inventory,pdf_hash_unique|dupes=1,NO_GOLD,criminal,OFFLINE_CLIENT_PROJECTION,,,
sha:0d6878c48dd705a08838bc970f9fd2ac647c5fd420c697fa322f131b5f7a45b3,PDF-0d6878c48dd7,CB-TB-2175_Fletcher,CB-TB-2175_Fletcher.pdf,0d6878c48dd705a08838bc970f9fd2ac647c5fd420c697fa322f131b5f7a45b3,C:\Users\gduff\Downloads\cb-tb-1601-2200-v5-factory-run\pdfs\CB-TB-2175_Fletcher.pdf,pdf_inventory_criminal,pdf_hash_unique|dupes=2,NO_GOLD,criminal,OFFLINE_CLIENT_PROJECTION,,,
sha:0d761f8d2e28fb89af88968862d6712571f6a13ac5e1233f60a3c9a993a22866,PDF-0d761f8d2e28,CB-Z-500-FRAUD-0029_Fraud_false_representation_500_page_bundle,CB-Z-500-FRAUD-0029_Fraud_false_representation_500_page_bundle.pdf,0d761f8d2e28fb89af88968862d6712571f6a13ac5e1233f60a3c9a993a22866,C:\Users\gduff\Downloads\CaseBrain_Pack_Z_40x500_large_criminal_bundle_stress_pack\CaseBrain_Pack_Z_40x500\pdfs z\CB-Z-500-FRAUD-0029_Fraud_false_representation_500_page_bundle.pdf,pdf_inventory,pdf_hash_unique|dupes=2,NO_GOLD,criminal,BACKEND_LIVE,,92aaa621-525b-40ae-9f0d-8e3c1eccc536,Pack Z — Case 16 — CB-Z-500-FRAUD-0029_Fraud_false_representation_500_page_bundle
sha:0d7bcca4b9976cb9946f3f68b6906dac94ab7f57ec28ecdcc376d8297c55f1d1,PDF-0d7bcca4b997,CB-TB-1216_Rees,CB-TB-1216_Rees.pdf,0d7bcca4b9976cb9946f3f68b6906dac94ab7f57ec28ecdcc376d8297c55f1d1,C:\Users\gduff\Downloads\cb-tb-1201-1300-v5\pdfs\CB-TB-1216_Rees.pdf,pdf_inventory_criminal,pdf_hash_unique|dupes=2,NO_GOLD,criminal,OFFLINE_CLIENT_PROJECTION,,,
sha:0d9a549d151f166e223120a3a7b093ebab782ad833622acae6dc35961ec0898f,PDF-0d9a549d151f,CB-TB-457_Mitchell,CB-TB-457_Mitchell.pdf,0d9a549d151f166e223120a3a7b093ebab782ad833622acae6dc35961ec0898f,C:\Users\gduff\Downloads\cb-tb-401-500-v5\pdfs\CB-TB-457_Mitchell.pdf,pdf_inventory_criminal,pdf_hash_unique|dupes=2,NO_GOLD,criminal,OFFLINE_CLIENT_PROJECTION,,,
sha:0db26fb8bf9a348b67057653e87d738c10ea5e690fec3340bc9f09fd0752bb4b,PDF-0db26fb8bf9a,CB-TB-914_Farrell,CB-TB-914_Farrell.pdf,0db26fb8bf9a348b67057653e87d738c10ea5e690fec3340bc9f09fd0752bb4b,C:\Users\gduff\Downloads\cb-tb-901-1100-v5\pdfs\CB-TB-914_Farrell.pdf,pdf_inventory_criminal,pdf_hash_unique|dupes=2,NO_GOLD,criminal,OFFLINE_CLIENT_PROJECTION,,,
sha:0db7620c5a227534446d7f7d61253e921d9596421ca4433b07f6053d13af4d28,PDF-0db7620c5a22,CB-TB-050_Graves,CB-TB-050_Graves.pdf,0db7620c5a227534446d7f7d61253e921d9596421ca4433b07f6053d13af4d28,C:\Users\gduff\Downloads\cb-tb-031-100-v4\pdfs\CB-TB-050_Graves.pdf,pdf_inventory_criminal,pdf_hash_unique|dupes=1,NO_GOLD,criminal,OFFLINE_CLIENT_PROJECTION,,,
sha:0dd60c0cb57543aa8b80ee9b6f940f50419dfce30b3fa8889d776085b0c86de6,PDF-0dd60c0cb575,CB-TB-2084_Grant,CB-TB-2084_Grant.pdf,0dd60c0cb57543aa8b80ee9b6f940f50419dfce30b3fa8889d776085b0c86de6,C:\Users\gduff\Downloads\cb-tb-1601-2200-v5-factory-run\pdfs\CB-TB-2084_Grant.pdf,pdf_inventory_criminal,pdf_hash_unique|dupes=2,NO_GOLD,criminal,OFFLINE_CLIENT_PROJECTION,,,
sha:0ddb23e24eeba99b45f4b21bdb5c51a0115c36c2a7995dec60e600ba992f810c,PDF-0ddb23e24eeb,CB-TB-209_Nolan,CB-TB-209_Nolan.pdf,0ddb23e24eeba99b45f4b21bdb5c51a0115c36c2a7995dec60e600ba992f810c,C:\Users\gduff\Downloads\cb-tb-201-300-v4\pdfs\CB-TB-209_Nolan.pdf,pdf_inventory_criminal,pdf_hash_unique|dupes=1,NO_GOLD,criminal,OFFLINE_CLIENT_PROJECTION,,,
sha:0ddb2ddb613100cb72953fd6d9d124068242a9c64c776dff4185fb4fd5279a38,PDF-0ddb2ddb6131,CB-TB-1044_Reynolds,CB-TB-1044_Reynolds.pdf,0ddb2ddb613100cb72953fd6d9d124068242a9c64c776dff4185fb4fd5279a38,C:\Users\gduff\Downloads\cb-tb-901-1100-v5\pdfs\CB-TB-1044_Reynolds.pdf,pdf_inventory_criminal,pdf_hash_unique|dupes=2,NO_GOLD,criminal,OFFLINE_CLIENT_PROJECTION,,,
sha:0df3084cbbd3c2af51862b09888a9682fa2371a03427efbf31ba3dd242da2a87,PDF-0df3084cbbd3,CB-TB-1464_Reed,CB-TB-1464_Reed.pdf,0df3084cbbd3c2af51862b09888a9682fa2371a03427efbf31ba3dd242da2a87,C:\Users\gduff\Downloads\cb-tb-1401-1500-v5-tmp\pdfs\CB-TB-1464_Reed.pdf,pdf_inventory_criminal,pdf_hash_unique|dupes=1,NO_GOLD,criminal,OFFLINE_CLIENT_PROJECTION,,,
sha:0e06d7b6126a427d06c5a6dc6cd753ce4348ba3e56d78db61a0bd378344dd18d,PDF-0e06d7b6126a,CB-TB-509_Mitchell,CB-TB-509_Mitchell.pdf,0e06d7b6126a427d06c5a6dc6cd753ce4348ba3e56d78db61a0bd378344dd18d,C:\Users\gduff\Downloads\cb-tb-501-600-v5-extract\pdfs\CB-TB-509_Mitchell.pdf,pdf_inventory_criminal,pdf_hash_unique|dupes=3,NO_GOLD,criminal,OFFLINE_CLIENT_PROJECTION,,,
sha:0e09335760118789ad094744e23406cd76729691ddad266b8163cdfc53b1a790,PDF-0e0933576011,MG11.pdf,MG11.pdf.pdf,0e09335760118789ad094744e23406cd76729691ddad266b8163cdfc53b1a790,C:\Users\gduff\Downloads\MG11.pdf.pdf,pdf_inventory,pdf_hash_unique|dupes=1,NO_GOLD,criminal,OFFLINE_CLIENT_PROJECTION,,,
sha:0e0af668ddd82f0b7645ca56089d51396d77c4fabd729d62ca7b272b00d4d456,PDF-0e0af668ddd8,CB-TB-797_Morgan,CB-TB-797_Morgan.pdf,0e0af668ddd82f0b7645ca56089d51396d77c4fabd729d62ca7b272b00d4d456,C:\Users\gduff\Downloads\cb-tb-701-800-v5\pdfs\CB-TB-797_Morgan.pdf,pdf_inventory_criminal,pdf_hash_unique|dupes=1,NO_GOLD,criminal,OFFLINE_CLIENT_PROJECTION,,,
sha:0e4490159904b8544e9df878dc0f75a50349735d3bdef2fe0d3f993b93ae5a26,PDF-0e4490159904,CB-TB-273_Clarke,CB-TB-273_Clarke.pdf,0e4490159904b8544e9df878dc0f75a50349735d3bdef2fe0d3f993b93ae5a26,C:\Users\gduff\Downloads\cb-tb-201-300-v4\pdfs\CB-TB-273_Clarke.pdf,pdf_inventory_criminal,pdf_hash_unique|dupes=1,NO_GOLD,criminal,OFFLINE_CLIENT_PROJECTION,,,
sha:0e4c94c582683a666e03f2f2cc0fbc616dd739c868126a3ee6f3a381e41c7ca4,PDF-0e4c94c58268,CB-TB-1981_Akhtar,CB-TB-1981_Akhtar.pdf,0e4c94c582683a666e03f2f2cc0fbc616dd739c868126a3ee6f3a381e41c7ca4,C:\Users\gduff\Downloads\cb-tb-1601-2200-v5-factory-run\pdfs\CB-TB-1981_Akhtar.pdf,pdf_inventory_criminal,pdf_hash_unique|dupes=2,NO_GOLD,criminal,OFFLINE_CLIENT_PROJECTION,,,
sha:0e676b2f93f48c53eb557acae74c4f20d8005fcfe9405e28ee4c57082f53447f,PDF-0e676b2f93f4,CB-TB-417_Barlow,CB-TB-417_Barlow.pdf,0e676b2f93f48c53eb557acae74c4f20d8005fcfe9405e28ee4c57082f53447f,C:\Users\gduff\Downloads\cb-tb-401-500-v5\pdfs\CB-TB-417_Barlow.pdf,pdf_inventory_criminal,pdf_hash_unique|dupes=2,NO_GOLD,criminal,OFFLINE_CLIENT_PROJECTION,,,
sha:0e8a6d201c93aa187363fab6409ca4ae3133034ba7b3a8a6fecc29966ad8393e,PDF-0e8a6d201c93,CB-TB-1344_Patel,CB-TB-1344_Patel.pdf,0e8a6d201c93aa187363fab6409ca4ae3133034ba7b3a8a6fecc29966ad8393e,C:\Users\gduff\Downloads\cb-tb-1301-1400-v5\pdfs\CB-TB-1344_Patel.pdf,pdf_inventory_criminal,pdf_hash_unique|dupes=2,NO_GOLD,criminal,OFFLINE_CLIENT_PROJECTION,,,
sha:0f05b8b0999054fffaf3564a382730e176fb286288df470afcb867ae4c09e221,PDF-0f05b8b09990,CB-TB-1910_Armitage,CB-TB-1910_Armitage.pdf,0f05b8b0999054fffaf3564a382730e176fb286288df470afcb867ae4c09e221,C:\Users\gduff\Downloads\cb-tb-1601-2200-v5-factory-run\pdfs\CB-TB-1910_Armitage.pdf,pdf_inventory_criminal,pdf_hash_unique|dupes=2,NO_GOLD,criminal,OFFLINE_CLIENT_PROJECTION,,,
sha:0f14333fb1041cc2409f21c31ea14f4bb500c6a8bb861b7bfe765cb3a544dcd3,PDF-0f14333fb104,CB-TB-2110_Okonkwo,CB-TB-2110_Okonkwo.pdf,0f14333fb1041cc2409f21c31ea14f4bb500c6a8bb861b7bfe765cb3a544dcd3,C:\Users\gduff\Downloads\cb-tb-1601-2200-v5-factory-run\pdfs\CB-TB-2110_Okonkwo.pdf,pdf_inventory_criminal,pdf_hash_unique|dupes=2,NO_GOLD,criminal,OFFLINE_CLIENT_PROJECTION,,,
sha:0f2ca0cd10913ea60a04f28d472d38e01e34c5ee8c61e6fb330ae158f5bb593b,PDF-0f2ca0cd1091,CB-TB-997_Begum,CB-TB-997_Begum.pdf,0f2ca0cd10913ea60a04f28d472d38e01e34c5ee8c61e6fb330ae158f5bb593b,C:\Users\gduff\Downloads\cb-tb-901-1100-v5\pdfs\CB-TB-997_Begum.pdf,pdf_inventory_criminal,pdf_hash_unique|dupes=2,NO_GOLD,criminal,OFFLINE_CLIENT_PROJECTION,,,
sha:0f3efd3906ed6f5378dbe66745483b7e0be57642178fe1624d1395e0dbef1328,PDF-0f3efd3906ed,CB-TB-182_Brooks,CB-TB-182_Brooks.pdf,0f3efd3906ed6f5378dbe66745483b7e0be57642178fe1624d1395e0dbef1328,C:\Users\gduff\Downloads\cb-tb-101-200-v4\pdfs\CB-TB-182_Brooks.pdf,pdf_inventory_criminal,pdf_hash_unique|dupes=1,NO_GOLD,criminal,OFFLINE_CLIENT_PROJECTION,,,
sha:0f5b8dfd7479646ca2a44efceffb56e983e3b3e4bdce156d6af6b66adbb5aed5,PDF-0f5b8dfd7479,CB-TB-1699_West,CB-TB-1699_West.pdf,0f5b8dfd7479646ca2a44efceffb56e983e3b3e4bdce156d6af6b66adbb5aed5,C:\Users\gduff\Downloads\cb-tb-1601-2200-v5-factory-run\pdfs\CB-TB-1699_West.pdf,pdf_inventory_criminal,pdf_hash_unique|dupes=4,NO_GOLD,criminal,OFFLINE_CLIENT_PROJECTION,,,
sha:0f677bce77d25f990e45524c685bd85c31f7362b3e904c409246bd94cbb7ee35,PDF-0f677bce77d2,CB-TB-403_Miah,CB-TB-403_Miah.pdf,0f677bce77d25f990e45524c685bd85c31f7362b3e904c409246bd94cbb7ee35,C:\Users\gduff\Downloads\cb-tb-401-500-v5\pdfs\CB-TB-403_Miah.pdf,pdf_inventory_criminal,pdf_hash_unique|dupes=2,NO_GOLD,criminal,OFFLINE_CLIENT_PROJECTION,,,
sha:0f794dc575d6f1d84f93d48aafdbf0fdb9ab3629126e8f54db3414c17f02cb5a,PDF-0f794dc575d6,CB-TB-1444_Hart,CB-TB-1444_Hart.pdf,0f794dc575d6f1d84f93d48aafdbf0fdb9ab3629126e8f54db3414c17f02cb5a,C:\Users\gduff\Downloads\cb-tb-1401-1500-v5-tmp\pdfs\CB-TB-1444_Hart.pdf,pdf_inventory_criminal,pdf_hash_unique|dupes=1,NO_GOLD,criminal,OFFLINE_CLIENT_PROJECTION,,,
sha:0f91aad341c8fc43d003ccb2a35132cfe75f5d78429cbc0f161deb18b9bf43e8,PDF-0f91aad341c8,CB-TB-1956_Stone,CB-TB-1956_Stone.pdf,0f91aad341c8fc43d003ccb2a35132cfe75f5d78429cbc0f161deb18b9bf43e8,C:\Users\gduff\Downloads\cb-tb-1601-2200-v5-factory-run\pdfs\CB-TB-1956_Stone.pdf,pdf_inventory_criminal,pdf_hash_unique|dupes=2,NO_GOLD,criminal,OFFLINE_CLIENT_PROJECTION,,,
sha:0f9c9d9a43ea460e5c4813b3c852bf28fc41b083ff3036528eedb540d48ff1f0,PDF-0f9c9d9a43ea,CB-TB-1200_Morris,CB-TB-1200_Morris.pdf,0f9c9d9a43ea460e5c4813b3c852bf28fc41b083ff3036528eedb540d48ff1f0,C:\Users\gduff\Downloads\cb-tb-1101-1400-v5\pdfs\CB-TB-1200_Morris.pdf,pdf_inventory_criminal,pdf_hash_unique|dupes=2,NO_GOLD,criminal,OFFLINE_CLIENT_PROJECTION,,,
sha:0fe04475d57008957736760704904f935c1ba1842d26aabd94597e93c67f0a7b,PDF-0fe04475d570,CB-TB-1144_Hale,CB-TB-1144_Hale.pdf,0fe04475d57008957736760704904f935c1ba1842d26aabd94597e93c67f0a7b,C:\Users\gduff\Downloads\cb-tb-1101-1400-v5\pdfs\CB-TB-1144_Hale.pdf,pdf_inventory_criminal,pdf_hash_unique|dupes=2,NO_GOLD,criminal,OFFLINE_CLIENT_PROJECTION,,,
sha:0ff19dbe93a467db1ce3bedc333d03c6ec5ab36edc9af5933fcc4ed726d39d00,PDF-0ff19dbe93a4,CB-TB-2149_Barlow,CB-TB-2149_Barlow.pdf,0ff19dbe93a467db1ce3bedc333d03c6ec5ab36edc9af5933fcc4ed726d39d00,C:\Users\gduff\Downloads\cb-tb-1601-2200-v5-factory-run\pdfs\CB-TB-2149_Barlow.pdf,pdf_inventory_criminal,pdf_hash_unique|dupes=2,NO_GOLD,criminal,OFFLINE_CLIENT_PROJECTION,,,
sha:105b2d0bb9ee7d05425fb6e3f81e3f583ccb7084ab641dca75ca6d1879fbdcc3,PDF-105b2d0bb9ee,CB-TB-788_Grant,CB-TB-788_Grant.pdf,105b2d0bb9ee7d05425fb6e3f81e3f583ccb7084ab641dca75ca6d1879fbdcc3,C:\Users\gduff\Downloads\cb-tb-701-800-v5\pdfs\CB-TB-788_Grant.pdf,pdf_inventory_criminal,pdf_hash_unique|dupes=1,NO_GOLD,criminal,OFFLINE_CLIENT_PROJECTION,,,
sha:105c1b1f951317bae590787042637e95c95682e83f15ea4fe88425ff2bbc005e,PDF-105c1b1f9513,CB-TB-1948_Barton,CB-TB-1948_Barton.pdf,105c1b1f951317bae590787042637e95c95682e83f15ea4fe88425ff2bbc005e,C:\Users\gduff\Downloads\cb-tb-1601-2200-v5-factory-run\pdfs\CB-TB-1948_Barton.pdf,pdf_inventory_criminal,pdf_hash_unique|dupes=2,NO_GOLD,criminal,OFFLINE_CLIENT_PROJECTION,,,
sha:107dece25c33643adff94d88c4ab0b7936b2d22c0dcd8bad1bbe73fd5b660ef4,PDF-107dece25c33,CB-TB-969_Khan,CB-TB-969_Khan.pdf,107dece25c33643adff94d88c4ab0b7936b2d22c0dcd8bad1bbe73fd5b660ef4,C:\Users\gduff\Downloads\cb-tb-901-1100-v5\pdfs\CB-TB-969_Khan.pdf,pdf_inventory_criminal,pdf_hash_unique|dupes=2,NO_GOLD,criminal,OFFLINE_CLIENT_PROJECTION,,,
sha:108d28cd60666ec147f70ab061e9212054dbdebaea0fffbf88705fb19c72d0e7,PDF-108d28cd6066,CB-TB-1420_Lark,CB-TB-1420_Lark.pdf,108d28cd60666ec147f70ab061e9212054dbdebaea0fffbf88705fb19c72d0e7,C:\Users\gduff\Downloads\cb-tb-1401-1500-v5-tmp\pdfs\CB-TB-1420_Lark.pdf,pdf_inventory_criminal,pdf_hash_unique|dupes=1,NO_GOLD,criminal,OFFLINE_CLIENT_PROJECTION,,,
sha:10a6a57a04101c1f12b546dc04c163b0dc678ab5ba953249350adc191f297c10,PDF-10a6a57a0410,CB-TB-1271_Carver,CB-TB-1271_Carver.pdf,10a6a57a04101c1f12b546dc04c163b0dc678ab5ba953249350adc191f297c10,C:\Users\gduff\Downloads\cb-tb-1201-1300-v5\pdfs\CB-TB-1271_Carver.pdf,pdf_inventory_criminal,pdf_hash_unique|dupes=2,NO_GOLD,criminal,OFFLINE_CLIENT_PROJECTION,,,
sha:11014c6921a2d60a8a5b276004116f52692da24658999001db52f14e7fd51981,PDF-11014c6921a2,CB-TB-1110_Patterson,CB-TB-1110_Patterson.pdf,11014c6921a2d60a8a5b276004116f52692da24658999001db52f14e7fd51981,C:\Users\gduff\Downloads\cb-tb-1101-1400-v5\pdfs\CB-TB-1110_Patterson.pdf,pdf_inventory_criminal,pdf_hash_unique|dupes=2,NO_GOLD,criminal,OFFLINE_CLIENT_PROJECTION,,,
sha:11177e39d52c429821a2bf40986442e966c077c3128900d3ac07478514779ea0,PDF-11177e39d52c,CB-TB-942_Naylor,CB-TB-942_Naylor.pdf,11177e39d52c429821a2bf40986442e966c077c3128900d3ac07478514779ea0,C:\Users\gduff\Downloads\cb-tb-901-1100-v5\pdfs\CB-TB-942_Naylor.pdf,pdf_inventory_criminal,pdf_hash_unique|dupes=2,NO_GOLD,criminal,OFFLINE_CLIENT_PROJECTION,,,
sha:11202b29e2d2b5b464528bc9a3ad97cb6f62810553fece0474989e8c7815e4d4,PDF-11202b29e2d2,CB-TB-356_Coates,CB-TB-356_Coates.pdf,11202b29e2d2b5b464528bc9a3ad97cb6f62810553fece0474989e8c7815e4d4,C:\Users\gduff\Downloads\cb-tb-301-400-v4\pdfs\CB-TB-356_Coates.pdf,pdf_inventory_criminal,pdf_hash_unique|dupes=2,NO_GOLD,criminal,OFFLINE_CLIENT_PROJECTION,,,
sha:11b9a5dfd289026756feedd36305c3a375586e25db32762347c26971754d104a,PDF-11b9a5dfd289,CB-TB-1791_Hobbs,CB-TB-1791_Hobbs.pdf,11b9a5dfd289026756feedd36305c3a375586e25db32762347c26971754d104a,C:\Users\gduff\Downloads\cb-tb-1601-2200-v5-factory-run\pdfs\CB-TB-1791_Hobbs.pdf,pdf_inventory_criminal,pdf_hash_unique|dupes=2,NO_GOLD,criminal,OFFLINE_CLIENT_PROJECTION,,,
sha:11c2b29db875826b60396fbff2f5a95722e0eacee9a76e1c4f6b709133bbb1ba,PDF-11c2b29db875,CB-TB-2148_Mason,CB-TB-2148_Mason.pdf,11c2b29db875826b60396fbff2f5a95722e0eacee9a76e1c4f6b709133bbb1ba,C:\Users\gduff\Downloads\cb-tb-1601-2200-v5-factory-run\pdfs\CB-TB-2148_Mason.pdf,pdf_inventory_criminal,pdf_hash_unique|dupes=2,NO_GOLD,criminal,OFFLINE_CLIENT_PROJECTION,,,
sha:11c4cf212f904e31b474b5d82a580b73157fb84dd7edf6b608009c2afb134d70,PDF-11c4cf212f90,CB-TB-461_Khan,CB-TB-461_Khan.pdf,11c4cf212f904e31b474b5d82a580b73157fb84dd7edf6b608009c2afb134d70,C:\Users\gduff\Downloads\cb-tb-401-500-v5\pdfs\CB-TB-461_Khan.pdf,pdf_inventory_criminal,pdf_hash_unique|dupes=2,NO_GOLD,criminal,OFFLINE_CLIENT_PROJECTION,,,
sha:11c92ca78019761ddb22765c8c87b48acd64395d5fa03bb1e9ee90e355477309,PDF-11c92ca78019,CB-TB-1092_Thornton,CB-TB-1092_Thornton.pdf,11c92ca78019761ddb22765c8c87b48acd64395d5fa03bb1e9ee90e355477309,C:\Users\gduff\Downloads\cb-tb-901-1100-v5\pdfs\CB-TB-1092_Thornton.pdf,pdf_inventory_criminal,pdf_hash_unique|dupes=2,NO_GOLD,criminal,OFFLINE_CLIENT_PROJECTION,,,
sha:11db2eac2cce89ce6bcb33b7a9126d55ae36f4a214bbbe23285ed0ebbfdea87d,PDF-11db2eac2cce,CB-TB-1468_Lark,CB-TB-1468_Lark.pdf,11db2eac2cce89ce6bcb33b7a9126d55ae36f4a214bbbe23285ed0ebbfdea87d,C:\Users\gduff\Downloads\cb-tb-1401-1500-v5-tmp\pdfs\CB-TB-1468_Lark.pdf,pdf_inventory_criminal,pdf_hash_unique|dupes=1,NO_GOLD,criminal,OFFLINE_CLIENT_PROJECTION,,,
sha:122239d5c7e0b0836373a9fab4c31d1d075441cd4ec6f4d1f4dd98d33665e167,PDF-122239d5c7e0,CB-TB-1508_Patel,CB-TB-1508_Patel.pdf,122239d5c7e0b0836373a9fab4c31d1d075441cd4ec6f4d1f4dd98d33665e167,C:\Users\gduff\Downloads\cb-tb-1501-1600-v5-factory-run\pdfs\CB-TB-1508_Patel.pdf,pdf_inventory_criminal,pdf_hash_unique|dupes=2,NO_GOLD,criminal,OFFLINE_CLIENT_PROJECTION,,,
sha:1264df7f4a0ac7388902ec70e9a7087d1650b4b544c6708bb510b8beedf6a72b,PDF-1264df7f4a0a,CB-TB-722_Morley,CB-TB-722_Morley.pdf,1264df7f4a0ac7388902ec70e9a7087d1650b4b544c6708bb510b8beedf6a72b,C:\Users\gduff\Downloads\cb-tb-701-800-v5\pdfs\CB-TB-722_Morley.pdf,pdf_inventory_criminal,pdf_hash_unique|dupes=1,NO_GOLD,criminal,OFFLINE_CLIENT_PROJECTION,,,
sha:1273952c96a4e456d377760ca3dac0f8d44393e063ec052db1482a9306938290,PDF-1273952c96a4,CB-TB-1955_Kaur,CB-TB-1955_Kaur.pdf,1273952c96a4e456d377760ca3dac0f8d44393e063ec052db1482a9306938290,C:\Users\gduff\Downloads\cb-tb-1601-2200-v5-factory-run\pdfs\CB-TB-1955_Kaur.pdf,pdf_inventory_criminal,pdf_hash_unique|dupes=2,NO_GOLD,criminal,OFFLINE_CLIENT_PROJECTION,,,
sha:1293b4280bf1958d83d39b5094d70e118c37fc8bbbeb9202ce94f1856cc94d03,PDF-1293b4280bf1,CB-TB-151_Davies,CB-TB-151_Davies.pdf,1293b4280bf1958d83d39b5094d70e118c37fc8bbbeb9202ce94f1856cc94d03,C:\Users\gduff\Downloads\cb-tb-101-200-v4\pdfs\CB-TB-151_Davies.pdf,pdf_inventory_criminal,pdf_hash_unique|dupes=1,NO_GOLD,criminal,OFFLINE_CLIENT_PROJECTION,,,
sha:129d47bb1a5a0bdf1aaf0dc2f1c9ddbd5035905d2388fcb0dca0a3588df9f14c,PDF-129d47bb1a5a,CB-TB-129_Doyle,CB-TB-129_Doyle.pdf,129d47bb1a5a0bdf1aaf0dc2f1c9ddbd5035905d2388fcb0dca0a3588df9f14c,C:\Users\gduff\Downloads\cb-tb-101-200-v4\pdfs\CB-TB-129_Doyle.pdf,pdf_inventory_criminal,pdf_hash_unique|dupes=1,NO_GOLD,criminal,OFFLINE_CLIENT_PROJECTION,,,
sha:12cd5159880516d1af7c96991af3f42090a54a216adca79013dd8a4f6e681617,PDF-12cd51598805,CB-TB-173_Greene,CB-TB-173_Greene.pdf,12cd5159880516d1af7c96991af3f42090a54a216adca79013dd8a4f6e681617,C:\Users\gduff\Downloads\cb-tb-101-200-v4\pdfs\CB-TB-173_Greene.pdf,pdf_inventory_criminal,pdf_hash_unique|dupes=1,NO_GOLD,criminal,OFFLINE_CLIENT_PROJECTION,,,
sha:12f40f6420908c83d5e3f459a5e540c9f60b679b5b3a835b13a3a7b2c8e6166e,PDF-12f40f642090,CB-TB-1017_Pike,CB-TB-1017_Pike.pdf,12f40f6420908c83d5e3f459a5e540c9f60b679b5b3a835b13a3a7b2c8e6166e,C:\Users\gduff\Downloads\cb-tb-901-1100-v5\pdfs\CB-TB-1017_Pike.pdf,pdf_inventory_criminal,pdf_hash_unique|dupes=2,NO_GOLD,criminal,OFFLINE_CLIENT_PROJECTION,,,
sha:12fb1395b4362c3904d58bb3b1e220257a13aa991ef1b8fd49846aa59285bd0a,PDF-12fb1395b436,CB-TB-186_Merritt,CB-TB-186_Merritt.pdf,12fb1395b4362c3904d58bb3b1e220257a13aa991ef1b8fd49846aa59285bd0a,C:\Users\gduff\Downloads\cb-tb-101-200-v4\pdfs\CB-TB-186_Merritt.pdf,pdf_inventory_criminal,pdf_hash_unique|dupes=1,NO_GOLD,criminal,OFFLINE_CLIENT_PROJECTION,,,
sha:13168ee8657c2af281a9e8b53280e854567c33752d7bdbf563fe342147e20298,PDF-13168ee8657c,CB-TB-1153_Thornton,CB-TB-1153_Thornton.pdf,13168ee8657c2af281a9e8b53280e854567c33752d7bdbf563fe342147e20298,C:\Users\gduff\Downloads\cb-tb-1101-1400-v5\pdfs\CB-TB-1153_Thornton.pdf,pdf_inventory_criminal,pdf_hash_unique|dupes=2,NO_GOLD,criminal,OFFLINE_CLIENT_PROJECTION,,,
sha:1349396cd552a801c97f63c4606bf45d4dce279a47e7d6146f90888a8c33ee09,PDF-1349396cd552,CB-TB-1087_Coleman,CB-TB-1087_Coleman.pdf,1349396cd552a801c97f63c4606bf45d4dce279a47e7d6146f90888a8c33ee09,C:\Users\gduff\Downloads\cb-tb-901-1100-v5\pdfs\CB-TB-1087_Coleman.pdf,pdf_inventory_criminal,pdf_hash_unique|dupes=2,NO_GOLD,criminal,OFFLINE_CLIENT_PROJECTION,,,
sha:136a689702cbc2aaaa3d779d41cd59b03dcb51d1acd4b095c393f3eab266e3e2,PDF-136a689702cb,CB-TB-185_Kent,CB-TB-185_Kent.pdf,136a689702cbc2aaaa3d779d41cd59b03dcb51d1acd4b095c393f3eab266e3e2,C:\Users\gduff\Downloads\cb-tb-101-200-v4\pdfs\CB-TB-185_Kent.pdf,pdf_inventory_criminal,pdf_hash_unique|dupes=1,NO_GOLD,criminal,OFFLINE_CLIENT_PROJECTION,,,
sha:137059a22885532cda66ef6fe50a35683f222f54ce4d96b06a9a1798fb495e08,PDF-137059a22885,CB-TB-249_Byrne,CB-TB-249_Byrne.pdf,137059a22885532cda66ef6fe50a35683f222f54ce4d96b06a9a1798fb495e08,C:\Users\gduff\Downloads\cb-tb-201-300-v4\pdfs\CB-TB-249_Byrne.pdf,pdf_inventory_criminal,pdf_hash_unique|dupes=1,NO_GOLD,criminal,OFFLINE_CLIENT_PROJECTION,,,
sha:13953ffdbbc863ae1ed1ba152aa9b288d5be1d6743b7735747e88e8645b75643,PDF-13953ffdbbc8,CB-TB-1722_Marsden,CB-TB-1722_Marsden.pdf,13953ffdbbc863ae1ed1ba152aa9b288d5be1d6743b7735747e88e8645b75643,C:\Users\gduff\Downloads\cb-tb-1601-2200-v5-factory-run\pdfs\CB-TB-1722_Marsden.pdf,pdf_inventory_criminal,pdf_hash_unique|dupes=2,NO_GOLD,criminal,OFFLINE_CLIENT_PROJECTION,,,
sha:139da16abcfc60a5080d50ea652145ea2fb21e5f72aa02bcbaeaf58ade4e2af9,PDF-139da16abcfc,CB-TB-239_Patterson,CB-TB-239_Patterson.pdf,139da16abcfc60a5080d50ea652145ea2fb21e5f72aa02bcbaeaf58ade4e2af9,C:\Users\gduff\Downloads\cb-tb-201-300-v4\pdfs\CB-TB-239_Patterson.pdf,pdf_inventory_criminal,pdf_hash_unique|dupes=1,NO_GOLD,criminal,OFFLINE_CLIENT_PROJECTION,,,
sha:13a449320e2d3747588f6daecb0abdd69561df60c6a75be5ff80be073892ed0b,PDF-13a449320e2d,CB-TB-985_Price,CB-TB-985_Price.pdf,13a449320e2d3747588f6daecb0abdd69561df60c6a75be5ff80be073892ed0b,C:\Users\gduff\Downloads\cb-tb-901-1100-v5\pdfs\CB-TB-985_Price.pdf,pdf_inventory_criminal,pdf_hash_unique|dupes=2,NO_GOLD,criminal,OFFLINE_CLIENT_PROJECTION,,,
sha:13f93bf8e3e0ea99cc1beea67f7682fb0d3f23922a1514ccee47cbca33f12ce2,PDF-13f93bf8e3e0,CB-TB-1577_Lane,CB-TB-1577_Lane.pdf,13f93bf8e3e0ea99cc1beea67f7682fb0d3f23922a1514ccee47cbca33f12ce2,C:\Users\gduff\Downloads\cb-tb-1501-1600-v5-factory-run\pdfs\CB-TB-1577_Lane.pdf,pdf_inventory_criminal,pdf_hash_unique|dupes=2,NO_GOLD,criminal,OFFLINE_CLIENT_PROJECTION,,,
sha:14476d7c4c55a639e0d06bb4d565079641602a5e4497cc97300f1570a575dce0,PDF-14476d7c4c55,CB-TB-1150_Thornton,CB-TB-1150_Thornton.pdf,14476d7c4c55a639e0d06bb4d565079641602a5e4497cc97300f1570a575dce0,C:\Users\gduff\Downloads\cb-tb-1101-1400-v5\pdfs\CB-TB-1150_Thornton.pdf,pdf_inventory_criminal,pdf_hash_unique|dupes=2,NO_GOLD,criminal,OFFLINE_CLIENT_PROJECTION,,,
sha:14506d4b4923ef9ddcc094746d7750a9abf4e19c9db7a9a9692b974a3aaa6d7e,PDF-14506d4b4923,CB-TB-355_Parker,CB-TB-355_Parker.pdf,14506d4b4923ef9ddcc094746d7750a9abf4e19c9db7a9a9692b974a3aaa6d7e,C:\Users\gduff\Downloads\cb-tb-301-400-v4\pdfs\CB-TB-355_Parker.pdf,pdf_inventory_criminal,pdf_hash_unique|dupes=2,NO_GOLD,criminal,OFFLINE_CLIENT_PROJECTION,,,
sha:14700df3912a2c5adddd86ee394de647fdb5c99bf834c0f566bd51130017cd3a,PDF-14700df3912a,CB-TB-114_Hardy,CB-TB-114_Hardy.pdf,14700df3912a2c5adddd86ee394de647fdb5c99bf834c0f566bd51130017cd3a,C:\Users\gduff\Downloads\cb-tb-101-200-v4\pdfs\CB-TB-114_Hardy.pdf,pdf_inventory_criminal,pdf_hash_unique|dupes=1,NO_GOLD,criminal,OFFLINE_CLIENT_PROJECTION,,,
sha:149ae21f8bfe600c1251d2c2736f9a88e2564a6a34b7f43f364ede381a6a9b1a,PDF-149ae21f8bfe,CB-TB-2127_Hale,CB-TB-2127_Hale.pdf,149ae21f8bfe600c1251d2c2736f9a88e2564a6a34b7f43f364ede381a6a9b1a,C:\Users\gduff\Downloads\cb-tb-1601-2200-v5-factory-run\pdfs\CB-TB-2127_Hale.pdf,pdf_inventory_criminal,pdf_hash_unique|dupes=2,NO_GOLD,criminal,OFFLINE_CLIENT_PROJECTION,,,
sha:150353e6b1b9ebef7f48b4aedbbedc96f60b871d9d402611622d1ce06bed08d6,PDF-150353e6b1b9,CB-TB-883_Patterson,CB-TB-883_Patterson.pdf,150353e6b1b9ebef7f48b4aedbbedc96f60b871d9d402611622d1ce06bed08d6,C:\Users\gduff\Downloads\cb-tb-801-900-v5\pdfs\CB-TB-883_Patterson.pdf,pdf_inventory_criminal,pdf_hash_unique|dupes=1,NO_GOLD,criminal,OFFLINE_CLIENT_PROJECTION,,,
sha:15204cb4435a1729471f5056e6e9954ecc4ec49ebb2fb4c9cd49e4736a16f59d,PDF-15204cb4435a,CB-TB-131_Evans,CB-TB-131_Evans.pdf,15204cb4435a1729471f5056e6e9954ecc4ec49ebb2fb4c9cd49e4736a16f59d,C:\Users\gduff\Downloads\cb-tb-101-200-v4\pdfs\CB-TB-131_Evans.pdf,pdf_inventory_criminal,pdf_hash_unique|dupes=1,NO_GOLD,criminal,OFFLINE_CLIENT_PROJECTION,,,
sha:1550b26eaaa28da29b48798e2548a777f5a4f753ce6431bd590fdffa2f813828,PDF-1550b26eaaa2,CB-TB-166_Blake,CB-TB-166_Blake.pdf,1550b26eaaa28da29b48798e2548a777f5a4f753ce6431bd590fdffa2f813828,C:\Users\gduff\Downloads\cb-tb-101-200-v4\pdfs\CB-TB-166_Blake.pdf,pdf_inventory_criminal,pdf_hash_unique|dupes=1,NO_GOLD,criminal,OFFLINE_CLIENT_PROJECTION,,,
sha:15a7c397c3fb0c607c3fd9f7d40c9d4c60958011b68a6e29f4b9105dfe256679,PDF-15a7c397c3fb,CB-TB-811_Rees,CB-TB-811_Rees.pdf,15a7c397c3fb0c607c3fd9f7d40c9d4c60958011b68a6e29f4b9105dfe256679,C:\Users\gduff\Downloads\cb-tb-801-900-v5\pdfs\CB-TB-811_Rees.pdf,pdf_inventory_criminal,pdf_hash_unique|dupes=1,NO_GOLD,criminal,OFFLINE_CLIENT_PROJECTION,,,
sha:15b6c0120b329396e32083f5ce1765b5b3e7fdfb8d60720566973e6f329519ee,PDF-15b6c0120b32,CB-TB-534_Flint,CB-TB-534_Flint.pdf,15b6c0120b329396e32083f5ce1765b5b3e7fdfb8d60720566973e6f329519ee,C:\Users\gduff\Downloads\cb-tb-501-600-v5-extract\pdfs\CB-TB-534_Flint.pdf,pdf_inventory_criminal,pdf_hash_unique|dupes=3,NO_GOLD,criminal,OFFLINE_CLIENT_PROJECTION,,,
sha:15ba102b360d0c1b758b04392856aad7946777f2e5f01bb4674d1526e1212bbf,PDF-15ba102b360d,CB-TB-083_Morris,CB-TB-083_Morris.pdf,15ba102b360d0c1b758b04392856aad7946777f2e5f01bb4674d1526e1212bbf,C:\Users\gduff\Downloads\cb-tb-031-100-v4\pdfs\CB-TB-083_Morris.pdf,pdf_inventory_criminal,pdf_hash_unique|dupes=1,NO_GOLD,criminal,OFFLINE_CLIENT_PROJECTION,,,
sha:161cc228a86a2a98051d7096a9129659103ea88c519199ed8a2437279ee70490,PDF-161cc228a86a,CB-TB-1843_Tate,CB-TB-1843_Tate.pdf,161cc228a86a2a98051d7096a9129659103ea88c519199ed8a2437279ee70490,C:\Users\gduff\Downloads\cb-tb-1601-2200-v5-factory-run\pdfs\CB-TB-1843_Tate.pdf,pdf_inventory_criminal,pdf_hash_unique|dupes=2,NO_GOLD,criminal,OFFLINE_CLIENT_PROJECTION,,,
sha:1668837ab06ce34eda2d4ccda3c1346e887c988f923f07b2b7dd576c6edbf7dd,PDF-1668837ab06c,CB-TB-1960_Maitland,CB-TB-1960_Maitland.pdf,1668837ab06ce34eda2d4ccda3c1346e887c988f923f07b2b7dd576c6edbf7dd,C:\Users\gduff\Downloads\cb-tb-1601-2200-v5-factory-run\pdfs\CB-TB-1960_Maitland.pdf,pdf_inventory_criminal,pdf_hash_unique|dupes=2,NO_GOLD,criminal,OFFLINE_CLIENT_PROJECTION,,,
sha:166ff2d9f20e253a5fd1a49e59498de5c87f5feb535a6bb90cd7a1daaccb0cd5,PDF-166ff2d9f20e,CB-TB-632_Olsen,CB-TB-632_Olsen.pdf,166ff2d9f20e253a5fd1a49e59498de5c87f5feb535a6bb90cd7a1daaccb0cd5,C:\Users\gduff\Downloads\cb-tb-601-700-v5\pdfs\CB-TB-632_Olsen.pdf,pdf_inventory_criminal,pdf_hash_unique|dupes=1,NO_GOLD,criminal,OFFLINE_CLIENT_PROJECTION,,,
sha:1699b490e5b56cbca1e7564770ac5a5a668453b88679df60e84f64334c9db823,PDF-1699b490e5b5,CB-TB-2037_Price,CB-TB-2037_Price.pdf,1699b490e5b56cbca1e7564770ac5a5a668453b88679df60e84f64334c9db823,C:\Users\gduff\Downloads\cb-tb-1601-2200-v5-factory-run\pdfs\CB-TB-2037_Price.pdf,pdf_inventory_criminal,pdf_hash_unique|dupes=2,NO_GOLD,criminal,OFFLINE_CLIENT_PROJECTION,,,
sha:16ad76abde94f4e3c35b7fe15632b6c03da99d151b5aa4d55d7891e5a869d8eb,PDF-16ad76abde94,CB-TB-1440_Blake,CB-TB-1440_Blake.pdf,16ad76abde94f4e3c35b7fe15632b6c03da99d151b5aa4d55d7891e5a869d8eb,C:\Users\gduff\Downloads\cb-tb-1401-1500-v5-tmp\pdfs\CB-TB-1440_Blake.pdf,pdf_inventory_criminal,pdf_hash_unique|dupes=1,NO_GOLD,criminal,OFFLINE_CLIENT_PROJECTION,,,
sha:16bdc5899f17fa3a0e12523c27689b8cfa74c2d84923ad158949da53880fed98,PDF-16bdc5899f17,CB-TB-013_Grant,CB-TB-013_Grant.pdf,16bdc5899f17fa3a0e12523c27689b8cfa74c2d84923ad158949da53880fed98,C:\Users\gduff\Downloads\cb-tb-001-050-v3\pdfs\CB-TB-013_Grant.pdf,pdf_inventory_criminal,pdf_hash_unique|dupes=2,NO_GOLD,criminal,OFFLINE_CLIENT_PROJECTION,,,
sha:16ca1bc2eab0e6b7ee462218cde5dfc8f7730bf7eb5c9dca3d754134bdfab13f,PDF-16ca1bc2eab0,CB-TB-673_Morley,CB-TB-673_Morley.pdf,16ca1bc2eab0e6b7ee462218cde5dfc8f7730bf7eb5c9dca3d754134bdfab13f,C:\Users\gduff\Downloads\cb-tb-601-700-v5\pdfs\CB-TB-673_Morley.pdf,pdf_inventory_criminal,pdf_hash_unique|dupes=1,NO_GOLD,criminal,OFFLINE_CLIENT_PROJECTION,,,
sha:1732fb89dac9de07bdcc846881140e7a4d83d89cccd65302b42ce9f404aae90c,PDF-1732fb89dac9,CB-TB-2070_Khan,CB-TB-2070_Khan.pdf,1732fb89dac9de07bdcc846881140e7a4d83d89cccd65302b42ce9f404aae90c,C:\Users\gduff\Downloads\cb-tb-1601-2200-v5-factory-run\pdfs\CB-TB-2070_Khan.pdf,pdf_inventory_criminal,pdf_hash_unique|dupes=2,NO_GOLD,criminal,OFFLINE_CLIENT_PROJECTION,,,
sha:1735dca8c95e5de138aded1470dd5a56154681459c60d6c6d5b0b6d502aee650,PDF-1735dca8c95e,CB-TB-1861_Mercer,CB-TB-1861_Mercer.pdf,1735dca8c95e5de138aded1470dd5a56154681459c60d6c6d5b0b6d502aee650,C:\Users\gduff\Downloads\cb-tb-1601-2200-v5-factory-run\pdfs\CB-TB-1861_Mercer.pdf,pdf_inventory_criminal,pdf_hash_unique|dupes=2,NO_GOLD,criminal,OFFLINE_CLIENT_PROJECTION,,,
sha:1763b7f1375a386f4579017b3d1e0931cf5a92a0c1eede4087513f304a2b40f7,PDF-1763b7f1375a,CB-TB-1584_Price,CB-TB-1584_Price.pdf,1763b7f1375a386f4579017b3d1e0931cf5a92a0c1eede4087513f304a2b40f7,C:\Users\gduff\Downloads\cb-tb-1501-1600-v5-factory-run\pdfs\CB-TB-1584_Price.pdf,pdf_inventory_criminal,pdf_hash_unique|dupes=2,NO_GOLD,criminal,OFFLINE_CLIENT_PROJECTION,,,
sha:176f77b657424838b3f5f40e5f196df651d199100bfe322f8b3bb9b2193c574c,PDF-176f77b65742,CB-TB-851_Rees,CB-TB-851_Rees.pdf,176f77b657424838b3f5f40e5f196df651d199100bfe322f8b3bb9b2193c574c,C:\Users\gduff\Downloads\cb-tb-801-900-v5\pdfs\CB-TB-851_Rees.pdf,pdf_inventory_criminal,pdf_hash_unique|dupes=1,NO_GOLD,criminal,OFFLINE_CLIENT_PROJECTION,,,
sha:178c8bb4eadf761d3f213cbc2eef5efc860ca4c7756fd827c892644ec053b7df,PDF-178c8bb4eadf,CB-TB-1065_Parker,CB-TB-1065_Parker.pdf,178c8bb4eadf761d3f213cbc2eef5efc860ca4c7756fd827c892644ec053b7df,C:\Users\gduff\Downloads\cb-tb-901-1100-v5\pdfs\CB-TB-1065_Parker.pdf,pdf_inventory_criminal,pdf_hash_unique|dupes=2,NO_GOLD,criminal,OFFLINE_CLIENT_PROJECTION,,,
sha:17c9a1e407ed3c49545b71bbca8db8e5ee978b82828ad15a455c40eb21408b92,PDF-17c9a1e407ed,CB-TB-2093_Hughes,CB-TB-2093_Hughes.pdf,17c9a1e407ed3c49545b71bbca8db8e5ee978b82828ad15a455c40eb21408b92,C:\Users\gduff\Downloads\cb-tb-1601-2200-v5-factory-run\pdfs\CB-TB-2093_Hughes.pdf,pdf_inventory_criminal,pdf_hash_unique|dupes=2,NO_GOLD,criminal,OFFLINE_CLIENT_PROJECTION,,,
sha:17fda749dfc29b0e02a710a508e46c30e7e8a17e67f1e6f96f162d861f8c1bc5,PDF-17fda749dfc2,CB-TB-1504_Dixon,CB-TB-1504_Dixon.pdf,17fda749dfc29b0e02a710a508e46c30e7e8a17e67f1e6f96f162d861f8c1bc5,C:\Users\gduff\Downloads\cb-tb-1501-1600-v5-factory-run\pdfs\CB-TB-1504_Dixon.pdf,pdf_inventory_criminal,pdf_hash_unique|dupes=2,NO_GOLD,criminal,OFFLINE_CLIENT_PROJECTION,,,
sha:180b9c23052ab8ebffc2e127d2381151c5c725daa7d235fd60ccb685b9b3e535,PDF-180b9c23052a,CB-TB-478_Murphy,CB-TB-478_Murphy.pdf,180b9c23052ab8ebffc2e127d2381151c5c725daa7d235fd60ccb685b9b3e535,C:\Users\gduff\Downloads\cb-tb-401-500-v5\pdfs\CB-TB-478_Murphy.pdf,pdf_inventory_criminal,pdf_hash_unique|dupes=2,NO_GOLD,criminal,OFFLINE_CLIENT_PROJECTION,,,
sha:1832e91145a62784d2c395e74d54e144c55df8612ff2884b59f2f2d8b94dd577,PDF-1832e91145a6,CB-TB-1490_Ash,CB-TB-1490_Ash.pdf,1832e91145a62784d2c395e74d54e144c55df8612ff2884b59f2f2d8b94dd577,C:\Users\gduff\Downloads\cb-tb-1401-1500-v5-tmp\pdfs\CB-TB-1490_Ash.pdf,pdf_inventory_criminal,pdf_hash_unique|dupes=1,NO_GOLD,criminal,OFFLINE_CLIENT_PROJECTION,,,
sha:1848f0971a9e29a8dd2b17386a443db7493ec5baa1c00bd1697c987f7d9e403b,PDF-1848f0971a9e,CB-TB-1619_Khan,CB-TB-1619_Khan.pdf,1848f0971a9e29a8dd2b17386a443db7493ec5baa1c00bd1697c987f7d9e403b,C:\Users\gduff\Downloads\cb-tb-1601-2200-v5-factory-run\pdfs\CB-TB-1619_Khan.pdf,pdf_inventory_criminal,pdf_hash_unique|dupes=4,NO_GOLD,criminal,OFFLINE_CLIENT_PROJECTION,,,
sha:18b890e40968f299a9b7848418ad8a2ae4776527917582f6e8d8209cb37fcd9d,PDF-18b890e40968,CB-TB-2041_Wright,CB-TB-2041_Wright.pdf,18b890e40968f299a9b7848418ad8a2ae4776527917582f6e8d8209cb37fcd9d,C:\Users\gduff\Downloads\cb-tb-1601-2200-v5-factory-run\pdfs\CB-TB-2041_Wright.pdf,pdf_inventory_criminal,pdf_hash_unique|dupes=2,NO_GOLD,criminal,OFFLINE_CLIENT_PROJECTION,,,
sha:18b8c76fe1e75a940cc63f5f7f5277c6d1f54e9798eb8d1e9dd1556c7c7de82c,PDF-18b8c76fe1e7,CB-TB-1079_Mitchell,CB-TB-1079_Mitchell.pdf,18b8c76fe1e75a940cc63f5f7f5277c6d1f54e9798eb8d1e9dd1556c7c7de82c,C:\Users\gduff\Downloads\cb-tb-901-1100-v5\pdfs\CB-TB-1079_Mitchell.pdf,pdf_inventory_criminal,pdf_hash_unique|dupes=2,NO_GOLD,criminal,OFFLINE_CLIENT_PROJECTION,,,
sha:191192466582d970689cfaa4e75b9ac4b6fd05313c8dbaa5c25704221ddefb10,PDF-191192466582,CB-TB-307_Ash,CB-TB-307_Ash.pdf,191192466582d970689cfaa4e75b9ac4b6fd05313c8dbaa5c25704221ddefb10,C:\Users\gduff\Downloads\cb-tb-301-400-v4\pdfs\CB-TB-307_Ash.pdf,pdf_inventory_criminal,pdf_hash_unique|dupes=2,NO_GOLD,criminal,OFFLINE_CLIENT_PROJECTION,,,
sha:192754a45545e7a691f0b8a291208785d3ea6ba012b87af6296334bb3e96ce23,PDF-192754a45545,CB-TB-1678_Merritt,CB-TB-1678_Merritt.pdf,192754a45545e7a691f0b8a291208785d3ea6ba012b87af6296334bb3e96ce23,C:\Users\gduff\Downloads\cb-tb-1601-2200-v5-factory-run\pdfs\CB-TB-1678_Merritt.pdf,pdf_inventory_criminal,pdf_hash_unique|dupes=4,NO_GOLD,criminal,OFFLINE_CLIENT_PROJECTION,,,
sha:1962743272e0a3d0e76317f56cb62c5f4318bddd3b0a8185a92a055f9bfcc324,PDF-1962743272e0,CB-TB-1445_Thornton,CB-TB-1445_Thornton.pdf,1962743272e0a3d0e76317f56cb62c5f4318bddd3b0a8185a92a055f9bfcc324,C:\Users\gduff\Downloads\cb-tb-1401-1500-v5-tmp\pdfs\CB-TB-1445_Thornton.pdf,pdf_inventory_criminal,pdf_hash_unique|dupes=1,NO_GOLD,criminal,OFFLINE_CLIENT_PROJECTION,,,
sha:1963db81219d4ea8d6e02eca46abb08e266e03ea6bdd3530c55affdc9847bef4,PDF-1963db81219d,CB-TB-895_Merritt,CB-TB-895_Merritt.pdf,1963db81219d4ea8d6e02eca46abb08e266e03ea6bdd3530c55affdc9847bef4,C:\Users\gduff\Downloads\cb-tb-801-900-v5\pdfs\CB-TB-895_Merritt.pdf,pdf_inventory_criminal,pdf_hash_unique|dupes=1,NO_GOLD,criminal,OFFLINE_CLIENT_PROJECTION,,,
sha:1976cff5174a7775205d447c00b1293d04e685846fb9c42a9fc34b0cb1557261,PDF-1976cff5174a,CB-TB-012_Alex_Morley,CB-TB-012_Alex_Morley.pdf,1976cff5174a7775205d447c00b1293d04e685846fb9c42a9fc34b0cb1557261,C:\Users\gduff\Downloads\CaseBrain_Blind_Bundle_Factory_v2_30_bundles (1)\pdfs\CB-TB-012_Alex_Morley.pdf,pdf_inventory_criminal,pdf_hash_unique|dupes=2,NO_GOLD,criminal,OFFLINE_CLIENT_PROJECTION,,,
sha:198ffd999dc99998748e08fa486c2f14ac53b1fa310ac7df102537e3f539ec33,PDF-198ffd999dc9,CB-TB-1302_Khan,CB-TB-1302_Khan.pdf,198ffd999dc99998748e08fa486c2f14ac53b1fa310ac7df102537e3f539ec33,C:\Users\gduff\Downloads\cb-tb-1301-1400-v5\pdfs\CB-TB-1302_Khan.pdf,pdf_inventory_criminal,pdf_hash_unique|dupes=2,NO_GOLD,criminal,OFFLINE_CLIENT_PROJECTION,,,
sha:19b3d7a1cc371a6e1db37b06cbe56617dd213c39e33cab43d4c52e4ef11c68f7,PDF-19b3d7a1cc37,CB-TB-693_Ross,CB-TB-693_Ross.pdf,19b3d7a1cc371a6e1db37b06cbe56617dd213c39e33cab43d4c52e4ef11c68f7,C:\Users\gduff\Downloads\cb-tb-601-700-v5\pdfs\CB-TB-693_Ross.pdf,pdf_inventory_criminal,pdf_hash_unique|dupes=1,NO_GOLD,criminal,OFFLINE_CLIENT_PROJECTION,,,
sha:19cf1528c31ff2209d92ac98d266931f4bf90ed486d00da8b2b8081ecfd502c4,PDF-19cf1528c31f,CB-TB-1066_Pike,CB-TB-1066_Pike.pdf,19cf1528c31ff2209d92ac98d266931f4bf90ed486d00da8b2b8081ecfd502c4,C:\Users\gduff\Downloads\cb-tb-901-1100-v5\pdfs\CB-TB-1066_Pike.pdf,pdf_inventory_criminal,pdf_hash_unique|dupes=2,NO_GOLD,criminal,OFFLINE_CLIENT_PROJECTION,,,
sha:19d6f0ad8bd789913f8649b06bda0eed89d11a2a52031e0b4d0c4433c41273b6,PDF-19d6f0ad8bd7,CB-TB-001_Hale,CB-TB-001_Hale.pdf,19d6f0ad8bd789913f8649b06bda0eed89d11a2a52031e0b4d0c4433c41273b6,C:\Users\gduff\Downloads\cb-tb-001-050-v3\pdfs\CB-TB-001_Hale.pdf,pdf_inventory_criminal,pdf_hash_unique|dupes=2,NO_GOLD,criminal,OFFLINE_CLIENT_PROJECTION,,,
sha:19e1567a6785514acd4150a6eab4aca42ba2e4547697a672ddee6a774bf34287,PDF-19e1567a6785,CB-TB-1533_Holland,CB-TB-1533_Holland.pdf,19e1567a6785514acd4150a6eab4aca42ba2e4547697a672ddee6a774bf34287,C:\Users\gduff\Downloads\cb-tb-1501-1600-v5-factory-run\pdfs\CB-TB-1533_Holland.pdf,pdf_inventory_criminal,pdf_hash_unique|dupes=2,NO_GOLD,criminal,OFFLINE_CLIENT_PROJECTION,,,
sha:1a04d99d75ecdde87aafb2aa6d543795851f1d67fe514348c44f4abcf9d31299,PDF-1a04d99d75ec,CB-TB-805_Flint,CB-TB-805_Flint.pdf,1a04d99d75ecdde87aafb2aa6d543795851f1d67fe514348c44f4abcf9d31299,C:\Users\gduff\Downloads\cb-tb-801-900-v5\pdfs\CB-TB-805_Flint.pdf,pdf_inventory_criminal,pdf_hash_unique|dupes=1,NO_GOLD,criminal,OFFLINE_CLIENT_PROJECTION,,,
sha:1a7b450c2b3a1b9aaa2d5aa975d531d65fbd34f76f90e32795030e370e73f73a,PDF-1a7b450c2b3a,CB-TB-1680_Grant,CB-TB-1680_Grant.pdf,1a7b450c2b3a1b9aaa2d5aa975d531d65fbd34f76f90e32795030e370e73f73a,C:\Users\gduff\Downloads\cb-tb-1601-2200-v5-factory-run\pdfs\CB-TB-1680_Grant.pdf,pdf_inventory_criminal,pdf_hash_unique|dupes=4,NO_GOLD,criminal,OFFLINE_CLIENT_PROJECTION,,,
sha:1aa615a74f4e48ae0bf5f2e0c46b5be61626c48a79db09b0dbc39fb6c3477d6b,PDF-1aa615a74f4e,CB-TB-754_Bennett,CB-TB-754_Bennett.pdf,1aa615a74f4e48ae0bf5f2e0c46b5be61626c48a79db09b0dbc39fb6c3477d6b,C:\Users\gduff\Downloads\cb-tb-701-800-v5\pdfs\CB-TB-754_Bennett.pdf,pdf_inventory_criminal,pdf_hash_unique|dupes=1,NO_GOLD,criminal,OFFLINE_CLIENT_PROJECTION,,,
sha:1ab6fe97d61e035c4ecc4c5a19f44d7ed44e9230618705cf58df8bf1570f0047,PDF-1ab6fe97d61e,CB-TB-095_Fox,CB-TB-095_Fox.pdf,1ab6fe97d61e035c4ecc4c5a19f44d7ed44e9230618705cf58df8bf1570f0047,C:\Users\gduff\Downloads\cb-tb-031-100-v4\pdfs\CB-TB-095_Fox.pdf,pdf_inventory_criminal,pdf_hash_unique|dupes=1,NO_GOLD,criminal,OFFLINE_CLIENT_PROJECTION,,,
sha:1ad05b82dccca93c0d62704a274f86520722107fb8e27d7750764e6baf5ced85,PDF-1ad05b82dccc,CB-TB-181_Burke,CB-TB-181_Burke.pdf,1ad05b82dccca93c0d62704a274f86520722107fb8e27d7750764e6baf5ced85,C:\Users\gduff\Downloads\cb-tb-101-200-v4\pdfs\CB-TB-181_Burke.pdf,pdf_inventory_criminal,pdf_hash_unique|dupes=1,NO_GOLD,criminal,OFFLINE_CLIENT_PROJECTION,,,
sha:1aef42d68d159e98e2e882b227570c18ba267b69c5c1e9bffbb174ffd823b8d4,PDF-1aef42d68d15,CB-TB-730_Grant,CB-TB-730_Grant.pdf,1aef42d68d159e98e2e882b227570c18ba267b69c5c1e9bffbb174ffd823b8d4,C:\Users\gduff\Downloads\cb-tb-701-800-v5\pdfs\CB-TB-730_Grant.pdf,pdf_inventory_criminal,pdf_hash_unique|dupes=1,NO_GOLD,criminal,OFFLINE_CLIENT_PROJECTION,,,
sha:1af68ed606d29348dbff9019135b53b79c5c1916938ea493782419e70e88841d,PDF-1af68ed606d2,CB-TB-321_Quinn,CB-TB-321_Quinn.pdf,1af68ed606d29348dbff9019135b53b79c5c1916938ea493782419e70e88841d,C:\Users\gduff\Downloads\cb-tb-301-400-v4\pdfs\CB-TB-321_Quinn.pdf,pdf_inventory_criminal,pdf_hash_unique|dupes=2,NO_GOLD,criminal,OFFLINE_CLIENT_PROJECTION,,,
sha:1b068a00aab331605a5e302c2283db81837bbecd543841a276163832bf4186d9,PDF-1b068a00aab3,CB-TB-1359_Baines,CB-TB-1359_Baines.pdf,1b068a00aab331605a5e302c2283db81837bbecd543841a276163832bf4186d9,C:\Users\gduff\Downloads\cb-tb-1301-1400-v5\pdfs\CB-TB-1359_Baines.pdf,pdf_inventory_criminal,pdf_hash_unique|dupes=2,NO_GOLD,criminal,OFFLINE_CLIENT_PROJECTION,,,
sha:1b4575c5998196614242f782f62d0aeb6e4b65b44f9f28c9ba2a5a7861e146fd,PDF-1b4575c59981,CB-TB-1129_Stone,CB-TB-1129_Stone.pdf,1b4575c5998196614242f782f62d0aeb6e4b65b44f9f28c9ba2a5a7861e146fd,C:\Users\gduff\Downloads\cb-tb-1101-1400-v5\pdfs\CB-TB-1129_Stone.pdf,pdf_inventory_criminal,pdf_hash_unique|dupes=2,NO_GOLD,criminal,OFFLINE_CLIENT_PROJECTION,,,
sha:1b566782c9440b76798baecd09130b0eed4b1ff70310ef5daaf6fb116e2f8d63,PDF-1b566782c944,CB-TB-1736_Ashcroft,CB-TB-1736_Ashcroft.pdf,1b566782c9440b76798baecd09130b0eed4b1ff70310ef5daaf6fb116e2f8d63,C:\Users\gduff\Downloads\cb-tb-1601-2200-v5-factory-run\pdfs\CB-TB-1736_Ashcroft.pdf,pdf_inventory_criminal,pdf_hash_unique|dupes=2,NO_GOLD,criminal,OFFLINE_CLIENT_PROJECTION,,,
sha:1b8270bac17477d219a55bf7073405bd3ad8bec7f0f18679138274ef47e836e9,PDF-1b8270bac174,CB-TB-1724_Price,CB-TB-1724_Price.pdf,1b8270bac17477d219a55bf7073405bd3ad8bec7f0f18679138274ef47e836e9,C:\Users\gduff\Downloads\cb-tb-1601-2200-v5-factory-run\pdfs\CB-TB-1724_Price.pdf,pdf_inventory_criminal,pdf_hash_unique|dupes=2,NO_GOLD,criminal,OFFLINE_CLIENT_PROJECTION,,,
sha:1bbdafa86ac4974665161c28b9080d839459a662f9f1b2c18274af7ba476fd2d,PDF-1bbdafa86ac4,CB-TB-296_Lark,CB-TB-296_Lark.pdf,1bbdafa86ac4974665161c28b9080d839459a662f9f1b2c18274af7ba476fd2d,C:\Users\gduff\Downloads\cb-tb-201-300-v4\pdfs\CB-TB-296_Lark.pdf,pdf_inventory_criminal,pdf_hash_unique|dupes=1,NO_GOLD,criminal,OFFLINE_CLIENT_PROJECTION,,,
sha:1bd82cab8217d963045f6e63c868ca5381e9bdd4c1d0b68cab57d18e74e8e4bc,PDF-1bd82cab8217,CB-TB-972_Akhtar,CB-TB-972_Akhtar.pdf,1bd82cab8217d963045f6e63c868ca5381e9bdd4c1d0b68cab57d18e74e8e4bc,C:\Users\gduff\Downloads\cb-tb-901-1100-v5\pdfs\CB-TB-972_Akhtar.pdf,pdf_inventory_criminal,pdf_hash_unique|dupes=2,NO_GOLD,criminal,OFFLINE_CLIENT_PROJECTION,,,
sha:1bf39134d7544720724e8395609fcb77db45cf82a54765ee47ef3255e40d8a38,PDF-1bf39134d754,CB-TB-681_Ross,CB-TB-681_Ross.pdf,1bf39134d7544720724e8395609fcb77db45cf82a54765ee47ef3255e40d8a38,C:\Users\gduff\Downloads\cb-tb-601-700-v5\pdfs\CB-TB-681_Ross.pdf,pdf_inventory_criminal,pdf_hash_unique|dupes=1,NO_GOLD,criminal,OFFLINE_CLIENT_PROJECTION,,,
sha:1c00a89f58b83984c19a48ac0b23229e876aef354cceb32d370e3f324d47ba8c,PDF-1c00a89f58b8,CB-TB-394_Thornton,CB-TB-394_Thornton.pdf,1c00a89f58b83984c19a48ac0b23229e876aef354cceb32d370e3f324d47ba8c,C:\Users\gduff\Downloads\cb-tb-301-400-v4\pdfs\CB-TB-394_Thornton.pdf,pdf_inventory_criminal,pdf_hash_unique|dupes=2,NO_GOLD,criminal,OFFLINE_CLIENT_PROJECTION,,,
sha:1c40d73a3ec13748401ab6f7f1334308a36d78fdd0a3fac8c65ddf9e68267817,PDF-1c40d73a3ec1,CB-TB-1340_Forrest,CB-TB-1340_Forrest.pdf,1c40d73a3ec13748401ab6f7f1334308a36d78fdd0a3fac8c65ddf9e68267817,C:\Users\gduff\Downloads\cb-tb-1301-1400-v5\pdfs\CB-TB-1340_Forrest.pdf,pdf_inventory_criminal,pdf_hash_unique|dupes=2,NO_GOLD,criminal,OFFLINE_CLIENT_PROJECTION,,,
sha:1c56975a632ed184a55580e1ac74bdb920a80501eca3075676605bcb3e8232ca,PDF-1c56975a632e,CB-TB-1822_Nolan,CB-TB-1822_Nolan.pdf,1c56975a632ed184a55580e1ac74bdb920a80501eca3075676605bcb3e8232ca,C:\Users\gduff\Downloads\cb-tb-1601-2200-v5-factory-run\pdfs\CB-TB-1822_Nolan.pdf,pdf_inventory_criminal,pdf_hash_unique|dupes=2,NO_GOLD,criminal,OFFLINE_CLIENT_PROJECTION,,,
sha:1c77bb50f9c37e327377d1dc574fb42b09f5dc52fab83ecba23b485ecba98458,PDF-1c77bb50f9c3,CB-TB-2021_Sutton,CB-TB-2021_Sutton.pdf,1c77bb50f9c37e327377d1dc574fb42b09f5dc52fab83ecba23b485ecba98458,C:\Users\gduff\Downloads\cb-tb-1601-2200-v5-factory-run\pdfs\CB-TB-2021_Sutton.pdf,pdf_inventory_criminal,pdf_hash_unique|dupes=2,NO_GOLD,criminal,OFFLINE_CLIENT_PROJECTION,,,
sha:1cb4ec586c81a96f5ddd231b42a56d9f07d5e99a5a38c0c0fc4daceafa090c49,PDF-1cb4ec586c81,CB-TB-1926_Rahman,CB-TB-1926_Rahman.pdf,1cb4ec586c81a96f5ddd231b42a56d9f07d5e99a5a38c0c0fc4daceafa090c49,C:\Users\gduff\Downloads\cb-tb-1601-2200-v5-factory-run\pdfs\CB-TB-1926_Rahman.pdf,pdf_inventory_criminal,pdf_hash_unique|dupes=2,NO_GOLD,criminal,OFFLINE_CLIENT_PROJECTION,,,
sha:1cc7058664c6ac92ed256fc1ced632fd5eb03bcdd0430131a5c2cc6181d318b0,PDF-1cc7058664c6,CB-TB-742_Morley,CB-TB-742_Morley.pdf,1cc7058664c6ac92ed256fc1ced632fd5eb03bcdd0430131a5c2cc6181d318b0,C:\Users\gduff\Downloads\cb-tb-701-800-v5\pdfs\CB-TB-742_Morley.pdf,pdf_inventory_criminal,pdf_hash_unique|dupes=1,NO_GOLD,criminal,OFFLINE_CLIENT_PROJECTION,,,
sha:1cd55ee24522119f2ae0f67e40ef786acd914107350697c2f063e585097f6696,PDF-1cd55ee24522,CB-TB-978_Walsh,CB-TB-978_Walsh.pdf,1cd55ee24522119f2ae0f67e40ef786acd914107350697c2f063e585097f6696,C:\Users\gduff\Downloads\cb-tb-901-1100-v5\pdfs\CB-TB-978_Walsh.pdf,pdf_inventory_criminal,pdf_hash_unique|dupes=2,NO_GOLD,criminal,OFFLINE_CLIENT_PROJECTION,,,
sha:1cfebca3a359975d933d42862a8e1be1c1f64d86b2d0faa489b69a1e4916cbb9,PDF-1cfebca3a359,CB-TB-938_Ellis,CB-TB-938_Ellis.pdf,1cfebca3a359975d933d42862a8e1be1c1f64d86b2d0faa489b69a1e4916cbb9,C:\Users\gduff\Downloads\cb-tb-901-1100-v5\pdfs\CB-TB-938_Ellis.pdf,pdf_inventory_criminal,pdf_hash_unique|dupes=2,NO_GOLD,criminal,OFFLINE_CLIENT_PROJECTION,,,
sha:1d13f336929d77b73318d23e12f0a04d8e3fa6014558d01305bdb03415e61ca0,PDF-1d13f336929d,CB-TB-432_Turner,CB-TB-432_Turner.pdf,1d13f336929d77b73318d23e12f0a04d8e3fa6014558d01305bdb03415e61ca0,C:\Users\gduff\Downloads\cb-tb-401-500-v5\pdfs\CB-TB-432_Turner.pdf,pdf_inventory_criminal,pdf_hash_unique|dupes=2,NO_GOLD,criminal,OFFLINE_CLIENT_PROJECTION,,,
sha:1d168679c0c34c27f8026749267642ba70d967fa9ea6741eb91b0407b4a43373,PDF-1d168679c0c3,CB-TB-1651_Cole,CB-TB-1651_Cole.pdf,1d168679c0c34c27f8026749267642ba70d967fa9ea6741eb91b0407b4a43373,C:\Users\gduff\Downloads\cb-tb-1601-2200-v5-factory-run\pdfs\CB-TB-1651_Cole.pdf,pdf_inventory_criminal,pdf_hash_unique|dupes=4,NO_GOLD,criminal,OFFLINE_CLIENT_PROJECTION,,,
sha:1d5b00bb7485a30c2a302a6afa74c04aeee7c7d0af6e46c5f54a3b24f9759e7d,PDF-1d5b00bb7485,CB-TB-390_Baines,CB-TB-390_Baines.pdf,1d5b00bb7485a30c2a302a6afa74c04aeee7c7d0af6e46c5f54a3b24f9759e7d,C:\Users\gduff\Downloads\cb-tb-301-400-v4\pdfs\CB-TB-390_Baines.pdf,pdf_inventory_criminal,pdf_hash_unique|dupes=2,NO_GOLD,criminal,OFFLINE_CLIENT_PROJECTION,,,
sha:1d5c2dd8270eea6ed90678e1b2b1e4f6d20d15ba9dee17153333700b07dc2c8c,PDF-1d5c2dd8270e,CB-TB-1326_Byrne,CB-TB-1326_Byrne.pdf,1d5c2dd8270eea6ed90678e1b2b1e4f6d20d15ba9dee17153333700b07dc2c8c,C:\Users\gduff\Downloads\cb-tb-1301-1400-v5\pdfs\CB-TB-1326_Byrne.pdf,pdf_inventory_criminal,pdf_hash_unique|dupes=2,NO_GOLD,criminal,OFFLINE_CLIENT_PROJECTION,,,
sha:1da532e5aa62e8bbac18f464986448f1c853b41446d803190279f9b69a560435,PDF-1da532e5aa62,CB-TB-132_Owen,CB-TB-132_Owen.pdf,1da532e5aa62e8bbac18f464986448f1c853b41446d803190279f9b69a560435,C:\Users\gduff\Downloads\cb-tb-101-200-v4\pdfs\CB-TB-132_Owen.pdf,pdf_inventory_criminal,pdf_hash_unique|dupes=1,NO_GOLD,criminal,OFFLINE_CLIENT_PROJECTION,,,
sha:1db27817afb48d5a92aeb5ea69d09183c56e36c37d53aaa3b0a9871d7b2f688d,PDF-1db27817afb4,CB-TB-001_Ryan_Hale,CB-TB-001_Ryan_Hale.pdf,1db27817afb48d5a92aeb5ea69d09183c56e36c37d53aaa3b0a9871d7b2f688d,C:\Users\gduff\Downloads\CaseBrain_Blind_Bundle_Factory_v2_30_bundles (1)\pdfs\CB-TB-001_Ryan_Hale.pdf,pdf_inventory_criminal,pdf_hash_unique|dupes=2,NO_GOLD,criminal,BACKEND_LIVE,,05cdae3d-409b-4a27-b8ef-c619d4171883,R v Ryan Hale
sha:1dbac4c1e46fdbb3fb4d883d838b30b9c28feabbb5c92c4658a272ba2ade6924,PDF-1dbac4c1e46f,CB-TB-2130_Shaw,CB-TB-2130_Shaw.pdf,1dbac4c1e46fdbb3fb4d883d838b30b9c28feabbb5c92c4658a272ba2ade6924,C:\Users\gduff\Downloads\cb-tb-1601-2200-v5-factory-run\pdfs\CB-TB-2130_Shaw.pdf,pdf_inventory_criminal,pdf_hash_unique|dupes=2,NO_GOLD,criminal,OFFLINE_CLIENT_PROJECTION,,,
sha:1dc663f0da40fe0d8ba122ea26743459528e6f8712c078acfabf98b2d2944dd8,PDF-1dc663f0da40,CB-TB-1278_Blake,CB-TB-1278_Blake.pdf,1dc663f0da40fe0d8ba122ea26743459528e6f8712c078acfabf98b2d2944dd8,C:\Users\gduff\Downloads\cb-tb-1201-1300-v5\pdfs\CB-TB-1278_Blake.pdf,pdf_inventory_criminal,pdf_hash_unique|dupes=2,NO_GOLD,criminal,OFFLINE_CLIENT_PROJECTION,,,
sha:1ddfa706c1e68cd78f0a131b307212039081af7758443462b8fd922af218cb24,PDF-1ddfa706c1e6,CB-TB-2056_Moran,CB-TB-2056_Moran.pdf,1ddfa706c1e68cd78f0a131b307212039081af7758443462b8fd922af218cb24,C:\Users\gduff\Downloads\cb-tb-1601-2200-v5-factory-run\pdfs\CB-TB-2056_Moran.pdf,pdf_inventory_criminal,pdf_hash_unique|dupes=2,NO_GOLD,criminal,OFFLINE_CLIENT_PROJECTION,,,
sha:1de50e6c066fb42b1ce27df2a6c7f2d7ffaadc1d2b0e971acfd063a746ed92a6,PDF-1de50e6c066f,CB-TB-734_Mitchell,CB-TB-734_Mitchell.pdf,1de50e6c066fb42b1ce27df2a6c7f2d7ffaadc1d2b0e971acfd063a746ed92a6,C:\Users\gduff\Downloads\cb-tb-701-800-v5\pdfs\CB-TB-734_Mitchell.pdf,pdf_inventory_criminal,pdf_hash_unique|dupes=1,NO_GOLD,criminal,OFFLINE_CLIENT_PROJECTION,,,
sha:1e223a9582a41c18a84fdadb9799741a0bd02ffe2a65a6c06764664ca609aef7,PDF-1e223a9582a4,CB-TB-110_Okonkwo,CB-TB-110_Okonkwo.pdf,1e223a9582a41c18a84fdadb9799741a0bd02ffe2a65a6c06764664ca609aef7,C:\Users\gduff\Downloads\cb-tb-101-200-v4\pdfs\CB-TB-110_Okonkwo.pdf,pdf_inventory_criminal,pdf_hash_unique|dupes=1,NO_GOLD,criminal,OFFLINE_CLIENT_PROJECTION,,,
sha:1e3584373e6cea63160a3c4c976c218755d8164d9af4e0b897fce3639514345b,PDF-1e3584373e6c,CB-TB-1865_Byrom,CB-TB-1865_Byrom.pdf,1e3584373e6cea63160a3c4c976c218755d8164d9af4e0b897fce3639514345b,C:\Users\gduff\Downloads\cb-tb-1601-2200-v5-factory-run\pdfs\CB-TB-1865_Byrom.pdf,pdf_inventory_criminal,pdf_hash_unique|dupes=2,NO_GOLD,criminal,OFFLINE_CLIENT_PROJECTION,,,
sha:1e39234a34602ee26fc6f0481af80139d98c7e6faf1b502292fb5526006e009b,PDF-1e39234a3460,CB-TB-1303_Stone,CB-TB-1303_Stone.pdf,1e39234a34602ee26fc6f0481af80139d98c7e6faf1b502292fb5526006e009b,C:\Users\gduff\Downloads\cb-tb-1301-1400-v5\pdfs\CB-TB-1303_Stone.pdf,pdf_inventory_criminal,pdf_hash_unique|dupes=2,NO_GOLD,criminal,OFFLINE_CLIENT_PROJECTION,,,
sha:1e466e43bbd94dff93858f369033d46fff532a588753ccd8948992fecf8a03f3,PDF-1e466e43bbd9,CB-TB-456_Crawford,CB-TB-456_Crawford.pdf,1e466e43bbd94dff93858f369033d46fff532a588753ccd8948992fecf8a03f3,C:\Users\gduff\Downloads\cb-tb-401-500-v5\pdfs\CB-TB-456_Crawford.pdf,pdf_inventory_criminal,pdf_hash_unique|dupes=2,NO_GOLD,criminal,OFFLINE_CLIENT_PROJECTION,,,
sha:1e5f0f888108dbbe4dcb69b5fceb147de80e4994cd605ccbc0537fd92bda5e77,PDF-1e5f0f888108,CB-TB-2083_Fletcher,CB-TB-2083_Fletcher.pdf,1e5f0f888108dbbe4dcb69b5fceb147de80e4994cd605ccbc0537fd92bda5e77,C:\Users\gduff\Downloads\cb-tb-1601-2200-v5-factory-run\pdfs\CB-TB-2083_Fletcher.pdf,pdf_inventory_criminal,pdf_hash_unique|dupes=2,NO_GOLD,criminal,OFFLINE_CLIENT_PROJECTION,,,
sha:1e630b94fbd245f8885fd14cc16a9701f8ba9ca665885008ff898576a2833a98,PDF-1e630b94fbd2,CB-TB-1213_Clarke,CB-TB-1213_Clarke.pdf,1e630b94fbd245f8885fd14cc16a9701f8ba9ca665885008ff898576a2833a98,C:\Users\gduff\Downloads\cb-tb-1201-1300-v5\pdfs\CB-TB-1213_Clarke.pdf,pdf_inventory_criminal,pdf_hash_unique|dupes=2,NO_GOLD,criminal,OFFLINE_CLIENT_PROJECTION,,,
sha:1e6391e2d10341e02705ac9e83119478e72765a84f46f3b068c881b69c705c40,PDF-1e6391e2d103,CB-TB-1640_Thornton,CB-TB-1640_Thornton.pdf,1e6391e2d10341e02705ac9e83119478e72765a84f46f3b068c881b69c705c40,C:\Users\gduff\Downloads\cb-tb-1601-2200-v5-factory-run\pdfs\CB-TB-1640_Thornton.pdf,pdf_inventory_criminal,pdf_hash_unique|dupes=4,NO_GOLD,criminal,OFFLINE_CLIENT_PROJECTION,,,
sha:1e7ca10b5211da0212b0b4a9a67d071d9832d3e15630956c3915e362a55d403a,PDF-1e7ca10b5211,CB-TB-118_Walsh,CB-TB-118_Walsh.pdf,1e7ca10b5211da0212b0b4a9a67d071d9832d3e15630956c3915e362a55d403a,C:\Users\gduff\Downloads\cb-tb-101-200-v4\pdfs\CB-TB-118_Walsh.pdf,pdf_inventory_criminal,pdf_hash_unique|dupes=1,NO_GOLD,criminal,OFFLINE_CLIENT_PROJECTION,,,
sha:1ea03cd9eb3ddbf142afee71995b78325fb4289e322bb3d6585a4b9674f6dba5,PDF-1ea03cd9eb3d,CB-TB-569_Marsh,CB-TB-569_Marsh.pdf,1ea03cd9eb3ddbf142afee71995b78325fb4289e322bb3d6585a4b9674f6dba5,C:\Users\gduff\Downloads\cb-tb-501-600-v5-extract\pdfs\CB-TB-569_Marsh.pdf,pdf_inventory_criminal,pdf_hash_unique|dupes=3,NO_GOLD,criminal,OFFLINE_CLIENT_PROJECTION,,,
sha:1eb013bb2115270dfcd48bde5529740e8e0b0fabf6d88ae706df86f6c78111ba,PDF-1eb013bb2115,CB-TB-02_Liam_Parker,CB-TB-02_Liam_Parker.pdf,1eb013bb2115270dfcd48bde5529740e8e0b0fabf6d88ae706df86f6c78111ba,C:\Users\gduff\Downloads\CB-TB-02_Liam_Parker.pdf,pdf_inventory_criminal,pdf_hash_unique|dupes=2,NO_GOLD,criminal,BACKEND_LIVE,,c36b7aed-d7e6-4b6e-8cd9-1f5d80c0eaac,new cases for cursor — Case 2
sha:1ebf0ec0f22cba08834a37b778de84b704adb085eab030373c4de5cc2bfb72be,PDF-1ebf0ec0f22c,CB-TB-669_Foster,CB-TB-669_Foster.pdf,1ebf0ec0f22cba08834a37b778de84b704adb085eab030373c4de5cc2bfb72be,C:\Users\gduff\Downloads\cb-tb-601-700-v5\pdfs\CB-TB-669_Foster.pdf,pdf_inventory_criminal,pdf_hash_unique|dupes=1,NO_GOLD,criminal,OFFLINE_CLIENT_PROJECTION,,,
sha:1ec53df73dd1b0d38e28253b44207ab0d7dbeeb6953aaab97e417f8513dedb34,PDF-1ec53df73dd1,CB-TB-299_Rafiq,CB-TB-299_Rafiq.pdf,1ec53df73dd1b0d38e28253b44207ab0d7dbeeb6953aaab97e417f8513dedb34,C:\Users\gduff\Downloads\cb-tb-201-300-v4\pdfs\CB-TB-299_Rafiq.pdf,pdf_inventory_criminal,pdf_hash_unique|dupes=1,NO_GOLD,criminal,OFFLINE_CLIENT_PROJECTION,,,
sha:1ed2e1f03ed63c699f56d9df344d6c4f1c8e0373bb3991cf9aab4d030ddc3569,PDF-1ed2e1f03ed6,CB-TB-077_Yusuf,CB-TB-077_Yusuf.pdf,1ed2e1f03ed63c699f56d9df344d6c4f1c8e0373bb3991cf9aab4d030ddc3569,C:\Users\gduff\Downloads\cb-tb-031-100-v4\pdfs\CB-TB-077_Yusuf.pdf,pdf_inventory_criminal,pdf_hash_unique|dupes=1,NO_GOLD,criminal,OFFLINE_CLIENT_PROJECTION,,,
sha:1ede7d49eddb4baadf355302aa39c6c94d7f1ac2f96df8c7d604ba4baf40acc2,PDF-1ede7d49eddb,CB-TB-1889_Brookes,CB-TB-1889_Brookes.pdf,1ede7d49eddb4baadf355302aa39c6c94d7f1ac2f96df8c7d604ba4baf40acc2,C:\Users\gduff\Downloads\cb-tb-1601-2200-v5-factory-run\pdfs\CB-TB-1889_Brookes.pdf,pdf_inventory_criminal,pdf_hash_unique|dupes=2,NO_GOLD,criminal,OFFLINE_CLIENT_PROJECTION,,,
sha:1f00974906d9a94720939c29f8fbe97c06ab6cf9c0a6e7fc3c22e0d50b645399,PDF-1f00974906d9,CB-TB-588_Clarke,CB-TB-588_Clarke.pdf,1f00974906d9a94720939c29f8fbe97c06ab6cf9c0a6e7fc3c22e0d50b645399,C:\Users\gduff\Downloads\cb-tb-501-600-v5-extract\pdfs\CB-TB-588_Clarke.pdf,pdf_inventory_criminal,pdf_hash_unique|dupes=3,NO_GOLD,criminal,OFFLINE_CLIENT_PROJECTION,,,
sha:1f06a9de6f090e1df1c88a4e385197d45d3d789c6063e42af90403a3c9f2510c,PDF-1f06a9de6f09,CB-TB-739_Bennett,CB-TB-739_Bennett.pdf,1f06a9de6f090e1df1c88a4e385197d45d3d789c6063e42af90403a3c9f2510c,C:\Users\gduff\Downloads\cb-tb-701-800-v5\pdfs\CB-TB-739_Bennett.pdf,pdf_inventory_criminal,pdf_hash_unique|dupes=1,NO_GOLD,criminal,OFFLINE_CLIENT_PROJECTION,,,
sha:1f22ccbdfb7d9ea332e724a6e32483867aa7aa4458b3bf935bc5bfe42b3c9904,PDF-1f22ccbdfb7d,CB-TB-405_Brooks,CB-TB-405_Brooks.pdf,1f22ccbdfb7d9ea332e724a6e32483867aa7aa4458b3bf935bc5bfe42b3c9904,C:\Users\gduff\Downloads\cb-tb-401-500-v5\pdfs\CB-TB-405_Brooks.pdf,pdf_inventory_criminal,pdf_hash_unique|dupes=2,NO_GOLD,criminal,OFFLINE_CLIENT_PROJECTION,,,
sha:1f273b3afa05dca94bb9fd7093c8a60dd4e86b18e1bb2551d40143c6a35462ad,PDF-1f273b3afa05,CB-TB-023_Price,CB-TB-023_Price.pdf,1f273b3afa05dca94bb9fd7093c8a60dd4e86b18e1bb2551d40143c6a35462ad,C:\Users\gduff\Downloads\cb-tb-001-030-v4\pdfs\CB-TB-023_Price.pdf,pdf_inventory_criminal,pdf_hash_unique|dupes=1,NO_GOLD,criminal,OFFLINE_CLIENT_PROJECTION,,,
sha:1f655a2265e10d28c9549f85dc2719d7c53e24cdddf5a5f86f82c6992638376f,PDF-1f655a2265e1,CB-TB-120_Casey,CB-TB-120_Casey.pdf,1f655a2265e10d28c9549f85dc2719d7c53e24cdddf5a5f86f82c6992638376f,C:\Users\gduff\Downloads\cb-tb-101-200-v4\pdfs\CB-TB-120_Casey.pdf,pdf_inventory_criminal,pdf_hash_unique|dupes=1,NO_GOLD,criminal,OFFLINE_CLIENT_PROJECTION,,,
sha:1f878c4068988102be5ec49936878d84581a25f84cd95fe68ea30c47ec5c0fc6,PDF-1f878c406898,CB-TB-1095_Okonkwo,CB-TB-1095_Okonkwo.pdf,1f878c4068988102be5ec49936878d84581a25f84cd95fe68ea30c47ec5c0fc6,C:\Users\gduff\Downloads\cb-tb-901-1100-v5\pdfs\CB-TB-1095_Okonkwo.pdf,pdf_inventory_criminal,pdf_hash_unique|dupes=2,NO_GOLD,criminal,OFFLINE_CLIENT_PROJECTION,,,
sha:1f901eb7cb56291af5909e25ec437203d90a19fe177e12df868b0d59d93ef9e0,PDF-1f901eb7cb56,CB-TB-194_Ahmed,CB-TB-194_Ahmed.pdf,1f901eb7cb56291af5909e25ec437203d90a19fe177e12df868b0d59d93ef9e0,C:\Users\gduff\Downloads\cb-tb-101-200-v4\pdfs\CB-TB-194_Ahmed.pdf,pdf_inventory_criminal,pdf_hash_unique|dupes=1,NO_GOLD,criminal,OFFLINE_CLIENT_PROJECTION,,,
sha:1f91b3a1055708333830dd3a179c9cb31ed81f31cd911705d0070b082b1928a1,PDF-1f91b3a10557,CB-TB-1999_Akhtar,CB-TB-1999_Akhtar.pdf,1f91b3a1055708333830dd3a179c9cb31ed81f31cd911705d0070b082b1928a1,C:\Users\gduff\Downloads\cb-tb-1601-2200-v5-factory-run\pdfs\CB-TB-1999_Akhtar.pdf,pdf_inventory_criminal,pdf_hash_unique|dupes=2,NO_GOLD,criminal,OFFLINE_CLIENT_PROJECTION,,,
sha:1fb2fa597eb1cd7ae1e39698c7c855ceaafa14d9259d08d10a156b03ad835f1b,PDF-1fb2fa597eb1,CB-TB-272_Thornton,CB-TB-272_Thornton.pdf,1fb2fa597eb1cd7ae1e39698c7c855ceaafa14d9259d08d10a156b03ad835f1b,C:\Users\gduff\Downloads\cb-tb-201-300-v4\pdfs\CB-TB-272_Thornton.pdf,pdf_inventory_criminal,pdf_hash_unique|dupes=1,NO_GOLD,criminal,OFFLINE_CLIENT_PROJECTION,,,
sha:1fb8ae4ea59b2983862c33e948b961b910ef66a03a5a6d0a8ea84abbf433f1b5,PDF-1fb8ae4ea59b,CB-TB-1708_Nolan,CB-TB-1708_Nolan.pdf,1fb8ae4ea59b2983862c33e948b961b910ef66a03a5a6d0a8ea84abbf433f1b5,C:\Users\gduff\Downloads\cb-tb-1601-2200-v5-factory-run\pdfs\CB-TB-1708_Nolan.pdf,pdf_inventory_criminal,pdf_hash_unique|dupes=2,NO_GOLD,criminal,OFFLINE_CLIENT_PROJECTION,,,
sha:1fcfac0df7a2230476e916c408718e05fcc661edb19cd8a36ed6b08356a1e706,PDF-1fcfac0df7a2,CB-TB-1514_Bates,CB-TB-1514_Bates.pdf,1fcfac0df7a2230476e916c408718e05fcc661edb19cd8a36ed6b08356a1e706,C:\Users\gduff\Downloads\cb-tb-1501-1600-v5-factory-run\pdfs\CB-TB-1514_Bates.pdf,pdf_inventory_criminal,pdf_hash_unique|dupes=2,NO_GOLD,criminal,OFFLINE_CLIENT_PROJECTION,,,
sha:1ff7375f82be2872b67ebc3b6d67dc068ca56f0424492836dca95b3e85fb55d4,PDF-1ff7375f82be,CB-TB-1439_Foster,CB-TB-1439_Foster.pdf,1ff7375f82be2872b67ebc3b6d67dc068ca56f0424492836dca95b3e85fb55d4,C:\Users\gduff\Downloads\cb-tb-1401-1500-v5-tmp\pdfs\CB-TB-1439_Foster.pdf,pdf_inventory_criminal,pdf_hash_unique|dupes=1,NO_GOLD,criminal,OFFLINE_CLIENT_PROJECTION,,,
sha:2003bb04c02bbc71096d63c90949d67aae381e70fa2b6e068b25c1d4d799cf1d,PDF-2003bb04c02b,CB-TB-832_Byrne,CB-TB-832_Byrne.pdf,2003bb04c02bbc71096d63c90949d67aae381e70fa2b6e068b25c1d4d799cf1d,C:\Users\gduff\Downloads\cb-tb-801-900-v5\pdfs\CB-TB-832_Byrne.pdf,pdf_inventory_criminal,pdf_hash_unique|dupes=1,NO_GOLD,criminal,OFFLINE_CLIENT_PROJECTION,,,
sha:20137f9fd93988eb2498bc222a01b958902868257b0c5015df4f266936fcfc56,PDF-20137f9fd939,CB-TB-1177_West,CB-TB-1177_West.pdf,20137f9fd93988eb2498bc222a01b958902868257b0c5015df4f266936fcfc56,C:\Users\gduff\Downloads\cb-tb-1101-1400-v5\pdfs\CB-TB-1177_West.pdf,pdf_inventory_criminal,pdf_hash_unique|dupes=2,NO_GOLD,criminal,OFFLINE_CLIENT_PROJECTION,,,
sha:201eeca0706841b3e90c31dfa89df9d05d1a7abe3ff0f67fc2f04c5097f650bc,PDF-201eeca07068,CB-TB-098_Stone,CB-TB-098_Stone.pdf,201eeca0706841b3e90c31dfa89df9d05d1a7abe3ff0f67fc2f04c5097f650bc,C:\Users\gduff\Downloads\cb-tb-031-100-v4\pdfs\CB-TB-098_Stone.pdf,pdf_inventory_criminal,pdf_hash_unique|dupes=1,NO_GOLD,criminal,OFFLINE_CLIENT_PROJECTION,,,
sha:202512afb4c0630565bd8a05a8547faeb67f47f01920d63e4bb2d16bf8b600c4,PDF-202512afb4c0,CB-TB-955_Merritt,CB-TB-955_Merritt.pdf,202512afb4c0630565bd8a05a8547faeb67f47f01920d63e4bb2d16bf8b600c4,C:\Users\gduff\Downloads\cb-tb-901-1100-v5\pdfs\CB-TB-955_Merritt.pdf,pdf_inventory_criminal,pdf_hash_unique|dupes=2,NO_GOLD,criminal,OFFLINE_CLIENT_PROJECTION,,,
sha:202ae61eeff367ed5435fa95c9242c4108139892b37b52e98d10cb39ee281da8,PDF-202ae61eeff3,CB-TB-658_Parker,CB-TB-658_Parker.pdf,202ae61eeff367ed5435fa95c9242c4108139892b37b52e98d10cb39ee281da8,C:\Users\gduff\Downloads\cb-tb-601-700-v5\pdfs\CB-TB-658_Parker.pdf,pdf_inventory_criminal,pdf_hash_unique|dupes=1,NO_GOLD,criminal,OFFLINE_CLIENT_PROJECTION,,,
sha:2031adfb5d345ee8920415b2fac1c4c80b3ff08d2fa4fc490290b1d0c221ea73,PDF-2031adfb5d34,CB-TB-678_Morgan,CB-TB-678_Morgan.pdf,2031adfb5d345ee8920415b2fac1c4c80b3ff08d2fa4fc490290b1d0c221ea73,C:\Users\gduff\Downloads\cb-tb-601-700-v5\pdfs\CB-TB-678_Morgan.pdf,pdf_inventory_criminal,pdf_hash_unique|dupes=1,NO_GOLD,criminal,OFFLINE_CLIENT_PROJECTION,,,
sha:2042b43e163bd326686850f775ffd37b9c9e1159ddd687110f4b6cf8b626c928,PDF-2042b43e163b,CB-TB-1376_Ahmed,CB-TB-1376_Ahmed.pdf,2042b43e163bd326686850f775ffd37b9c9e1159ddd687110f4b6cf8b626c928,C:\Users\gduff\Downloads\cb-tb-1301-1400-v5\pdfs\CB-TB-1376_Ahmed.pdf,pdf_inventory_criminal,pdf_hash_unique|dupes=2,NO_GOLD,criminal,OFFLINE_CLIENT_PROJECTION,,,
sha:207c521e1f38ee8e9d41c6884c29e1ef6f9c1f231b103082c044a7d285a32768,PDF-207c521e1f38,CB-TB-1241_Pike,CB-TB-1241_Pike.pdf,207c521e1f38ee8e9d41c6884c29e1ef6f9c1f231b103082c044a7d285a32768,C:\Users\gduff\Downloads\cb-tb-1201-1300-v5\pdfs\CB-TB-1241_Pike.pdf,pdf_inventory_criminal,pdf_hash_unique|dupes=2,NO_GOLD,criminal,OFFLINE_CLIENT_PROJECTION,,,
sha:20ace02abc5211ba369d13326e36b1f751545854c409f37fa73d2e77fc3ba754,PDF-20ace02abc52,CB-TB-762_Thornton,CB-TB-762_Thornton.pdf,20ace02abc5211ba369d13326e36b1f751545854c409f37fa73d2e77fc3ba754,C:\Users\gduff\Downloads\cb-tb-701-800-v5\pdfs\CB-TB-762_Thornton.pdf,pdf_inventory_criminal,pdf_hash_unique|dupes=1,NO_GOLD,criminal,OFFLINE_CLIENT_PROJECTION,,,
sha:20b079e263cad89800fd46b4aedeadbfc7306ad269ace059104659adc028b0a1,PDF-20b079e263ca,CB-TB-1782_Lloyd,CB-TB-1782_Lloyd.pdf,20b079e263cad89800fd46b4aedeadbfc7306ad269ace059104659adc028b0a1,C:\Users\gduff\Downloads\cb-tb-1601-2200-v5-factory-run\pdfs\CB-TB-1782_Lloyd.pdf,pdf_inventory_criminal,pdf_hash_unique|dupes=2,NO_GOLD,criminal,OFFLINE_CLIENT_PROJECTION,,,
sha:20bd8123a3279aab563fe00f4cad02cfee687af69170fb86bafc96a329acb5fe,PDF-20bd8123a327,CB-TB-409_Begum,CB-TB-409_Begum.pdf,20bd8123a3279aab563fe00f4cad02cfee687af69170fb86bafc96a329acb5fe,C:\Users\gduff\Downloads\cb-tb-401-500-v5\pdfs\CB-TB-409_Begum.pdf,pdf_inventory_criminal,pdf_hash_unique|dupes=2,NO_GOLD,criminal,OFFLINE_CLIENT_PROJECTION,,,
sha:20f739383dab28d40f0287f826ce050ebd295aebaccc97c84a1be0236aa5b31d,PDF-20f739383dab,CB-TB-524_Turner,CB-TB-524_Turner.pdf,20f739383dab28d40f0287f826ce050ebd295aebaccc97c84a1be0236aa5b31d,C:\Users\gduff\Downloads\cb-tb-501-600-v5-extract\pdfs\CB-TB-524_Turner.pdf,pdf_inventory_criminal,pdf_hash_unique|dupes=3,NO_GOLD,criminal,OFFLINE_CLIENT_PROJECTION,,,
sha:214725d8ddf3657aec2946c5aec2b41cfe3ee3b1c4a403ac83cf13082e30fd5e,PDF-214725d8ddf3,CB-TB-1421_Marsh,CB-TB-1421_Marsh.pdf,214725d8ddf3657aec2946c5aec2b41cfe3ee3b1c4a403ac83cf13082e30fd5e,C:\Users\gduff\Downloads\cb-tb-1401-1500-v5-tmp\pdfs\CB-TB-1421_Marsh.pdf,pdf_inventory_criminal,pdf_hash_unique|dupes=1,NO_GOLD,criminal,OFFLINE_CLIENT_PROJECTION,,,
sha:215177c80af2d0c0e5c880fbb3c4df936a66ced3f9a2a1d1a8a71ca7f76734ce,PDF-215177c80af2,CB-TB-1306_Dacre,CB-TB-1306_Dacre.pdf,215177c80af2d0c0e5c880fbb3c4df936a66ced3f9a2a1d1a8a71ca7f76734ce,C:\Users\gduff\Downloads\cb-tb-1301-1400-v5\pdfs\CB-TB-1306_Dacre.pdf,pdf_inventory_criminal,pdf_hash_unique|dupes=2,NO_GOLD,criminal,OFFLINE_CLIENT_PROJECTION,,,
sha:216d772351aa7155a0b753d1f694a614476e298ea62803082b083377e27624a3,PDF-216d772351aa,CB-TB-643_Parker,CB-TB-643_Parker.pdf,216d772351aa7155a0b753d1f694a614476e298ea62803082b083377e27624a3,C:\Users\gduff\Downloads\cb-tb-601-700-v5\pdfs\CB-TB-643_Parker.pdf,pdf_inventory_criminal,pdf_hash_unique|dupes=1,NO_GOLD,criminal,OFFLINE_CLIENT_PROJECTION,,,
sha:217e328e8977ffa68b7ed0fec500adc58806c705ac2f6b1a2d52e73c6c788a2d,PDF-217e328e8977,CB-TB-867_Blake,CB-TB-867_Blake.pdf,217e328e8977ffa68b7ed0fec500adc58806c705ac2f6b1a2d52e73c6c788a2d,C:\Users\gduff\Downloads\cb-tb-801-900-v5\pdfs\CB-TB-867_Blake.pdf,pdf_inventory_criminal,pdf_hash_unique|dupes=1,NO_GOLD,criminal,OFFLINE_CLIENT_PROJECTION,,,
sha:21a2e12e50e89f4f5154519a30643f007010e742d39c42bfc4053128915aa070,PDF-21a2e12e50e8,CB-TB-261_Ross,CB-TB-261_Ross.pdf,21a2e12e50e89f4f5154519a30643f007010e742d39c42bfc4053128915aa070,C:\Users\gduff\Downloads\cb-tb-201-300-v4\pdfs\CB-TB-261_Ross.pdf,pdf_inventory_criminal,pdf_hash_unique|dupes=1,NO_GOLD,criminal,OFFLINE_CLIENT_PROJECTION,,,
sha:21b0e6141affbaa8ad77faf7b2986c0cdfae04021c4ccc8135da4d8185bbe90f,PDF-21b0e6141aff,CB-TB-728_Quinn,CB-TB-728_Quinn.pdf,21b0e6141affbaa8ad77faf7b2986c0cdfae04021c4ccc8135da4d8185bbe90f,C:\Users\gduff\Downloads\cb-tb-701-800-v5\pdfs\CB-TB-728_Quinn.pdf,pdf_inventory_criminal,pdf_hash_unique|dupes=1,NO_GOLD,criminal,OFFLINE_CLIENT_PROJECTION,,,
sha:21d3bea362871832e4d8a8653145deebcce7b2370759e4fdc6da77b207f08930,PDF-21d3bea36287,CB-TB-1319_Stone,CB-TB-1319_Stone.pdf,21d3bea362871832e4d8a8653145deebcce7b2370759e4fdc6da77b207f08930,C:\Users\gduff\Downloads\cb-tb-1301-1400-v5\pdfs\CB-TB-1319_Stone.pdf,pdf_inventory_criminal,pdf_hash_unique|dupes=2,NO_GOLD,criminal,OFFLINE_CLIENT_PROJECTION,,,
sha:22315bac6689f6599d0df3a35710657df3007af8ffcb3dad33c0b87bbdbb844e,PDF-22315bac6689,CB-TB-003_Ashleigh_Merritt,CB-TB-003_Ashleigh_Merritt.pdf,22315bac6689f6599d0df3a35710657df3007af8ffcb3dad33c0b87bbdbb844e,C:\Users\gduff\Downloads\CaseBrain_Blind_Bundle_Factory_v2_30_bundles (1)\pdfs\CB-TB-003_Ashleigh_Merritt.pdf,pdf_inventory_criminal,pdf_hash_unique|dupes=2,NO_GOLD,criminal,OFFLINE_CLIENT_PROJECTION,,,
sha:2250abbfbe0afcc8ed6b356c6816d43fc876f3f8de9c18c8f8e8d5b159729e02,PDF-2250abbfbe0a,CB-TB-690_Patterson,CB-TB-690_Patterson.pdf,2250abbfbe0afcc8ed6b356c6816d43fc876f3f8de9c18c8f8e8d5b159729e02,C:\Users\gduff\Downloads\cb-tb-601-700-v5\pdfs\CB-TB-690_Patterson.pdf,pdf_inventory_criminal,pdf_hash_unique|dupes=1,NO_GOLD,criminal,OFFLINE_CLIENT_PROJECTION,,,
sha:226801f85a3c0c39908ef30ba8f9ee6aa329999842ac3452307525a354e984b2,PDF-226801f85a3c,CB-TB-160_Marlow,CB-TB-160_Marlow.pdf,226801f85a3c0c39908ef30ba8f9ee6aa329999842ac3452307525a354e984b2,C:\Users\gduff\Downloads\cb-tb-101-200-v4\pdfs\CB-TB-160_Marlow.pdf,pdf_inventory_criminal,pdf_hash_unique|dupes=1,NO_GOLD,criminal,OFFLINE_CLIENT_PROJECTION,,,
sha:22780bbd8032a4319665b090519a4306bed40dca5bb440ded39e74bc3e3cbf59,PDF-22780bbd8032,CB-TB-263_Holt,CB-TB-263_Holt.pdf,22780bbd8032a4319665b090519a4306bed40dca5bb440ded39e74bc3e3cbf59,C:\Users\gduff\Downloads\cb-tb-201-300-v4\pdfs\CB-TB-263_Holt.pdf,pdf_inventory_criminal,pdf_hash_unique|dupes=1,NO_GOLD,criminal,OFFLINE_CLIENT_PROJECTION,,,
sha:227d45f9bb9db90ca364e83b3eee3eeee68422f5296241fe0748c3fc36c8b643,PDF-227d45f9bb9d,CB-TB-268_Baines,CB-TB-268_Baines.pdf,227d45f9bb9db90ca364e83b3eee3eeee68422f5296241fe0748c3fc36c8b643,C:\Users\gduff\Downloads\cb-tb-201-300-v4\pdfs\CB-TB-268_Baines.pdf,pdf_inventory_criminal,pdf_hash_unique|dupes=1,NO_GOLD,criminal,OFFLINE_CLIENT_PROJECTION,,,
sha:22c5f7071c9b8adf55c5da5f836c239679dbc679184f813af1cd3750ab75ee65,PDF-22c5f7071c9b,CB-TB-963_Okonkwo,CB-TB-963_Okonkwo.pdf,22c5f7071c9b8adf55c5da5f836c239679dbc679184f813af1cd3750ab75ee65,C:\Users\gduff\Downloads\cb-tb-901-1100-v5\pdfs\CB-TB-963_Okonkwo.pdf,pdf_inventory_criminal,pdf_hash_unique|dupes=2,NO_GOLD,criminal,OFFLINE_CLIENT_PROJECTION,,,
sha:22cb034974acde22d8a1705ae68398d47491119d1e887142ead883df18112688,PDF-22cb034974ac,CB-TB-1741_Redfern,CB-TB-1741_Redfern.pdf,22cb034974acde22d8a1705ae68398d47491119d1e887142ead883df18112688,C:\Users\gduff\Downloads\cb-tb-1601-2200-v5-factory-run\pdfs\CB-TB-1741_Redfern.pdf,pdf_inventory_criminal,pdf_hash_unique|dupes=2,NO_GOLD,criminal,OFFLINE_CLIENT_PROJECTION,,,
sha:22d9c2796598e12c60d95c717213856394ba2cf43ad8fe9200d811806ccbdb19,PDF-22d9c2796598,CB-TB-1102_Khan,CB-TB-1102_Khan.pdf,22d9c2796598e12c60d95c717213856394ba2cf43ad8fe9200d811806ccbdb19,C:\Users\gduff\Downloads\cb-tb-1101-1400-v5\pdfs\CB-TB-1102_Khan.pdf,pdf_inventory_criminal,pdf_hash_unique|dupes=2,NO_GOLD,criminal,OFFLINE_CLIENT_PROJECTION,,,
sha:22dfd9b56a73618ee1ec547ae5e861ae97f850bddc76c28a95b08ce035e5eb1c,PDF-22dfd9b56a73,CB-TB-670_Morris,CB-TB-670_Morris.pdf,22dfd9b56a73618ee1ec547ae5e861ae97f850bddc76c28a95b08ce035e5eb1c,C:\Users\gduff\Downloads\cb-tb-601-700-v5\pdfs\CB-TB-670_Morris.pdf,pdf_inventory_criminal,pdf_hash_unique|dupes=1,NO_GOLD,criminal,OFFLINE_CLIENT_PROJECTION,,,
sha:2316a18373ef53cea7e62d508b20b7797b77346421006d1790a695949866341d,PDF-2316a18373ef,CB-TB-1918_Finch,CB-TB-1918_Finch.pdf,2316a18373ef53cea7e62d508b20b7797b77346421006d1790a695949866341d,C:\Users\gduff\Downloads\cb-tb-1601-2200-v5-factory-run\pdfs\CB-TB-1918_Finch.pdf,pdf_inventory_criminal,pdf_hash_unique|dupes=2,NO_GOLD,criminal,OFFLINE_CLIENT_PROJECTION,,,
sha:2336482da3086db76eb3cb9d34df8841fecfbab3a72f2af60183eac154ce4447,PDF-2336482da308,CB-TB-1384_Walsh,CB-TB-1384_Walsh.pdf,2336482da3086db76eb3cb9d34df8841fecfbab3a72f2af60183eac154ce4447,C:\Users\gduff\Downloads\cb-tb-1301-1400-v5\pdfs\CB-TB-1384_Walsh.pdf,pdf_inventory_criminal,pdf_hash_unique|dupes=2,NO_GOLD,criminal,OFFLINE_CLIENT_PROJECTION,,,
sha:234a9c9eb2fbbe2e823e098263bc1a493ae999edb6530fb1831f9836f05c65b1,PDF-234a9c9eb2fb,CB-TB-2045_Nolan,CB-TB-2045_Nolan.pdf,234a9c9eb2fbbe2e823e098263bc1a493ae999edb6530fb1831f9836f05c65b1,C:\Users\gduff\Downloads\cb-tb-1601-2200-v5-factory-run\pdfs\CB-TB-2045_Nolan.pdf,pdf_inventory_criminal,pdf_hash_unique|dupes=2,NO_GOLD,criminal,OFFLINE_CLIENT_PROJECTION,,,
sha:2350408cbd360dfc31d514ff829e2ec5aad44d910ac549ead235897980f361d4,PDF-2350408cbd36,CB-TB-1012_Walsh,CB-TB-1012_Walsh.pdf,2350408cbd360dfc31d514ff829e2ec5aad44d910ac549ead235897980f361d4,C:\Users\gduff\Downloads\cb-tb-901-1100-v5\pdfs\CB-TB-1012_Walsh.pdf,pdf_inventory_criminal,pdf_hash_unique|dupes=2,NO_GOLD,criminal,OFFLINE_CLIENT_PROJECTION,,,
sha:2350ee8b9d64d250d99da59be4e08b26a935b08a12e0f031bc20e25bc844b0db,PDF-2350ee8b9d64,CB-TB-1575_Reynolds,CB-TB-1575_Reynolds.pdf,2350ee8b9d64d250d99da59be4e08b26a935b08a12e0f031bc20e25bc844b0db,C:\Users\gduff\Downloads\cb-tb-1501-1600-v5-factory-run\pdfs\CB-TB-1575_Reynolds.pdf,pdf_inventory_criminal,pdf_hash_unique|dupes=2,NO_GOLD,criminal,OFFLINE_CLIENT_PROJECTION,,,
sha:2356a71b5931544a760aae4665b4147359958a94e170f0b3cd207ffd65bf70fb,PDF-2356a71b5931,CB-TB-1814_Glover,CB-TB-1814_Glover.pdf,2356a71b5931544a760aae4665b4147359958a94e170f0b3cd207ffd65bf70fb,C:\Users\gduff\Downloads\cb-tb-1601-2200-v5-factory-run\pdfs\CB-TB-1814_Glover.pdf,pdf_inventory_criminal,pdf_hash_unique|dupes=2,NO_GOLD,criminal,OFFLINE_CLIENT_PROJECTION,,,
sha:2361f977e101dba2d0ddcded875b29b8123352649c21a1b433ffe09c3f261507,PDF-2361f977e101,CB-TB-2094_Rees,CB-TB-2094_Rees.pdf,2361f977e101dba2d0ddcded875b29b8123352649c21a1b433ffe09c3f261507,C:\Users\gduff\Downloads\cb-tb-1601-2200-v5-factory-run\pdfs\CB-TB-2094_Rees.pdf,pdf_inventory_criminal,pdf_hash_unique|dupes=2,NO_GOLD,criminal,OFFLINE_CLIENT_PROJECTION,,,
sha:23ab9c3a168fcd572d6acc507f76f875b7d2e9b4acc42f5a151d2bce5b56c4c5,PDF-23ab9c3a168f,CB-TB-2121_Fletcher,CB-TB-2121_Fletcher.pdf,23ab9c3a168fcd572d6acc507f76f875b7d2e9b4acc42f5a151d2bce5b56c4c5,C:\Users\gduff\Downloads\cb-tb-1601-2200-v5-factory-run\pdfs\CB-TB-2121_Fletcher.pdf,pdf_inventory_criminal,pdf_hash_unique|dupes=2,NO_GOLD,criminal,OFFLINE_CLIENT_PROJECTION,,,
sha:23ba2230b23c07d0d5c9d2c0ea97588db37cc7c6cb0f70b6299a90815a09466c,PDF-23ba2230b23c,CB-TB-1857_Dale,CB-TB-1857_Dale.pdf,23ba2230b23c07d0d5c9d2c0ea97588db37cc7c6cb0f70b6299a90815a09466c,C:\Users\gduff\Downloads\cb-tb-1601-2200-v5-factory-run\pdfs\CB-TB-1857_Dale.pdf,pdf_inventory_criminal,pdf_hash_unique|dupes=2,NO_GOLD,criminal,OFFLINE_CLIENT_PROJECTION,,,
sha:23f8de9fa39716019097b5dec2946d2b8196686f5f811e60e26db8bbd3878d6e,PDF-23f8de9fa397,CB-TB-1370_Greene,CB-TB-1370_Greene.pdf,23f8de9fa39716019097b5dec2946d2b8196686f5f811e60e26db8bbd3878d6e,C:\Users\gduff\Downloads\cb-tb-1301-1400-v5\pdfs\CB-TB-1370_Greene.pdf,pdf_inventory_criminal,pdf_hash_unique|dupes=2,NO_GOLD,criminal,OFFLINE_CLIENT_PROJECTION,,,
sha:241458624b3be3a6308aa7bb271c7ba70e26ed3a2f09d1ace2a806f9317f9ef3,PDF-241458624b3b,CB-TB-968_Hale,CB-TB-968_Hale.pdf,241458624b3be3a6308aa7bb271c7ba70e26ed3a2f09d1ace2a806f9317f9ef3,C:\Users\gduff\Downloads\cb-tb-901-1100-v5\pdfs\CB-TB-968_Hale.pdf,pdf_inventory_criminal,pdf_hash_unique|dupes=2,NO_GOLD,criminal,OFFLINE_CLIENT_PROJECTION,,,
sha:241532c1ed15e5eff6b1cdc5e713b722e0d995e501bb3af1f6f66214347abe60,PDF-241532c1ed15,CB-TB-767_Doyle,CB-TB-767_Doyle.pdf,241532c1ed15e5eff6b1cdc5e713b722e0d995e501bb3af1f6f66214347abe60,C:\Users\gduff\Downloads\cb-tb-701-800-v5\pdfs\CB-TB-767_Doyle.pdf,pdf_inventory_criminal,pdf_hash_unique|dupes=1,NO_GOLD,criminal,OFFLINE_CLIENT_PROJECTION,,,
sha:242447a7b8dd043739b4d1aac17019aadca04f4060b84b6eae67d88d6f453e72,PDF-242447a7b8dd,CB-TB-1906_Mills,CB-TB-1906_Mills.pdf,242447a7b8dd043739b4d1aac17019aadca04f4060b84b6eae67d88d6f453e72,C:\Users\gduff\Downloads\cb-tb-1601-2200-v5-factory-run\pdfs\CB-TB-1906_Mills.pdf,pdf_inventory_criminal,pdf_hash_unique|dupes=2,NO_GOLD,criminal,OFFLINE_CLIENT_PROJECTION,,,
sha:24267d0a5626baefb192d63886a297cbe68a1994593755f2898165f17b559866,PDF-24267d0a5626,CB-TB-1404_West,CB-TB-1404_West.pdf,24267d0a5626baefb192d63886a297cbe68a1994593755f2898165f17b559866,C:\Users\gduff\Downloads\cb-tb-1401-1500-v5-tmp\pdfs\CB-TB-1404_West.pdf,pdf_inventory_criminal,pdf_hash_unique|dupes=1,NO_GOLD,criminal,OFFLINE_CLIENT_PROJECTION,,,
sha:2445dae912220dd68dc933597eaf91ae4c28a629917267ce2887ba6fc49cd736,PDF-2445dae91222,CB-TB-1394_Ross,CB-TB-1394_Ross.pdf,2445dae912220dd68dc933597eaf91ae4c28a629917267ce2887ba6fc49cd736,C:\Users\gduff\Downloads\cb-tb-1301-1400-v5\pdfs\CB-TB-1394_Ross.pdf,pdf_inventory_criminal,pdf_hash_unique|dupes=2,NO_GOLD,criminal,OFFLINE_CLIENT_PROJECTION,,,
sha:2457376cc6b83dffdbdfcae114dff503f5398fbd0a90c18079258e13d2fed69d,PDF-2457376cc6b8,CB-TB-027_Quinn,CB-TB-027_Quinn.pdf,2457376cc6b83dffdbdfcae114dff503f5398fbd0a90c18079258e13d2fed69d,C:\Users\gduff\Downloads\cb-tb-001-050-v3\pdfs\CB-TB-027_Quinn.pdf,pdf_inventory_criminal,pdf_hash_unique|dupes=2,NO_GOLD,criminal,OFFLINE_CLIENT_PROJECTION,,,
sha:245941ecc4fdb256267c0c7a4c2d22a275ce0c34ae40f92a96654a6772d789a1,PDF-245941ecc4fd,CB-TB-419_Ryder,CB-TB-419_Ryder.pdf,245941ecc4fdb256267c0c7a4c2d22a275ce0c34ae40f92a96654a6772d789a1,C:\Users\gduff\Downloads\cb-tb-401-500-v5\pdfs\CB-TB-419_Ryder.pdf,pdf_inventory_criminal,pdf_hash_unique|dupes=2,NO_GOLD,criminal,OFFLINE_CLIENT_PROJECTION,,,
sha:24674f44085d216fd643997ad418c5827b74395511155417a6bd0f3300923082,PDF-24674f44085d,CB-TB-1539_Thornton,CB-TB-1539_Thornton.pdf,24674f44085d216fd643997ad418c5827b74395511155417a6bd0f3300923082,C:\Users\gduff\Downloads\cb-tb-1501-1600-v5-factory-run\pdfs\CB-TB-1539_Thornton.pdf,pdf_inventory_criminal,pdf_hash_unique|dupes=2,NO_GOLD,criminal,OFFLINE_CLIENT_PROJECTION,,,
sha:248e391f3cc8c2ca8e260731681f76c51eba1e654fbd95da691ef53ed2bb6e07,PDF-248e391f3cc8,CB-TB-122_Shaw,CB-TB-122_Shaw.pdf,248e391f3cc8c2ca8e260731681f76c51eba1e654fbd95da691ef53ed2bb6e07,C:\Users\gduff\Downloads\cb-tb-101-200-v4\pdfs\CB-TB-122_Shaw.pdf,pdf_inventory_criminal,pdf_hash_unique|dupes=1,NO_GOLD,criminal,OFFLINE_CLIENT_PROJECTION,,,
sha:249306cddb3a06a04ff5367b549afb76e27e2146ced1f8166d05aa9d70dc6e75,PDF-249306cddb3a,CB-TB-1862_Barker,CB-TB-1862_Barker.pdf,249306cddb3a06a04ff5367b549afb76e27e2146ced1f8166d05aa9d70dc6e75,C:\Users\gduff\Downloads\cb-tb-1601-2200-v5-factory-run\pdfs\CB-TB-1862_Barker.pdf,pdf_inventory_criminal,pdf_hash_unique|dupes=2,NO_GOLD,criminal,OFFLINE_CLIENT_PROJECTION,,,
sha:24bee6b41a85bde28a0b6db5db31073051d371d4a9361d99638e17ba5e14dc72,PDF-24bee6b41a85,CB-TB-1888_Ashcroft,CB-TB-1888_Ashcroft.pdf,24bee6b41a85bde28a0b6db5db31073051d371d4a9361d99638e17ba5e14dc72,C:\Users\gduff\Downloads\cb-tb-1601-2200-v5-factory-run\pdfs\CB-TB-1888_Ashcroft.pdf,pdf_inventory_criminal,pdf_hash_unique|dupes=2,NO_GOLD,criminal,OFFLINE_CLIENT_PROJECTION,,,
sha:24e1fd8bf38dd24265a8fafcfe08d121cf81da0cb08088d18fd5b996133868db,PDF-24e1fd8bf38d,CB-TB-575_Ross,CB-TB-575_Ross.pdf,24e1fd8bf38dd24265a8fafcfe08d121cf81da0cb08088d18fd5b996133868db,C:\Users\gduff\Downloads\cb-tb-501-600-v5-extract\pdfs\CB-TB-575_Ross.pdf,pdf_inventory_criminal,pdf_hash_unique|dupes=3,NO_GOLD,criminal,OFFLINE_CLIENT_PROJECTION,,,
sha:24e3ac4c2af90cd7bf2f22b148ecc86cb571898cb288c680ccff6592b898dcbf,PDF-24e3ac4c2af9,CB-TB-1650_Ali,CB-TB-1650_Ali.pdf,24e3ac4c2af90cd7bf2f22b148ecc86cb571898cb288c680ccff6592b898dcbf,C:\Users\gduff\Downloads\cb-tb-1601-2200-v5-factory-run\pdfs\CB-TB-1650_Ali.pdf,pdf_inventory_criminal,pdf_hash_unique|dupes=4,NO_GOLD,criminal,OFFLINE_CLIENT_PROJECTION,,,
sha:24fd54a0b2dfaf482fb03b4e8b59c70e1498a085a3b28bf688c7e0c674a22507,PDF-24fd54a0b2df,CB-TB-024_Brooks,CB-TB-024_Brooks.pdf,24fd54a0b2dfaf482fb03b4e8b59c70e1498a085a3b28bf688c7e0c674a22507,C:\Users\gduff\Downloads\cb-tb-001-030-v4\pdfs\CB-TB-024_Brooks.pdf,pdf_inventory_criminal,pdf_hash_unique|dupes=1,NO_GOLD,criminal,OFFLINE_CLIENT_PROJECTION,,,
sha:252634a93870576fd7e70d198594fbae256c27b7c137077e832cd6998ea0406d,PDF-252634a93870,CB-TB-1849_Marlow,CB-TB-1849_Marlow.pdf,252634a93870576fd7e70d198594fbae256c27b7c137077e832cd6998ea0406d,C:\Users\gduff\Downloads\cb-tb-1601-2200-v5-factory-run\pdfs\CB-TB-1849_Marlow.pdf,pdf_inventory_criminal,pdf_hash_unique|dupes=2,NO_GOLD,criminal,OFFLINE_CLIENT_PROJECTION,,,
sha:253be4e9975dd793093f8ffc33a344c266d7a5d1abd9e9da3290fcb7926e6e2a,PDF-253be4e9975d,CB-TB-1067_Morris,CB-TB-1067_Morris.pdf,253be4e9975dd793093f8ffc33a344c266d7a5d1abd9e9da3290fcb7926e6e2a,C:\Users\gduff\Downloads\cb-tb-901-1100-v5\pdfs\CB-TB-1067_Morris.pdf,pdf_inventory_criminal,pdf_hash_unique|dupes=2,NO_GOLD,criminal,OFFLINE_CLIENT_PROJECTION,,,
sha:253e8ecca1706e2e28b57e37e2dbbc3bb76b0d789f8ad7545bad46abd1d735cb,PDF-253e8ecca170,CB-TB-1330_West,CB-TB-1330_West.pdf,253e8ecca1706e2e28b57e37e2dbbc3bb76b0d789f8ad7545bad46abd1d735cb,C:\Users\gduff\Downloads\cb-tb-1301-1400-v5\pdfs\CB-TB-1330_West.pdf,pdf_inventory_criminal,pdf_hash_unique|dupes=2,NO_GOLD,criminal,OFFLINE_CLIENT_PROJECTION,,,
sha:255e9fbd8352936883424618028af152c34eae76577bfb257b2f8945f87b8686,PDF-255e9fbd8352,CB-TB-2171_Mason,CB-TB-2171_Mason.pdf,255e9fbd8352936883424618028af152c34eae76577bfb257b2f8945f87b8686,C:\Users\gduff\Downloads\cb-tb-1601-2200-v5-factory-run\pdfs\CB-TB-2171_Mason.pdf,pdf_inventory_criminal,pdf_hash_unique|dupes=2,NO_GOLD,criminal,OFFLINE_CLIENT_PROJECTION,,,
sha:257a17804ad6c932c5eabf81da88a9723d61ac62ebfb3493c8534e6100227369,PDF-257a17804ad6,CB-TB-676_Coleman,CB-TB-676_Coleman.pdf,257a17804ad6c932c5eabf81da88a9723d61ac62ebfb3493c8534e6100227369,C:\Users\gduff\Downloads\cb-tb-601-700-v5\pdfs\CB-TB-676_Coleman.pdf,pdf_inventory_criminal,pdf_hash_unique|dupes=1,NO_GOLD,criminal,OFFLINE_CLIENT_PROJECTION,,,
sha:25b1d7edd9d629926733873e7307e4febb987520d2d3f7915b967a40e6b115ae,PDF-25b1d7edd9d6,CB-TB-105_Singh,CB-TB-105_Singh.pdf,25b1d7edd9d629926733873e7307e4febb987520d2d3f7915b967a40e6b115ae,C:\Users\gduff\Downloads\cb-tb-101-200-v4\pdfs\CB-TB-105_Singh.pdf,pdf_inventory_criminal,pdf_hash_unique|dupes=1,NO_GOLD,criminal,OFFLINE_CLIENT_PROJECTION,,,
sha:25dc8cbb53f643a31ed6fcb6a9c99cf13761514da8cd9869488bdace59cd84a7,PDF-25dc8cbb53f6,CB-TB-313_Wright,CB-TB-313_Wright.pdf,25dc8cbb53f643a31ed6fcb6a9c99cf13761514da8cd9869488bdace59cd84a7,C:\Users\gduff\Downloads\cb-tb-301-400-v4\pdfs\CB-TB-313_Wright.pdf,pdf_inventory_criminal,pdf_hash_unique|dupes=2,NO_GOLD,criminal,OFFLINE_CLIENT_PROJECTION,,,
sha:260dd6b4d764adfcb8a8624b8036905cb03004970dced3c0d1659b49726265f9,PDF-260dd6b4d764,CB-TB-441_Flint,CB-TB-441_Flint.pdf,260dd6b4d764adfcb8a8624b8036905cb03004970dced3c0d1659b49726265f9,C:\Users\gduff\Downloads\cb-tb-401-500-v5\pdfs\CB-TB-441_Flint.pdf,pdf_inventory_criminal,pdf_hash_unique|dupes=2,NO_GOLD,criminal,OFFLINE_CLIENT_PROJECTION,,,
sha:2617030a7b8b04c035960067b1d877d4a307d8f8396779a465291fd2b8d0cca2,PDF-2617030a7b8b,CB-TB-1770_Quinn,CB-TB-1770_Quinn.pdf,2617030a7b8b04c035960067b1d877d4a307d8f8396779a465291fd2b8d0cca2,C:\Users\gduff\Downloads\cb-tb-1601-2200-v5-factory-run\pdfs\CB-TB-1770_Quinn.pdf,pdf_inventory_criminal,pdf_hash_unique|dupes=2,NO_GOLD,criminal,OFFLINE_CLIENT_PROJECTION,,,
sha:2619bb4540cbda4bbc17ac1c356154d16db573aa429c657241e19515ce3d7cbc,PDF-2619bb4540cb,CB-TB-1436_Hart,CB-TB-1436_Hart.pdf,2619bb4540cbda4bbc17ac1c356154d16db573aa429c657241e19515ce3d7cbc,C:\Users\gduff\Downloads\cb-tb-1401-1500-v5-tmp\pdfs\CB-TB-1436_Hart.pdf,pdf_inventory_criminal,pdf_hash_unique|dupes=1,NO_GOLD,criminal,OFFLINE_CLIENT_PROJECTION,,,
sha:2629344790d9e1b4cbaca5950283a1edb26f05e44569fa7f7947e95a5ca0ef3e,PDF-2629344790d9,CB-TB-763_Marsh,CB-TB-763_Marsh.pdf,2629344790d9e1b4cbaca5950283a1edb26f05e44569fa7f7947e95a5ca0ef3e,C:\Users\gduff\Downloads\cb-tb-701-800-v5\pdfs\CB-TB-763_Marsh.pdf,pdf_inventory_criminal,pdf_hash_unique|dupes=1,NO_GOLD,criminal,OFFLINE_CLIENT_PROJECTION,,,
sha:26355686e1389062da37c74427f1f118e180c04326bb4cc97cd8db9908068a7a,PDF-26355686e138,CB-TB-1459_Forrest,CB-TB-1459_Forrest.pdf,26355686e1389062da37c74427f1f118e180c04326bb4cc97cd8db9908068a7a,C:\Users\gduff\Downloads\cb-tb-1401-1500-v5-tmp\pdfs\CB-TB-1459_Forrest.pdf,pdf_inventory_criminal,pdf_hash_unique|dupes=1,NO_GOLD,criminal,OFFLINE_CLIENT_PROJECTION,,,
sha:264af2665f6c2dd1c632070eb34799d509b5527eefb759acfb83794dea6a966f,PDF-264af2665f6c,CB-TB-1623_Ross,CB-TB-1623_Ross.pdf,264af2665f6c2dd1c632070eb34799d509b5527eefb759acfb83794dea6a966f,C:\Users\gduff\Downloads\cb-tb-1601-2200-v5-factory-run\pdfs\CB-TB-1623_Ross.pdf,pdf_inventory_criminal,pdf_hash_unique|dupes=4,NO_GOLD,criminal,OFFLINE_CLIENT_PROJECTION,,,
sha:26baf6c155cad9c8a4b6415fa1b272f694ea315203f8e88c20775dd5f6d385d4,PDF-26baf6c155ca,CB-TB-067_Coates,CB-TB-067_Coates.pdf,26baf6c155cad9c8a4b6415fa1b272f694ea315203f8e88c20775dd5f6d385d4,C:\Users\gduff\Downloads\cb-tb-031-100-v4\pdfs\CB-TB-067_Coates.pdf,pdf_inventory_criminal,pdf_hash_unique|dupes=1,NO_GOLD,criminal,OFFLINE_CLIENT_PROJECTION,,,
sha:26e05eb846c4d6bf6e9e0434f27ff409a6d34397d1ccf873f0bfeb1df07a8a10,PDF-26e05eb846c4,CB-TB-2136_Pike,CB-TB-2136_Pike.pdf,26e05eb846c4d6bf6e9e0434f27ff409a6d34397d1ccf873f0bfeb1df07a8a10,C:\Users\gduff\Downloads\cb-tb-1601-2200-v5-factory-run\pdfs\CB-TB-2136_Pike.pdf,pdf_inventory_criminal,pdf_hash_unique|dupes=2,NO_GOLD,criminal,OFFLINE_CLIENT_PROJECTION,,,
sha:271add4aee081a82a7c48131f26b2a38a5997aef6c6ac595a90bc15bbd0a7d8d,PDF-271add4aee08,CB-TB-492_Pike,CB-TB-492_Pike.pdf,271add4aee081a82a7c48131f26b2a38a5997aef6c6ac595a90bc15bbd0a7d8d,C:\Users\gduff\Downloads\cb-tb-401-500-v5\pdfs\CB-TB-492_Pike.pdf,pdf_inventory_criminal,pdf_hash_unique|dupes=2,NO_GOLD,criminal,OFFLINE_CLIENT_PROJECTION,,,
sha:2723c7c8088e1a3fd6a305c4a1db53b903b4304517a2792e44303867d1c6f0fc,PDF-2723c7c8088e,CB-TB-2091_Barlow,CB-TB-2091_Barlow.pdf,2723c7c8088e1a3fd6a305c4a1db53b903b4304517a2792e44303867d1c6f0fc,C:\Users\gduff\Downloads\cb-tb-1601-2200-v5-factory-run\pdfs\CB-TB-2091_Barlow.pdf,pdf_inventory_criminal,pdf_hash_unique|dupes=2,NO_GOLD,criminal,OFFLINE_CLIENT_PROJECTION,,,
sha:272b749e902f846dbfedd3a270055844f7702db1de591c5b53d2ba48b148aed8,PDF-272b749e902f,CB-TB-364_Grant,CB-TB-364_Grant.pdf,272b749e902f846dbfedd3a270055844f7702db1de591c5b53d2ba48b148aed8,C:\Users\gduff\Downloads\cb-tb-301-400-v4\pdfs\CB-TB-364_Grant.pdf,pdf_inventory_criminal,pdf_hash_unique|dupes=2,NO_GOLD,criminal,OFFLINE_CLIENT_PROJECTION,,,
sha:2737fa69f16bfbaaacf260c6d930fe44a5434640c465107b91163cf1ca7a589d,PDF-2737fa69f16b,CB-TB-1777_Rowley,CB-TB-1777_Rowley.pdf,2737fa69f16bfbaaacf260c6d930fe44a5434640c465107b91163cf1ca7a589d,C:\Users\gduff\Downloads\cb-tb-1601-2200-v5-factory-run\pdfs\CB-TB-1777_Rowley.pdf,pdf_inventory_criminal,pdf_hash_unique|dupes=2,NO_GOLD,criminal,OFFLINE_CLIENT_PROJECTION,,,
sha:273e889ddb8ca9b249fc83b40c8f46b101af44f08801e6768c0f9055474bc125,PDF-273e889ddb8c,CB-TB-228_Doyle,CB-TB-228_Doyle.pdf,273e889ddb8ca9b249fc83b40c8f46b101af44f08801e6768c0f9055474bc125,C:\Users\gduff\Downloads\cb-tb-201-300-v4\pdfs\CB-TB-228_Doyle.pdf,pdf_inventory_criminal,pdf_hash_unique|dupes=1,NO_GOLD,criminal,OFFLINE_CLIENT_PROJECTION,,,
sha:275a9ade0d2617a02128c5a36fcff2a67bc00f425fa3e6a632556acae735f161,PDF-275a9ade0d26,CB-TB-1554_Dixon,CB-TB-1554_Dixon.pdf,275a9ade0d2617a02128c5a36fcff2a67bc00f425fa3e6a632556acae735f161,C:\Users\gduff\Downloads\cb-tb-1501-1600-v5-factory-run\pdfs\CB-TB-1554_Dixon.pdf,pdf_inventory_criminal,pdf_hash_unique|dupes=2,NO_GOLD,criminal,OFFLINE_CLIENT_PROJECTION,,,
sha:2781ba503c552ea4747351c6ed35d9393bac214b4df044f265f95c1acdb0516e,PDF-2781ba503c55,CB-TB-2048_Fletcher,CB-TB-2048_Fletcher.pdf,2781ba503c552ea4747351c6ed35d9393bac214b4df044f265f95c1acdb0516e,C:\Users\gduff\Downloads\cb-tb-1601-2200-v5-factory-run\pdfs\CB-TB-2048_Fletcher.pdf,pdf_inventory_criminal,pdf_hash_unique|dupes=2,NO_GOLD,criminal,OFFLINE_CLIENT_PROJECTION,,,
sha:27863b425fa80105c4f4b7d86510b720a8ba1953e56aef1c8778734a1d10cbb9,PDF-27863b425fa8,CB-TB-2062_Hayes,CB-TB-2062_Hayes.pdf,27863b425fa80105c4f4b7d86510b720a8ba1953e56aef1c8778734a1d10cbb9,C:\Users\gduff\Downloads\cb-tb-1601-2200-v5-factory-run\pdfs\CB-TB-2062_Hayes.pdf,pdf_inventory_criminal,pdf_hash_unique|dupes=2,NO_GOLD,criminal,OFFLINE_CLIENT_PROJECTION,,,
sha:279a4c009c4bdc04427941384855e802905c7712a61a997c147e1925d7449370,PDF-279a4c009c4b,CB-TB-372_Mitchell,CB-TB-372_Mitchell.pdf,279a4c009c4bdc04427941384855e802905c7712a61a997c147e1925d7449370,C:\Users\gduff\Downloads\cb-tb-301-400-v4\pdfs\CB-TB-372_Mitchell.pdf,pdf_inventory_criminal,pdf_hash_unique|dupes=2,NO_GOLD,criminal,OFFLINE_CLIENT_PROJECTION,,,
sha:279f34df600c85b0313b4ab8e70d84434f1ff960d8e9cb8f79809001ff05c537,PDF-279f34df600c,CB-TB-595_Khan,CB-TB-595_Khan.pdf,279f34df600c85b0313b4ab8e70d84434f1ff960d8e9cb8f79809001ff05c537,C:\Users\gduff\Downloads\cb-tb-501-600-v5-extract\pdfs\CB-TB-595_Khan.pdf,pdf_inventory_criminal,pdf_hash_unique|dupes=3,NO_GOLD,criminal,OFFLINE_CLIENT_PROJECTION,,,
sha:27a13a45394bdb8a8912e8f5cca29d6002f39eba95aeff01ed4be0a8f9bd2369,PDF-27a13a45394b,CB-TB-101_Palmer,CB-TB-101_Palmer.pdf,27a13a45394bdb8a8912e8f5cca29d6002f39eba95aeff01ed4be0a8f9bd2369,C:\Users\gduff\Downloads\cb-tb-101-200-v4\pdfs\CB-TB-101_Palmer.pdf,pdf_inventory_criminal,pdf_hash_unique|dupes=1,NO_GOLD,criminal,OFFLINE_CLIENT_PROJECTION,,,
sha:27a7a84af3470ef10dc4c11215bc051fb48b61c2518c8774559f7e79c2eb097b,PDF-27a7a84af347,CB-TB-251_Marsh,CB-TB-251_Marsh.pdf,27a7a84af3470ef10dc4c11215bc051fb48b61c2518c8774559f7e79c2eb097b,C:\Users\gduff\Downloads\cb-tb-201-300-v4\pdfs\CB-TB-251_Marsh.pdf,pdf_inventory_criminal,pdf_hash_unique|dupes=1,NO_GOLD,criminal,OFFLINE_CLIENT_PROJECTION,,,
sha:27d4382f6341569cc7fffc8c214ed444bea4dc4f8425000155c8388faa02bc00,PDF-27d4382f6341,CB-TB-493_Ahmed,CB-TB-493_Ahmed.pdf,27d4382f6341569cc7fffc8c214ed444bea4dc4f8425000155c8388faa02bc00,C:\Users\gduff\Downloads\cb-tb-401-500-v5\pdfs\CB-TB-493_Ahmed.pdf,pdf_inventory_criminal,pdf_hash_unique|dupes=2,NO_GOLD,criminal,OFFLINE_CLIENT_PROJECTION,,,
sha:2800524c4bb5c651973a0c123cf2f10197d747ecd30a2ebb0e0322c2655fe9bb,PDF-2800524c4bb5,CB-TB-079_Foster,CB-TB-079_Foster.pdf,2800524c4bb5c651973a0c123cf2f10197d747ecd30a2ebb0e0322c2655fe9bb,C:\Users\gduff\Downloads\cb-tb-031-100-v4\pdfs\CB-TB-079_Foster.pdf,pdf_inventory_criminal,pdf_hash_unique|dupes=1,NO_GOLD,criminal,OFFLINE_CLIENT_PROJECTION,,,
sha:282a74a2d0c5db0bb686a987afdf69358d8ecc0e9493411d19dfce936db94f6c,PDF-282a74a2d0c5,CB-TB-989_Fletcher,CB-TB-989_Fletcher.pdf,282a74a2d0c5db0bb686a987afdf69358d8ecc0e9493411d19dfce936db94f6c,C:\Users\gduff\Downloads\cb-tb-901-1100-v5\pdfs\CB-TB-989_Fletcher.pdf,pdf_inventory_criminal,pdf_hash_unique|dupes=2,NO_GOLD,criminal,OFFLINE_CLIENT_PROJECTION,,,
sha:287c7211fa15c443bbd097a6165049c86a4f2001bea0ddc0630ebcd511ab7052,PDF-287c7211fa15,gauntlet-06-dup-mg6,gauntlet-06-dup-mg6.pdf,287c7211fa15c443bbd097a6165049c86a4f2001bea0ddc0630ebcd511ab7052,C:\Users\gduff\Downloads\test casess\gauntlet-06-dup-mg6.pdf,pdf_inventory,pdf_hash_unique|dupes=2,NO_GOLD,criminal,OFFLINE_CLIENT_PROJECTION,,,
sha:290b7977f4840f533ea101648606c3b46aab85181ab5d55f82aacc954f144fc8,PDF-290b7977f484,CB-TB-206_Okonkwo,CB-TB-206_Okonkwo.pdf,290b7977f4840f533ea101648606c3b46aab85181ab5d55f82aacc954f144fc8,C:\Users\gduff\Downloads\cb-tb-201-300-v4\pdfs\CB-TB-206_Okonkwo.pdf,pdf_inventory_criminal,pdf_hash_unique|dupes=1,NO_GOLD,criminal,OFFLINE_CLIENT_PROJECTION,,,
sha:291bae7216e8f1a3235e98ade53f69a823d6f6dbf124333554fe7b0b6f210662,PDF-291bae7216e8,CB-TB-1547_Ellis,CB-TB-1547_Ellis.pdf,291bae7216e8f1a3235e98ade53f69a823d6f6dbf124333554fe7b0b6f210662,C:\Users\gduff\Downloads\cb-tb-1501-1600-v5-factory-run\pdfs\CB-TB-1547_Ellis.pdf,pdf_inventory_criminal,pdf_hash_unique|dupes=2,NO_GOLD,criminal,OFFLINE_CLIENT_PROJECTION,,,
sha:292c3e443e87d48c05371a8d047cd7d54f99de1beb3246a1f59c2b56eb412c58,PDF-292c3e443e87,CB-TB-1913_Marsh,CB-TB-1913_Marsh.pdf,292c3e443e87d48c05371a8d047cd7d54f99de1beb3246a1f59c2b56eb412c58,C:\Users\gduff\Downloads\cb-tb-1601-2200-v5-factory-run\pdfs\CB-TB-1913_Marsh.pdf,pdf_inventory_criminal,pdf_hash_unique|dupes=2,NO_GOLD,criminal,OFFLINE_CLIENT_PROJECTION,,,
sha:29343237c834ed349e5f4a43f9c074a70f6757952749824125e8a90809a7ede1,PDF-29343237c834,CB-TB-619_Parker,CB-TB-619_Parker.pdf,29343237c834ed349e5f4a43f9c074a70f6757952749824125e8a90809a7ede1,C:\Users\gduff\Downloads\cb-tb-601-700-v5\pdfs\CB-TB-619_Parker.pdf,pdf_inventory_criminal,pdf_hash_unique|dupes=1,NO_GOLD,criminal,OFFLINE_CLIENT_PROJECTION,,,
sha:294e8c33ffc08f8b4dea821bc08c5006f433cacd0be984c5c0de8188bf638bfa,PDF-294e8c33ffc0,CB-TB-172_Rowe,CB-TB-172_Rowe.pdf,294e8c33ffc08f8b4dea821bc08c5006f433cacd0be984c5c0de8188bf638bfa,C:\Users\gduff\Downloads\cb-tb-101-200-v4\pdfs\CB-TB-172_Rowe.pdf,pdf_inventory_criminal,pdf_hash_unique|dupes=1,NO_GOLD,criminal,OFFLINE_CLIENT_PROJECTION,,,
sha:295c5890784bfc90d937687a9ca8091bc681d0ce826069f6f01a7a887722be97,PDF-295c5890784b,CB-TB-128_Foster,CB-TB-128_Foster.pdf,295c5890784bfc90d937687a9ca8091bc681d0ce826069f6f01a7a887722be97,C:\Users\gduff\Downloads\cb-tb-101-200-v4\pdfs\CB-TB-128_Foster.pdf,pdf_inventory_criminal,pdf_hash_unique|dupes=1,NO_GOLD,criminal,OFFLINE_CLIENT_PROJECTION,,,
sha:29714a170ab84f7b7fc15590aa29a9b515f4b7ddeddcff9509fde6a6a09e887b,PDF-29714a170ab8,CB-TB-191_Hartley,CB-TB-191_Hartley.pdf,29714a170ab84f7b7fc15590aa29a9b515f4b7ddeddcff9509fde6a6a09e887b,C:\Users\gduff\Downloads\cb-tb-101-200-v4\pdfs\CB-TB-191_Hartley.pdf,pdf_inventory_criminal,pdf_hash_unique|dupes=1,NO_GOLD,criminal,OFFLINE_CLIENT_PROJECTION,,,
sha:2997e0d74b72f8bacaf761fff3acb71675fb3c1f7e59a21e8a311a715b2da67a,PDF-2997e0d74b72,CB-TB-217_Shaw,CB-TB-217_Shaw.pdf,2997e0d74b72f8bacaf761fff3acb71675fb3c1f7e59a21e8a311a715b2da67a,C:\Users\gduff\Downloads\cb-tb-201-300-v4\pdfs\CB-TB-217_Shaw.pdf,pdf_inventory_criminal,pdf_hash_unique|dupes=1,NO_GOLD,criminal,OFFLINE_CLIENT_PROJECTION,,,
sha:29c8f36160c1e12d43a1227bcb1a3a2b9f847d9a28796be945191fcd8fc97483,PDF-29c8f36160c1,CB-TB-905_Doyle,CB-TB-905_Doyle.pdf,29c8f36160c1e12d43a1227bcb1a3a2b9f847d9a28796be945191fcd8fc97483,C:\Users\gduff\Downloads\cb-tb-901-1100-v5\pdfs\CB-TB-905_Doyle.pdf,pdf_inventory_criminal,pdf_hash_unique|dupes=2,NO_GOLD,criminal,OFFLINE_CLIENT_PROJECTION,,,
sha:29f2f472ff0991215de5c74479f98955d053a47bf9753663a0db22d4316ac722,PDF-29f2f472ff09,CB-TB-1056_Clarke,CB-TB-1056_Clarke.pdf,29f2f472ff0991215de5c74479f98955d053a47bf9753663a0db22d4316ac722,C:\Users\gduff\Downloads\cb-tb-901-1100-v5\pdfs\CB-TB-1056_Clarke.pdf,pdf_inventory_criminal,pdf_hash_unique|dupes=2,NO_GOLD,criminal,OFFLINE_CLIENT_PROJECTION,,,
sha:2a0f993fdd349fcd1742999c7d555d2aa2daba4fa309466b3b893de5d0260eb6,PDF-2a0f993fdd34,CB-TB-1307_Rowe,CB-TB-1307_Rowe.pdf,2a0f993fdd349fcd1742999c7d555d2aa2daba4fa309466b3b893de5d0260eb6,C:\Users\gduff\Downloads\cb-tb-1301-1400-v5\pdfs\CB-TB-1307_Rowe.pdf,pdf_inventory_criminal,pdf_hash_unique|dupes=2,NO_GOLD,criminal,OFFLINE_CLIENT_PROJECTION,,,
sha:2a4cef652eb71fa1563a6008a06ce2e595fcbf2b0072638f637df045f11eccd8,PDF-2a4cef652eb7,CB-TB-928_Walsh,CB-TB-928_Walsh.pdf,2a4cef652eb71fa1563a6008a06ce2e595fcbf2b0072638f637df045f11eccd8,C:\Users\gduff\Downloads\cb-tb-901-1100-v5\pdfs\CB-TB-928_Walsh.pdf,pdf_inventory_criminal,pdf_hash_unique|dupes=2,NO_GOLD,criminal,OFFLINE_CLIENT_PROJECTION,,,
sha:2a5f288b8ae213555bf19cb43473cc09b3ea4c637258012c630ae8305d36e916,PDF-2a5f288b8ae2,CB-TB-881_Hale,CB-TB-881_Hale.pdf,2a5f288b8ae213555bf19cb43473cc09b3ea4c637258012c630ae8305d36e916,C:\Users\gduff\Downloads\cb-tb-801-900-v5\pdfs\CB-TB-881_Hale.pdf,pdf_inventory_criminal,pdf_hash_unique|dupes=1,NO_GOLD,criminal,OFFLINE_CLIENT_PROJECTION,,,
sha:2a77776b1ccd9c80f1d5913b8c4d2d5eab71e7a8c06491cc20b816e264901164,PDF-2a77776b1ccd,CB-TB-904_Mason,CB-TB-904_Mason.pdf,2a77776b1ccd9c80f1d5913b8c4d2d5eab71e7a8c06491cc20b816e264901164,C:\Users\gduff\Downloads\cb-tb-901-1100-v5\pdfs\CB-TB-904_Mason.pdf,pdf_inventory_criminal,pdf_hash_unique|dupes=2,NO_GOLD,criminal,OFFLINE_CLIENT_PROJECTION,,,
sha:2a7c252620bf77cba0a48181ed7ef85e54936cf8b8589aeb24befed6c23dcd21,PDF-2a7c252620bf,CB-TB-1719_Carter,CB-TB-1719_Carter.pdf,2a7c252620bf77cba0a48181ed7ef85e54936cf8b8589aeb24befed6c23dcd21,C:\Users\gduff\Downloads\cb-tb-1601-2200-v5-factory-run\pdfs\CB-TB-1719_Carter.pdf,pdf_inventory_criminal,pdf_hash_unique|dupes=2,NO_GOLD,criminal,OFFLINE_CLIENT_PROJECTION,,,
sha:2a9739c346b822736e6e2571c582ac36c2ac5df8ca8bfe64da2689b5ae38adae,PDF-2a9739c346b8,CB-TB-870_Doyle,CB-TB-870_Doyle.pdf,2a9739c346b822736e6e2571c582ac36c2ac5df8ca8bfe64da2689b5ae38adae,C:\Users\gduff\Downloads\cb-tb-801-900-v5\pdfs\CB-TB-870_Doyle.pdf,pdf_inventory_criminal,pdf_hash_unique|dupes=1,NO_GOLD,criminal,OFFLINE_CLIENT_PROJECTION,,,
sha:2ab2934f93a9e60a195043a2a914b0d05c12340f77b49cc072accd17029c93ac,PDF-2ab2934f93a9,CB-TB-183_Lloyd,CB-TB-183_Lloyd.pdf,2ab2934f93a9e60a195043a2a914b0d05c12340f77b49cc072accd17029c93ac,C:\Users\gduff\Downloads\cb-tb-101-200-v4\pdfs\CB-TB-183_Lloyd.pdf,pdf_inventory_criminal,pdf_hash_unique|dupes=1,NO_GOLD,criminal,OFFLINE_CLIENT_PROJECTION,,,
sha:2abe688f4f23dbdcb7030ed1b081db9a4186a3f9651ec684b9e8039b1764336b,PDF-2abe688f4f23,CB-TB-1099_Ross,CB-TB-1099_Ross.pdf,2abe688f4f23dbdcb7030ed1b081db9a4186a3f9651ec684b9e8039b1764336b,C:\Users\gduff\Downloads\cb-tb-901-1100-v5\pdfs\CB-TB-1099_Ross.pdf,pdf_inventory_criminal,pdf_hash_unique|dupes=2,NO_GOLD,criminal,OFFLINE_CLIENT_PROJECTION,,,
sha:2acfc2afe059ed6752c08a307f059f07ac6991e3ab6d0efb0302a5ce56fb1cbd,PDF-2acfc2afe059,CB-TB-2009_Ali,CB-TB-2009_Ali.pdf,2acfc2afe059ed6752c08a307f059f07ac6991e3ab6d0efb0302a5ce56fb1cbd,C:\Users\gduff\Downloads\cb-tb-1601-2200-v5-factory-run\pdfs\CB-TB-2009_Ali.pdf,pdf_inventory_criminal,pdf_hash_unique|dupes=2,NO_GOLD,criminal,OFFLINE_CLIENT_PROJECTION,,,
sha:2ba6d5fe142e30b7c4a11e3b41a64a0ea3eecb7435eed39a5131caab688d2e71,PDF-2ba6d5fe142e,CB-TB-007_Pike,CB-TB-007_Pike.pdf,2ba6d5fe142e30b7c4a11e3b41a64a0ea3eecb7435eed39a5131caab688d2e71,C:\Users\gduff\Downloads\cb-tb-001-030-v4\pdfs\CB-TB-007_Pike.pdf,pdf_inventory_criminal,pdf_hash_unique|dupes=1,NO_GOLD,criminal,OFFLINE_CLIENT_PROJECTION,,,
sha:2bb2752814db666dafd0f2f975de387e8fa39704ce0916d6e02ce98153f44c3b,PDF-2bb2752814db,NS-CPS-2026-0431 - Copy (2),NS-CPS-2026-0431 - Copy (2).pdf,2bb2752814db666dafd0f2f975de387e8fa39704ce0916d6e02ce98153f44c3b,C:\Users\gduff\Downloads\NS-CPS-2026-0431 - Copy (2).pdf,pdf_inventory,pdf_hash_unique|dupes=2,NO_GOLD,criminal,OFFLINE_CLIENT_PROJECTION,,,
sha:2bbbefdf18f8207e8622d4788acbdb368b6a159b1d7e3391008265ca565c2722,PDF-2bbbefdf18f8,CB-TB-1818_Griffiths,CB-TB-1818_Griffiths.pdf,2bbbefdf18f8207e8622d4788acbdb368b6a159b1d7e3391008265ca565c2722,C:\Users\gduff\Downloads\cb-tb-1601-2200-v5-factory-run\pdfs\CB-TB-1818_Griffiths.pdf,pdf_inventory_criminal,pdf_hash_unique|dupes=2,NO_GOLD,criminal,OFFLINE_CLIENT_PROJECTION,,,
sha:2bf31ddfd06d7e1619c1948dd9559e595954cdcd14c2fe8baa0be92f56fb74c6,PDF-2bf31ddfd06d,CB-TB-1457_Hart,CB-TB-1457_Hart.pdf,2bf31ddfd06d7e1619c1948dd9559e595954cdcd14c2fe8baa0be92f56fb74c6,C:\Users\gduff\Downloads\cb-tb-1401-1500-v5-tmp\pdfs\CB-TB-1457_Hart.pdf,pdf_inventory_criminal,pdf_hash_unique|dupes=1,NO_GOLD,criminal,OFFLINE_CLIENT_PROJECTION,,,
sha:2bf575027bfa2c2fbad06e4db1003612ce10f9b933feb9a84e75a1a250d73d28,PDF-2bf575027bfa,CB-TB-1495_Ash,CB-TB-1495_Ash.pdf,2bf575027bfa2c2fbad06e4db1003612ce10f9b933feb9a84e75a1a250d73d28,C:\Users\gduff\Downloads\cb-tb-1401-1500-v5-tmp\pdfs\CB-TB-1495_Ash.pdf,pdf_inventory_criminal,pdf_hash_unique|dupes=1,NO_GOLD,criminal,OFFLINE_CLIENT_PROJECTION,,,
sha:2c073ea8ce61403f22fe1f864fb3fbb7e46443efb493fb25f99f8e670ef5ab03,PDF-2c073ea8ce61,CB-TB-322_Ross,CB-TB-322_Ross.pdf,2c073ea8ce61403f22fe1f864fb3fbb7e46443efb493fb25f99f8e670ef5ab03,C:\Users\gduff\Downloads\cb-tb-301-400-v4\pdfs\CB-TB-322_Ross.pdf,pdf_inventory_criminal,pdf_hash_unique|dupes=2,NO_GOLD,criminal,OFFLINE_CLIENT_PROJECTION,,,
sha:2c77806271f9b226ce639d7c183b73a2d7df6446240a9e295ecbbad83d2459dc,PDF-2c77806271f9,CB-TB-596_Nair,CB-TB-596_Nair.pdf,2c77806271f9b226ce639d7c183b73a2d7df6446240a9e295ecbbad83d2459dc,C:\Users\gduff\Downloads\cb-tb-501-600-v5-extract\pdfs\CB-TB-596_Nair.pdf,pdf_inventory_criminal,pdf_hash_unique|dupes=3,NO_GOLD,criminal,OFFLINE_CLIENT_PROJECTION,,,
sha:2c81e22b4a68033eeee31bf05e3a089a43d7bf3f198a0b8da2c78cb20299a433,PDF-2c81e22b4a68,CB-TB-1135_Ross,CB-TB-1135_Ross.pdf,2c81e22b4a68033eeee31bf05e3a089a43d7bf3f198a0b8da2c78cb20299a433,C:\Users\gduff\Downloads\cb-tb-1101-1400-v5\pdfs\CB-TB-1135_Ross.pdf,pdf_inventory_criminal,pdf_hash_unique|dupes=2,NO_GOLD,criminal,OFFLINE_CLIENT_PROJECTION,,,
sha:2c863ca2ff773919f8f23b390b3121c7f976b35f8f36c0b914421aa18c48c67b,PDF-2c863ca2ff77,CB-TB-864_Evans,CB-TB-864_Evans.pdf,2c863ca2ff773919f8f23b390b3121c7f976b35f8f36c0b914421aa18c48c67b,C:\Users\gduff\Downloads\cb-tb-801-900-v5\pdfs\CB-TB-864_Evans.pdf,pdf_inventory_criminal,pdf_hash_unique|dupes=1,NO_GOLD,criminal,OFFLINE_CLIENT_PROJECTION,,,
sha:2c951fd27aef0dcc971bfe7000dbe81e2d5deddca830e30952592dc11500f943,PDF-2c951fd27aef,CB-TB-1763_Foster,CB-TB-1763_Foster.pdf,2c951fd27aef0dcc971bfe7000dbe81e2d5deddca830e30952592dc11500f943,C:\Users\gduff\Downloads\cb-tb-1601-2200-v5-factory-run\pdfs\CB-TB-1763_Foster.pdf,pdf_inventory_criminal,pdf_hash_unique|dupes=2,NO_GOLD,criminal,OFFLINE_CLIENT_PROJECTION,,,
sha:2ca29dc331d9fb5b3e9607c8df2eb8108e174c84b56c0011f4eee2f7824d0adb,PDF-2ca29dc331d9,CB-TB-003_Merritt,CB-TB-003_Merritt.pdf,2ca29dc331d9fb5b3e9607c8df2eb8108e174c84b56c0011f4eee2f7824d0adb,C:\Users\gduff\Downloads\cb-tb-001-030-v4\pdfs\CB-TB-003_Merritt.pdf,pdf_inventory_criminal,pdf_hash_unique|dupes=1,NO_GOLD,criminal,OFFLINE_CLIENT_PROJECTION,,,
sha:2ca35b0511a7bd626e6a2f01280728ba6b3c7f97e89d675b2912a26cc37da291,PDF-2ca35b0511a7,CB-TB-514_Khan,CB-TB-514_Khan.pdf,2ca35b0511a7bd626e6a2f01280728ba6b3c7f97e89d675b2912a26cc37da291,C:\Users\gduff\Downloads\cb-tb-501-600-v5-extract\pdfs\CB-TB-514_Khan.pdf,pdf_inventory_criminal,pdf_hash_unique|dupes=3,NO_GOLD,criminal,OFFLINE_CLIENT_PROJECTION,,,
sha:2cfd0bdf2e2ba1e209f22a8310143adb9958b7dabe58ffbb8d94145f9c2ee5fc,PDF-2cfd0bdf2e2b,CB-TB-1590_Grant,CB-TB-1590_Grant.pdf,2cfd0bdf2e2ba1e209f22a8310143adb9958b7dabe58ffbb8d94145f9c2ee5fc,C:\Users\gduff\Downloads\cb-tb-1501-1600-v5-factory-run\pdfs\CB-TB-1590_Grant.pdf,pdf_inventory_criminal,pdf_hash_unique|dupes=2,NO_GOLD,criminal,OFFLINE_CLIENT_PROJECTION,,,
sha:2d13a977eb118185c77b86ea7b9949700099a956f7b650cf4921855e96dcb55a,PDF-2d13a977eb11,CB-TB-014_Siddiq,CB-TB-014_Siddiq.pdf,2d13a977eb118185c77b86ea7b9949700099a956f7b650cf4921855e96dcb55a,C:\Users\gduff\Downloads\cb-tb-001-030-v4\pdfs\CB-TB-014_Siddiq.pdf,pdf_inventory_criminal,pdf_hash_unique|dupes=1,NO_GOLD,criminal,OFFLINE_CLIENT_PROJECTION,,,
sha:2d15ae33571f7ffc3fe67ae03e37d3546537260fad0d4b6b03f2ff98c33c8916,PDF-2d15ae33571f,CB-TB-426_Byrne,CB-TB-426_Byrne.pdf,2d15ae33571f7ffc3fe67ae03e37d3546537260fad0d4b6b03f2ff98c33c8916,C:\Users\gduff\Downloads\cb-tb-401-500-v5\pdfs\CB-TB-426_Byrne.pdf,pdf_inventory_criminal,pdf_hash_unique|dupes=2,NO_GOLD,criminal,OFFLINE_CLIENT_PROJECTION,,,
sha:2d1d564446bf09c3e3bc74aaa0d7131c6b0e97a5fb6d1d0777b2ad6e85b341b7,PDF-2d1d564446bf,CB-TB-892_Bennett,CB-TB-892_Bennett.pdf,2d1d564446bf09c3e3bc74aaa0d7131c6b0e97a5fb6d1d0777b2ad6e85b341b7,C:\Users\gduff\Downloads\cb-tb-801-900-v5\pdfs\CB-TB-892_Bennett.pdf,pdf_inventory_criminal,pdf_hash_unique|dupes=1,NO_GOLD,criminal,OFFLINE_CLIENT_PROJECTION,,,
sha:2d583e4cf505eb371429c07e8f339428f4d1d65175caa51297f38202960140b6,PDF-2d583e4cf505,CB-TB-749_Hale,CB-TB-749_Hale.pdf,2d583e4cf505eb371429c07e8f339428f4d1d65175caa51297f38202960140b6,C:\Users\gduff\Downloads\cb-tb-701-800-v5\pdfs\CB-TB-749_Hale.pdf,pdf_inventory_criminal,pdf_hash_unique|dupes=1,NO_GOLD,criminal,OFFLINE_CLIENT_PROJECTION,,,
sha:2d9f6ececf3b85a83d4b6689a4e47a5109162136dbe70ed19086ca12ff19a761,PDF-2d9f6ececf3b,CB-TB-2034_Mitchell,CB-TB-2034_Mitchell.pdf,2d9f6ececf3b85a83d4b6689a4e47a5109162136dbe70ed19086ca12ff19a761,C:\Users\gduff\Downloads\cb-tb-1601-2200-v5-factory-run\pdfs\CB-TB-2034_Mitchell.pdf,pdf_inventory_criminal,pdf_hash_unique|dupes=2,NO_GOLD,criminal,OFFLINE_CLIENT_PROJECTION,,,
sha:2db5d5c19a33f2e25c3a7815e4b55e1a4c715d1e680a4769b497bbbb7f45ede1,PDF-2db5d5c19a33,CB-TB-240_Kent,CB-TB-240_Kent.pdf,2db5d5c19a33f2e25c3a7815e4b55e1a4c715d1e680a4769b497bbbb7f45ede1,C:\Users\gduff\Downloads\cb-tb-201-300-v4\pdfs\CB-TB-240_Kent.pdf,pdf_inventory_criminal,pdf_hash_unique|dupes=1,NO_GOLD,criminal,OFFLINE_CLIENT_PROJECTION,,,
sha:2db96762fa4a6433485396463fbeca94c689bc28f610e13199d5218b31872c59,PDF-2db96762fa4a,CB-TB-529_Foster,CB-TB-529_Foster.pdf,2db96762fa4a6433485396463fbeca94c689bc28f610e13199d5218b31872c59,C:\Users\gduff\Downloads\cb-tb-501-600-v5-extract\pdfs\CB-TB-529_Foster.pdf,pdf_inventory_criminal,pdf_hash_unique|dupes=3,NO_GOLD,criminal,OFFLINE_CLIENT_PROJECTION,,,
sha:2dc93789e23cd62833c7f7b1866525fa766b717865bf94b11a394538ffd13e3e,PDF-2dc93789e23c,CB-TB-1621_Mitchell,CB-TB-1621_Mitchell.pdf,2dc93789e23cd62833c7f7b1866525fa766b717865bf94b11a394538ffd13e3e,C:\Users\gduff\Downloads\cb-tb-1601-2200-v5-factory-run\pdfs\CB-TB-1621_Mitchell.pdf,pdf_inventory_criminal,pdf_hash_unique|dupes=4,NO_GOLD,criminal,OFFLINE_CLIENT_PROJECTION,,,
sha:2dd78dba7a544e01d4d69ad6a49761a7e3d36d18c3c1ea22183dc21c1c7af9cd,PDF-2dd78dba7a54,CB-TB-1707_Knowles,CB-TB-1707_Knowles.pdf,2dd78dba7a544e01d4d69ad6a49761a7e3d36d18c3c1ea22183dc21c1c7af9cd,C:\Users\gduff\Downloads\cb-tb-1601-2200-v5-factory-run\pdfs\CB-TB-1707_Knowles.pdf,pdf_inventory_criminal,pdf_hash_unique|dupes=2,NO_GOLD,criminal,OFFLINE_CLIENT_PROJECTION,,,
sha:2de715f58acce593804f73b2894a90e3349c0bf1359e67e049e5995511244724,PDF-2de715f58acc,CB-TB-304_Webb,CB-TB-304_Webb.pdf,2de715f58acce593804f73b2894a90e3349c0bf1359e67e049e5995511244724,C:\Users\gduff\Downloads\cb-tb-301-400-v4\pdfs\CB-TB-304_Webb.pdf,pdf_inventory_criminal,pdf_hash_unique|dupes=2,NO_GOLD,criminal,OFFLINE_CLIENT_PROJECTION,,,
sha:2e1fc003acc5754a714ab8b4931808dc2c7c169dcb47269df16e3b9780d6ba8b,PDF-2e1fc003acc5,CB-TB-947_Hobbs,CB-TB-947_Hobbs.pdf,2e1fc003acc5754a714ab8b4931808dc2c7c169dcb47269df16e3b9780d6ba8b,C:\Users\gduff\Downloads\cb-tb-901-1100-v5\pdfs\CB-TB-947_Hobbs.pdf,pdf_inventory_criminal,pdf_hash_unique|dupes=2,NO_GOLD,criminal,OFFLINE_CLIENT_PROJECTION,,,
sha:2e393e51120f1f99c5757c218eca6e690d4f3422b2879ad6340910e2217be6b5,PDF-2e393e51120f,CB-TB-773_Price,CB-TB-773_Price.pdf,2e393e51120f1f99c5757c218eca6e690d4f3422b2879ad6340910e2217be6b5,C:\Users\gduff\Downloads\cb-tb-701-800-v5\pdfs\CB-TB-773_Price.pdf,pdf_inventory_criminal,pdf_hash_unique|dupes=1,NO_GOLD,criminal,OFFLINE_CLIENT_PROJECTION,,,
sha:2e78b52987b8a74cd47ea6d2b2d9691f2b8d1e7bb812372f45f634001598177d,PDF-2e78b52987b8,CB-TB-1726_Byrne,CB-TB-1726_Byrne.pdf,2e78b52987b8a74cd47ea6d2b2d9691f2b8d1e7bb812372f45f634001598177d,C:\Users\gduff\Downloads\cb-tb-1601-2200-v5-factory-run\pdfs\CB-TB-1726_Byrne.pdf,pdf_inventory_criminal,pdf_hash_unique|dupes=2,NO_GOLD,criminal,OFFLINE_CLIENT_PROJECTION,,,
sha:2e94b4947f8d45fa515c87542b76a08e2a5ad83c7692177a46bdb4dd0de3c1df,PDF-2e94b4947f8d,CB-TB-253_Morris,CB-TB-253_Morris.pdf,2e94b4947f8d45fa515c87542b76a08e2a5ad83c7692177a46bdb4dd0de3c1df,C:\Users\gduff\Downloads\cb-tb-201-300-v4\pdfs\CB-TB-253_Morris.pdf,pdf_inventory_criminal,pdf_hash_unique|dupes=1,NO_GOLD,criminal,OFFLINE_CLIENT_PROJECTION,,,
sha:2ea1fb483adbfac8197a4724bfa15c3ed8d2673c7c78ec1adb03650a6a5a5d86,PDF-2ea1fb483adb,CB-TB-333_Thornton,CB-TB-333_Thornton.pdf,2ea1fb483adbfac8197a4724bfa15c3ed8d2673c7c78ec1adb03650a6a5a5d86,C:\Users\gduff\Downloads\cb-tb-301-400-v4\pdfs\CB-TB-333_Thornton.pdf,pdf_inventory_criminal,pdf_hash_unique|dupes=2,NO_GOLD,criminal,OFFLINE_CLIENT_PROJECTION,,,
sha:2ef31a361bbdf8f9bb8f8d444435d10f762c51836a8494bb2d38713467d2f00c,PDF-2ef31a361bbd,CB-TB-1630_Cole,CB-TB-1630_Cole.pdf,2ef31a361bbdf8f9bb8f8d444435d10f762c51836a8494bb2d38713467d2f00c,C:\Users\gduff\Downloads\cb-tb-1601-2200-v5-factory-run\pdfs\CB-TB-1630_Cole.pdf,pdf_inventory_criminal,pdf_hash_unique|dupes=4,NO_GOLD,criminal,OFFLINE_CLIENT_PROJECTION,,,
sha:2f05ad705923597ef7615cd0846533e599ca3b81092aa3b1b94842b30c03e8b0,PDF-2f05ad705923,CB-TB-1645_Parker,CB-TB-1645_Parker.pdf,2f05ad705923597ef7615cd0846533e599ca3b81092aa3b1b94842b30c03e8b0,C:\Users\gduff\Downloads\cb-tb-1601-2200-v5-factory-run\pdfs\CB-TB-1645_Parker.pdf,pdf_inventory_criminal,pdf_hash_unique|dupes=4,NO_GOLD,criminal,OFFLINE_CLIENT_PROJECTION,,,
sha:2f17511a54edaf0399e1830965273b7ca8d240c3cf15c72358f441269ec7c2c5,PDF-2f17511a54ed,CB-TB-1004_Hayes,CB-TB-1004_Hayes.pdf,2f17511a54edaf0399e1830965273b7ca8d240c3cf15c72358f441269ec7c2c5,C:\Users\gduff\Downloads\cb-tb-901-1100-v5\pdfs\CB-TB-1004_Hayes.pdf,pdf_inventory_criminal,pdf_hash_unique|dupes=2,NO_GOLD,criminal,OFFLINE_CLIENT_PROJECTION,,,
sha:2f484146c68a7ad59a35607f93f711b2a0f04b0fdb1182e56d4cc861d9d5d368,PDF-2f484146c68a,CB-TB-2189_Merritt,CB-TB-2189_Merritt.pdf,2f484146c68a7ad59a35607f93f711b2a0f04b0fdb1182e56d4cc861d9d5d368,C:\Users\gduff\Downloads\cb-tb-1601-2200-v5-factory-run\pdfs\CB-TB-2189_Merritt.pdf,pdf_inventory_criminal,pdf_hash_unique|dupes=2,NO_GOLD,criminal,OFFLINE_CLIENT_PROJECTION,,,
sha:2f506bb1a963f9cd192cd6a3e2e2f6c9f1379a95b9f70384849f1b132e1ebc58,PDF-2f506bb1a963,CB-TB-1742_Griffiths,CB-TB-1742_Griffiths.pdf,2f506bb1a963f9cd192cd6a3e2e2f6c9f1379a95b9f70384849f1b132e1ebc58,C:\Users\gduff\Downloads\cb-tb-1601-2200-v5-factory-run\pdfs\CB-TB-1742_Griffiths.pdf,pdf_inventory_criminal,pdf_hash_unique|dupes=2,NO_GOLD,criminal,OFFLINE_CLIENT_PROJECTION,,,
sha:2f6cdda14ed3a046786071dbdaf3874f3337d8c574921ed3a0e83505bfe12d55,PDF-2f6cdda14ed3,CB-TB-2105_Barlow,CB-TB-2105_Barlow.pdf,2f6cdda14ed3a046786071dbdaf3874f3337d8c574921ed3a0e83505bfe12d55,C:\Users\gduff\Downloads\cb-tb-1601-2200-v5-factory-run\pdfs\CB-TB-2105_Barlow.pdf,pdf_inventory_criminal,pdf_hash_unique|dupes=2,NO_GOLD,criminal,OFFLINE_CLIENT_PROJECTION,,,
sha:2f945f46c4a627e4684aaf5d61a3c6270c4e2e4308ac8f25deefed6a09e47633,PDF-2f945f46c4a6,CB-TB-1538_Mason,CB-TB-1538_Mason.pdf,2f945f46c4a627e4684aaf5d61a3c6270c4e2e4308ac8f25deefed6a09e47633,C:\Users\gduff\Downloads\cb-tb-1501-1600-v5-factory-run\pdfs\CB-TB-1538_Mason.pdf,pdf_inventory_criminal,pdf_hash_unique|dupes=2,NO_GOLD,criminal,OFFLINE_CLIENT_PROJECTION,,,
sha:2fd233409fd14835360dc2fdd74a407e39771e22100843b0fac6bf7c5999bc8c,PDF-2fd233409fd1,CB-TB-1120_West,CB-TB-1120_West.pdf,2fd233409fd14835360dc2fdd74a407e39771e22100843b0fac6bf7c5999bc8c,C:\Users\gduff\Downloads\cb-tb-1101-1400-v5\pdfs\CB-TB-1120_West.pdf,pdf_inventory_criminal,pdf_hash_unique|dupes=2,NO_GOLD,criminal,OFFLINE_CLIENT_PROJECTION,,,
sha:2fdec2132f91bb537575419e5b23fceec08984b7a53d22c435d66ec86edd0dfd,PDF-2fdec2132f91,CB-TB-1844_Walsh,CB-TB-1844_Walsh.pdf,2fdec2132f91bb537575419e5b23fceec08984b7a53d22c435d66ec86edd0dfd,C:\Users\gduff\Downloads\cb-tb-1601-2200-v5-factory-run\pdfs\CB-TB-1844_Walsh.pdf,pdf_inventory_criminal,pdf_hash_unique|dupes=2,NO_GOLD,criminal,OFFLINE_CLIENT_PROJECTION,,,
sha:2fe458678cbc62f3ceb7150c36b4fcebc50f3ef136ca92ae1824991ec18148c0,PDF-2fe458678cbc,CB-TB-646_Hughes,CB-TB-646_Hughes.pdf,2fe458678cbc62f3ceb7150c36b4fcebc50f3ef136ca92ae1824991ec18148c0,C:\Users\gduff\Downloads\cb-tb-601-700-v5\pdfs\CB-TB-646_Hughes.pdf,pdf_inventory_criminal,pdf_hash_unique|dupes=1,NO_GOLD,criminal,OFFLINE_CLIENT_PROJECTION,,,
sha:3000814bee1b18530a42e5eaf1c127ae3293830432bebfb9cba8eb11e5b90a5e,PDF-3000814bee1b,CB-TB-925_Osei,CB-TB-925_Osei.pdf,3000814bee1b18530a42e5eaf1c127ae3293830432bebfb9cba8eb11e5b90a5e,C:\Users\gduff\Downloads\cb-tb-901-1100-v5\pdfs\CB-TB-925_Osei.pdf,pdf_inventory_criminal,pdf_hash_unique|dupes=2,NO_GOLD,criminal,OFFLINE_CLIENT_PROJECTION,,,
sha:300ed3fefa7dfbb4031a0fadf72be3d01dc664353e0ff5f7a54ea2309c9c4840,PDF-300ed3fefa7d,CB-TB-1322_Merritt,CB-TB-1322_Merritt.pdf,300ed3fefa7dfbb4031a0fadf72be3d01dc664353e0ff5f7a54ea2309c9c4840,C:\Users\gduff\Downloads\cb-tb-1301-1400-v5\pdfs\CB-TB-1322_Merritt.pdf,pdf_inventory_criminal,pdf_hash_unique|dupes=2,NO_GOLD,criminal,OFFLINE_CLIENT_PROJECTION,,,
sha:303acb8612f8de132a45a9e1e9d98532fc254371a497278cc3e394329bc1ed50,PDF-303acb8612f8,CB-TB-780_Mitchell,CB-TB-780_Mitchell.pdf,303acb8612f8de132a45a9e1e9d98532fc254371a497278cc3e394329bc1ed50,C:\Users\gduff\Downloads\cb-tb-701-800-v5\pdfs\CB-TB-780_Mitchell.pdf,pdf_inventory_criminal,pdf_hash_unique|dupes=1,NO_GOLD,criminal,OFFLINE_CLIENT_PROJECTION,,,
sha:3046c3684d30caa932bc36c0abf583176771eef83a3524533d2e34e339111ead,PDF-3046c3684d30,MG5,MG5.pdf,3046c3684d30caa932bc36c0abf583176771eef83a3524533d2e34e339111ead,C:\Users\gduff\Downloads\MG5.pdf,pdf_inventory,pdf_hash_unique|dupes=1,NO_GOLD,criminal,OFFLINE_CLIENT_PROJECTION,,,
sha:3065fa9d521f8a972ab06fa12e62b6c7ceb63da39ad87c4284ca328ec3de69b9,PDF-3065fa9d521f,CB-TB-715_Merritt,CB-TB-715_Merritt.pdf,3065fa9d521f8a972ab06fa12e62b6c7ceb63da39ad87c4284ca328ec3de69b9,C:\Users\gduff\Downloads\cb-tb-701-800-v5\pdfs\CB-TB-715_Merritt.pdf,pdf_inventory_criminal,pdf_hash_unique|dupes=1,NO_GOLD,criminal,OFFLINE_CLIENT_PROJECTION,,,
sha:3082183559dfd2755ce068dc1da3f4b4bdbcb374c6138f07ffa764ad03aba62e,PDF-3082183559df,CB-TB-1845_Sutton,CB-TB-1845_Sutton.pdf,3082183559dfd2755ce068dc1da3f4b4bdbcb374c6138f07ffa764ad03aba62e,C:\Users\gduff\Downloads\cb-tb-1601-2200-v5-factory-run\pdfs\CB-TB-1845_Sutton.pdf,pdf_inventory_criminal,pdf_hash_unique|dupes=2,NO_GOLD,criminal,OFFLINE_CLIENT_PROJECTION,,,
sha:309e28d94ecafbc94615aeab41442158eaf9d9c66e4f991d1ec04af03b2f3215,PDF-309e28d94eca,CB-TB-1083_Griffiths,CB-TB-1083_Griffiths.pdf,309e28d94ecafbc94615aeab41442158eaf9d9c66e4f991d1ec04af03b2f3215,C:\Users\gduff\Downloads\cb-tb-901-1100-v5\pdfs\CB-TB-1083_Griffiths.pdf,pdf_inventory_criminal,pdf_hash_unique|dupes=2,NO_GOLD,criminal,OFFLINE_CLIENT_PROJECTION,,,
sha:309f69e6a9a8c291bce5e39f257921bca2ed969691adbbf27314a5afab7df18f,PDF-309f69e6a9a8,CB-TB-1469_Merritt,CB-TB-1469_Merritt.pdf,309f69e6a9a8c291bce5e39f257921bca2ed969691adbbf27314a5afab7df18f,C:\Users\gduff\Downloads\cb-tb-1401-1500-v5-tmp\pdfs\CB-TB-1469_Merritt.pdf,pdf_inventory_criminal,pdf_hash_unique|dupes=1,NO_GOLD,criminal,OFFLINE_CLIENT_PROJECTION,,,
sha:30ccd607c42d4ba62d36f25e2ab2a734f375e6b287c0eb9d446ba81704cdd11f,PDF-30ccd607c42d,CB-TB-1605_Cole,CB-TB-1605_Cole.pdf,30ccd607c42d4ba62d36f25e2ab2a734f375e6b287c0eb9d446ba81704cdd11f,C:\Users\gduff\Downloads\cb-tb-1601-2200-v5-factory-run\pdfs\CB-TB-1605_Cole.pdf,pdf_inventory_criminal,pdf_hash_unique|dupes=4,NO_GOLD,criminal,OFFLINE_CLIENT_PROJECTION,,,
sha:30e6b2fd8b72de47c6dfd986c62a82e04ed427a16769794f075f170c81b11f70,PDF-30e6b2fd8b72,CB-TB-894_Turner,CB-TB-894_Turner.pdf,30e6b2fd8b72de47c6dfd986c62a82e04ed427a16769794f075f170c81b11f70,C:\Users\gduff\Downloads\cb-tb-801-900-v5\pdfs\CB-TB-894_Turner.pdf,pdf_inventory_criminal,pdf_hash_unique|dupes=1,NO_GOLD,criminal,OFFLINE_CLIENT_PROJECTION,,,
sha:30eff70ad7bccea817c6f8fc88d4d0b9331c2837760afa19876adfa29db09952,PDF-30eff70ad7bc,CB-TB-406_Barker,CB-TB-406_Barker.pdf,30eff70ad7bccea817c6f8fc88d4d0b9331c2837760afa19876adfa29db09952,C:\Users\gduff\Downloads\cb-tb-401-500-v5\pdfs\CB-TB-406_Barker.pdf,pdf_inventory_criminal,pdf_hash_unique|dupes=2,NO_GOLD,criminal,OFFLINE_CLIENT_PROJECTION,,,
sha:3108ce566018c479765e8c5b3b0acb4dec5cdc5074f246497046d61c33518af0,PDF-3108ce566018,CB-TB-064_Thornton,CB-TB-064_Thornton.pdf,3108ce566018c479765e8c5b3b0acb4dec5cdc5074f246497046d61c33518af0,C:\Users\gduff\Downloads\cb-tb-031-100-v4\pdfs\CB-TB-064_Thornton.pdf,pdf_inventory_criminal,pdf_hash_unique|dupes=1,NO_GOLD,criminal,OFFLINE_CLIENT_PROJECTION,,,
sha:310e6afa387894d5b1373c1bdbc2a6ece5506f267b28e96c2888b78b8cc8437e,PDF-310e6afa3878,CB-TB-1351_West,CB-TB-1351_West.pdf,310e6afa387894d5b1373c1bdbc2a6ece5506f267b28e96c2888b78b8cc8437e,C:\Users\gduff\Downloads\cb-tb-1301-1400-v5\pdfs\CB-TB-1351_West.pdf,pdf_inventory_criminal,pdf_hash_unique|dupes=2,NO_GOLD,criminal,OFFLINE_CLIENT_PROJECTION,,,
sha:311cbb0d3ea89d028d70cdd1b922283bd1e75bc4f04bd969af04f7b7fc1dd750,PDF-311cbb0d3ea8,CB-TB-1887_Marlow,CB-TB-1887_Marlow.pdf,311cbb0d3ea89d028d70cdd1b922283bd1e75bc4f04bd969af04f7b7fc1dd750,C:\Users\gduff\Downloads\cb-tb-1601-2200-v5-factory-run\pdfs\CB-TB-1887_Marlow.pdf,pdf_inventory_criminal,pdf_hash_unique|dupes=2,NO_GOLD,criminal,OFFLINE_CLIENT_PROJECTION,,,
sha:312870ee469bb3d56e555cc43070425b094bbfa7aeb1b48c15d4d0366c48315b,PDF-312870ee469b,CB-TB-375_Morris,CB-TB-375_Morris.pdf,312870ee469bb3d56e555cc43070425b094bbfa7aeb1b48c15d4d0366c48315b,C:\Users\gduff\Downloads\cb-tb-301-400-v4\pdfs\CB-TB-375_Morris.pdf,pdf_inventory_criminal,pdf_hash_unique|dupes=2,NO_GOLD,criminal,OFFLINE_CLIENT_PROJECTION,,,
sha:313b5f2b5a5bd0e0961da2d9747540556994c4dda5fa4bc7ca2e463294724293,PDF-313b5f2b5a5b,CB-TB-2195_Clarke,CB-TB-2195_Clarke.pdf,313b5f2b5a5bd0e0961da2d9747540556994c4dda5fa4bc7ca2e463294724293,C:\Users\gduff\Downloads\cb-tb-1601-2200-v5-factory-run\pdfs\CB-TB-2195_Clarke.pdf,pdf_inventory_criminal,pdf_hash_unique|dupes=2,NO_GOLD,criminal,OFFLINE_CLIENT_PROJECTION,,,
sha:3176c95bde4393bb4495dd10057d7423c08cc90ec22d1d9327e06b9d55445911,PDF-3176c95bde43,CB-TB-1601_Okonkwo,CB-TB-1601_Okonkwo.pdf,3176c95bde4393bb4495dd10057d7423c08cc90ec22d1d9327e06b9d55445911,C:\Users\gduff\Downloads\cb-tb-1601-2200-v5-factory-run\pdfs\CB-TB-1601_Okonkwo.pdf,pdf_inventory_criminal,pdf_hash_unique|dupes=4,NO_GOLD,criminal,OFFLINE_CLIENT_PROJECTION,,,
sha:31d90bdd2395482a0de46edabdc8fa20d6109e9143641dc7bd065443ca22a625,PDF-31d90bdd2395,CB-TB-320_Spencer,CB-TB-320_Spencer.pdf,31d90bdd2395482a0de46edabdc8fa20d6109e9143641dc7bd065443ca22a625,C:\Users\gduff\Downloads\cb-tb-301-400-v4\pdfs\CB-TB-320_Spencer.pdf,pdf_inventory_criminal,pdf_hash_unique|dupes=2,NO_GOLD,criminal,OFFLINE_CLIENT_PROJECTION,,,
sha:320996308be2573abdc204413abe9b4fe279dfe2afb64a0d46ad69908e20e1e2,PDF-320996308be2,CB-TB-1373_West,CB-TB-1373_West.pdf,320996308be2573abdc204413abe9b4fe279dfe2afb64a0d46ad69908e20e1e2,C:\Users\gduff\Downloads\cb-tb-1301-1400-v5\pdfs\CB-TB-1373_West.pdf,pdf_inventory_criminal,pdf_hash_unique|dupes=2,NO_GOLD,criminal,OFFLINE_CLIENT_PROJECTION,,,
sha:32119d4f83f00d7a7c1d0aa2b7122ad6e1806d7f81dc23af298701a76b48d585,PDF-32119d4f83f0,CB-TB-1310_Carver,CB-TB-1310_Carver.pdf,32119d4f83f00d7a7c1d0aa2b7122ad6e1806d7f81dc23af298701a76b48d585,C:\Users\gduff\Downloads\cb-tb-1301-1400-v5\pdfs\CB-TB-1310_Carver.pdf,pdf_inventory_criminal,pdf_hash_unique|dupes=2,NO_GOLD,criminal,OFFLINE_CLIENT_PROJECTION,,,
sha:323137bbafbf0748b8abf326748dc70b8feac90c0a29e7db9957bfc4b25cf944,PDF-323137bbafbf,CB-TB-188_Walsh,CB-TB-188_Walsh.pdf,323137bbafbf0748b8abf326748dc70b8feac90c0a29e7db9957bfc4b25cf944,C:\Users\gduff\Downloads\cb-tb-101-200-v4\pdfs\CB-TB-188_Walsh.pdf,pdf_inventory_criminal,pdf_hash_unique|dupes=1,NO_GOLD,criminal,OFFLINE_CLIENT_PROJECTION,,,
sha:323a336f4fdaa695565ae12bfe8628185ee1470ae447f32f2975590b74727795,PDF-323a336f4fda,CB-TB-184_Hardy,CB-TB-184_Hardy.pdf,323a336f4fdaa695565ae12bfe8628185ee1470ae447f32f2975590b74727795,C:\Users\gduff\Downloads\cb-tb-101-200-v4\pdfs\CB-TB-184_Hardy.pdf,pdf_inventory_criminal,pdf_hash_unique|dupes=1,NO_GOLD,criminal,OFFLINE_CLIENT_PROJECTION,,,
sha:323fddafd396e712fbc374b56559daa24e63e21ba6f33bd6b689311ba510e635,PDF-323fddafd396,CB-TB-738_Mitchell,CB-TB-738_Mitchell.pdf,323fddafd396e712fbc374b56559daa24e63e21ba6f33bd6b689311ba510e635,C:\Users\gduff\Downloads\cb-tb-701-800-v5\pdfs\CB-TB-738_Mitchell.pdf,pdf_inventory_criminal,pdf_hash_unique|dupes=1,NO_GOLD,criminal,OFFLINE_CLIENT_PROJECTION,,,
sha:326b31b9cda3868fbb9674d0976cfe0f31ba0675bd8521a777310cddf2247303,PDF-326b31b9cda3,CB-TB-2118_Khan,CB-TB-2118_Khan.pdf,326b31b9cda3868fbb9674d0976cfe0f31ba0675bd8521a777310cddf2247303,C:\Users\gduff\Downloads\cb-tb-1601-2200-v5-factory-run\pdfs\CB-TB-2118_Khan.pdf,pdf_inventory_criminal,pdf_hash_unique|dupes=2,NO_GOLD,criminal,OFFLINE_CLIENT_PROJECTION,,,
sha:32831225a0e7e8c8efed222387f9ab0021ab6fb36bbad3f16191ebf71722f763,PDF-32831225a0e7,CB-TB-471_Ross,CB-TB-471_Ross.pdf,32831225a0e7e8c8efed222387f9ab0021ab6fb36bbad3f16191ebf71722f763,C:\Users\gduff\Downloads\cb-tb-401-500-v5\pdfs\CB-TB-471_Ross.pdf,pdf_inventory_criminal,pdf_hash_unique|dupes=2,NO_GOLD,criminal,OFFLINE_CLIENT_PROJECTION,,,
sha:3292e865e79c084bb408c98dd88f86a1eb7ff1d6be42831571718f95e7906a00,PDF-3292e865e79c,CB-TB-1988_Clarke,CB-TB-1988_Clarke.pdf,3292e865e79c084bb408c98dd88f86a1eb7ff1d6be42831571718f95e7906a00,C:\Users\gduff\Downloads\cb-tb-1601-2200-v5-factory-run\pdfs\CB-TB-1988_Clarke.pdf,pdf_inventory_criminal,pdf_hash_unique|dupes=2,NO_GOLD,criminal,OFFLINE_CLIENT_PROJECTION,,,
sha:3299c527fd418429b6aaa3d510f80fe9ac4d708dfa5ccfc4149b986016e91d5e,PDF-3299c527fd41,CB-TB-692_Thornton,CB-TB-692_Thornton.pdf,3299c527fd418429b6aaa3d510f80fe9ac4d708dfa5ccfc4149b986016e91d5e,C:\Users\gduff\Downloads\cb-tb-601-700-v5\pdfs\CB-TB-692_Thornton.pdf,pdf_inventory_criminal,pdf_hash_unique|dupes=1,NO_GOLD,criminal,OFFLINE_CLIENT_PROJECTION,,,
sha:32a8159741d49617c609c53e94b3180d8e766a7905b7ce56ebc92689517246f2,PDF-32a8159741d4,CB-TB-316_Graham,CB-TB-316_Graham.pdf,32a8159741d49617c609c53e94b3180d8e766a7905b7ce56ebc92689517246f2,C:\Users\gduff\Downloads\cb-tb-301-400-v4\pdfs\CB-TB-316_Graham.pdf,pdf_inventory_criminal,pdf_hash_unique|dupes=2,NO_GOLD,criminal,OFFLINE_CLIENT_PROJECTION,,,
sha:32c265040817ce776a26a15e51560e8292c5ee6a0cec501ee9ee0611f6096f2c,PDF-32c265040817,CB-TB-1294_Akhtar,CB-TB-1294_Akhtar.pdf,32c265040817ce776a26a15e51560e8292c5ee6a0cec501ee9ee0611f6096f2c,C:\Users\gduff\Downloads\cb-tb-1201-1300-v5\pdfs\CB-TB-1294_Akhtar.pdf,pdf_inventory_criminal,pdf_hash_unique|dupes=2,NO_GOLD,criminal,OFFLINE_CLIENT_PROJECTION,,,
sha:32c70103eecbe648928f8f484b8421384df368c0e933a3c86b691954d3bb0b3c,PDF-32c70103eecb,CB-TB-935_Naylor,CB-TB-935_Naylor.pdf,32c70103eecbe648928f8f484b8421384df368c0e933a3c86b691954d3bb0b3c,C:\Users\gduff\Downloads\cb-tb-901-1100-v5\pdfs\CB-TB-935_Naylor.pdf,pdf_inventory_criminal,pdf_hash_unique|dupes=2,NO_GOLD,criminal,OFFLINE_CLIENT_PROJECTION,,,
sha:32e95af34d8f3aca6b7e2d8c38c50ad0bac9f8f3dd69da10191305bbc2700343,PDF-32e95af34d8f,CB-TB-967_Hale,CB-TB-967_Hale.pdf,32e95af34d8f3aca6b7e2d8c38c50ad0bac9f8f3dd69da10191305bbc2700343,C:\Users\gduff\Downloads\cb-tb-901-1100-v5\pdfs\CB-TB-967_Hale.pdf,pdf_inventory_criminal,pdf_hash_unique|dupes=2,NO_GOLD,criminal,OFFLINE_CLIENT_PROJECTION,,,
sha:32f4448f4fd880a62181eaaeeca04585ebd575258f3085fbd8ca39beba0ade52,PDF-32f4448f4fd8,CB-TB-1424_Blake,CB-TB-1424_Blake.pdf,32f4448f4fd880a62181eaaeeca04585ebd575258f3085fbd8ca39beba0ade52,C:\Users\gduff\Downloads\cb-tb-1401-1500-v5-tmp\pdfs\CB-TB-1424_Blake.pdf,pdf_inventory_criminal,pdf_hash_unique|dupes=1,NO_GOLD,criminal,OFFLINE_CLIENT_PROJECTION,,,
sha:3319e723496b34e5eb55165c0b961ec2290bd98a7f6b6e83e97b417d5a1189ab,PDF-3319e723496b,CB-TB-340_Hart,CB-TB-340_Hart.pdf,3319e723496b34e5eb55165c0b961ec2290bd98a7f6b6e83e97b417d5a1189ab,C:\Users\gduff\Downloads\cb-tb-301-400-v4\pdfs\CB-TB-340_Hart.pdf,pdf_inventory_criminal,pdf_hash_unique|dupes=2,NO_GOLD,criminal,OFFLINE_CLIENT_PROJECTION,,,
sha:33245afe3cec9b24e07f67668ce0e61414b6a7d97d2278862877f7f0cae32421,PDF-33245afe3cec,CB-TB-912_Archer,CB-TB-912_Archer.pdf,33245afe3cec9b24e07f67668ce0e61414b6a7d97d2278862877f7f0cae32421,C:\Users\gduff\Downloads\cb-tb-901-1100-v5\pdfs\CB-TB-912_Archer.pdf,pdf_inventory_criminal,pdf_hash_unique|dupes=2,NO_GOLD,criminal,OFFLINE_CLIENT_PROJECTION,,,
sha:3332f5bf946f1e7f394adb1fc5db1393d65921df0d932395ede7d60e6665cb96,PDF-3332f5bf946f,CB-TB-124_Ahmed,CB-TB-124_Ahmed.pdf,3332f5bf946f1e7f394adb1fc5db1393d65921df0d932395ede7d60e6665cb96,C:\Users\gduff\Downloads\cb-tb-101-200-v4\pdfs\CB-TB-124_Ahmed.pdf,pdf_inventory_criminal,pdf_hash_unique|dupes=1,NO_GOLD,criminal,OFFLINE_CLIENT_PROJECTION,,,
sha:33491de01dce64aaabbd3b9c0a522b364a442534d8b748bedbb93d08dd46abeb,PDF-33491de01dce,CB-TB-1188_Carver,CB-TB-1188_Carver.pdf,33491de01dce64aaabbd3b9c0a522b364a442534d8b748bedbb93d08dd46abeb,C:\Users\gduff\Downloads\cb-tb-1101-1400-v5\pdfs\CB-TB-1188_Carver.pdf,pdf_inventory_criminal,pdf_hash_unique|dupes=2,NO_GOLD,criminal,OFFLINE_CLIENT_PROJECTION,,,
sha:3354a46f89693c1dcaac20a190105fd8180af1cec30a57046c97c59562b49109,PDF-3354a46f8969,CB-TB-1858_Lloyd,CB-TB-1858_Lloyd.pdf,3354a46f89693c1dcaac20a190105fd8180af1cec30a57046c97c59562b49109,C:\Users\gduff\Downloads\cb-tb-1601-2200-v5-factory-run\pdfs\CB-TB-1858_Lloyd.pdf,pdf_inventory_criminal,pdf_hash_unique|dupes=2,NO_GOLD,criminal,OFFLINE_CLIENT_PROJECTION,,,
sha:335b3cf612ac4aa50a23631cb0cf8bf17fcbcbc8f56931cd0b749b4e2530b122,PDF-335b3cf612ac,CB-TB-889_Wright,CB-TB-889_Wright.pdf,335b3cf612ac4aa50a23631cb0cf8bf17fcbcbc8f56931cd0b749b4e2530b122,C:\Users\gduff\Downloads\cb-tb-801-900-v5\pdfs\CB-TB-889_Wright.pdf,pdf_inventory_criminal,pdf_hash_unique|dupes=1,NO_GOLD,criminal,OFFLINE_CLIENT_PROJECTION,,,
sha:337127f20be063f55e5449750c61d7f3c474d63e12129e06ba95af42cf0440c0,PDF-337127f20be0,CB-TB-2063_Patel,CB-TB-2063_Patel.pdf,337127f20be063f55e5449750c61d7f3c474d63e12129e06ba95af42cf0440c0,C:\Users\gduff\Downloads\cb-tb-1601-2200-v5-factory-run\pdfs\CB-TB-2063_Patel.pdf,pdf_inventory_criminal,pdf_hash_unique|dupes=2,NO_GOLD,criminal,OFFLINE_CLIENT_PROJECTION,,,
sha:3386e211e0ac3512dc16909f2b1ae598b54939911e58eb2b020eb39437024f74,PDF-3386e211e0ac,CB-TB-1239_West,CB-TB-1239_West.pdf,3386e211e0ac3512dc16909f2b1ae598b54939911e58eb2b020eb39437024f74,C:\Users\gduff\Downloads\cb-tb-1201-1300-v5\pdfs\CB-TB-1239_West.pdf,pdf_inventory_criminal,pdf_hash_unique|dupes=2,NO_GOLD,criminal,OFFLINE_CLIENT_PROJECTION,,,
sha:33b894dba3b8e737c200b0319c87621dfa64d18647cfbf05748fe3c373b4d020,PDF-33b894dba3b8,CB-TB-719_Brooks,CB-TB-719_Brooks.pdf,33b894dba3b8e737c200b0319c87621dfa64d18647cfbf05748fe3c373b4d020,C:\Users\gduff\Downloads\cb-tb-701-800-v5\pdfs\CB-TB-719_Brooks.pdf,pdf_inventory_criminal,pdf_hash_unique|dupes=1,NO_GOLD,criminal,OFFLINE_CLIENT_PROJECTION,,,
sha:33c0d28bb57f5d479dd053f04eac9d827c9d413ba8a80ad41f11884f570b9488,PDF-33c0d28bb57f,CB-TB-1233_Thornton,CB-TB-1233_Thornton.pdf,33c0d28bb57f5d479dd053f04eac9d827c9d413ba8a80ad41f11884f570b9488,C:\Users\gduff\Downloads\cb-tb-1201-1300-v5\pdfs\CB-TB-1233_Thornton.pdf,pdf_inventory_criminal,pdf_hash_unique|dupes=2,NO_GOLD,criminal,OFFLINE_CLIENT_PROJECTION,,,
sha:340f8e154b5927196a3e25d5877990d6a82053dcf26fab66d99f4882d2fbf96a,PDF-340f8e154b59,CB-TB-1569_Singh,CB-TB-1569_Singh.pdf,340f8e154b5927196a3e25d5877990d6a82053dcf26fab66d99f4882d2fbf96a,C:\Users\gduff\Downloads\cb-tb-1501-1600-v5-factory-run\pdfs\CB-TB-1569_Singh.pdf,pdf_inventory_criminal,pdf_hash_unique|dupes=2,NO_GOLD,criminal,OFFLINE_CLIENT_PROJECTION,,,
sha:3424f87544def762cae30b3860293bd8077f7ca2cbe4a050fffb4aa165a7a525,PDF-3424f87544de,CB-TB-1687_Hale,CB-TB-1687_Hale.pdf,3424f87544def762cae30b3860293bd8077f7ca2cbe4a050fffb4aa165a7a525,C:\Users\gduff\Downloads\cb-tb-1601-2200-v5-factory-run\pdfs\CB-TB-1687_Hale.pdf,pdf_inventory_criminal,pdf_hash_unique|dupes=4,NO_GOLD,criminal,OFFLINE_CLIENT_PROJECTION,,,
sha:343681a6a537a454f1a7eeab6067e4be008ce384b4493641df27560598938d64,PDF-343681a6a537,CB-TB-1164_Morris,CB-TB-1164_Morris.pdf,343681a6a537a454f1a7eeab6067e4be008ce384b4493641df27560598938d64,C:\Users\gduff\Downloads\cb-tb-1101-1400-v5\pdfs\CB-TB-1164_Morris.pdf,pdf_inventory_criminal,pdf_hash_unique|dupes=2,NO_GOLD,criminal,OFFLINE_CLIENT_PROJECTION,,,
sha:3448565bd97e105fd06630c71a90304ab4a4412aba8dca1dca8289cf0d5db88a,PDF-3448565bd97e,CB-TB-607_Evans,CB-TB-607_Evans.pdf,3448565bd97e105fd06630c71a90304ab4a4412aba8dca1dca8289cf0d5db88a,C:\Users\gduff\Downloads\cb-tb-601-700-v5\pdfs\CB-TB-607_Evans.pdf,pdf_inventory_criminal,pdf_hash_unique|dupes=1,NO_GOLD,criminal,OFFLINE_CLIENT_PROJECTION,,,
sha:345895dcbed75f2bf65ec6d01cec617d7289e2822bff1d3836114798795c860a,PDF-345895dcbed7,CB-TB-2049_Sutton,CB-TB-2049_Sutton.pdf,345895dcbed75f2bf65ec6d01cec617d7289e2822bff1d3836114798795c860a,C:\Users\gduff\Downloads\cb-tb-1601-2200-v5-factory-run\pdfs\CB-TB-2049_Sutton.pdf,pdf_inventory_criminal,pdf_hash_unique|dupes=2,NO_GOLD,criminal,OFFLINE_CLIENT_PROJECTION,,,
sha:34628bf69d8cd80c39aa7a01efd5b129f4e61efb7eee6b780bcd248487fb3aad,PDF-34628bf69d8c,CB-TB-208_Bishop,CB-TB-208_Bishop.pdf,34628bf69d8cd80c39aa7a01efd5b129f4e61efb7eee6b780bcd248487fb3aad,C:\Users\gduff\Downloads\cb-tb-201-300-v4\pdfs\CB-TB-208_Bishop.pdf,pdf_inventory_criminal,pdf_hash_unique|dupes=1,NO_GOLD,criminal,OFFLINE_CLIENT_PROJECTION,,,
sha:346d9030a1e98690f56b0ba27fec623b4ecc388fb9a5fd63bf8b1bd2448a0593,PDF-346d9030a1e9,CB-TB-1793_Holland,CB-TB-1793_Holland.pdf,346d9030a1e98690f56b0ba27fec623b4ecc388fb9a5fd63bf8b1bd2448a0593,C:\Users\gduff\Downloads\cb-tb-1601-2200-v5-factory-run\pdfs\CB-TB-1793_Holland.pdf,pdf_inventory_criminal,pdf_hash_unique|dupes=2,NO_GOLD,criminal,OFFLINE_CLIENT_PROJECTION,,,
sha:34709a3a1e6db6abd37619387de84020a1dce22c087dbf4e0dab13ec7007dca6,PDF-34709a3a1e6d,CB-TB-467_Smyth,CB-TB-467_Smyth.pdf,34709a3a1e6db6abd37619387de84020a1dce22c087dbf4e0dab13ec7007dca6,C:\Users\gduff\Downloads\cb-tb-401-500-v5\pdfs\CB-TB-467_Smyth.pdf,pdf_inventory_criminal,pdf_hash_unique|dupes=2,NO_GOLD,criminal,OFFLINE_CLIENT_PROJECTION,,,
sha:348db7971b95bc5f062b45d22e23472338c28476793e3651cc6c79f7aa30f488,PDF-348db7971b95,CB-TB-1747_Mercer,CB-TB-1747_Mercer.pdf,348db7971b95bc5f062b45d22e23472338c28476793e3651cc6c79f7aa30f488,C:\Users\gduff\Downloads\cb-tb-1601-2200-v5-factory-run\pdfs\CB-TB-1747_Mercer.pdf,pdf_inventory_criminal,pdf_hash_unique|dupes=2,NO_GOLD,criminal,OFFLINE_CLIENT_PROJECTION,,,
sha:3494050ff8688e63f9aad52f0245c2b8ef71db402a279b1477049858bd0f8e82,PDF-3494050ff868,CB-TB-2152_Okonkwo,CB-TB-2152_Okonkwo.pdf,3494050ff8688e63f9aad52f0245c2b8ef71db402a279b1477049858bd0f8e82,C:\Users\gduff\Downloads\cb-tb-1601-2200-v5-factory-run\pdfs\CB-TB-2152_Okonkwo.pdf,pdf_inventory_criminal,pdf_hash_unique|dupes=2,NO_GOLD,criminal,OFFLINE_CLIENT_PROJECTION,,,
sha:34c0cac2db1d1b090bf1d85a0ea986dde1da366d313c64cdab774f0e535b813e,PDF-34c0cac2db1d,CB-TB-1477_Coates,CB-TB-1477_Coates.pdf,34c0cac2db1d1b090bf1d85a0ea986dde1da366d313c64cdab774f0e535b813e,C:\Users\gduff\Downloads\cb-tb-1401-1500-v5-tmp\pdfs\CB-TB-1477_Coates.pdf,pdf_inventory_criminal,pdf_hash_unique|dupes=1,NO_GOLD,criminal,OFFLINE_CLIENT_PROJECTION,,,
sha:34dc5dc4794829f6692fc446ec4f1ef7308de2a28f3addfe15a9f21d1ce5055b,PDF-34dc5dc47948,CB-TB-099_Hale,CB-TB-099_Hale.pdf,34dc5dc4794829f6692fc446ec4f1ef7308de2a28f3addfe15a9f21d1ce5055b,C:\Users\gduff\Downloads\cb-tb-031-100-v4\pdfs\CB-TB-099_Hale.pdf,pdf_inventory_criminal,pdf_hash_unique|dupes=1,NO_GOLD,criminal,OFFLINE_CLIENT_PROJECTION,,,
sha:34f42fa5f7203c2b9540a18ccfc431f2b83b3ddd7daed00709d1d568ab47bf86,PDF-34f42fa5f720,CB-TB-525_Ali,CB-TB-525_Ali.pdf,34f42fa5f7203c2b9540a18ccfc431f2b83b3ddd7daed00709d1d568ab47bf86,C:\Users\gduff\Downloads\cb-tb-501-600-v5-extract\pdfs\CB-TB-525_Ali.pdf,pdf_inventory_criminal,pdf_hash_unique|dupes=3,NO_GOLD,criminal,OFFLINE_CLIENT_PROJECTION,,,
sha:3526ce6a6baf5c35dc6234566f2ed27ff780c40b03d78e971d9298513cda0203,PDF-3526ce6a6baf,CB-TB-1128_Pike,CB-TB-1128_Pike.pdf,3526ce6a6baf5c35dc6234566f2ed27ff780c40b03d78e971d9298513cda0203,C:\Users\gduff\Downloads\cb-tb-1101-1400-v5\pdfs\CB-TB-1128_Pike.pdf,pdf_inventory_criminal,pdf_hash_unique|dupes=2,NO_GOLD,criminal,OFFLINE_CLIENT_PROJECTION,,,
sha:358cb87c792c838ce119671f49a7782a9667def8542164d5f1168fd0a9a18be1,PDF-358cb87c792c,CB-TB-597_Price,CB-TB-597_Price.pdf,358cb87c792c838ce119671f49a7782a9667def8542164d5f1168fd0a9a18be1,C:\Users\gduff\Downloads\cb-tb-501-600-v5-extract\pdfs\CB-TB-597_Price.pdf,pdf_inventory_criminal,pdf_hash_unique|dupes=3,NO_GOLD,criminal,OFFLINE_CLIENT_PROJECTION,,,
sha:359951ac5a943d048af3974fc68f886654e8b8e9d91c394c839ff35342c5ceef,PDF-359951ac5a94,CB-TB-2089_Parker,CB-TB-2089_Parker.pdf,359951ac5a943d048af3974fc68f886654e8b8e9d91c394c839ff35342c5ceef,C:\Users\gduff\Downloads\cb-tb-1601-2200-v5-factory-run\pdfs\CB-TB-2089_Parker.pdf,pdf_inventory_criminal,pdf_hash_unique|dupes=2,NO_GOLD,criminal,OFFLINE_CLIENT_PROJECTION,,,
sha:359e7c68a77197dd321ee3e1695a074e31894f7c4cbb3c3c338874934c8f2b12,PDF-359e7c68a771,CB-TB-726_Brooks,CB-TB-726_Brooks.pdf,359e7c68a77197dd321ee3e1695a074e31894f7c4cbb3c3c338874934c8f2b12,C:\Users\gduff\Downloads\cb-tb-701-800-v5\pdfs\CB-TB-726_Brooks.pdf,pdf_inventory_criminal,pdf_hash_unique|dupes=1,NO_GOLD,criminal,OFFLINE_CLIENT_PROJECTION,,,
sha:35a3d6c2fbe0ced6450f624fd857c7405b70014ad3391c8016cf4905304f7266,PDF-35a3d6c2fbe0,CB-TB-1607_Moran,CB-TB-1607_Moran.pdf,35a3d6c2fbe0ced6450f624fd857c7405b70014ad3391c8016cf4905304f7266,C:\Users\gduff\Downloads\cb-tb-1601-2200-v5-factory-run\pdfs\CB-TB-1607_Moran.pdf,pdf_inventory_criminal,pdf_hash_unique|dupes=4,NO_GOLD,criminal,OFFLINE_CLIENT_PROJECTION,,,
sha:362faab4ed6078cbba04ba6879423b602042c1bf2d301210699a7830810d531e,PDF-362faab4ed60,CB-TB-612_Evans,CB-TB-612_Evans.pdf,362faab4ed6078cbba04ba6879423b602042c1bf2d301210699a7830810d531e,C:\Users\gduff\Downloads\cb-tb-601-700-v5\pdfs\CB-TB-612_Evans.pdf,pdf_inventory_criminal,pdf_hash_unique|dupes=1,NO_GOLD,criminal,OFFLINE_CLIENT_PROJECTION,,,
sha:36566161cd6723624dbca988fc90dca2d054135b30f465578a8b1e8e8f1b2f3f,PDF-36566161cd67,CB-TB-274_Dacre,CB-TB-274_Dacre.pdf,36566161cd6723624dbca988fc90dca2d054135b30f465578a8b1e8e8f1b2f3f,C:\Users\gduff\Downloads\cb-tb-201-300-v4\pdfs\CB-TB-274_Dacre.pdf,pdf_inventory_criminal,pdf_hash_unique|dupes=1,NO_GOLD,criminal,OFFLINE_CLIENT_PROJECTION,,,
sha:3667a58b6d4e24a98d1d952a23bd2aa1229203ca45d5d6307f844eed42f52c3c,PDF-3667a58b6d4e,CB-TB-1949_Reed,CB-TB-1949_Reed.pdf,3667a58b6d4e24a98d1d952a23bd2aa1229203ca45d5d6307f844eed42f52c3c,C:\Users\gduff\Downloads\cb-tb-1601-2200-v5-factory-run\pdfs\CB-TB-1949_Reed.pdf,pdf_inventory_criminal,pdf_hash_unique|dupes=2,NO_GOLD,criminal,OFFLINE_CLIENT_PROJECTION,,,
sha:36753302f024d297ed5d4d74df61d5268300054582c537fccb7cdbbe5bf86299,PDF-36753302f024,CB-TB-1922_Huxley,CB-TB-1922_Huxley.pdf,36753302f024d297ed5d4d74df61d5268300054582c537fccb7cdbbe5bf86299,C:\Users\gduff\Downloads\cb-tb-1601-2200-v5-factory-run\pdfs\CB-TB-1922_Huxley.pdf,pdf_inventory_criminal,pdf_hash_unique|dupes=2,NO_GOLD,criminal,OFFLINE_CLIENT_PROJECTION,,,
sha:3688bac829767df6329817343b7d4799bfe784f856afc0728baed37bbe18bba9,PDF-3688bac82976,CB-TB-1198_Greene,CB-TB-1198_Greene.pdf,3688bac829767df6329817343b7d4799bfe784f856afc0728baed37bbe18bba9,C:\Users\gduff\Downloads\cb-tb-1101-1400-v5\pdfs\CB-TB-1198_Greene.pdf,pdf_inventory_criminal,pdf_hash_unique|dupes=2,NO_GOLD,criminal,OFFLINE_CLIENT_PROJECTION,,,
sha:36bbecd05803ecdf3f25406cd1f871b4cd2c47d2f4ae1b6c7aae6ec1f7b47e56,PDF-36bbecd05803,CB-TB-950_Ross,CB-TB-950_Ross.pdf,36bbecd05803ecdf3f25406cd1f871b4cd2c47d2f4ae1b6c7aae6ec1f7b47e56,C:\Users\gduff\Downloads\cb-tb-901-1100-v5\pdfs\CB-TB-950_Ross.pdf,pdf_inventory_criminal,pdf_hash_unique|dupes=2,NO_GOLD,criminal,OFFLINE_CLIENT_PROJECTION,,,
sha:370b9e30324491f309e3421b22da0a2d23c82fa62572c720e23d97cb01ca12e5,PDF-370b9e303244,CB-TB-319_Flynn,CB-TB-319_Flynn.pdf,370b9e30324491f309e3421b22da0a2d23c82fa62572c720e23d97cb01ca12e5,C:\Users\gduff\Downloads\cb-tb-301-400-v4\pdfs\CB-TB-319_Flynn.pdf,pdf_inventory_criminal,pdf_hash_unique|dupes=2,NO_GOLD,criminal,OFFLINE_CLIENT_PROJECTION,,,
sha:37174895683698272b0c7d1fa2def9cdfe7dc582df2812fad3ee0b5dc54d3fed,PDF-371748956836,CB-TB-490_Pike,CB-TB-490_Pike.pdf,37174895683698272b0c7d1fa2def9cdfe7dc582df2812fad3ee0b5dc54d3fed,C:\Users\gduff\Downloads\cb-tb-401-500-v5\pdfs\CB-TB-490_Pike.pdf,pdf_inventory_criminal,pdf_hash_unique|dupes=2,NO_GOLD,criminal,OFFLINE_CLIENT_PROJECTION,,,
sha:37562feee2c7abf551ad496a9e04e8f709a37d31ed10565aea0be1b78bdd4d49,PDF-37562feee2c7,CB-TB-031_Shaw,CB-TB-031_Shaw.pdf,37562feee2c7abf551ad496a9e04e8f709a37d31ed10565aea0be1b78bdd4d49,C:\Users\gduff\Downloads\cb-tb-001-050-v3\pdfs\CB-TB-031_Shaw.pdf,pdf_inventory_criminal,pdf_hash_unique|dupes=2,NO_GOLD,criminal,OFFLINE_CLIENT_PROJECTION,,,
sha:3769685ed6df78680ab8e1fdfbdfb54a07085229c1f72412a7f5668ad1f8f8c0,PDF-3769685ed6df,CB-TB-1171_Shaw,CB-TB-1171_Shaw.pdf,3769685ed6df78680ab8e1fdfbdfb54a07085229c1f72412a7f5668ad1f8f8c0,C:\Users\gduff\Downloads\cb-tb-1101-1400-v5\pdfs\CB-TB-1171_Shaw.pdf,pdf_inventory_criminal,pdf_hash_unique|dupes=2,NO_GOLD,criminal,OFFLINE_CLIENT_PROJECTION,,,
sha:37a999ba691cca7fddde5acb729652e13630c25e6906e7f1993de623f6553484,PDF-37a999ba691c,CB-TB-1657_Grant,CB-TB-1657_Grant.pdf,37a999ba691cca7fddde5acb729652e13630c25e6906e7f1993de623f6553484,C:\Users\gduff\Downloads\cb-tb-1601-2200-v5-factory-run\pdfs\CB-TB-1657_Grant.pdf,pdf_inventory_criminal,pdf_hash_unique|dupes=4,NO_GOLD,criminal,OFFLINE_CLIENT_PROJECTION,,,
sha:37ab25c753fd53217f5e7309b682b8bb060ca17bafca39f56e0cea3c1cc04dc5,PDF-37ab25c753fd,CB-TB-1174_Coates,CB-TB-1174_Coates.pdf,37ab25c753fd53217f5e7309b682b8bb060ca17bafca39f56e0cea3c1cc04dc5,C:\Users\gduff\Downloads\cb-tb-1101-1400-v5\pdfs\CB-TB-1174_Coates.pdf,pdf_inventory_criminal,pdf_hash_unique|dupes=2,NO_GOLD,criminal,OFFLINE_CLIENT_PROJECTION,,,
sha:37b18da6090e0bdfa330fcddb5cc0d83d6329c7cb641be750c29a09efce58870,PDF-37b18da6090e,CB-MURDER-TEST-0001_1000_page_criminal_defence_bundle,CB-MURDER-TEST-0001_1000_page_criminal_defence_bundle.pdf,37b18da6090e0bdfa330fcddb5cc0d83d6329c7cb641be750c29a09efce58870,C:\Users\gduff\Downloads\CB-MURDER-TEST-0001_1000_page_criminal_defence_bundle.pdf,pdf_inventory_criminal,pdf_hash_unique|dupes=1,NO_GOLD,criminal,BACKEND_LIVE,,18a50e94-bda1-4e7d-a86b-8adeb5dc19b7,newest case test one
sha:37b72b3ce70a7454353ac04dbc17e8dd262f84dc5e5adcf05c2fe4520e8bee62,PDF-37b72b3ce70a,CB-TB-015_Clarke,CB-TB-015_Clarke.pdf,37b72b3ce70a7454353ac04dbc17e8dd262f84dc5e5adcf05c2fe4520e8bee62,C:\Users\gduff\Downloads\cb-tb-001-050-v3\pdfs\CB-TB-015_Clarke.pdf,pdf_inventory_criminal,pdf_hash_unique|dupes=2,NO_GOLD,criminal,OFFLINE_CLIENT_PROJECTION,,,
sha:37b90d4b507c1317b4e789b49a85ce6ba5b022b9bae47f3ab742a834f77becb5,PDF-37b90d4b507c,CB-TB-962_Ross,CB-TB-962_Ross.pdf,37b90d4b507c1317b4e789b49a85ce6ba5b022b9bae47f3ab742a834f77becb5,C:\Users\gduff\Downloads\cb-tb-901-1100-v5\pdfs\CB-TB-962_Ross.pdf,pdf_inventory_criminal,pdf_hash_unique|dupes=2,NO_GOLD,criminal,OFFLINE_CLIENT_PROJECTION,,,
sha:37f5ddabefa3d909f2f0ecba5c3712d37d1af7610328c8b01333b4afbae3b6b9,PDF-37f5ddabefa3,CB-TB-949_Carter,CB-TB-949_Carter.pdf,37f5ddabefa3d909f2f0ecba5c3712d37d1af7610328c8b01333b4afbae3b6b9,C:\Users\gduff\Downloads\cb-tb-901-1100-v5\pdfs\CB-TB-949_Carter.pdf,pdf_inventory_criminal,pdf_hash_unique|dupes=2,NO_GOLD,criminal,OFFLINE_CLIENT_PROJECTION,,,
sha:380823238c92489623b313d3aed5fac7c5ed4f6bbbe2ac1f2f008f5f71b94857,PDF-380823238c92,CB-TB-919_Mitchell,CB-TB-919_Mitchell.pdf,380823238c92489623b313d3aed5fac7c5ed4f6bbbe2ac1f2f008f5f71b94857,C:\Users\gduff\Downloads\cb-tb-901-1100-v5\pdfs\CB-TB-919_Mitchell.pdf,pdf_inventory_criminal,pdf_hash_unique|dupes=2,NO_GOLD,criminal,OFFLINE_CLIENT_PROJECTION,,,
sha:3837dd45bda8bb70f69606615437842605aa0f2a657a4fae950af94cfb1b06b7,PDF-3837dd45bda8,CB-TB-1622_Riley,CB-TB-1622_Riley.pdf,3837dd45bda8bb70f69606615437842605aa0f2a657a4fae950af94cfb1b06b7,C:\Users\gduff\Downloads\cb-tb-1601-2200-v5-factory-run\pdfs\CB-TB-1622_Riley.pdf,pdf_inventory_criminal,pdf_hash_unique|dupes=4,NO_GOLD,criminal,OFFLINE_CLIENT_PROJECTION,,,
sha:3846805e2cdf799b7b561f0bd0d77dd75330257d6cfeef688e8a58d0a3e09ea5,PDF-3846805e2cdf,CB-TB-1734_Keighley,CB-TB-1734_Keighley.pdf,3846805e2cdf799b7b561f0bd0d77dd75330257d6cfeef688e8a58d0a3e09ea5,C:\Users\gduff\Downloads\cb-tb-1601-2200-v5-factory-run\pdfs\CB-TB-1734_Keighley.pdf,pdf_inventory_criminal,pdf_hash_unique|dupes=2,NO_GOLD,criminal,OFFLINE_CLIENT_PROJECTION,,,
sha:385e2fa0857484bbdec93f8806932762864003e9e8dcaee185dbf2fa3088c24a,PDF-385e2fa08574,CB-TB-1432_Coates,CB-TB-1432_Coates.pdf,385e2fa0857484bbdec93f8806932762864003e9e8dcaee185dbf2fa3088c24a,C:\Users\gduff\Downloads\cb-tb-1401-1500-v5-tmp\pdfs\CB-TB-1432_Coates.pdf,pdf_inventory_criminal,pdf_hash_unique|dupes=1,NO_GOLD,criminal,OFFLINE_CLIENT_PROJECTION,,,
sha:388dad2c2a895d4ed052d1065bcb835080a41ec909ec06a860ea61136daa43ea,PDF-388dad2c2a89,CB-TB-1807_Sutton,CB-TB-1807_Sutton.pdf,388dad2c2a895d4ed052d1065bcb835080a41ec909ec06a860ea61136daa43ea,C:\Users\gduff\Downloads\cb-tb-1601-2200-v5-factory-run\pdfs\CB-TB-1807_Sutton.pdf,pdf_inventory_criminal,pdf_hash_unique|dupes=2,NO_GOLD,criminal,OFFLINE_CLIENT_PROJECTION,,,
sha:38930979d5aa4356a75c1a14963890a98b99a272a0b5e154d44986dfa7355a50,PDF-38930979d5aa,CB-TB-024_Ibrahim,CB-TB-024_Ibrahim.pdf,38930979d5aa4356a75c1a14963890a98b99a272a0b5e154d44986dfa7355a50,C:\Users\gduff\Downloads\cb-tb-001-050-v3\pdfs\CB-TB-024_Ibrahim.pdf,pdf_inventory_criminal,pdf_hash_unique|dupes=2,NO_GOLD,criminal,OFFLINE_CLIENT_PROJECTION,,,
sha:389d27272c2ab8fe71c099bf21588ed9a633198888c58ad7adcef2f04a783211,PDF-389d27272c2a,CB-TB-1855_Redfern,CB-TB-1855_Redfern.pdf,389d27272c2ab8fe71c099bf21588ed9a633198888c58ad7adcef2f04a783211,C:\Users\gduff\Downloads\cb-tb-1601-2200-v5-factory-run\pdfs\CB-TB-1855_Redfern.pdf,pdf_inventory_criminal,pdf_hash_unique|dupes=2,NO_GOLD,criminal,OFFLINE_CLIENT_PROJECTION,,,
sha:38b27ab169c730633766fd1f0d1abfb4e3319d001b1c5c6228db3bde9272933f,PDF-38b27ab169c7,CB-TB-174_Ross,CB-TB-174_Ross.pdf,38b27ab169c730633766fd1f0d1abfb4e3319d001b1c5c6228db3bde9272933f,C:\Users\gduff\Downloads\cb-tb-101-200-v4\pdfs\CB-TB-174_Ross.pdf,pdf_inventory_criminal,pdf_hash_unique|dupes=1,NO_GOLD,criminal,OFFLINE_CLIENT_PROJECTION,,,
sha:38f40eec45c6a1ffdcd23bd903cd212eeed4b9a98362230d78d3a89c9a412f66,PDF-38f40eec45c6,CB-TB-713_Morley,CB-TB-713_Morley.pdf,38f40eec45c6a1ffdcd23bd903cd212eeed4b9a98362230d78d3a89c9a412f66,C:\Users\gduff\Downloads\cb-tb-701-800-v5\pdfs\CB-TB-713_Morley.pdf,pdf_inventory_criminal,pdf_hash_unique|dupes=1,NO_GOLD,criminal,OFFLINE_CLIENT_PROJECTION,,,
sha:393010dbcf866d196e90ebd42a85c3e100beeaa7b89c9584a0b36921ae4e7157,PDF-393010dbcf86,CB-TB-1616_Riley,CB-TB-1616_Riley.pdf,393010dbcf866d196e90ebd42a85c3e100beeaa7b89c9584a0b36921ae4e7157,C:\Users\gduff\Downloads\cb-tb-1601-2200-v5-factory-run\pdfs\CB-TB-1616_Riley.pdf,pdf_inventory_criminal,pdf_hash_unique|dupes=4,NO_GOLD,criminal,OFFLINE_CLIENT_PROJECTION,,,
sha:394f237f6f64dd7da2ea6f780869468bb3b042a068a5e9e3e31c599dc2fc0ec7,PDF-394f237f6f64,CB-TB-2151_Coates,CB-TB-2151_Coates.pdf,394f237f6f64dd7da2ea6f780869468bb3b042a068a5e9e3e31c599dc2fc0ec7,C:\Users\gduff\Downloads\cb-tb-1601-2200-v5-factory-run\pdfs\CB-TB-2151_Coates.pdf,pdf_inventory_criminal,pdf_hash_unique|dupes=2,NO_GOLD,criminal,OFFLINE_CLIENT_PROJECTION,,,
sha:395e037fdf4b43dfde189d3979e65eaf876ed678c873bd276dff9f8a20d2b0b7,PDF-395e037fdf4b,CB-TB-655_Pike,CB-TB-655_Pike.pdf,395e037fdf4b43dfde189d3979e65eaf876ed678c873bd276dff9f8a20d2b0b7,C:\Users\gduff\Downloads\cb-tb-601-700-v5\pdfs\CB-TB-655_Pike.pdf,pdf_inventory_criminal,pdf_hash_unique|dupes=1,NO_GOLD,criminal,OFFLINE_CLIENT_PROJECTION,,,
sha:39a210bf740deb41929f6a41e01afa7e4e33b43b97eefda72aadd9297fdb5609,PDF-39a210bf740d,CB-TB-137_Morgan,CB-TB-137_Morgan.pdf,39a210bf740deb41929f6a41e01afa7e4e33b43b97eefda72aadd9297fdb5609,C:\Users\gduff\Downloads\cb-tb-101-200-v4\pdfs\CB-TB-137_Morgan.pdf,pdf_inventory_criminal,pdf_hash_unique|dupes=1,NO_GOLD,criminal,OFFLINE_CLIENT_PROJECTION,,,
sha:39bff3715c6cc1d8840c7054d72770064c297ee1c5a7b349f8a405ec4930845f,PDF-39bff3715c6c,CB-TB-1729_Tate,CB-TB-1729_Tate.pdf,39bff3715c6cc1d8840c7054d72770064c297ee1c5a7b349f8a405ec4930845f,C:\Users\gduff\Downloads\cb-tb-1601-2200-v5-factory-run\pdfs\CB-TB-1729_Tate.pdf,pdf_inventory_criminal,pdf_hash_unique|dupes=2,NO_GOLD,criminal,OFFLINE_CLIENT_PROJECTION,,,
sha:39d4bbc959a6b89617ef3c5a3d88b6c55c4a07913da3d8cb583247852030b292,PDF-39d4bbc959a6,NS-CPS-2026-0436 - Copy (2),NS-CPS-2026-0436 - Copy (2).pdf,39d4bbc959a6b89617ef3c5a3d88b6c55c4a07913da3d8cb583247852030b292,C:\Users\gduff\Downloads\NS-CPS-2026-0436 - Copy (2).pdf,pdf_inventory,pdf_hash_unique|dupes=2,NO_GOLD,criminal,OFFLINE_CLIENT_PROJECTION,,,
sha:39e4b98cd2617b94bcb1ff22fdc0461bea328dd5db9297bebb361cb9305ffee4,PDF-39e4b98cd261,CB-TB-090_Patel,CB-TB-090_Patel.pdf,39e4b98cd2617b94bcb1ff22fdc0461bea328dd5db9297bebb361cb9305ffee4,C:\Users\gduff\Downloads\cb-tb-031-100-v4\pdfs\CB-TB-090_Patel.pdf,pdf_inventory_criminal,pdf_hash_unique|dupes=1,NO_GOLD,criminal,OFFLINE_CLIENT_PROJECTION,,,
sha:39e9ce62bc6a6b615cf05da4a59a9f787681a0e2355070c7f4976af800fff270,PDF-39e9ce62bc6a,CB-TB-1268_Morley,CB-TB-1268_Morley.pdf,39e9ce62bc6a6b615cf05da4a59a9f787681a0e2355070c7f4976af800fff270,C:\Users\gduff\Downloads\cb-tb-1201-1300-v5\pdfs\CB-TB-1268_Morley.pdf,pdf_inventory_criminal,pdf_hash_unique|dupes=2,NO_GOLD,criminal,OFFLINE_CLIENT_PROJECTION,,,
sha:39fcd5c490ed033b679b6842ba5710d8e236e2512b5f64f7c8f746dc530b147a,PDF-39fcd5c490ed,CB-TB-056_Rowe,CB-TB-056_Rowe.pdf,39fcd5c490ed033b679b6842ba5710d8e236e2512b5f64f7c8f746dc530b147a,C:\Users\gduff\Downloads\cb-tb-031-100-v4\pdfs\CB-TB-056_Rowe.pdf,pdf_inventory_criminal,pdf_hash_unique|dupes=1,NO_GOLD,criminal,OFFLINE_CLIENT_PROJECTION,,,
sha:3a112f0c0930bf3c9e65010b512eb69c048151684e7741adbd2a6fda7751e210,PDF-3a112f0c0930,CB-TB-195_Barker,CB-TB-195_Barker.pdf,3a112f0c0930bf3c9e65010b512eb69c048151684e7741adbd2a6fda7751e210,C:\Users\gduff\Downloads\cb-tb-101-200-v4\pdfs\CB-TB-195_Barker.pdf,pdf_inventory_criminal,pdf_hash_unique|dupes=1,NO_GOLD,criminal,OFFLINE_CLIENT_PROJECTION,,,
sha:3a309479b10576449745ef9c6a69ec2561a8caa04154f60e27c37c8c35fbcd4f,PDF-3a309479b105,CB-TB-1433_Patterson,CB-TB-1433_Patterson.pdf,3a309479b10576449745ef9c6a69ec2561a8caa04154f60e27c37c8c35fbcd4f,C:\Users\gduff\Downloads\cb-tb-1401-1500-v5-tmp\pdfs\CB-TB-1433_Patterson.pdf,pdf_inventory_criminal,pdf_hash_unique|dupes=1,NO_GOLD,criminal,OFFLINE_CLIENT_PROJECTION,,,
sha:3a9437e2550dddd365bd793518fb67828707cd02bb1292cad1aee8003669e1c1,PDF-3a9437e2550d,CB-TB-1833_Carter,CB-TB-1833_Carter.pdf,3a9437e2550dddd365bd793518fb67828707cd02bb1292cad1aee8003669e1c1,C:\Users\gduff\Downloads\cb-tb-1601-2200-v5-factory-run\pdfs\CB-TB-1833_Carter.pdf,pdf_inventory_criminal,pdf_hash_unique|dupes=2,NO_GOLD,criminal,OFFLINE_CLIENT_PROJECTION,,,
sha:3a9d41d5ce02b5bc41ae497bb5d421b5a664015fe55696ab4c96349b23dd3e69,PDF-3a9d41d5ce02,CB-TB-2125_Austin,CB-TB-2125_Austin.pdf,3a9d41d5ce02b5bc41ae497bb5d421b5a664015fe55696ab4c96349b23dd3e69,C:\Users\gduff\Downloads\cb-tb-1601-2200-v5-factory-run\pdfs\CB-TB-2125_Austin.pdf,pdf_inventory_criminal,pdf_hash_unique|dupes=2,NO_GOLD,criminal,OFFLINE_CLIENT_PROJECTION,,,
sha:3abfcb50303c4872095fc55a0c7ee7ed64001e82c431fd08a3ee160b009aeaa2,PDF-3abfcb50303c,CB-TB-1753_Hobbs,CB-TB-1753_Hobbs.pdf,3abfcb50303c4872095fc55a0c7ee7ed64001e82c431fd08a3ee160b009aeaa2,C:\Users\gduff\Downloads\cb-tb-1601-2200-v5-factory-run\pdfs\CB-TB-1753_Hobbs.pdf,pdf_inventory_criminal,pdf_hash_unique|dupes=2,NO_GOLD,criminal,OFFLINE_CLIENT_PROJECTION,,,
sha:3addf269a3d418393389bf618b46472f945de14198d0eef6fe3054a4f54816b7,PDF-3addf269a3d4,CB-TB-2058_Hale,CB-TB-2058_Hale.pdf,3addf269a3d418393389bf618b46472f945de14198d0eef6fe3054a4f54816b7,C:\Users\gduff\Downloads\cb-tb-1601-2200-v5-factory-run\pdfs\CB-TB-2058_Hale.pdf,pdf_inventory_criminal,pdf_hash_unique|dupes=2,NO_GOLD,criminal,OFFLINE_CLIENT_PROJECTION,,,
sha:3b1bda38d525786f68c52c0b4abfd635ff41e11054285ef0fe0422bcfb20a6aa,PDF-3b1bda38d525,CB-TB-1229_Price,CB-TB-1229_Price.pdf,3b1bda38d525786f68c52c0b4abfd635ff41e11054285ef0fe0422bcfb20a6aa,C:\Users\gduff\Downloads\cb-tb-1201-1300-v5\pdfs\CB-TB-1229_Price.pdf,pdf_inventory_criminal,pdf_hash_unique|dupes=2,NO_GOLD,criminal,OFFLINE_CLIENT_PROJECTION,,,
sha:3b56f17330b67c1b47104c1587ce65c004a6354b84efb7e2b6f8602cdd28e96f,PDF-3b56f17330b6,CB-TB-1765_Talbot,CB-TB-1765_Talbot.pdf,3b56f17330b67c1b47104c1587ce65c004a6354b84efb7e2b6f8602cdd28e96f,C:\Users\gduff\Downloads\cb-tb-1601-2200-v5-factory-run\pdfs\CB-TB-1765_Talbot.pdf,pdf_inventory_criminal,pdf_hash_unique|dupes=2,NO_GOLD,criminal,OFFLINE_CLIENT_PROJECTION,,,
sha:3b58f5eaa9e646bca981b58edd567510ac5bd579fa7b44e3328582f2a6f2fc10,PDF-3b58f5eaa9e6,CB-TB-1908_Blythe,CB-TB-1908_Blythe.pdf,3b58f5eaa9e646bca981b58edd567510ac5bd579fa7b44e3328582f2a6f2fc10,C:\Users\gduff\Downloads\cb-tb-1601-2200-v5-factory-run\pdfs\CB-TB-1908_Blythe.pdf,pdf_inventory_criminal,pdf_hash_unique|dupes=2,NO_GOLD,criminal,OFFLINE_CLIENT_PROJECTION,,,
sha:3b6c4a4d80cea8237fb6e83ec808e20c1dd12be759a64a454aa04f5dca9ea690,PDF-3b6c4a4d80ce,CB-TB-052_Farah,CB-TB-052_Farah.pdf,3b6c4a4d80cea8237fb6e83ec808e20c1dd12be759a64a454aa04f5dca9ea690,C:\Users\gduff\Downloads\cb-tb-031-100-v4\pdfs\CB-TB-052_Farah.pdf,pdf_inventory_criminal,pdf_hash_unique|dupes=1,NO_GOLD,criminal,OFFLINE_CLIENT_PROJECTION,,,
sha:3b92b7adea4e64bc836bbc11560f440b90cef96fb260a4d4abd1141190d68acc,PDF-3b92b7adea4e,CB-TB-1592_Wells,CB-TB-1592_Wells.pdf,3b92b7adea4e64bc836bbc11560f440b90cef96fb260a4d4abd1141190d68acc,C:\Users\gduff\Downloads\cb-tb-1501-1600-v5-factory-run\pdfs\CB-TB-1592_Wells.pdf,pdf_inventory_criminal,pdf_hash_unique|dupes=2,NO_GOLD,criminal,OFFLINE_CLIENT_PROJECTION,,,
sha:3ba5188b783d1d96a62664b3501bace8108f76e11a9b785ebfe2bc697bb8d21c,PDF-3ba5188b783d,CB-TB-1270_Coates,CB-TB-1270_Coates.pdf,3ba5188b783d1d96a62664b3501bace8108f76e11a9b785ebfe2bc697bb8d21c,C:\Users\gduff\Downloads\cb-tb-1201-1300-v5\pdfs\CB-TB-1270_Coates.pdf,pdf_inventory_criminal,pdf_hash_unique|dupes=2,NO_GOLD,criminal,OFFLINE_CLIENT_PROJECTION,,,
sha:3ba66dc1afd482f7aaaaf316f3c536cf9552cebec78abd6da23cab26c186feb5,PDF-3ba66dc1afd4,CB-TB-666_Mitchell,CB-TB-666_Mitchell.pdf,3ba66dc1afd482f7aaaaf316f3c536cf9552cebec78abd6da23cab26c186feb5,C:\Users\gduff\Downloads\cb-tb-601-700-v5\pdfs\CB-TB-666_Mitchell.pdf,pdf_inventory_criminal,pdf_hash_unique|dupes=1,NO_GOLD,criminal,OFFLINE_CLIENT_PROJECTION,,,
sha:3bb1495ea493ca8b05b01770a3d0b37969af638f266d2ba10e6aa9c4f5c500d1,PDF-3bb1495ea493,CB-TB-1456_Bell,CB-TB-1456_Bell.pdf,3bb1495ea493ca8b05b01770a3d0b37969af638f266d2ba10e6aa9c4f5c500d1,C:\Users\gduff\Downloads\cb-tb-1401-1500-v5-tmp\pdfs\CB-TB-1456_Bell.pdf,pdf_inventory_criminal,pdf_hash_unique|dupes=1,NO_GOLD,criminal,OFFLINE_CLIENT_PROJECTION,,,
sha:3bb616b408f6cd297ae22a509b2980e81c76a8287e17471cbef8ffb3477f13eb,PDF-3bb616b408f6,CB-TB-373_Marsh,CB-TB-373_Marsh.pdf,3bb616b408f6cd297ae22a509b2980e81c76a8287e17471cbef8ffb3477f13eb,C:\Users\gduff\Downloads\cb-tb-301-400-v4\pdfs\CB-TB-373_Marsh.pdf,pdf_inventory_criminal,pdf_hash_unique|dupes=2,NO_GOLD,criminal,OFFLINE_CLIENT_PROJECTION,,,
sha:3bd8fb665be13c2e9f0893fbee8b2fd0044e1239678b5b4e07c6058d32d8308c,PDF-3bd8fb665be1,CB-TB-1470_Foster,CB-TB-1470_Foster.pdf,3bd8fb665be13c2e9f0893fbee8b2fd0044e1239678b5b4e07c6058d32d8308c,C:\Users\gduff\Downloads\cb-tb-1401-1500-v5-tmp\pdfs\CB-TB-1470_Foster.pdf,pdf_inventory_criminal,pdf_hash_unique|dupes=1,NO_GOLD,criminal,OFFLINE_CLIENT_PROJECTION,,,
sha:3c3ef5207397769b422ae9d1d8e078bc623b8ec4685f5cbbb1580b22778e5eb2,PDF-3c3ef5207397,CB-TB-1042_Marsh,CB-TB-1042_Marsh.pdf,3c3ef5207397769b422ae9d1d8e078bc623b8ec4685f5cbbb1580b22778e5eb2,C:\Users\gduff\Downloads\cb-tb-901-1100-v5\pdfs\CB-TB-1042_Marsh.pdf,pdf_inventory_criminal,pdf_hash_unique|dupes=2,NO_GOLD,criminal,OFFLINE_CLIENT_PROJECTION,,,
sha:3c422b6f6d44ca37ea02df62e2d7697f86d08e043a8e29148cb88a575ae7a393,PDF-3c422b6f6d44,CB-TB-1542_Wells,CB-TB-1542_Wells.pdf,3c422b6f6d44ca37ea02df62e2d7697f86d08e043a8e29148cb88a575ae7a393,C:\Users\gduff\Downloads\cb-tb-1501-1600-v5-factory-run\pdfs\CB-TB-1542_Wells.pdf,pdf_inventory_criminal,pdf_hash_unique|dupes=2,NO_GOLD,criminal,OFFLINE_CLIENT_PROJECTION,,,
sha:3c555a676bdb44260bce75b16f7670cccbc53293c7641c16be6e0060d7c2d212,PDF-3c555a676bdb,CB-TB-1300_Vale,CB-TB-1300_Vale.pdf,3c555a676bdb44260bce75b16f7670cccbc53293c7641c16be6e0060d7c2d212,C:\Users\gduff\Downloads\cb-tb-1201-1300-v5\pdfs\CB-TB-1300_Vale.pdf,pdf_inventory_criminal,pdf_hash_unique|dupes=2,NO_GOLD,criminal,OFFLINE_CLIENT_PROJECTION,,,
sha:3c584979fa13d9cca8b943f67696bf58eed897fb17b3e7b8ca0350cf29808dc5,PDF-3c584979fa13,CB-TB-1059_Mitchell,CB-TB-1059_Mitchell.pdf,3c584979fa13d9cca8b943f67696bf58eed897fb17b3e7b8ca0350cf29808dc5,C:\Users\gduff\Downloads\cb-tb-901-1100-v5\pdfs\CB-TB-1059_Mitchell.pdf,pdf_inventory_criminal,pdf_hash_unique|dupes=2,NO_GOLD,criminal,OFFLINE_CLIENT_PROJECTION,,,
sha:3c80c81a6e6a75290451c83b014d9b4c6f9695292642b57629aff754f016f887,PDF-3c80c81a6e6a,CB-TB-1725_Foster,CB-TB-1725_Foster.pdf,3c80c81a6e6a75290451c83b014d9b4c6f9695292642b57629aff754f016f887,C:\Users\gduff\Downloads\cb-tb-1601-2200-v5-factory-run\pdfs\CB-TB-1725_Foster.pdf,pdf_inventory_criminal,pdf_hash_unique|dupes=2,NO_GOLD,criminal,OFFLINE_CLIENT_PROJECTION,,,
sha:3d099ecc1f224b1252970455a84e509a47edd042f26bdf3a03d73bea3064b613,PDF-3d099ecc1f22,CB-TB-1785_Mercer,CB-TB-1785_Mercer.pdf,3d099ecc1f224b1252970455a84e509a47edd042f26bdf3a03d73bea3064b613,C:\Users\gduff\Downloads\cb-tb-1601-2200-v5-factory-run\pdfs\CB-TB-1785_Mercer.pdf,pdf_inventory_criminal,pdf_hash_unique|dupes=2,NO_GOLD,criminal,OFFLINE_CLIENT_PROJECTION,,,
sha:3d3cc90c8e5a102f1d42a7891b32d3e236868eaf5807ce252108ca7ebc71ff84,PDF-3d3cc90c8e5a,CB-TB-1041_Flint,CB-TB-1041_Flint.pdf,3d3cc90c8e5a102f1d42a7891b32d3e236868eaf5807ce252108ca7ebc71ff84,C:\Users\gduff\Downloads\cb-tb-901-1100-v5\pdfs\CB-TB-1041_Flint.pdf,pdf_inventory_criminal,pdf_hash_unique|dupes=2,NO_GOLD,criminal,OFFLINE_CLIENT_PROJECTION,,,
sha:3d59e1bd75f4c92187a31e5a6013275dbcd2efeef1b0999259575fb83ba6d018,PDF-3d59e1bd75f4,CB-TB-2159_Barlow,CB-TB-2159_Barlow.pdf,3d59e1bd75f4c92187a31e5a6013275dbcd2efeef1b0999259575fb83ba6d018,C:\Users\gduff\Downloads\cb-tb-1601-2200-v5-factory-run\pdfs\CB-TB-2159_Barlow.pdf,pdf_inventory_criminal,pdf_hash_unique|dupes=2,NO_GOLD,criminal,OFFLINE_CLIENT_PROJECTION,,,
sha:3d5d71fb1a9cec4c9965a9b0fcd5c70836e7f34cb4c866c34ce16ce2f977096b,PDF-3d5d71fb1a9c,CB-TB-1448_Patel,CB-TB-1448_Patel.pdf,3d5d71fb1a9cec4c9965a9b0fcd5c70836e7f34cb4c866c34ce16ce2f977096b,C:\Users\gduff\Downloads\cb-tb-1401-1500-v5-tmp\pdfs\CB-TB-1448_Patel.pdf,pdf_inventory_criminal,pdf_hash_unique|dupes=1,NO_GOLD,criminal,OFFLINE_CLIENT_PROJECTION,,,
sha:3d6275c7b7e78a5c3d7c69cde4c2da9c55dbd5f9457e87f21e360f58fa406b96,PDF-3d6275c7b7e7,CB-TB-1049_Thornton,CB-TB-1049_Thornton.pdf,3d6275c7b7e78a5c3d7c69cde4c2da9c55dbd5f9457e87f21e360f58fa406b96,C:\Users\gduff\Downloads\cb-tb-901-1100-v5\pdfs\CB-TB-1049_Thornton.pdf,pdf_inventory_criminal,pdf_hash_unique|dupes=2,NO_GOLD,criminal,OFFLINE_CLIENT_PROJECTION,,,
sha:3d644d611e1dae8cf1a3ee43e342e1f21f4b4718fb63808b3f1637b68a79c6a9,PDF-3d644d611e1d,CB-TB-1643_Ross,CB-TB-1643_Ross.pdf,3d644d611e1dae8cf1a3ee43e342e1f21f4b4718fb63808b3f1637b68a79c6a9,C:\Users\gduff\Downloads\cb-tb-1601-2200-v5-factory-run\pdfs\CB-TB-1643_Ross.pdf,pdf_inventory_criminal,pdf_hash_unique|dupes=4,NO_GOLD,criminal,OFFLINE_CLIENT_PROJECTION,,,
sha:3d700248d9d8705a22d5123c3ec6d8ea83b2d06106b5573a9f3a39bf2006ebe6,PDF-3d700248d9d8,CB-TB-1311_Doyle,CB-TB-1311_Doyle.pdf,3d700248d9d8705a22d5123c3ec6d8ea83b2d06106b5573a9f3a39bf2006ebe6,C:\Users\gduff\Downloads\cb-tb-1301-1400-v5\pdfs\CB-TB-1311_Doyle.pdf,pdf_inventory_criminal,pdf_hash_unique|dupes=2,NO_GOLD,criminal,OFFLINE_CLIENT_PROJECTION,,,
sha:3d78b631d070762a5020ed24d50bf1322316a0d18f3184c771f17512708ddc7f,PDF-3d78b631d070,CB-TB-044_May,CB-TB-044_May.pdf,3d78b631d070762a5020ed24d50bf1322316a0d18f3184c771f17512708ddc7f,C:\Users\gduff\Downloads\cb-tb-031-100-v4\pdfs\CB-TB-044_May.pdf,pdf_inventory_criminal,pdf_hash_unique|dupes=1,NO_GOLD,criminal,OFFLINE_CLIENT_PROJECTION,,,
sha:3d7e6ba79f656b862fdc940776456ef2599587ecdd6a8e95aca2ab660a73f467,PDF-3d7e6ba79f65,CB-TB-1703_Redfern,CB-TB-1703_Redfern.pdf,3d7e6ba79f656b862fdc940776456ef2599587ecdd6a8e95aca2ab660a73f467,C:\Users\gduff\Downloads\cb-tb-1601-2200-v5-factory-run\pdfs\CB-TB-1703_Redfern.pdf,pdf_inventory_criminal,pdf_hash_unique|dupes=2,NO_GOLD,criminal,OFFLINE_CLIENT_PROJECTION,,,
sha:3d8266e895072ff098f3c6d92dd2e595193d01535e53169a794cec50c3404fa7,PDF-3d8266e89507,CB-TB-1733_Slater,CB-TB-1733_Slater.pdf,3d8266e895072ff098f3c6d92dd2e595193d01535e53169a794cec50c3404fa7,C:\Users\gduff\Downloads\cb-tb-1601-2200-v5-factory-run\pdfs\CB-TB-1733_Slater.pdf,pdf_inventory_criminal,pdf_hash_unique|dupes=2,NO_GOLD,criminal,OFFLINE_CLIENT_PROJECTION,,,
sha:3d84e2c36a4383257c775870a9c2531646082b1ec271ed3f3ff7325c2d82fd0d,PDF-3d84e2c36a43,CB-TB-2088_Kerr,CB-TB-2088_Kerr.pdf,3d84e2c36a4383257c775870a9c2531646082b1ec271ed3f3ff7325c2d82fd0d,C:\Users\gduff\Downloads\cb-tb-1601-2200-v5-factory-run\pdfs\CB-TB-2088_Kerr.pdf,pdf_inventory_criminal,pdf_hash_unique|dupes=2,NO_GOLD,criminal,OFFLINE_CLIENT_PROJECTION,,,
sha:3d9ac263ad56594442d9a48314e667780a027e0e72d5fa3e2f284119203c6e50,PDF-3d9ac263ad56,CB-TB-1700_Clarke,CB-TB-1700_Clarke.pdf,3d9ac263ad56594442d9a48314e667780a027e0e72d5fa3e2f284119203c6e50,C:\Users\gduff\Downloads\cb-tb-1601-2200-v5-factory-run\pdfs\CB-TB-1700_Clarke.pdf,pdf_inventory_criminal,pdf_hash_unique|dupes=4,NO_GOLD,criminal,OFFLINE_CLIENT_PROJECTION,,,
sha:3db383a94604eb610e98712c7b8a662ddae9dcdbf4810f29541a7723ac40bb70,PDF-3db383a94604,CB-TB-1091_Richards,CB-TB-1091_Richards.pdf,3db383a94604eb610e98712c7b8a662ddae9dcdbf4810f29541a7723ac40bb70,C:\Users\gduff\Downloads\cb-tb-901-1100-v5\pdfs\CB-TB-1091_Richards.pdf,pdf_inventory_criminal,pdf_hash_unique|dupes=2,NO_GOLD,criminal,OFFLINE_CLIENT_PROJECTION,,,
sha:3dc73c981a45d4c715b2ce0a453ed70e0eba9f2816162f17dbde98bbbb2bde60,PDF-3dc73c981a45,CB-TB-255_Graham,CB-TB-255_Graham.pdf,3dc73c981a45d4c715b2ce0a453ed70e0eba9f2816162f17dbde98bbbb2bde60,C:\Users\gduff\Downloads\cb-tb-201-300-v4\pdfs\CB-TB-255_Graham.pdf,pdf_inventory_criminal,pdf_hash_unique|dupes=1,NO_GOLD,criminal,OFFLINE_CLIENT_PROJECTION,,,
sha:3ddfe4eb65b0a1da34e844bb4443abbb023729ee9447a12f9f0b333412a7e29c,PDF-3ddfe4eb65b0,CB-TB-004_Paige_Thornton,CB-TB-004_Paige_Thornton.pdf,3ddfe4eb65b0a1da34e844bb4443abbb023729ee9447a12f9f0b333412a7e29c,C:\Users\gduff\Downloads\CaseBrain_Blind_Bundle_Factory_v2_30_bundles (1)\pdfs\CB-TB-004_Paige_Thornton.pdf,pdf_inventory_criminal,pdf_hash_unique|dupes=2,NO_GOLD,criminal,OFFLINE_CLIENT_PROJECTION,,,
sha:3dfc34f15639b44fe98f61404702f6dba39112ec196c0a9be7a7aba29887dd73,PDF-3dfc34f15639,CB-TB-1560_Shaw,CB-TB-1560_Shaw.pdf,3dfc34f15639b44fe98f61404702f6dba39112ec196c0a9be7a7aba29887dd73,C:\Users\gduff\Downloads\cb-tb-1501-1600-v5-factory-run\pdfs\CB-TB-1560_Shaw.pdf,pdf_inventory_criminal,pdf_hash_unique|dupes=2,NO_GOLD,criminal,OFFLINE_CLIENT_PROJECTION,,,
sha:3e21a49ead53a3a23f88d7426c125d69b739ab8417b5aad93b2e56c20331647f,PDF-3e21a49ead53,CB-TB-117_Morley,CB-TB-117_Morley.pdf,3e21a49ead53a3a23f88d7426c125d69b739ab8417b5aad93b2e56c20331647f,C:\Users\gduff\Downloads\cb-tb-101-200-v4\pdfs\CB-TB-117_Morley.pdf,pdf_inventory_criminal,pdf_hash_unique|dupes=1,NO_GOLD,criminal,OFFLINE_CLIENT_PROJECTION,,,
sha:3e3a8a48440183a7d5f6de8b0789c0952428652ebf81aabbda7fe42b1d0ddda5,PDF-3e3a8a484401,CB-TB-511_Rees,CB-TB-511_Rees.pdf,3e3a8a48440183a7d5f6de8b0789c0952428652ebf81aabbda7fe42b1d0ddda5,C:\Users\gduff\Downloads\cb-tb-501-600-v5-extract\pdfs\CB-TB-511_Rees.pdf,pdf_inventory_criminal,pdf_hash_unique|dupes=3,NO_GOLD,criminal,OFFLINE_CLIENT_PROJECTION,,,
sha:3e584fbda8d8b3e47b88e870eb2f563b0d131a50cf85f5fa6ef57dba2e6c5e9f,PDF-3e584fbda8d8,CB-TB-106_Sutton,CB-TB-106_Sutton.pdf,3e584fbda8d8b3e47b88e870eb2f563b0d131a50cf85f5fa6ef57dba2e6c5e9f,C:\Users\gduff\Downloads\cb-tb-101-200-v4\pdfs\CB-TB-106_Sutton.pdf,pdf_inventory_criminal,pdf_hash_unique|dupes=1,NO_GOLD,criminal,OFFLINE_CLIENT_PROJECTION,,,
sha:3eaa6cf298baee9425b8f2e7a14741b9b97da29c05864effaa68752685bd51f7,PDF-3eaa6cf298ba,CB-TB-1774_Ashcroft,CB-TB-1774_Ashcroft.pdf,3eaa6cf298baee9425b8f2e7a14741b9b97da29c05864effaa68752685bd51f7,C:\Users\gduff\Downloads\cb-tb-1601-2200-v5-factory-run\pdfs\CB-TB-1774_Ashcroft.pdf,pdf_inventory_criminal,pdf_hash_unique|dupes=2,NO_GOLD,criminal,OFFLINE_CLIENT_PROJECTION,,,
sha:3ebad0f3876ed61c67e8ab445457947fdc08822abf92e461c2a257f724a30258,PDF-3ebad0f3876e,CB-TB-1069_Okonkwo,CB-TB-1069_Okonkwo.pdf,3ebad0f3876ed61c67e8ab445457947fdc08822abf92e461c2a257f724a30258,C:\Users\gduff\Downloads\cb-tb-901-1100-v5\pdfs\CB-TB-1069_Okonkwo.pdf,pdf_inventory_criminal,pdf_hash_unique|dupes=2,NO_GOLD,criminal,OFFLINE_CLIENT_PROJECTION,,,
sha:3ec069682779ed98aaef2b4f634abbe709e654e9f94c1b1c6b5ae8240e528dd5,PDF-3ec069682779,CB-TB-2016_Ali,CB-TB-2016_Ali.pdf,3ec069682779ed98aaef2b4f634abbe709e654e9f94c1b1c6b5ae8240e528dd5,C:\Users\gduff\Downloads\cb-tb-1601-2200-v5-factory-run\pdfs\CB-TB-2016_Ali.pdf,pdf_inventory_criminal,pdf_hash_unique|dupes=2,NO_GOLD,criminal,OFFLINE_CLIENT_PROJECTION,,,
sha:3f0bc2f6359aae86017e5133125e523ae7986198aab1e2291e814211c31f2988,PDF-3f0bc2f6359a,CB-TB-1800_Price,CB-TB-1800_Price.pdf,3f0bc2f6359aae86017e5133125e523ae7986198aab1e2291e814211c31f2988,C:\Users\gduff\Downloads\cb-tb-1601-2200-v5-factory-run\pdfs\CB-TB-1800_Price.pdf,pdf_inventory_criminal,pdf_hash_unique|dupes=2,NO_GOLD,criminal,OFFLINE_CLIENT_PROJECTION,,,
sha:3f1f66797fe3c3bf991bdcfd4cbde7e3bebbe6d4b8a142d0b79c04b65fe4dcb1,PDF-3f1f66797fe3,CB-TB-1372_Carver,CB-TB-1372_Carver.pdf,3f1f66797fe3c3bf991bdcfd4cbde7e3bebbe6d4b8a142d0b79c04b65fe4dcb1,C:\Users\gduff\Downloads\cb-tb-1301-1400-v5\pdfs\CB-TB-1372_Carver.pdf,pdf_inventory_criminal,pdf_hash_unique|dupes=2,NO_GOLD,criminal,OFFLINE_CLIENT_PROJECTION,,,
sha:3f24f76aaa116fe1c0d58f28c7d0f027305a710db7d436d7d34e831c5bc9126d,PDF-3f24f76aaa11,CB-TB-1591_Brooks,CB-TB-1591_Brooks.pdf,3f24f76aaa116fe1c0d58f28c7d0f027305a710db7d436d7d34e831c5bc9126d,C:\Users\gduff\Downloads\cb-tb-1501-1600-v5-factory-run\pdfs\CB-TB-1591_Brooks.pdf,pdf_inventory_criminal,pdf_hash_unique|dupes=2,NO_GOLD,criminal,OFFLINE_CLIENT_PROJECTION,,,
sha:3f251a795c1a9730577e41283c873644ddd846fa15944c1e1876609f7bb9d7de,PDF-3f251a795c1a,CB-TB-1461_Doyle,CB-TB-1461_Doyle.pdf,3f251a795c1a9730577e41283c873644ddd846fa15944c1e1876609f7bb9d7de,C:\Users\gduff\Downloads\cb-tb-1401-1500-v5-tmp\pdfs\CB-TB-1461_Doyle.pdf,pdf_inventory_criminal,pdf_hash_unique|dupes=1,NO_GOLD,criminal,OFFLINE_CLIENT_PROJECTION,,,
sha:3f3f887e5a687e76392562707f1af1594c078062a7f5ce3a7d9bb0428c0413c5,PDF-3f3f887e5a68,CB-TB-1528_Harding,CB-TB-1528_Harding.pdf,3f3f887e5a687e76392562707f1af1594c078062a7f5ce3a7d9bb0428c0413c5,C:\Users\gduff\Downloads\cb-tb-1501-1600-v5-factory-run\pdfs\CB-TB-1528_Harding.pdf,pdf_inventory_criminal,pdf_hash_unique|dupes=2,NO_GOLD,criminal,OFFLINE_CLIENT_PROJECTION,,,
sha:3f45ab9699730f7d20a6cada647d5077747d5e8845e9461ea667204c348bb7d5,PDF-3f45ab969973,CB-TB-055_Hart,CB-TB-055_Hart.pdf,3f45ab9699730f7d20a6cada647d5077747d5e8845e9461ea667204c348bb7d5,C:\Users\gduff\Downloads\cb-tb-031-100-v4\pdfs\CB-TB-055_Hart.pdf,pdf_inventory_criminal,pdf_hash_unique|dupes=1,NO_GOLD,criminal,OFFLINE_CLIENT_PROJECTION,,,
sha:3f7b66b0296d70f5b63e3480a03015f5b74dd5884f18814b207b758148d4af18,PDF-3f7b66b0296d,CB-TB-1084_Burke,CB-TB-1084_Burke.pdf,3f7b66b0296d70f5b63e3480a03015f5b74dd5884f18814b207b758148d4af18,C:\Users\gduff\Downloads\cb-tb-901-1100-v5\pdfs\CB-TB-1084_Burke.pdf,pdf_inventory_criminal,pdf_hash_unique|dupes=2,NO_GOLD,criminal,OFFLINE_CLIENT_PROJECTION,,,
sha:3f7caf83b1ca7059cd1db4f98109a814b184d3ad68d3372192e8c906c6885e75,PDF-3f7caf83b1ca,CB-TB-2027_Thornton,CB-TB-2027_Thornton.pdf,3f7caf83b1ca7059cd1db4f98109a814b184d3ad68d3372192e8c906c6885e75,C:\Users\gduff\Downloads\cb-tb-1601-2200-v5-factory-run\pdfs\CB-TB-2027_Thornton.pdf,pdf_inventory_criminal,pdf_hash_unique|dupes=2,NO_GOLD,criminal,OFFLINE_CLIENT_PROJECTION,,,
sha:3f897b05ef6ac2423578f49ab947bb9a1cfb943d591cf1e58bf641d9b95c8dfb,PDF-3f897b05ef6a,CB-TB-859_Vale,CB-TB-859_Vale.pdf,3f897b05ef6ac2423578f49ab947bb9a1cfb943d591cf1e58bf641d9b95c8dfb,C:\Users\gduff\Downloads\cb-tb-801-900-v5\pdfs\CB-TB-859_Vale.pdf,pdf_inventory_criminal,pdf_hash_unique|dupes=1,NO_GOLD,criminal,OFFLINE_CLIENT_PROJECTION,,,
sha:3f942fd950b5fff0ea65d1a3cd42f3104013b2b49d5c8e430cf1b3255432bd39,PDF-3f942fd950b5,CB-TB-1029_Webb,CB-TB-1029_Webb.pdf,3f942fd950b5fff0ea65d1a3cd42f3104013b2b49d5c8e430cf1b3255432bd39,C:\Users\gduff\Downloads\cb-tb-901-1100-v5\pdfs\CB-TB-1029_Webb.pdf,pdf_inventory_criminal,pdf_hash_unique|dupes=2,NO_GOLD,criminal,OFFLINE_CLIENT_PROJECTION,,,
sha:3faf843cf00c6d7eda4c67b1772814d2611ed94fab7ddad71dd5151a3acd8ae4,PDF-3faf843cf00c,CB-TB-498_Turner,CB-TB-498_Turner.pdf,3faf843cf00c6d7eda4c67b1772814d2611ed94fab7ddad71dd5151a3acd8ae4,C:\Users\gduff\Downloads\cb-tb-401-500-v5\pdfs\CB-TB-498_Turner.pdf,pdf_inventory_criminal,pdf_hash_unique|dupes=2,NO_GOLD,criminal,OFFLINE_CLIENT_PROJECTION,,,
sha:3fbadb59236900cf46b7295595c0af6df6f2e5234d8a5d8e93b3beb9658fc5ad,PDF-3fbadb592369,CB-TB-1629_Kerr,CB-TB-1629_Kerr.pdf,3fbadb59236900cf46b7295595c0af6df6f2e5234d8a5d8e93b3beb9658fc5ad,C:\Users\gduff\Downloads\cb-tb-1601-2200-v5-factory-run\pdfs\CB-TB-1629_Kerr.pdf,pdf_inventory_criminal,pdf_hash_unique|dupes=4,NO_GOLD,criminal,OFFLINE_CLIENT_PROJECTION,,,
sha:3fbfbacd40aaf786e1365d2fdd7316c14b634ad9d2cc75635b6080bd15af8286,PDF-3fbfbacd40aa,CB-TB-1527_Lane,CB-TB-1527_Lane.pdf,3fbfbacd40aaf786e1365d2fdd7316c14b634ad9d2cc75635b6080bd15af8286,C:\Users\gduff\Downloads\cb-tb-1501-1600-v5-factory-run\pdfs\CB-TB-1527_Lane.pdf,pdf_inventory_criminal,pdf_hash_unique|dupes=2,NO_GOLD,criminal,OFFLINE_CLIENT_PROJECTION,,,
sha:3fe917d580ae34f1b9ee5e56692dc03e7ef0f4c28d3ae027283cd57e115a5d3a,PDF-3fe917d580ae,gauntlet-05-offence-mix,gauntlet-05-offence-mix.pdf,3fe917d580ae34f1b9ee5e56692dc03e7ef0f4c28d3ae027283cd57e115a5d3a,C:\Users\gduff\Downloads\test casess\gauntlet-05-offence-mix.pdf,pdf_inventory,pdf_hash_unique|dupes=2,NO_GOLD,criminal,OFFLINE_CLIENT_PROJECTION,,,
sha:4062074c747f0ab95e24ce63336983137c3040011aa298adf2423d84c3ca9126,PDF-4062074c747f,CB-TB-1256_Rees,CB-TB-1256_Rees.pdf,4062074c747f0ab95e24ce63336983137c3040011aa298adf2423d84c3ca9126,C:\Users\gduff\Downloads\cb-tb-1201-1300-v5\pdfs\CB-TB-1256_Rees.pdf,pdf_inventory_criminal,pdf_hash_unique|dupes=2,NO_GOLD,criminal,OFFLINE_CLIENT_PROJECTION,,,
sha:408013d4d69a528c87cae7992b7b450e840799b462bea4e8acc753a4fce876c0,PDF-408013d4d69a,CB-TB-1541_Brooks,CB-TB-1541_Brooks.pdf,408013d4d69a528c87cae7992b7b450e840799b462bea4e8acc753a4fce876c0,C:\Users\gduff\Downloads\cb-tb-1501-1600-v5-factory-run\pdfs\CB-TB-1541_Brooks.pdf,pdf_inventory_criminal,pdf_hash_unique|dupes=2,NO_GOLD,criminal,OFFLINE_CLIENT_PROJECTION,,,
sha:4097b36139372010f624a9da9047afdc38fa2771d894d62c35caa0a235f5c44c,PDF-4097b3613937,CB-TB-1361_Ahmed,CB-TB-1361_Ahmed.pdf,4097b36139372010f624a9da9047afdc38fa2771d894d62c35caa0a235f5c44c,C:\Users\gduff\Downloads\cb-tb-1301-1400-v5\pdfs\CB-TB-1361_Ahmed.pdf,pdf_inventory_criminal,pdf_hash_unique|dupes=2,NO_GOLD,criminal,OFFLINE_CLIENT_PROJECTION,,,
sha:40a0d870d8a9a84fd28902b0465d592de519d56e74c668a0d827ab7b8b0a784f,PDF-40a0d870d8a9,CB-TB-1979_Rahman,CB-TB-1979_Rahman.pdf,40a0d870d8a9a84fd28902b0465d592de519d56e74c668a0d827ab7b8b0a784f,C:\Users\gduff\Downloads\cb-tb-1601-2200-v5-factory-run\pdfs\CB-TB-1979_Rahman.pdf,pdf_inventory_criminal,pdf_hash_unique|dupes=2,NO_GOLD,criminal,OFFLINE_CLIENT_PROJECTION,,,
sha:410b94313168fb6798e0d386ed06af1b20faaf6967c73ed34045f0c97570f53c,PDF-410b94313168,CB-TB-1778_Holt,CB-TB-1778_Holt.pdf,410b94313168fb6798e0d386ed06af1b20faaf6967c73ed34045f0c97570f53c,C:\Users\gduff\Downloads\cb-tb-1601-2200-v5-factory-run\pdfs\CB-TB-1778_Holt.pdf,pdf_inventory_criminal,pdf_hash_unique|dupes=2,NO_GOLD,criminal,OFFLINE_CLIENT_PROJECTION,,,
sha:416350f8d778d2c5783f58f9b94324f6a9b6e48b98df3acf6059ba49444d0a05,PDF-416350f8d778,CB-TB-388_Roberts,CB-TB-388_Roberts.pdf,416350f8d778d2c5783f58f9b94324f6a9b6e48b98df3acf6059ba49444d0a05,C:\Users\gduff\Downloads\cb-tb-301-400-v4\pdfs\CB-TB-388_Roberts.pdf,pdf_inventory_criminal,pdf_hash_unique|dupes=2,NO_GOLD,criminal,OFFLINE_CLIENT_PROJECTION,,,
sha:4163539a99adc277267f0297b02d933a4704c7c659d3e65e6568ad23cfc4a124,PDF-4163539a99ad,CB-TB-420_Patel,CB-TB-420_Patel.pdf,4163539a99adc277267f0297b02d933a4704c7c659d3e65e6568ad23cfc4a124,C:\Users\gduff\Downloads\cb-tb-401-500-v5\pdfs\CB-TB-420_Patel.pdf,pdf_inventory_criminal,pdf_hash_unique|dupes=2,NO_GOLD,criminal,OFFLINE_CLIENT_PROJECTION,,,
sha:41b83f50106e87a65f03f07eb830355da103def8446da50557f4d966e829ec46,PDF-41b83f50106e,CB-TB-1794_Wardle,CB-TB-1794_Wardle.pdf,41b83f50106e87a65f03f07eb830355da103def8446da50557f4d966e829ec46,C:\Users\gduff\Downloads\cb-tb-1601-2200-v5-factory-run\pdfs\CB-TB-1794_Wardle.pdf,pdf_inventory_criminal,pdf_hash_unique|dupes=2,NO_GOLD,criminal,OFFLINE_CLIENT_PROJECTION,,,
sha:4208bb905ff511e931cfb0792995783f971f8aa614cbcb7d4e35435df5a3afd5,PDF-4208bb905ff5,CB-TB-1936_Vale,CB-TB-1936_Vale.pdf,4208bb905ff511e931cfb0792995783f971f8aa614cbcb7d4e35435df5a3afd5,C:\Users\gduff\Downloads\cb-tb-1601-2200-v5-factory-run\pdfs\CB-TB-1936_Vale.pdf,pdf_inventory_criminal,pdf_hash_unique|dupes=2,NO_GOLD,criminal,OFFLINE_CLIENT_PROJECTION,,,
sha:42206bc889a16de87c93c8c5fd7f59cb57a2912641988b68090456db9ec72635,PDF-42206bc889a1,CB-TB-499_Banks,CB-TB-499_Banks.pdf,42206bc889a16de87c93c8c5fd7f59cb57a2912641988b68090456db9ec72635,C:\Users\gduff\Downloads\cb-tb-401-500-v5\pdfs\CB-TB-499_Banks.pdf,pdf_inventory_criminal,pdf_hash_unique|dupes=2,NO_GOLD,criminal,OFFLINE_CLIENT_PROJECTION,,,
sha:422447c2ac3eaa4989cbeaac16fced5227d9a1c4147d1c06384534520c198974,PDF-422447c2ac3e,CB-TB-138_Francis,CB-TB-138_Francis.pdf,422447c2ac3eaa4989cbeaac16fced5227d9a1c4147d1c06384534520c198974,C:\Users\gduff\Downloads\cb-tb-101-200-v4\pdfs\CB-TB-138_Francis.pdf,pdf_inventory_criminal,pdf_hash_unique|dupes=1,NO_GOLD,criminal,OFFLINE_CLIENT_PROJECTION,,,
sha:424b99dafb3e8e18d213a9de532077ee7c3532add05e8efd1368897e3e81b322,PDF-424b99dafb3e,CB-TB-1500_Greene,CB-TB-1500_Greene.pdf,424b99dafb3e8e18d213a9de532077ee7c3532add05e8efd1368897e3e81b322,C:\Users\gduff\Downloads\cb-tb-1401-1500-v5-tmp\pdfs\CB-TB-1500_Greene.pdf,pdf_inventory_criminal,pdf_hash_unique|dupes=1,NO_GOLD,criminal,OFFLINE_CLIENT_PROJECTION,,,
sha:428569c2f207dc5af34dbcb2035eabcd467b972767878792fc62ade36835defe,PDF-428569c2f207,CB-TB-198_Foster,CB-TB-198_Foster.pdf,428569c2f207dc5af34dbcb2035eabcd467b972767878792fc62ade36835defe,C:\Users\gduff\Downloads\cb-tb-101-200-v4\pdfs\CB-TB-198_Foster.pdf,pdf_inventory_criminal,pdf_hash_unique|dupes=1,NO_GOLD,criminal,OFFLINE_CLIENT_PROJECTION,,,
sha:4297e9ddd4693537eaaae9ff232e2083ba7fff5e37c91d3472e69acd3fdf7eaa,PDF-4297e9ddd469,CB-TB-085_West,CB-TB-085_West.pdf,4297e9ddd4693537eaaae9ff232e2083ba7fff5e37c91d3472e69acd3fdf7eaa,C:\Users\gduff\Downloads\cb-tb-031-100-v4\pdfs\CB-TB-085_West.pdf,pdf_inventory_criminal,pdf_hash_unique|dupes=1,NO_GOLD,criminal,OFFLINE_CLIENT_PROJECTION,,,
sha:429db3682278a97dd6d0cac4012ce49c319d4a8115def0c3e48b2f64992b2f25,PDF-429db3682278,CB-TB-023_Imran_Qadir,CB-TB-023_Imran_Qadir.pdf,429db3682278a97dd6d0cac4012ce49c319d4a8115def0c3e48b2f64992b2f25,C:\Users\gduff\Downloads\CaseBrain_Blind_Bundle_Factory_v2_30_bundles (1)\pdfs\CB-TB-023_Imran_Qadir.pdf,pdf_inventory_criminal,pdf_hash_unique|dupes=2,NO_GOLD,criminal,OFFLINE_CLIENT_PROJECTION,,,
sha:42f1b7eaba0d58c78a5240579020aa9356169eb79d4e9b3adcb8750f9fbc0534,PDF-42f1b7eaba0d,CB-TB-1827_Byrom,CB-TB-1827_Byrom.pdf,42f1b7eaba0d58c78a5240579020aa9356169eb79d4e9b3adcb8750f9fbc0534,C:\Users\gduff\Downloads\cb-tb-1601-2200-v5-factory-run\pdfs\CB-TB-1827_Byrom.pdf,pdf_inventory_criminal,pdf_hash_unique|dupes=2,NO_GOLD,criminal,OFFLINE_CLIENT_PROJECTION,,,
sha:42fa9e2fec918a4817cf462c16be1d2e7cc1dd141899380bd7dd5763f4a0e675,PDF-42fa9e2fec91,CB-TB-1872_Pike,CB-TB-1872_Pike.pdf,42fa9e2fec918a4817cf462c16be1d2e7cc1dd141899380bd7dd5763f4a0e675,C:\Users\gduff\Downloads\cb-tb-1601-2200-v5-factory-run\pdfs\CB-TB-1872_Pike.pdf,pdf_inventory_criminal,pdf_hash_unique|dupes=2,NO_GOLD,criminal,OFFLINE_CLIENT_PROJECTION,,,
sha:431859b7a5b0c27777d33c5dd49e58a73438a65a1fe0f1609596c156485d6512,PDF-431859b7a5b0,CB-TB-1903_Quinn,CB-TB-1903_Quinn.pdf,431859b7a5b0c27777d33c5dd49e58a73438a65a1fe0f1609596c156485d6512,C:\Users\gduff\Downloads\cb-tb-1601-2200-v5-factory-run\pdfs\CB-TB-1903_Quinn.pdf,pdf_inventory_criminal,pdf_hash_unique|dupes=2,NO_GOLD,criminal,OFFLINE_CLIENT_PROJECTION,,,
sha:4319f14ea184372455f29eed779c8dc224014635a3af9079ce678669b6bbfba5,PDF-4319f14ea184,CB-TB-833_Stone,CB-TB-833_Stone.pdf,4319f14ea184372455f29eed779c8dc224014635a3af9079ce678669b6bbfba5,C:\Users\gduff\Downloads\cb-tb-801-900-v5\pdfs\CB-TB-833_Stone.pdf,pdf_inventory_criminal,pdf_hash_unique|dupes=1,NO_GOLD,criminal,OFFLINE_CLIENT_PROJECTION,,,
sha:43426cdc719a2210732cd8f1670c42a8fac3a970678d9e0718ecbdd49524abf1,PDF-43426cdc719a,CB-TB-257_Greene,CB-TB-257_Greene.pdf,43426cdc719a2210732cd8f1670c42a8fac3a970678d9e0718ecbdd49524abf1,C:\Users\gduff\Downloads\cb-tb-201-300-v4\pdfs\CB-TB-257_Greene.pdf,pdf_inventory_criminal,pdf_hash_unique|dupes=1,NO_GOLD,criminal,OFFLINE_CLIENT_PROJECTION,,,
sha:4342b2c00d41b0e48ba82ecef05a698f47fe22aef17676f8c94264ef0bd91962,PDF-4342b2c00d41,CB-TB-398_Gibbs,CB-TB-398_Gibbs.pdf,4342b2c00d41b0e48ba82ecef05a698f47fe22aef17676f8c94264ef0bd91962,C:\Users\gduff\Downloads\cb-tb-301-400-v4\pdfs\CB-TB-398_Gibbs.pdf,pdf_inventory_criminal,pdf_hash_unique|dupes=2,NO_GOLD,criminal,OFFLINE_CLIENT_PROJECTION,,,
sha:434c80ef97015f1808ccc654db19cba9b87ffa493f489db7679ef104faf8adbb,PDF-434c80ef9701,CB-TB-760_Coleman,CB-TB-760_Coleman.pdf,434c80ef97015f1808ccc654db19cba9b87ffa493f489db7679ef104faf8adbb,C:\Users\gduff\Downloads\cb-tb-701-800-v5\pdfs\CB-TB-760_Coleman.pdf,pdf_inventory_criminal,pdf_hash_unique|dupes=1,NO_GOLD,criminal,OFFLINE_CLIENT_PROJECTION,,,
sha:434f155c6c7db1fb8caf534511c7044bf234b804da8d160b0956f66140a3416b,PDF-434f155c6c7d,CB-TB-2193_Fraser,CB-TB-2193_Fraser.pdf,434f155c6c7db1fb8caf534511c7044bf234b804da8d160b0956f66140a3416b,C:\Users\gduff\Downloads\cb-tb-1601-2200-v5-factory-run\pdfs\CB-TB-2193_Fraser.pdf,pdf_inventory_criminal,pdf_hash_unique|dupes=2,NO_GOLD,criminal,OFFLINE_CLIENT_PROJECTION,,,
sha:4353e475266dd949e5c74ff5ddf52f66c274585020766d729d240368c8ef4d45,PDF-4353e475266d,CB-TB-680_Price,CB-TB-680_Price.pdf,4353e475266dd949e5c74ff5ddf52f66c274585020766d729d240368c8ef4d45,C:\Users\gduff\Downloads\cb-tb-601-700-v5\pdfs\CB-TB-680_Price.pdf,pdf_inventory_criminal,pdf_hash_unique|dupes=1,NO_GOLD,criminal,OFFLINE_CLIENT_PROJECTION,,,
sha:43795de25552f54e79638e5e0c79b657a50c9e4ba38dc68956853c6013f6ac00,PDF-43795de25552,CB-TB-653_Clarke,CB-TB-653_Clarke.pdf,43795de25552f54e79638e5e0c79b657a50c9e4ba38dc68956853c6013f6ac00,C:\Users\gduff\Downloads\cb-tb-601-700-v5\pdfs\CB-TB-653_Clarke.pdf,pdf_inventory_criminal,pdf_hash_unique|dupes=1,NO_GOLD,criminal,OFFLINE_CLIENT_PROJECTION,,,
sha:437b66ca549da2f2a5194b8e9e8330468a630b1515d84b04c06485e6148c5c51,PDF-437b66ca549d,CB-TB-1447_Blake,CB-TB-1447_Blake.pdf,437b66ca549da2f2a5194b8e9e8330468a630b1515d84b04c06485e6148c5c51,C:\Users\gduff\Downloads\cb-tb-1401-1500-v5-tmp\pdfs\CB-TB-1447_Blake.pdf,pdf_inventory_criminal,pdf_hash_unique|dupes=1,NO_GOLD,criminal,OFFLINE_CLIENT_PROJECTION,,,
sha:439d81f34d57469af8495a432cc16814cad241dca258ab9e8067b05366262acb,PDF-439d81f34d57,CB-TB-1493_Clarke,CB-TB-1493_Clarke.pdf,439d81f34d57469af8495a432cc16814cad241dca258ab9e8067b05366262acb,C:\Users\gduff\Downloads\cb-tb-1401-1500-v5-tmp\pdfs\CB-TB-1493_Clarke.pdf,pdf_inventory_criminal,pdf_hash_unique|dupes=1,NO_GOLD,criminal,OFFLINE_CLIENT_PROJECTION,,,
sha:43cd5456d5b3f23613a50b9735c0c78c1f3dedfdf31c28c2c55aaacdff5ce8bd,PDF-43cd5456d5b3,CB-TB-331_Nolan,CB-TB-331_Nolan.pdf,43cd5456d5b3f23613a50b9735c0c78c1f3dedfdf31c28c2c55aaacdff5ce8bd,C:\Users\gduff\Downloads\cb-tb-301-400-v4\pdfs\CB-TB-331_Nolan.pdf,pdf_inventory_criminal,pdf_hash_unique|dupes=2,NO_GOLD,criminal,OFFLINE_CLIENT_PROJECTION,,,
sha:440165fbdb289009aeb6bce7307cfbbf6d73acd3d592d327e280d38f1611f6e9,PDF-440165fbdb28,CB-TB-435_Rees,CB-TB-435_Rees.pdf,440165fbdb289009aeb6bce7307cfbbf6d73acd3d592d327e280d38f1611f6e9,C:\Users\gduff\Downloads\cb-tb-401-500-v5\pdfs\CB-TB-435_Rees.pdf,pdf_inventory_criminal,pdf_hash_unique|dupes=2,NO_GOLD,criminal,OFFLINE_CLIENT_PROJECTION,,,
sha:44068b884b783abbeb65e62bfcc925d313ace09af9850d6883011dfba5f938eb,PDF-44068b884b78,CB-TB-1665_West,CB-TB-1665_West.pdf,44068b884b783abbeb65e62bfcc925d313ace09af9850d6883011dfba5f938eb,C:\Users\gduff\Downloads\cb-tb-1601-2200-v5-factory-run\pdfs\CB-TB-1665_West.pdf,pdf_inventory_criminal,pdf_hash_unique|dupes=4,NO_GOLD,criminal,OFFLINE_CLIENT_PROJECTION,,,
sha:44314594003f3d58b71ba9bcb0ab11eceacc5cc310faf14d48971ab4660be723,PDF-44314594003f,CB-TB-2147_Hale,CB-TB-2147_Hale.pdf,44314594003f3d58b71ba9bcb0ab11eceacc5cc310faf14d48971ab4660be723,C:\Users\gduff\Downloads\cb-tb-1601-2200-v5-factory-run\pdfs\CB-TB-2147_Hale.pdf,pdf_inventory_criminal,pdf_hash_unique|dupes=2,NO_GOLD,criminal,OFFLINE_CLIENT_PROJECTION,,,
sha:44354a7cd350c3f0d5bd4c4a8ad2d276afbc2c8692bd219fc5b20cb34579911a,PDF-44354a7cd350,CB-TB-695_Brooks,CB-TB-695_Brooks.pdf,44354a7cd350c3f0d5bd4c4a8ad2d276afbc2c8692bd219fc5b20cb34579911a,C:\Users\gduff\Downloads\cb-tb-601-700-v5\pdfs\CB-TB-695_Brooks.pdf,pdf_inventory_criminal,pdf_hash_unique|dupes=1,NO_GOLD,criminal,OFFLINE_CLIENT_PROJECTION,,,
sha:44387adce7bd0ac7c330448fe7c80dc40f5cd7243b28874582d3e92dd2403018,PDF-44387adce7bd,CB-TB-890_Brooks,CB-TB-890_Brooks.pdf,44387adce7bd0ac7c330448fe7c80dc40f5cd7243b28874582d3e92dd2403018,C:\Users\gduff\Downloads\cb-tb-801-900-v5\pdfs\CB-TB-890_Brooks.pdf,pdf_inventory_criminal,pdf_hash_unique|dupes=1,NO_GOLD,criminal,OFFLINE_CLIENT_PROJECTION,,,
sha:444d271299dfa8183642bb290ff0b6dab963e227282d8f0f31a888394ed7d4db,PDF-444d271299df,CB-TB-1196_Reed,CB-TB-1196_Reed.pdf,444d271299dfa8183642bb290ff0b6dab963e227282d8f0f31a888394ed7d4db,C:\Users\gduff\Downloads\cb-tb-1101-1400-v5\pdfs\CB-TB-1196_Reed.pdf,pdf_inventory_criminal,pdf_hash_unique|dupes=2,NO_GOLD,criminal,OFFLINE_CLIENT_PROJECTION,,,
sha:44aa5a9b21568554692dd08cede0ecbbbd07cccfd1480cda3d6609d46d5233ea,PDF-44aa5a9b2156,CB-TB-047_Bennett,CB-TB-047_Bennett.pdf,44aa5a9b21568554692dd08cede0ecbbbd07cccfd1480cda3d6609d46d5233ea,C:\Users\gduff\Downloads\cb-tb-031-100-v4\pdfs\CB-TB-047_Bennett.pdf,pdf_inventory_criminal,pdf_hash_unique|dupes=1,NO_GOLD,criminal,OFFLINE_CLIENT_PROJECTION,,,
sha:44d16a278e56d94f73d63ed80f5750ccf09394546bc62667f19340b2e06e1d58,PDF-44d16a278e56,CB-TB-1543_Spencer,CB-TB-1543_Spencer.pdf,44d16a278e56d94f73d63ed80f5750ccf09394546bc62667f19340b2e06e1d58,C:\Users\gduff\Downloads\cb-tb-1501-1600-v5-factory-run\pdfs\CB-TB-1543_Spencer.pdf,pdf_inventory_criminal,pdf_hash_unique|dupes=2,NO_GOLD,criminal,OFFLINE_CLIENT_PROJECTION,,,
sha:44e8153c26994056f3fa555cbaf219274eef1c0038e75e5ea97bcb66a01de03f,PDF-44e8153c2699,CB-TB-885_Flint,CB-TB-885_Flint.pdf,44e8153c26994056f3fa555cbaf219274eef1c0038e75e5ea97bcb66a01de03f,C:\Users\gduff\Downloads\cb-tb-801-900-v5\pdfs\CB-TB-885_Flint.pdf,pdf_inventory_criminal,pdf_hash_unique|dupes=1,NO_GOLD,criminal,OFFLINE_CLIENT_PROJECTION,,,
sha:451588dd2ed3eab742ea563730c268a6b700f5df4ac6191f988cc13746e9df25,PDF-451588dd2ed3,CB-TB-1676_Okonkwo,CB-TB-1676_Okonkwo.pdf,451588dd2ed3eab742ea563730c268a6b700f5df4ac6191f988cc13746e9df25,C:\Users\gduff\Downloads\cb-tb-1601-2200-v5-factory-run\pdfs\CB-TB-1676_Okonkwo.pdf,pdf_inventory_criminal,pdf_hash_unique|dupes=4,NO_GOLD,criminal,OFFLINE_CLIENT_PROJECTION,,,
sha:45170f28508ef618f1392104241efde3163057493f5fdd8135e7245570fc6c78,PDF-45170f28508e,CB-TB-035_Patterson,CB-TB-035_Patterson.pdf,45170f28508ef618f1392104241efde3163057493f5fdd8135e7245570fc6c78,C:\Users\gduff\Downloads\cb-tb-031-100-v4\pdfs\CB-TB-035_Patterson.pdf,pdf_inventory_criminal,pdf_hash_unique|dupes=1,NO_GOLD,criminal,OFFLINE_CLIENT_PROJECTION,,,
sha:451a941ba3de6993b157fd45da7136aed6aaf7c1cfee22e9624ab09f53919c3d,PDF-451a941ba3de,CB-TB-543_Marsh,CB-TB-543_Marsh.pdf,451a941ba3de6993b157fd45da7136aed6aaf7c1cfee22e9624ab09f53919c3d,C:\Users\gduff\Downloads\cb-tb-501-600-v5-extract\pdfs\CB-TB-543_Marsh.pdf,pdf_inventory_criminal,pdf_hash_unique|dupes=3,NO_GOLD,criminal,OFFLINE_CLIENT_PROJECTION,,,
sha:451b04c6692f3b8b59814eac34587f62acada9896846509508f5294cea0aed7e,PDF-451b04c6692f,CB-TB-1399_Walsh,CB-TB-1399_Walsh.pdf,451b04c6692f3b8b59814eac34587f62acada9896846509508f5294cea0aed7e,C:\Users\gduff\Downloads\cb-tb-1301-1400-v5\pdfs\CB-TB-1399_Walsh.pdf,pdf_inventory_criminal,pdf_hash_unique|dupes=2,NO_GOLD,criminal,OFFLINE_CLIENT_PROJECTION,,,
sha:451ba46408c0aebe87a9dbe9907311de54cae7b54d7f0080b2379e2ddabb61e0,PDF-451ba46408c0,CB-TB-046_Rooney,CB-TB-046_Rooney.pdf,451ba46408c0aebe87a9dbe9907311de54cae7b54d7f0080b2379e2ddabb61e0,C:\Users\gduff\Downloads\cb-tb-031-100-v4\pdfs\CB-TB-046_Rooney.pdf,pdf_inventory_criminal,pdf_hash_unique|dupes=1,NO_GOLD,criminal,OFFLINE_CLIENT_PROJECTION,,,
sha:453f49f4c3d347b67e1a7f00c94a5d15e6e490fda4c7024aeec6da567d7d9197,PDF-453f49f4c3d3,CB-TB-1328_Shaw,CB-TB-1328_Shaw.pdf,453f49f4c3d347b67e1a7f00c94a5d15e6e490fda4c7024aeec6da567d7d9197,C:\Users\gduff\Downloads\cb-tb-1301-1400-v5\pdfs\CB-TB-1328_Shaw.pdf,pdf_inventory_criminal,pdf_hash_unique|dupes=2,NO_GOLD,criminal,OFFLINE_CLIENT_PROJECTION,,,
sha:4544efc180e6b8c95edde044d4fad839ef5e07f16dbc10b25c8be6fb2298bafd,PDF-4544efc180e6,CB-TB-1968_Kellett,CB-TB-1968_Kellett.pdf,4544efc180e6b8c95edde044d4fad839ef5e07f16dbc10b25c8be6fb2298bafd,C:\Users\gduff\Downloads\cb-tb-1601-2200-v5-factory-run\pdfs\CB-TB-1968_Kellett.pdf,pdf_inventory_criminal,pdf_hash_unique|dupes=2,NO_GOLD,criminal,OFFLINE_CLIENT_PROJECTION,,,
sha:45450f423709a2f0ff4b02b1bb8af45d9ea0df4db92a39d4f0da0aa071e30f58,PDF-45450f423709,CB-TB-1864_Morris,CB-TB-1864_Morris.pdf,45450f423709a2f0ff4b02b1bb8af45d9ea0df4db92a39d4f0da0aa071e30f58,C:\Users\gduff\Downloads\cb-tb-1601-2200-v5-factory-run\pdfs\CB-TB-1864_Morris.pdf,pdf_inventory_criminal,pdf_hash_unique|dupes=2,NO_GOLD,criminal,OFFLINE_CLIENT_PROJECTION,,,
sha:4555fbb2150bddc81f18b565352dbed48f5a8b0e00ebe62f8b87a64af3f49aea,PDF-4555fbb2150b,CB-TB-617_Thornton,CB-TB-617_Thornton.pdf,4555fbb2150bddc81f18b565352dbed48f5a8b0e00ebe62f8b87a64af3f49aea,C:\Users\gduff\Downloads\cb-tb-601-700-v5\pdfs\CB-TB-617_Thornton.pdf,pdf_inventory_criminal,pdf_hash_unique|dupes=1,NO_GOLD,criminal,OFFLINE_CLIENT_PROJECTION,,,
sha:459d4875c144cfbb6ede6b85ef79ab10ce9839d13dc391dab0c703b01bf0f735,PDF-459d4875c144,CB-TB-806_Hussain,CB-TB-806_Hussain.pdf,459d4875c144cfbb6ede6b85ef79ab10ce9839d13dc391dab0c703b01bf0f735,C:\Users\gduff\Downloads\cb-tb-801-900-v5\pdfs\CB-TB-806_Hussain.pdf,pdf_inventory_criminal,pdf_hash_unique|dupes=1,NO_GOLD,criminal,OFFLINE_CLIENT_PROJECTION,,,
sha:460d3620f09065318339b1466edb58dbe5cbf4d2f1c57b95c4a1d72533cc6ea1,PDF-460d3620f090,CB-TB-777_Doyle,CB-TB-777_Doyle.pdf,460d3620f09065318339b1466edb58dbe5cbf4d2f1c57b95c4a1d72533cc6ea1,C:\Users\gduff\Downloads\cb-tb-701-800-v5\pdfs\CB-TB-777_Doyle.pdf,pdf_inventory_criminal,pdf_hash_unique|dupes=1,NO_GOLD,criminal,OFFLINE_CLIENT_PROJECTION,,,
sha:46857485c9f97fce2b479942f55fc521b2947a5b7283adcb6a2366f58751a682,PDF-46857485c9f9,CB-TB-431_Ryder,CB-TB-431_Ryder.pdf,46857485c9f97fce2b479942f55fc521b2947a5b7283adcb6a2366f58751a682,C:\Users\gduff\Downloads\cb-tb-401-500-v5\pdfs\CB-TB-431_Ryder.pdf,pdf_inventory_criminal,pdf_hash_unique|dupes=2,NO_GOLD,criminal,OFFLINE_CLIENT_PROJECTION,,,
sha:46864b146165207cd3997975ab8e21ed41a31b133d4f2afc5bc645261632f1dc,PDF-46864b146165,CB-TB-359_Foster,CB-TB-359_Foster.pdf,46864b146165207cd3997975ab8e21ed41a31b133d4f2afc5bc645261632f1dc,C:\Users\gduff\Downloads\cb-tb-301-400-v4\pdfs\CB-TB-359_Foster.pdf,pdf_inventory_criminal,pdf_hash_unique|dupes=2,NO_GOLD,criminal,OFFLINE_CLIENT_PROJECTION,,,
sha:4689c51008dd070620b91d8022de18114b0aebca59e47070ca481d1abbe97f5a,PDF-4689c51008dd,CB-TB-1350_Greene,CB-TB-1350_Greene.pdf,4689c51008dd070620b91d8022de18114b0aebca59e47070ca481d1abbe97f5a,C:\Users\gduff\Downloads\cb-tb-1301-1400-v5\pdfs\CB-TB-1350_Greene.pdf,pdf_inventory_criminal,pdf_hash_unique|dupes=2,NO_GOLD,criminal,OFFLINE_CLIENT_PROJECTION,,,
sha:46db8d85642407d08156a7ae54f50428b7dcdd5b3c56d1bb025907c041768ed5,PDF-46db8d856424,CB-TB-266_Roberts,CB-TB-266_Roberts.pdf,46db8d85642407d08156a7ae54f50428b7dcdd5b3c56d1bb025907c041768ed5,C:\Users\gduff\Downloads\cb-tb-201-300-v4\pdfs\CB-TB-266_Roberts.pdf,pdf_inventory_criminal,pdf_hash_unique|dupes=1,NO_GOLD,criminal,OFFLINE_CLIENT_PROJECTION,,,
sha:46e10934c7a59dc7a93a04ef88e1fdadb3d860cb33524336814f28b485e29c5c,PDF-46e10934c7a5,CB-TB-590_Khan,CB-TB-590_Khan.pdf,46e10934c7a59dc7a93a04ef88e1fdadb3d860cb33524336814f28b485e29c5c,C:\Users\gduff\Downloads\cb-tb-501-600-v5-extract\pdfs\CB-TB-590_Khan.pdf,pdf_inventory_criminal,pdf_hash_unique|dupes=3,NO_GOLD,criminal,OFFLINE_CLIENT_PROJECTION,,,
sha:46e31281f20c27ea764dff121b9e15ae6eee7ba0c879a4db086f62ea6ffce5a4,PDF-46e31281f20c,CB-TB-1221_Brooks,CB-TB-1221_Brooks.pdf,46e31281f20c27ea764dff121b9e15ae6eee7ba0c879a4db086f62ea6ffce5a4,C:\Users\gduff\Downloads\cb-tb-1201-1300-v5\pdfs\CB-TB-1221_Brooks.pdf,pdf_inventory_criminal,pdf_hash_unique|dupes=2,NO_GOLD,criminal,OFFLINE_CLIENT_PROJECTION,,,
sha:46e63934ccdce7051b9395b9ea7ee72c91a37b94af6bd61ed8788cafa42f9f33,PDF-46e63934ccdc,CB-TB-1893_Redfern,CB-TB-1893_Redfern.pdf,46e63934ccdce7051b9395b9ea7ee72c91a37b94af6bd61ed8788cafa42f9f33,C:\Users\gduff\Downloads\cb-tb-1601-2200-v5-factory-run\pdfs\CB-TB-1893_Redfern.pdf,pdf_inventory_criminal,pdf_hash_unique|dupes=2,NO_GOLD,criminal,OFFLINE_CLIENT_PROJECTION,,,
sha:470b161a0e9797fed8c740726b958341b7588c3e703e0be201bc40c97d07f018,PDF-470b161a0e97,CB-TB-893_Coates,CB-TB-893_Coates.pdf,470b161a0e9797fed8c740726b958341b7588c3e703e0be201bc40c97d07f018,C:\Users\gduff\Downloads\cb-tb-801-900-v5\pdfs\CB-TB-893_Coates.pdf,pdf_inventory_criminal,pdf_hash_unique|dupes=1,NO_GOLD,criminal,OFFLINE_CLIENT_PROJECTION,,,
sha:473b817d72e1b266ab719a30926b4b6394c0a6dc9b039dc979a369120909855c,PDF-473b817d72e1,CB-TB-087_Morgan,CB-TB-087_Morgan.pdf,473b817d72e1b266ab719a30926b4b6394c0a6dc9b039dc979a369120909855c,C:\Users\gduff\Downloads\cb-tb-031-100-v4\pdfs\CB-TB-087_Morgan.pdf,pdf_inventory_criminal,pdf_hash_unique|dupes=1,NO_GOLD,criminal,OFFLINE_CLIENT_PROJECTION,,,
sha:47419e941bd5bd6839d1a90274e50a50b16b7e0c3e6e96fb68a97b7d93720dcb,PDF-47419e941bd5,CB-TB-1412_Patterson,CB-TB-1412_Patterson.pdf,47419e941bd5bd6839d1a90274e50a50b16b7e0c3e6e96fb68a97b7d93720dcb,C:\Users\gduff\Downloads\cb-tb-1401-1500-v5-tmp\pdfs\CB-TB-1412_Patterson.pdf,pdf_inventory_criminal,pdf_hash_unique|dupes=1,NO_GOLD,criminal,OFFLINE_CLIENT_PROJECTION,,,
sha:4768805abd41a3bade7385c24f9c869fd6e1e197ff7430428db71ef9437dfd95,PDF-4768805abd41,CB-TB-1760_Marsden,CB-TB-1760_Marsden.pdf,4768805abd41a3bade7385c24f9c869fd6e1e197ff7430428db71ef9437dfd95,C:\Users\gduff\Downloads\cb-tb-1601-2200-v5-factory-run\pdfs\CB-TB-1760_Marsden.pdf,pdf_inventory_criminal,pdf_hash_unique|dupes=2,NO_GOLD,criminal,OFFLINE_CLIENT_PROJECTION,,,
sha:47765825e48a9253e867714ca9f7dcbfc28834f7ba8a885df24f4186e014ba65,PDF-47765825e48a,CB-TB-913_Coates,CB-TB-913_Coates.pdf,47765825e48a9253e867714ca9f7dcbfc28834f7ba8a885df24f4186e014ba65,C:\Users\gduff\Downloads\cb-tb-901-1100-v5\pdfs\CB-TB-913_Coates.pdf,pdf_inventory_criminal,pdf_hash_unique|dupes=2,NO_GOLD,criminal,OFFLINE_CLIENT_PROJECTION,,,
sha:47932fe5ecc059f632318694adfc308da9a4a77358573f3cae1efbd611c8fb8a,PDF-47932fe5ecc0,CB-TB-1663_Kerr,CB-TB-1663_Kerr.pdf,47932fe5ecc059f632318694adfc308da9a4a77358573f3cae1efbd611c8fb8a,C:\Users\gduff\Downloads\cb-tb-1601-2200-v5-factory-run\pdfs\CB-TB-1663_Kerr.pdf,pdf_inventory_criminal,pdf_hash_unique|dupes=4,NO_GOLD,criminal,OFFLINE_CLIENT_PROJECTION,,,
sha:4796942bb0a9d693b6a727cc601b7c647c4afce549d20191c4340de6bc219cca,PDF-4796942bb0a9,CB-TB-2066_Riley,CB-TB-2066_Riley.pdf,4796942bb0a9d693b6a727cc601b7c647c4afce549d20191c4340de6bc219cca,C:\Users\gduff\Downloads\cb-tb-1601-2200-v5-factory-run\pdfs\CB-TB-2066_Riley.pdf,pdf_inventory_criminal,pdf_hash_unique|dupes=2,NO_GOLD,criminal,OFFLINE_CLIENT_PROJECTION,,,
sha:47a345b81edccac51ba9a1082dfcb987cac1b699c30c541a096dac2a4d0263f4,PDF-47a345b81edc,CB-TB-568_Grant,CB-TB-568_Grant.pdf,47a345b81edccac51ba9a1082dfcb987cac1b699c30c541a096dac2a4d0263f4,C:\Users\gduff\Downloads\cb-tb-501-600-v5-extract\pdfs\CB-TB-568_Grant.pdf,pdf_inventory_criminal,pdf_hash_unique|dupes=3,NO_GOLD,criminal,OFFLINE_CLIENT_PROJECTION,,,
sha:47ba2289d71b8b2d05a09c97f9fdba1b433ebcd83fe261e38a28a0bdd62c1db1,PDF-47ba2289d71b,CB-TB-560_Clarke,CB-TB-560_Clarke.pdf,47ba2289d71b8b2d05a09c97f9fdba1b433ebcd83fe261e38a28a0bdd62c1db1,C:\Users\gduff\Downloads\cb-tb-501-600-v5-extract\pdfs\CB-TB-560_Clarke.pdf,pdf_inventory_criminal,pdf_hash_unique|dupes=3,NO_GOLD,criminal,OFFLINE_CLIENT_PROJECTION,,,
sha:47bcd33179581f726ae2712443ac1c81f0f1ebbd2cb51c38b78b868c44fd350c,PDF-47bcd3317958,CB-TB-1114_Holt,CB-TB-1114_Holt.pdf,47bcd33179581f726ae2712443ac1c81f0f1ebbd2cb51c38b78b868c44fd350c,C:\Users\gduff\Downloads\cb-tb-1101-1400-v5\pdfs\CB-TB-1114_Holt.pdf,pdf_inventory_criminal,pdf_hash_unique|dupes=2,NO_GOLD,criminal,OFFLINE_CLIENT_PROJECTION,,,
sha:47c83b06d0e0be7e3cfe027512dea71e6a0e5c337f06a05cc79c4690d863d0ce,PDF-47c83b06d0e0,CB-TB-189_Khan,CB-TB-189_Khan.pdf,47c83b06d0e0be7e3cfe027512dea71e6a0e5c337f06a05cc79c4690d863d0ce,C:\Users\gduff\Downloads\cb-tb-101-200-v4\pdfs\CB-TB-189_Khan.pdf,pdf_inventory_criminal,pdf_hash_unique|dupes=1,NO_GOLD,criminal,OFFLINE_CLIENT_PROJECTION,,,
sha:47ec9a3fe6f89cd54c6727b71786adfa28e0c5e69648df97ddff15d60f1719d4,PDF-47ec9a3fe6f8,CB-TB-1089_Griffiths,CB-TB-1089_Griffiths.pdf,47ec9a3fe6f89cd54c6727b71786adfa28e0c5e69648df97ddff15d60f1719d4,C:\Users\gduff\Downloads\cb-tb-901-1100-v5\pdfs\CB-TB-1089_Griffiths.pdf,pdf_inventory_criminal,pdf_hash_unique|dupes=2,NO_GOLD,criminal,OFFLINE_CLIENT_PROJECTION,,,
sha:480e9200c8163608ecef47be103897213aa55c38a02f87456b4b595d41274c1f,PDF-480e9200c816,CB-TB-829_Ross,CB-TB-829_Ross.pdf,480e9200c8163608ecef47be103897213aa55c38a02f87456b4b595d41274c1f,C:\Users\gduff\Downloads\cb-tb-801-900-v5\pdfs\CB-TB-829_Ross.pdf,pdf_inventory_criminal,pdf_hash_unique|dupes=1,NO_GOLD,criminal,OFFLINE_CLIENT_PROJECTION,,,
sha:4825c56db961b46bd38c079541b8c32293403ba431661cedd955c29ec6bff1a2,PDF-4825c56db961,CB-TB-910_Parker,CB-TB-910_Parker.pdf,4825c56db961b46bd38c079541b8c32293403ba431661cedd955c29ec6bff1a2,C:\Users\gduff\Downloads\cb-tb-901-1100-v5\pdfs\CB-TB-910_Parker.pdf,pdf_inventory_criminal,pdf_hash_unique|dupes=2,NO_GOLD,criminal,OFFLINE_CLIENT_PROJECTION,,,
sha:484a63e81850f7c1db3a19a71e2bf52a3c5c412a62245b7b80c5076c37c3d585,PDF-484a63e81850,CB-TB-491_Coleman,CB-TB-491_Coleman.pdf,484a63e81850f7c1db3a19a71e2bf52a3c5c412a62245b7b80c5076c37c3d585,C:\Users\gduff\Downloads\cb-tb-401-500-v5\pdfs\CB-TB-491_Coleman.pdf,pdf_inventory_criminal,pdf_hash_unique|dupes=2,NO_GOLD,criminal,OFFLINE_CLIENT_PROJECTION,,,
sha:484ad2c1358a808b1ee9cbf0c016fe4afa77dab6bc316e4997c9f106924aebbb,PDF-484ad2c1358a,CB-TB-1082_Mitchell,CB-TB-1082_Mitchell.pdf,484ad2c1358a808b1ee9cbf0c016fe4afa77dab6bc316e4997c9f106924aebbb,C:\Users\gduff\Downloads\cb-tb-901-1100-v5\pdfs\CB-TB-1082_Mitchell.pdf,pdf_inventory_criminal,pdf_hash_unique|dupes=2,NO_GOLD,criminal,OFFLINE_CLIENT_PROJECTION,,,
sha:484da2add6a1571bf8f296c41f6c761dcd8510fadfb0f1d0ed9aba66e496c3cc,PDF-484da2add6a1,CB-TB-1313_Hale,CB-TB-1313_Hale.pdf,484da2add6a1571bf8f296c41f6c761dcd8510fadfb0f1d0ed9aba66e496c3cc,C:\Users\gduff\Downloads\cb-tb-1301-1400-v5\pdfs\CB-TB-1313_Hale.pdf,pdf_inventory_criminal,pdf_hash_unique|dupes=2,NO_GOLD,criminal,OFFLINE_CLIENT_PROJECTION,,,
sha:4873eee9824e4076896cc6053a354f38909a8c656e124c1fe5b6b7512e7e26bf,PDF-4873eee9824e,CB-TB-922_Hale,CB-TB-922_Hale.pdf,4873eee9824e4076896cc6053a354f38909a8c656e124c1fe5b6b7512e7e26bf,C:\Users\gduff\Downloads\cb-tb-901-1100-v5\pdfs\CB-TB-922_Hale.pdf,pdf_inventory_criminal,pdf_hash_unique|dupes=2,NO_GOLD,criminal,OFFLINE_CLIENT_PROJECTION,,,
sha:4896201614aba506dcc386c2a8600076db625424e3733eb56b548dc80e06cf08,PDF-4896201614ab,CB-TB-2177_Wright,CB-TB-2177_Wright.pdf,4896201614aba506dcc386c2a8600076db625424e3733eb56b548dc80e06cf08,C:\Users\gduff\Downloads\cb-tb-1601-2200-v5-factory-run\pdfs\CB-TB-2177_Wright.pdf,pdf_inventory_criminal,pdf_hash_unique|dupes=2,NO_GOLD,criminal,OFFLINE_CLIENT_PROJECTION,,,
sha:489d1b1b8f1d7750bf7520e27f6293f9eb8e830d11dfb801685603210bd5fd31,PDF-489d1b1b8f1d,CB-TB-346_Carver,CB-TB-346_Carver.pdf,489d1b1b8f1d7750bf7520e27f6293f9eb8e830d11dfb801685603210bd5fd31,C:\Users\gduff\Downloads\cb-tb-301-400-v4\pdfs\CB-TB-346_Carver.pdf,pdf_inventory_criminal,pdf_hash_unique|dupes=2,NO_GOLD,criminal,OFFLINE_CLIENT_PROJECTION,,,
sha:48cc77fc52fcbedb4b81d576babca2b130854e776a9d8e7166d19f7f64f22c41,PDF-48cc77fc52fc,CB-TB-557_Flint,CB-TB-557_Flint.pdf,48cc77fc52fcbedb4b81d576babca2b130854e776a9d8e7166d19f7f64f22c41,C:\Users\gduff\Downloads\cb-tb-501-600-v5-extract\pdfs\CB-TB-557_Flint.pdf,pdf_inventory_criminal,pdf_hash_unique|dupes=3,NO_GOLD,criminal,OFFLINE_CLIENT_PROJECTION,,,
sha:48d7c864dccc8a452fbd8eca0f359cbe1f27a91a6a233ef0a2996a20a3b48cbe,PDF-48d7c864dccc,CB-TB-050_Miles,CB-TB-050_Miles.pdf,48d7c864dccc8a452fbd8eca0f359cbe1f27a91a6a233ef0a2996a20a3b48cbe,C:\Users\gduff\Downloads\cb-tb-001-050-v3\pdfs\CB-TB-050_Miles.pdf,pdf_inventory_criminal,pdf_hash_unique|dupes=2,NO_GOLD,criminal,OFFLINE_CLIENT_PROJECTION,,,
sha:49084d9b07ee5cc68844c4497d685be29559320788b9e5a947c64320a214d4f6,PDF-49084d9b07ee,CB-TB-1316_Hart,CB-TB-1316_Hart.pdf,49084d9b07ee5cc68844c4497d685be29559320788b9e5a947c64320a214d4f6,C:\Users\gduff\Downloads\cb-tb-1301-1400-v5\pdfs\CB-TB-1316_Hart.pdf,pdf_inventory_criminal,pdf_hash_unique|dupes=2,NO_GOLD,criminal,OFFLINE_CLIENT_PROJECTION,,,
sha:495287bf09bf71b9fd31adf5bdd8cc39a38007449fe838001203093dc87596b6,PDF-495287bf09bf,CB-TB-1788_Morris,CB-TB-1788_Morris.pdf,495287bf09bf71b9fd31adf5bdd8cc39a38007449fe838001203093dc87596b6,C:\Users\gduff\Downloads\cb-tb-1601-2200-v5-factory-run\pdfs\CB-TB-1788_Morris.pdf,pdf_inventory_criminal,pdf_hash_unique|dupes=2,NO_GOLD,criminal,OFFLINE_CLIENT_PROJECTION,,,
sha:495a0bf31190774116bc07fb65c1a66280f32d5f60198b7410dea6adb74845c7,PDF-495a0bf31190,CB-TB-853_Coates,CB-TB-853_Coates.pdf,495a0bf31190774116bc07fb65c1a66280f32d5f60198b7410dea6adb74845c7,C:\Users\gduff\Downloads\cb-tb-801-900-v5\pdfs\CB-TB-853_Coates.pdf,pdf_inventory_criminal,pdf_hash_unique|dupes=1,NO_GOLD,criminal,OFFLINE_CLIENT_PROJECTION,,,
sha:49779ee4d973735b73284722fed485510aaa9aa9a44f8a9fe4b6a8333a2cadec,PDF-49779ee4d973,CB-TB-213_Dacre,CB-TB-213_Dacre.pdf,49779ee4d973735b73284722fed485510aaa9aa9a44f8a9fe4b6a8333a2cadec,C:\Users\gduff\Downloads\cb-tb-201-300-v4\pdfs\CB-TB-213_Dacre.pdf,pdf_inventory_criminal,pdf_hash_unique|dupes=1,NO_GOLD,criminal,OFFLINE_CLIENT_PROJECTION,,,
sha:499a7ed0c22f369a0267c74fd7062006fb25ee735c37ac9779e534d8d20387ca,PDF-499a7ed0c22f,CB-TB-865_Lloyd,CB-TB-865_Lloyd.pdf,499a7ed0c22f369a0267c74fd7062006fb25ee735c37ac9779e534d8d20387ca,C:\Users\gduff\Downloads\cb-tb-801-900-v5\pdfs\CB-TB-865_Lloyd.pdf,pdf_inventory_criminal,pdf_hash_unique|dupes=1,NO_GOLD,criminal,OFFLINE_CLIENT_PROJECTION,,,
sha:499f0b0dbed96d3995314120ac85231ab0679b4eb0f42d2137fc3e0d1264cd17,PDF-499f0b0dbed9,CB-TB-1523_Ahmed,CB-TB-1523_Ahmed.pdf,499f0b0dbed96d3995314120ac85231ab0679b4eb0f42d2137fc3e0d1264cd17,C:\Users\gduff\Downloads\cb-tb-1501-1600-v5-factory-run\pdfs\CB-TB-1523_Ahmed.pdf,pdf_inventory_criminal,pdf_hash_unique|dupes=2,NO_GOLD,criminal,OFFLINE_CLIENT_PROJECTION,,,
sha:49a7c2d216fc785a7ebeeaae68084dea22b9480c1ec5432b899df38909c10f87,PDF-49a7c2d216fc,CB-TB-1427_Dacre,CB-TB-1427_Dacre.pdf,49a7c2d216fc785a7ebeeaae68084dea22b9480c1ec5432b899df38909c10f87,C:\Users\gduff\Downloads\cb-tb-1401-1500-v5-tmp\pdfs\CB-TB-1427_Dacre.pdf,pdf_inventory_criminal,pdf_hash_unique|dupes=1,NO_GOLD,criminal,OFFLINE_CLIENT_PROJECTION,,,
sha:49b84744ad4dfe9ea2029938095936efe3b1786b58ac3b4d4c36c0492b22daae,PDF-49b84744ad4d,CB-TB-1491_Walsh,CB-TB-1491_Walsh.pdf,49b84744ad4dfe9ea2029938095936efe3b1786b58ac3b4d4c36c0492b22daae,C:\Users\gduff\Downloads\cb-tb-1401-1500-v5-tmp\pdfs\CB-TB-1491_Walsh.pdf,pdf_inventory_criminal,pdf_hash_unique|dupes=1,NO_GOLD,criminal,OFFLINE_CLIENT_PROJECTION,,,
sha:49dc704a09ce229ca5a71a43f20b6a17b937613a593a4ccc85dbbd1b5946b023,PDF-49dc704a09ce,CB-TB-1240_Hale,CB-TB-1240_Hale.pdf,49dc704a09ce229ca5a71a43f20b6a17b937613a593a4ccc85dbbd1b5946b023,C:\Users\gduff\Downloads\cb-tb-1201-1300-v5\pdfs\CB-TB-1240_Hale.pdf,pdf_inventory_criminal,pdf_hash_unique|dupes=2,NO_GOLD,criminal,OFFLINE_CLIENT_PROJECTION,,,
sha:4a06e2341551c268cf2db7fdc94fbeb88fbe6e4928cb5b8e73e7083c539e163c,PDF-4a06e2341551,CB-TB-714_Lewis,CB-TB-714_Lewis.pdf,4a06e2341551c268cf2db7fdc94fbeb88fbe6e4928cb5b8e73e7083c539e163c,C:\Users\gduff\Downloads\cb-tb-701-800-v5\pdfs\CB-TB-714_Lewis.pdf,pdf_inventory_criminal,pdf_hash_unique|dupes=1,NO_GOLD,criminal,OFFLINE_CLIENT_PROJECTION,,,
sha:4a2a0898343179ed522188056cb7d1e17b2798aefaf8063a647e29853ecfde28,PDF-4a2a08983431,CB-TB-622_Merritt,CB-TB-622_Merritt.pdf,4a2a0898343179ed522188056cb7d1e17b2798aefaf8063a647e29853ecfde28,C:\Users\gduff\Downloads\cb-tb-601-700-v5\pdfs\CB-TB-622_Merritt.pdf,pdf_inventory_criminal,pdf_hash_unique|dupes=1,NO_GOLD,criminal,OFFLINE_CLIENT_PROJECTION,,,
sha:4a2a9b7bcd3d330375fca9fea7623e3997181eabd46fb6c5a150021df9da36d8,PDF-4a2a9b7bcd3d,CB-TB-019_Ella_Shaw,CB-TB-019_Ella_Shaw.pdf,4a2a9b7bcd3d330375fca9fea7623e3997181eabd46fb6c5a150021df9da36d8,C:\Users\gduff\Downloads\CaseBrain_Blind_Bundle_Factory_v2_30_bundles (1)\pdfs\CB-TB-019_Ella_Shaw.pdf,pdf_inventory_criminal,pdf_hash_unique|dupes=2,NO_GOLD,criminal,OFFLINE_CLIENT_PROJECTION,,,
sha:4a312a86cc7ea7680d4147fd03b36a03d64610aabb7ea8c6db70ee4eed433ef6,PDF-4a312a86cc7e,CB-TB-594_Khan,CB-TB-594_Khan.pdf,4a312a86cc7ea7680d4147fd03b36a03d64610aabb7ea8c6db70ee4eed433ef6,C:\Users\gduff\Downloads\cb-tb-501-600-v5-extract\pdfs\CB-TB-594_Khan.pdf,pdf_inventory_criminal,pdf_hash_unique|dupes=3,NO_GOLD,criminal,OFFLINE_CLIENT_PROJECTION,,,
sha:4a3d07d5b74457db9ec833630018f03797b749db83c079d11d76a08355b32a18,PDF-4a3d07d5b744,CB-TB-329_Baines,CB-TB-329_Baines.pdf,4a3d07d5b74457db9ec833630018f03797b749db83c079d11d76a08355b32a18,C:\Users\gduff\Downloads\cb-tb-301-400-v4\pdfs\CB-TB-329_Baines.pdf,pdf_inventory_criminal,pdf_hash_unique|dupes=2,NO_GOLD,criminal,OFFLINE_CLIENT_PROJECTION,,,
sha:4a6653dceba02c55663bec01c1721076085c09a670a69c5d9aa849e608579cb7,PDF-4a6653dceba0,CB-TB-068_Mitchell,CB-TB-068_Mitchell.pdf,4a6653dceba02c55663bec01c1721076085c09a670a69c5d9aa849e608579cb7,C:\Users\gduff\Downloads\cb-tb-031-100-v4\pdfs\CB-TB-068_Mitchell.pdf,pdf_inventory_criminal,pdf_hash_unique|dupes=1,NO_GOLD,criminal,OFFLINE_CLIENT_PROJECTION,,,
sha:4a933889c017ef7376007b8901c021acf40712d28f69fce9c1b120d0f3d89bde,PDF-4a933889c017,CB-TB-1809_Slater,CB-TB-1809_Slater.pdf,4a933889c017ef7376007b8901c021acf40712d28f69fce9c1b120d0f3d89bde,C:\Users\gduff\Downloads\cb-tb-1601-2200-v5-factory-run\pdfs\CB-TB-1809_Slater.pdf,pdf_inventory_criminal,pdf_hash_unique|dupes=2,NO_GOLD,criminal,OFFLINE_CLIENT_PROJECTION,,,
sha:4a9359247175b61f28525c780dc9ddfcf943a1f000535023bdcbcef74da8ad5c,PDF-4a9359247175,CB-TB-1598_Foster,CB-TB-1598_Foster.pdf,4a9359247175b61f28525c780dc9ddfcf943a1f000535023bdcbcef74da8ad5c,C:\Users\gduff\Downloads\cb-tb-1501-1600-v5-factory-run\pdfs\CB-TB-1598_Foster.pdf,pdf_inventory_criminal,pdf_hash_unique|dupes=2,NO_GOLD,criminal,OFFLINE_CLIENT_PROJECTION,,,
sha:4a96d41d200bc90e36a5194318e30c9a9233be16dcc32ecd7475ccaf613706ba,PDF-4a96d41d200b,CB-TB-1301_Reed,CB-TB-1301_Reed.pdf,4a96d41d200bc90e36a5194318e30c9a9233be16dcc32ecd7475ccaf613706ba,C:\Users\gduff\Downloads\cb-tb-1301-1400-v5\pdfs\CB-TB-1301_Reed.pdf,pdf_inventory_criminal,pdf_hash_unique|dupes=2,NO_GOLD,criminal,OFFLINE_CLIENT_PROJECTION,,,
sha:4aa30a36748b070eaff00a3887b6a7bda870912322cb76dc7918385e14682470,PDF-4aa30a36748b,CB-TB-1417_Turner,CB-TB-1417_Turner.pdf,4aa30a36748b070eaff00a3887b6a7bda870912322cb76dc7918385e14682470,C:\Users\gduff\Downloads\cb-tb-1401-1500-v5-tmp\pdfs\CB-TB-1417_Turner.pdf,pdf_inventory_criminal,pdf_hash_unique|dupes=1,NO_GOLD,criminal,OFFLINE_CLIENT_PROJECTION,,,
sha:4aa58a8715a54a7365d0ad4da8793c141ed17ea8267ea597df9cba65a2e6e74a,PDF-4aa58a8715a5,CB-TB-1205_Kent,CB-TB-1205_Kent.pdf,4aa58a8715a54a7365d0ad4da8793c141ed17ea8267ea597df9cba65a2e6e74a,C:\Users\gduff\Downloads\cb-tb-1201-1300-v5\pdfs\CB-TB-1205_Kent.pdf,pdf_inventory_criminal,pdf_hash_unique|dupes=2,NO_GOLD,criminal,OFFLINE_CLIENT_PROJECTION,,,
sha:4ae13608938b9458f3420e82a728e258d59cd4ef533cdc9357426fbb5a06ee59,PDF-4ae13608938b,CB-TB-1289_Hart,CB-TB-1289_Hart.pdf,4ae13608938b9458f3420e82a728e258d59cd4ef533cdc9357426fbb5a06ee59,C:\Users\gduff\Downloads\cb-tb-1201-1300-v5\pdfs\CB-TB-1289_Hart.pdf,pdf_inventory_criminal,pdf_hash_unique|dupes=2,NO_GOLD,criminal,OFFLINE_CLIENT_PROJECTION,,,
sha:4af58229ff013162946ec04fc8106e01b8a9a0aef9caa398b24b7f6015db7169,PDF-4af58229ff01,CB-TB-929_Pike,CB-TB-929_Pike.pdf,4af58229ff013162946ec04fc8106e01b8a9a0aef9caa398b24b7f6015db7169,C:\Users\gduff\Downloads\cb-tb-901-1100-v5\pdfs\CB-TB-929_Pike.pdf,pdf_inventory_criminal,pdf_hash_unique|dupes=2,NO_GOLD,criminal,OFFLINE_CLIENT_PROJECTION,,,
sha:4b2393731d305f488e2f9f863bdc2eba6dc020d99f096bf3eace45becc7a228f,PDF-4b2393731d30,CB-TB-1516_Fletcher,CB-TB-1516_Fletcher.pdf,4b2393731d305f488e2f9f863bdc2eba6dc020d99f096bf3eace45becc7a228f,C:\Users\gduff\Downloads\cb-tb-1501-1600-v5-factory-run\pdfs\CB-TB-1516_Fletcher.pdf,pdf_inventory_criminal,pdf_hash_unique|dupes=2,NO_GOLD,criminal,OFFLINE_CLIENT_PROJECTION,,,
sha:4b2da1b1a974ac237462bdd85dfbb89763cf350a06fe824367e01189720a6414,PDF-4b2da1b1a974,CB-TB-779_Quinn,CB-TB-779_Quinn.pdf,4b2da1b1a974ac237462bdd85dfbb89763cf350a06fe824367e01189720a6414,C:\Users\gduff\Downloads\cb-tb-701-800-v5\pdfs\CB-TB-779_Quinn.pdf,pdf_inventory_criminal,pdf_hash_unique|dupes=1,NO_GOLD,criminal,OFFLINE_CLIENT_PROJECTION,,,
sha:4b427864318dd543df3c7089fb0be9a6f984a0bec48fcfd6da28db526840042e,PDF-4b427864318d,CB-TB-834_Pike,CB-TB-834_Pike.pdf,4b427864318dd543df3c7089fb0be9a6f984a0bec48fcfd6da28db526840042e,C:\Users\gduff\Downloads\cb-tb-801-900-v5\pdfs\CB-TB-834_Pike.pdf,pdf_inventory_criminal,pdf_hash_unique|dupes=1,NO_GOLD,criminal,OFFLINE_CLIENT_PROJECTION,,,
sha:4b76ed62740f34c9a2a5f6593a5aec073a026904388d8494f18d73b8841a3d98,PDF-4b76ed62740f,CB-TB-288_Stone,CB-TB-288_Stone.pdf,4b76ed62740f34c9a2a5f6593a5aec073a026904388d8494f18d73b8841a3d98,C:\Users\gduff\Downloads\cb-tb-201-300-v4\pdfs\CB-TB-288_Stone.pdf,pdf_inventory_criminal,pdf_hash_unique|dupes=1,NO_GOLD,criminal,OFFLINE_CLIENT_PROJECTION,,,
sha:4bb2b94085802e2aea4d3d575809f64479f01e238bdce0c5c8fdc1ac09a315e7,PDF-4bb2b9408580,CB-TB-790_Quinn,CB-TB-790_Quinn.pdf,4bb2b94085802e2aea4d3d575809f64479f01e238bdce0c5c8fdc1ac09a315e7,C:\Users\gduff\Downloads\cb-tb-701-800-v5\pdfs\CB-TB-790_Quinn.pdf,pdf_inventory_criminal,pdf_hash_unique|dupes=1,NO_GOLD,criminal,OFFLINE_CLIENT_PROJECTION,,,
sha:4bbc3aa095f0600afad0139252c3550caf0be5caf07048db084c4dd95aa9f7a5,PDF-4bbc3aa095f0,CB-TB-084_Clarke,CB-TB-084_Clarke.pdf,4bbc3aa095f0600afad0139252c3550caf0be5caf07048db084c4dd95aa9f7a5,C:\Users\gduff\Downloads\cb-tb-031-100-v4\pdfs\CB-TB-084_Clarke.pdf,pdf_inventory_criminal,pdf_hash_unique|dupes=1,NO_GOLD,criminal,OFFLINE_CLIENT_PROJECTION,,,
sha:4bbe491edaae60a628f2049d81270b4a2d72e537c436c0bd400136c275b91a36,PDF-4bbe491edaae,CB-TB-1197_Ash,CB-TB-1197_Ash.pdf,4bbe491edaae60a628f2049d81270b4a2d72e537c436c0bd400136c275b91a36,C:\Users\gduff\Downloads\cb-tb-1101-1400-v5\pdfs\CB-TB-1197_Ash.pdf,pdf_inventory_criminal,pdf_hash_unique|dupes=2,NO_GOLD,criminal,OFFLINE_CLIENT_PROJECTION,,,
sha:4bc261bfefa8bfbfdb709644b403053ed549bc52763def36e1c8f5e827d03d1e,PDF-4bc261bfefa8,CB-TB-1478_Hart,CB-TB-1478_Hart.pdf,4bc261bfefa8bfbfdb709644b403053ed549bc52763def36e1c8f5e827d03d1e,C:\Users\gduff\Downloads\cb-tb-1401-1500-v5-tmp\pdfs\CB-TB-1478_Hart.pdf,pdf_inventory_criminal,pdf_hash_unique|dupes=1,NO_GOLD,criminal,OFFLINE_CLIENT_PROJECTION,,,
sha:4c0aced6ac20723582349e1f01501623caaded8459acbf7cb6f219d11128056d,PDF-4c0aced6ac20,CB-TB-1744_Lloyd,CB-TB-1744_Lloyd.pdf,4c0aced6ac20723582349e1f01501623caaded8459acbf7cb6f219d11128056d,C:\Users\gduff\Downloads\cb-tb-1601-2200-v5-factory-run\pdfs\CB-TB-1744_Lloyd.pdf,pdf_inventory_criminal,pdf_hash_unique|dupes=2,NO_GOLD,criminal,OFFLINE_CLIENT_PROJECTION,,,
sha:4c0b33066bd0d77b503251d8f49c39791ad81d54dfb0a6657e7e61e3fed51522,PDF-4c0b33066bd0,CB-TB-752_Pike,CB-TB-752_Pike.pdf,4c0b33066bd0d77b503251d8f49c39791ad81d54dfb0a6657e7e61e3fed51522,C:\Users\gduff\Downloads\cb-tb-701-800-v5\pdfs\CB-TB-752_Pike.pdf,pdf_inventory_criminal,pdf_hash_unique|dupes=1,NO_GOLD,criminal,OFFLINE_CLIENT_PROJECTION,,,
sha:4c27d5ebae7c50cd53501b90df38ac5d2d401b19cfb2e763f5485eca88ba0bd0,PDF-4c27d5ebae7c,CB-TB-2043_Doyle,CB-TB-2043_Doyle.pdf,4c27d5ebae7c50cd53501b90df38ac5d2d401b19cfb2e763f5485eca88ba0bd0,C:\Users\gduff\Downloads\cb-tb-1601-2200-v5-factory-run\pdfs\CB-TB-2043_Doyle.pdf,pdf_inventory_criminal,pdf_hash_unique|dupes=2,NO_GOLD,criminal,OFFLINE_CLIENT_PROJECTION,,,
sha:4c2ccca82de91a1be5c3b9cc1801933a2e1b5bbfda648ad081ecfaafd936352a,PDF-4c2ccca82de9,CB-TB-2123_Fletcher,CB-TB-2123_Fletcher.pdf,4c2ccca82de91a1be5c3b9cc1801933a2e1b5bbfda648ad081ecfaafd936352a,C:\Users\gduff\Downloads\cb-tb-1601-2200-v5-factory-run\pdfs\CB-TB-2123_Fletcher.pdf,pdf_inventory_criminal,pdf_hash_unique|dupes=2,NO_GOLD,criminal,OFFLINE_CLIENT_PROJECTION,,,
sha:4c4254bdd9646fb76b4fbbe8bc62fafea42a226bb5ee97b97d7554a74cf65787,PDF-4c4254bdd964,CB-TB-1391_Foster,CB-TB-1391_Foster.pdf,4c4254bdd9646fb76b4fbbe8bc62fafea42a226bb5ee97b97d7554a74cf65787,C:\Users\gduff\Downloads\cb-tb-1301-1400-v5\pdfs\CB-TB-1391_Foster.pdf,pdf_inventory_criminal,pdf_hash_unique|dupes=2,NO_GOLD,criminal,OFFLINE_CLIENT_PROJECTION,,,
sha:4c48843ce520ce200c23567377eb3cf30cc664f16cb6aee5b247a808c0e7827d,PDF-4c48843ce520,CB-TB-825_Lloyd,CB-TB-825_Lloyd.pdf,4c48843ce520ce200c23567377eb3cf30cc664f16cb6aee5b247a808c0e7827d,C:\Users\gduff\Downloads\cb-tb-801-900-v5\pdfs\CB-TB-825_Lloyd.pdf,pdf_inventory_criminal,pdf_hash_unique|dupes=1,NO_GOLD,criminal,OFFLINE_CLIENT_PROJECTION,,,
sha:4c4a281658fda316e5696bfbedac3426b3c44e7a0368bead31cb5255427ed23d,PDF-4c4a281658fd,CB-TB-2052_Doyle,CB-TB-2052_Doyle.pdf,4c4a281658fda316e5696bfbedac3426b3c44e7a0368bead31cb5255427ed23d,C:\Users\gduff\Downloads\cb-tb-1601-2200-v5-factory-run\pdfs\CB-TB-2052_Doyle.pdf,pdf_inventory_criminal,pdf_hash_unique|dupes=2,NO_GOLD,criminal,OFFLINE_CLIENT_PROJECTION,,,
sha:4c4e6e8d655c9a2f27d0c70e5772bcc62ae53822164d21261dde4ed60fffd8fb,PDF-4c4e6e8d655c,CB-TB-447_Rees,CB-TB-447_Rees.pdf,4c4e6e8d655c9a2f27d0c70e5772bcc62ae53822164d21261dde4ed60fffd8fb,C:\Users\gduff\Downloads\cb-tb-401-500-v5\pdfs\CB-TB-447_Rees.pdf,pdf_inventory_criminal,pdf_hash_unique|dupes=2,NO_GOLD,criminal,OFFLINE_CLIENT_PROJECTION,,,
sha:4c7f30595a3ed17ee6aee4e53f7c3af92421e33e855ea129b84f5aab1a083ed3,PDF-4c7f30595a3e,CB-TB-012_Reid,CB-TB-012_Reid.pdf,4c7f30595a3ed17ee6aee4e53f7c3af92421e33e855ea129b84f5aab1a083ed3,C:\Users\gduff\Downloads\cb-tb-001-050-v3\pdfs\CB-TB-012_Reid.pdf,pdf_inventory_criminal,pdf_hash_unique|dupes=2,NO_GOLD,criminal,OFFLINE_CLIENT_PROJECTION,,,
sha:4ca42690de8526b8585b4b365ca5832c4374ba264d10a960e9a946a4a2661fde,PDF-4ca42690de85,CB-TB-1993_Mercer,CB-TB-1993_Mercer.pdf,4ca42690de8526b8585b4b365ca5832c4374ba264d10a960e9a946a4a2661fde,C:\Users\gduff\Downloads\cb-tb-1601-2200-v5-factory-run\pdfs\CB-TB-1993_Mercer.pdf,pdf_inventory_criminal,pdf_hash_unique|dupes=2,NO_GOLD,criminal,OFFLINE_CLIENT_PROJECTION,,,
sha:4ca72dfde017662b976fd0e2d79f18287de3d25914fb4bfed3440b4df95caf10,PDF-4ca72dfde017,CB-TB-354_Walsh,CB-TB-354_Walsh.pdf,4ca72dfde017662b976fd0e2d79f18287de3d25914fb4bfed3440b4df95caf10,C:\Users\gduff\Downloads\cb-tb-301-400-v4\pdfs\CB-TB-354_Walsh.pdf,pdf_inventory_criminal,pdf_hash_unique|dupes=2,NO_GOLD,criminal,OFFLINE_CLIENT_PROJECTION,,,
sha:4cd6d65a10f9341e4befd420e4f0fe4ee8c869276b33fc03275f994de217ee58,PDF-4cd6d65a10f9,CB-TB-300_Patterson,CB-TB-300_Patterson.pdf,4cd6d65a10f9341e4befd420e4f0fe4ee8c869276b33fc03275f994de217ee58,C:\Users\gduff\Downloads\cb-tb-201-300-v4\pdfs\CB-TB-300_Patterson.pdf,pdf_inventory_criminal,pdf_hash_unique|dupes=1,NO_GOLD,criminal,OFFLINE_CLIENT_PROJECTION,,,
sha:4d287a9f24a143bee457b1c48d9957f3f306e0c0e67b7c79c6cadcc9466848e8,PDF-4d287a9f24a1,CB-TB-1581_Webb,CB-TB-1581_Webb.pdf,4d287a9f24a143bee457b1c48d9957f3f306e0c0e67b7c79c6cadcc9466848e8,C:\Users\gduff\Downloads\cb-tb-1501-1600-v5-factory-run\pdfs\CB-TB-1581_Webb.pdf,pdf_inventory_criminal,pdf_hash_unique|dupes=2,NO_GOLD,criminal,OFFLINE_CLIENT_PROJECTION,,,
sha:4d315708d7a02d291a708b5dbcf7156e8f033bfc0e4526e537cc5896cd982aae,PDF-4d315708d7a0,CB-TB-1137_Doyle,CB-TB-1137_Doyle.pdf,4d315708d7a02d291a708b5dbcf7156e8f033bfc0e4526e537cc5896cd982aae,C:\Users\gduff\Downloads\cb-tb-1101-1400-v5\pdfs\CB-TB-1137_Doyle.pdf,pdf_inventory_criminal,pdf_hash_unique|dupes=2,NO_GOLD,criminal,OFFLINE_CLIENT_PROJECTION,,,
sha:4d3bd1a153db45ed053b29c81670241881a86fe043f6335fe7961375af7dfc00,PDF-4d3bd1a153db,CB-TB-995_Okonkwo,CB-TB-995_Okonkwo.pdf,4d3bd1a153db45ed053b29c81670241881a86fe043f6335fe7961375af7dfc00,C:\Users\gduff\Downloads\cb-tb-901-1100-v5\pdfs\CB-TB-995_Okonkwo.pdf,pdf_inventory_criminal,pdf_hash_unique|dupes=2,NO_GOLD,criminal,OFFLINE_CLIENT_PROJECTION,,,
sha:4d636fc97165d693306f72160402fb1a64bdf6c347b731c3966a08e163f1b229,PDF-4d636fc97165,CB-TB-2090_Clarke,CB-TB-2090_Clarke.pdf,4d636fc97165d693306f72160402fb1a64bdf6c347b731c3966a08e163f1b229,C:\Users\gduff\Downloads\cb-tb-1601-2200-v5-factory-run\pdfs\CB-TB-2090_Clarke.pdf,pdf_inventory_criminal,pdf_hash_unique|dupes=2,NO_GOLD,criminal,OFFLINE_CLIENT_PROJECTION,,,
sha:4d69d196c87ba535ee5105359782d2713c58b248ac9326b6870b8d2ed9f8c273,PDF-4d69d196c87b,CB-TB-504_Marsh,CB-TB-504_Marsh.pdf,4d69d196c87ba535ee5105359782d2713c58b248ac9326b6870b8d2ed9f8c273,C:\Users\gduff\Downloads\cb-tb-501-600-v5-extract\pdfs\CB-TB-504_Marsh.pdf,pdf_inventory_criminal,pdf_hash_unique|dupes=3,NO_GOLD,criminal,OFFLINE_CLIENT_PROJECTION,,,
sha:4d74c3e3ed05ebf13afdf24efc4dda39579f0502680c522789ee631ba7affdcd,PDF-4d74c3e3ed05,CB-TB-237_Foster,CB-TB-237_Foster.pdf,4d74c3e3ed05ebf13afdf24efc4dda39579f0502680c522789ee631ba7affdcd,C:\Users\gduff\Downloads\cb-tb-201-300-v4\pdfs\CB-TB-237_Foster.pdf,pdf_inventory_criminal,pdf_hash_unique|dupes=1,NO_GOLD,criminal,OFFLINE_CLIENT_PROJECTION,,,
sha:4d7b674d53887dd32e58690264bf275cbd65e2956c175489cb1fd44b9a6c153e,PDF-4d7b674d5388,CB-TB-516_Nair,CB-TB-516_Nair.pdf,4d7b674d53887dd32e58690264bf275cbd65e2956c175489cb1fd44b9a6c153e,C:\Users\gduff\Downloads\cb-tb-501-600-v5-extract\pdfs\CB-TB-516_Nair.pdf,pdf_inventory_criminal,pdf_hash_unique|dupes=3,NO_GOLD,criminal,OFFLINE_CLIENT_PROJECTION,,,
sha:4dd698646336c5280b2d69577ab2a3a112c741c1ed4a49fe1dce6809c34d9e52,PDF-4dd698646336,CB-TB-135_Thornton,CB-TB-135_Thornton.pdf,4dd698646336c5280b2d69577ab2a3a112c741c1ed4a49fe1dce6809c34d9e52,C:\Users\gduff\Downloads\cb-tb-101-200-v4\pdfs\CB-TB-135_Thornton.pdf,pdf_inventory_criminal,pdf_hash_unique|dupes=1,NO_GOLD,criminal,OFFLINE_CLIENT_PROJECTION,,,
sha:4ddb982ce7aacfc1c02db0cdf97f332da5bb62b2dbd10ce7a5179ed3a455ef8e,PDF-4ddb982ce7aa,CB-TB-725_Ali,CB-TB-725_Ali.pdf,4ddb982ce7aacfc1c02db0cdf97f332da5bb62b2dbd10ce7a5179ed3a455ef8e,C:\Users\gduff\Downloads\cb-tb-701-800-v5\pdfs\CB-TB-725_Ali.pdf,pdf_inventory_criminal,pdf_hash_unique|dupes=1,NO_GOLD,criminal,OFFLINE_CLIENT_PROJECTION,,,
sha:4e310fa33eb02c350bff1e76a5736b19e06da52903abbb2d9ac1cdcb546a92f6,PDF-4e310fa33eb0,CB-TB-691_Shaw,CB-TB-691_Shaw.pdf,4e310fa33eb02c350bff1e76a5736b19e06da52903abbb2d9ac1cdcb546a92f6,C:\Users\gduff\Downloads\cb-tb-601-700-v5\pdfs\CB-TB-691_Shaw.pdf,pdf_inventory_criminal,pdf_hash_unique|dupes=1,NO_GOLD,criminal,OFFLINE_CLIENT_PROJECTION,,,
sha:4eac5ac975d8ecf932301bdfd9a4c33b64ae303bbd23c548db08e9c885939c77,PDF-4eac5ac975d8,CB-TB-1156_Okonkwo,CB-TB-1156_Okonkwo.pdf,4eac5ac975d8ecf932301bdfd9a4c33b64ae303bbd23c548db08e9c885939c77,C:\Users\gduff\Downloads\cb-tb-1101-1400-v5\pdfs\CB-TB-1156_Okonkwo.pdf,pdf_inventory_criminal,pdf_hash_unique|dupes=2,NO_GOLD,criminal,OFFLINE_CLIENT_PROJECTION,,,
sha:4eaffc8125eebd02a8daf72d8ea30f4099ec7643f16b508719ed5218854147dc,PDF-4eaffc8125ee,CB-TB-740_Bennett,CB-TB-740_Bennett.pdf,4eaffc8125eebd02a8daf72d8ea30f4099ec7643f16b508719ed5218854147dc,C:\Users\gduff\Downloads\cb-tb-701-800-v5\pdfs\CB-TB-740_Bennett.pdf,pdf_inventory_criminal,pdf_hash_unique|dupes=1,NO_GOLD,criminal,OFFLINE_CLIENT_PROJECTION,,,
sha:4eb6ba2e97f7f64449dad8102c6a02973855d268092d995ee6791b0ec64a412c,PDF-4eb6ba2e97f7,CB-TB-513_Flint,CB-TB-513_Flint.pdf,4eb6ba2e97f7f64449dad8102c6a02973855d268092d995ee6791b0ec64a412c,C:\Users\gduff\Downloads\cb-tb-501-600-v5-extract\pdfs\CB-TB-513_Flint.pdf,pdf_inventory_criminal,pdf_hash_unique|dupes=3,NO_GOLD,criminal,OFFLINE_CLIENT_PROJECTION,,,
sha:4f023ee0cb26b46ca0eed6bee60af7f9abdee8cacac58c639ea71f913a56dee6,PDF-4f023ee0cb26,CB-TB-555_Khan,CB-TB-555_Khan.pdf,4f023ee0cb26b46ca0eed6bee60af7f9abdee8cacac58c639ea71f913a56dee6,C:\Users\gduff\Downloads\cb-tb-501-600-v5-extract\pdfs\CB-TB-555_Khan.pdf,pdf_inventory_criminal,pdf_hash_unique|dupes=3,NO_GOLD,criminal,OFFLINE_CLIENT_PROJECTION,,,
sha:4f4464aad5aa7d523ccc72e578486c88b76ce94ab957fb58ebf8dfa39555cfa6,PDF-4f4464aad5aa,CB-TB-606_Doyle,CB-TB-606_Doyle.pdf,4f4464aad5aa7d523ccc72e578486c88b76ce94ab957fb58ebf8dfa39555cfa6,C:\Users\gduff\Downloads\cb-tb-601-700-v5\pdfs\CB-TB-606_Doyle.pdf,pdf_inventory_criminal,pdf_hash_unique|dupes=1,NO_GOLD,criminal,OFFLINE_CLIENT_PROJECTION,,,
sha:4f666cc3703e8e1c14b6d031e73ddb61a7f234e95e81272d61f07a39721117f6,PDF-4f666cc3703e,CB-TB-1139_Greene,CB-TB-1139_Greene.pdf,4f666cc3703e8e1c14b6d031e73ddb61a7f234e95e81272d61f07a39721117f6,C:\Users\gduff\Downloads\cb-tb-1101-1400-v5\pdfs\CB-TB-1139_Greene.pdf,pdf_inventory_criminal,pdf_hash_unique|dupes=2,NO_GOLD,criminal,OFFLINE_CLIENT_PROJECTION,,,
sha:4f81d010187d0b90d8834cf4c905cca1716380e603ef82102482d9d00d451f46,PDF-4f81d010187d,CB-TB-422_Crawford,CB-TB-422_Crawford.pdf,4f81d010187d0b90d8834cf4c905cca1716380e603ef82102482d9d00d451f46,C:\Users\gduff\Downloads\cb-tb-401-500-v5\pdfs\CB-TB-422_Crawford.pdf,pdf_inventory_criminal,pdf_hash_unique|dupes=2,NO_GOLD,criminal,OFFLINE_CLIENT_PROJECTION,,,
sha:4f8f8fba07005748fd7308b16287ca3087acdd62d4f599e64c9cb119268aed30,PDF-4f8f8fba0700,CB-TB-1682_Hughes,CB-TB-1682_Hughes.pdf,4f8f8fba07005748fd7308b16287ca3087acdd62d4f599e64c9cb119268aed30,C:\Users\gduff\Downloads\cb-tb-1601-2200-v5-factory-run\pdfs\CB-TB-1682_Hughes.pdf,pdf_inventory_criminal,pdf_hash_unique|dupes=4,NO_GOLD,criminal,OFFLINE_CLIENT_PROJECTION,,,
sha:4fa3b4ae4e91d4369f2299b892b9dbe49a6788200b0a06983656fcff9e134314,PDF-4fa3b4ae4e91,CB-TB-1482_Baines,CB-TB-1482_Baines.pdf,4fa3b4ae4e91d4369f2299b892b9dbe49a6788200b0a06983656fcff9e134314,C:\Users\gduff\Downloads\cb-tb-1401-1500-v5-tmp\pdfs\CB-TB-1482_Baines.pdf,pdf_inventory_criminal,pdf_hash_unique|dupes=1,NO_GOLD,criminal,OFFLINE_CLIENT_PROJECTION,,,
sha:5005ecb5a90e7cafe89bacfb920c949e542df475140d57e32d80aad2ec0f0d98,PDF-5005ecb5a90e,CB-TB-1237_Doyle,CB-TB-1237_Doyle.pdf,5005ecb5a90e7cafe89bacfb920c949e542df475140d57e32d80aad2ec0f0d98,C:\Users\gduff\Downloads\cb-tb-1201-1300-v5\pdfs\CB-TB-1237_Doyle.pdf,pdf_inventory_criminal,pdf_hash_unique|dupes=2,NO_GOLD,criminal,OFFLINE_CLIENT_PROJECTION,,,
sha:501c5c7b27e13fdde189fb4b640612ae6cac113ed843bfab114296b5a8117440,PDF-501c5c7b27e1,CB-TB-045_Hobbs,CB-TB-045_Hobbs.pdf,501c5c7b27e13fdde189fb4b640612ae6cac113ed843bfab114296b5a8117440,C:\Users\gduff\Downloads\cb-tb-001-050-v3\pdfs\CB-TB-045_Hobbs.pdf,pdf_inventory_criminal,pdf_hash_unique|dupes=2,NO_GOLD,criminal,OFFLINE_CLIENT_PROJECTION,,,
sha:502283931ef90e77dfbe7ee79cccd5f71f4f02af8d3d4d1bfb407145494a418c,PDF-502283931ef9,CB-TB-1850_Ashcroft,CB-TB-1850_Ashcroft.pdf,502283931ef90e77dfbe7ee79cccd5f71f4f02af8d3d4d1bfb407145494a418c,C:\Users\gduff\Downloads\cb-tb-1601-2200-v5-factory-run\pdfs\CB-TB-1850_Ashcroft.pdf,pdf_inventory_criminal,pdf_hash_unique|dupes=2,NO_GOLD,criminal,OFFLINE_CLIENT_PROJECTION,,,
sha:5069ed8db0396bff31b41719f45ec26092fd1ebe57e247ee837626b75c8ba4bd,PDF-5069ed8db039,CB-TB-2103_Walsh,CB-TB-2103_Walsh.pdf,5069ed8db0396bff31b41719f45ec26092fd1ebe57e247ee837626b75c8ba4bd,C:\Users\gduff\Downloads\cb-tb-1601-2200-v5-factory-run\pdfs\CB-TB-2103_Walsh.pdf,pdf_inventory_criminal,pdf_hash_unique|dupes=2,NO_GOLD,criminal,OFFLINE_CLIENT_PROJECTION,,,
sha:50aa19e24d03cb7f4a2bdc96cb09d00ef8350d3e4b6886f49ec6604733fc3465,PDF-50aa19e24d03,CB-TB-664_Wright,CB-TB-664_Wright.pdf,50aa19e24d03cb7f4a2bdc96cb09d00ef8350d3e4b6886f49ec6604733fc3465,C:\Users\gduff\Downloads\cb-tb-601-700-v5\pdfs\CB-TB-664_Wright.pdf,pdf_inventory_criminal,pdf_hash_unique|dupes=1,NO_GOLD,criminal,OFFLINE_CLIENT_PROJECTION,,,
sha:50ecc0139f835be246b623956e79817752d9eeb8dbd9acff2c38a27867c471e0,PDF-50ecc0139f83,CB-TB-2025_Austin,CB-TB-2025_Austin.pdf,50ecc0139f835be246b623956e79817752d9eeb8dbd9acff2c38a27867c471e0,C:\Users\gduff\Downloads\cb-tb-1601-2200-v5-factory-run\pdfs\CB-TB-2025_Austin.pdf,pdf_inventory_criminal,pdf_hash_unique|dupes=2,NO_GOLD,criminal,OFFLINE_CLIENT_PROJECTION,,,
sha:512025400df9dd31d9cacc10932e330dba6e257f0cbee5f9ccc85694454b8ae2,PDF-512025400df9,CB-TB-1472_Baines,CB-TB-1472_Baines.pdf,512025400df9dd31d9cacc10932e330dba6e257f0cbee5f9ccc85694454b8ae2,C:\Users\gduff\Downloads\cb-tb-1401-1500-v5-tmp\pdfs\CB-TB-1472_Baines.pdf,pdf_inventory_criminal,pdf_hash_unique|dupes=1,NO_GOLD,criminal,OFFLINE_CLIENT_PROJECTION,,,
sha:514f9a6b4edccf9ede3fc7c96fd6e2409e889e1dafb1d97163a1a9573125a7ca,PDF-514f9a6b4edc,CB-TB-1337_Marsh,CB-TB-1337_Marsh.pdf,514f9a6b4edccf9ede3fc7c96fd6e2409e889e1dafb1d97163a1a9573125a7ca,C:\Users\gduff\Downloads\cb-tb-1301-1400-v5\pdfs\CB-TB-1337_Marsh.pdf,pdf_inventory_criminal,pdf_hash_unique|dupes=2,NO_GOLD,criminal,OFFLINE_CLIENT_PROJECTION,,,
sha:5150a93a1d0e9e0febc5efc031efd8e3de0306c62ecda74b08db54e06fddf968,PDF-5150a93a1d0e,CB-TB-1036_Shaw,CB-TB-1036_Shaw.pdf,5150a93a1d0e9e0febc5efc031efd8e3de0306c62ecda74b08db54e06fddf968,C:\Users\gduff\Downloads\cb-tb-901-1100-v5\pdfs\CB-TB-1036_Shaw.pdf,pdf_inventory_criminal,pdf_hash_unique|dupes=2,NO_GOLD,criminal,OFFLINE_CLIENT_PROJECTION,,,
sha:51727ce983d864bd96887b4e062dc157d8c04771f30c31bdca78fb3a4a56a4e2,PDF-51727ce983d8,CB-TB-162_Nolan,CB-TB-162_Nolan.pdf,51727ce983d864bd96887b4e062dc157d8c04771f30c31bdca78fb3a4a56a4e2,C:\Users\gduff\Downloads\cb-tb-101-200-v4\pdfs\CB-TB-162_Nolan.pdf,pdf_inventory_criminal,pdf_hash_unique|dupes=1,NO_GOLD,criminal,OFFLINE_CLIENT_PROJECTION,,,
sha:517c437d3c587951385c63f7b98ce119b3394d78b7940e2af9285e3456103ad7,PDF-517c437d3c58,CB-TB-2174_Ford,CB-TB-2174_Ford.pdf,517c437d3c587951385c63f7b98ce119b3394d78b7940e2af9285e3456103ad7,C:\Users\gduff\Downloads\cb-tb-1601-2200-v5-factory-run\pdfs\CB-TB-2174_Ford.pdf,pdf_inventory_criminal,pdf_hash_unique|dupes=2,NO_GOLD,criminal,OFFLINE_CLIENT_PROJECTION,,,
sha:518af4ea5cd835ca897759c119f70394edeb8c57a8563cf8c044c67691a451fe,PDF-518af4ea5cd8,CB-TB-1081_Lloyd,CB-TB-1081_Lloyd.pdf,518af4ea5cd835ca897759c119f70394edeb8c57a8563cf8c044c67691a451fe,C:\Users\gduff\Downloads\cb-tb-901-1100-v5\pdfs\CB-TB-1081_Lloyd.pdf,pdf_inventory_criminal,pdf_hash_unique|dupes=2,NO_GOLD,criminal,OFFLINE_CLIENT_PROJECTION,,,
sha:51ae9edb34356c354f36dc4be6dc6927ab7b4096cf52bee5b7c3988ffbcbc97c,PDF-51ae9edb3435,CB-TB-1891_Rowley,CB-TB-1891_Rowley.pdf,51ae9edb34356c354f36dc4be6dc6927ab7b4096cf52bee5b7c3988ffbcbc97c,C:\Users\gduff\Downloads\cb-tb-1601-2200-v5-factory-run\pdfs\CB-TB-1891_Rowley.pdf,pdf_inventory_criminal,pdf_hash_unique|dupes=2,NO_GOLD,criminal,OFFLINE_CLIENT_PROJECTION,,,
sha:51d51454873b78f34168d5a18457abe97d19fc4b4c213699deb4d87ad3bcedbe,PDF-51d51454873b,CB-TB-096_Webb,CB-TB-096_Webb.pdf,51d51454873b78f34168d5a18457abe97d19fc4b4c213699deb4d87ad3bcedbe,C:\Users\gduff\Downloads\cb-tb-031-100-v4\pdfs\CB-TB-096_Webb.pdf,pdf_inventory_criminal,pdf_hash_unique|dupes=1,NO_GOLD,criminal,OFFLINE_CLIENT_PROJECTION,,,
sha:51d9d5dd62f4f9fac640d03a3dd9203609e7a0b849072f8c4d82cd9a15f069c8,PDF-51d9d5dd62f4,CB-TB-996_Shaw,CB-TB-996_Shaw.pdf,51d9d5dd62f4f9fac640d03a3dd9203609e7a0b849072f8c4d82cd9a15f069c8,C:\Users\gduff\Downloads\cb-tb-901-1100-v5\pdfs\CB-TB-996_Shaw.pdf,pdf_inventory_criminal,pdf_hash_unique|dupes=2,NO_GOLD,criminal,OFFLINE_CLIENT_PROJECTION,,,
sha:51df674510b063007f0227895b2ca94c2709983fe7dc35871aae33fe3267a4ac,PDF-51df674510b0,CB-TB-310_Byrne,CB-TB-310_Byrne.pdf,51df674510b063007f0227895b2ca94c2709983fe7dc35871aae33fe3267a4ac,C:\Users\gduff\Downloads\cb-tb-301-400-v4\pdfs\CB-TB-310_Byrne.pdf,pdf_inventory_criminal,pdf_hash_unique|dupes=2,NO_GOLD,criminal,OFFLINE_CLIENT_PROJECTION,,,
sha:51fef641f54fe9b520f5f0f7d75b2216a302908755e5eb78e5ad88d4abe7fb1c,PDF-51fef641f54f,CB-TB-2180_Nolan,CB-TB-2180_Nolan.pdf,51fef641f54fe9b520f5f0f7d75b2216a302908755e5eb78e5ad88d4abe7fb1c,C:\Users\gduff\Downloads\cb-tb-1601-2200-v5-factory-run\pdfs\CB-TB-2180_Nolan.pdf,pdf_inventory_criminal,pdf_hash_unique|dupes=2,NO_GOLD,criminal,OFFLINE_CLIENT_PROJECTION,,,
sha:5200b5470305c2edd06e551e49bd46beec19fa2720821f0e627698fab29b01e0,PDF-5200b5470305,CB-TB-875_Grant,CB-TB-875_Grant.pdf,5200b5470305c2edd06e551e49bd46beec19fa2720821f0e627698fab29b01e0,C:\Users\gduff\Downloads\cb-tb-801-900-v5\pdfs\CB-TB-875_Grant.pdf,pdf_inventory_criminal,pdf_hash_unique|dupes=1,NO_GOLD,criminal,OFFLINE_CLIENT_PROJECTION,,,
sha:5207bbff19ca8a1a3539e1c9923b214609ff064a13302d1cb9bca4579b268f6a,PDF-5207bbff19ca,CB-TB-582_Walsh,CB-TB-582_Walsh.pdf,5207bbff19ca8a1a3539e1c9923b214609ff064a13302d1cb9bca4579b268f6a,C:\Users\gduff\Downloads\cb-tb-501-600-v5-extract\pdfs\CB-TB-582_Walsh.pdf,pdf_inventory_criminal,pdf_hash_unique|dupes=3,NO_GOLD,criminal,OFFLINE_CLIENT_PROJECTION,,,
sha:5211691987fa32913483c23fed526f1939ccdad33176b74f9405322b2d848c17,PDF-5211691987fa,CB-TB-2030_Grant,CB-TB-2030_Grant.pdf,5211691987fa32913483c23fed526f1939ccdad33176b74f9405322b2d848c17,C:\Users\gduff\Downloads\cb-tb-1601-2200-v5-factory-run\pdfs\CB-TB-2030_Grant.pdf,pdf_inventory_criminal,pdf_hash_unique|dupes=2,NO_GOLD,criminal,OFFLINE_CLIENT_PROJECTION,,,
sha:5221c5bf0e12d8ec6516319e2504d94a8e1a4677536b1524153cbb27ba9ca091,PDF-5221c5bf0e12,CB-TB-917_Stone,CB-TB-917_Stone.pdf,5221c5bf0e12d8ec6516319e2504d94a8e1a4677536b1524153cbb27ba9ca091,C:\Users\gduff\Downloads\cb-tb-901-1100-v5\pdfs\CB-TB-917_Stone.pdf,pdf_inventory_criminal,pdf_hash_unique|dupes=2,NO_GOLD,criminal,OFFLINE_CLIENT_PROJECTION,,,
sha:523057dc1ced89aad8047d974bc37d782b3f7a2900f5e98a95c683db16899092,PDF-523057dc1ced,CB-TB-1028_Coates,CB-TB-1028_Coates.pdf,523057dc1ced89aad8047d974bc37d782b3f7a2900f5e98a95c683db16899092,C:\Users\gduff\Downloads\cb-tb-901-1100-v5\pdfs\CB-TB-1028_Coates.pdf,pdf_inventory_criminal,pdf_hash_unique|dupes=2,NO_GOLD,criminal,OFFLINE_CLIENT_PROJECTION,,,
sha:52658ce78a2799ba17c14e18ef52b4d7d26c84bae7771ea4aa313817b39e6519,PDF-52658ce78a27,CB-TB-640_Marsh,CB-TB-640_Marsh.pdf,52658ce78a2799ba17c14e18ef52b4d7d26c84bae7771ea4aa313817b39e6519,C:\Users\gduff\Downloads\cb-tb-601-700-v5\pdfs\CB-TB-640_Marsh.pdf,pdf_inventory_criminal,pdf_hash_unique|dupes=1,NO_GOLD,criminal,OFFLINE_CLIENT_PROJECTION,,,
sha:52cb4c0db3d35825a96a76c8f2367ed169ea0a2d5b94b963dc8c26a70c891656,PDF-52cb4c0db3d3,CB-TB-1884_Quinn,CB-TB-1884_Quinn.pdf,52cb4c0db3d35825a96a76c8f2367ed169ea0a2d5b94b963dc8c26a70c891656,C:\Users\gduff\Downloads\cb-tb-1601-2200-v5-factory-run\pdfs\CB-TB-1884_Quinn.pdf,pdf_inventory_criminal,pdf_hash_unique|dupes=2,NO_GOLD,criminal,OFFLINE_CLIENT_PROJECTION,,,
sha:52d740a31ec1f4c27e8445191ee8958d396d35067e4858d8c2b1554cecab9d08,PDF-52d740a31ec1,CB-TB-848_Bell,CB-TB-848_Bell.pdf,52d740a31ec1f4c27e8445191ee8958d396d35067e4858d8c2b1554cecab9d08,C:\Users\gduff\Downloads\cb-tb-801-900-v5\pdfs\CB-TB-848_Bell.pdf,pdf_inventory_criminal,pdf_hash_unique|dupes=1,NO_GOLD,criminal,OFFLINE_CLIENT_PROJECTION,,,
sha:52d9d8fca71854747e494e99d01e153f02af2627d4104e3995098068d195d8f2,PDF-52d9d8fca718,CB-TB-015_Mitchell,CB-TB-015_Mitchell.pdf,52d9d8fca71854747e494e99d01e153f02af2627d4104e3995098068d195d8f2,C:\Users\gduff\Downloads\cb-tb-001-030-v4\pdfs\CB-TB-015_Mitchell.pdf,pdf_inventory_criminal,pdf_hash_unique|dupes=1,NO_GOLD,criminal,OFFLINE_CLIENT_PROJECTION,,,
sha:52e2676f5504b1ce1498111751449c6b95291ab627ecba5edef380dafca18b2b,PDF-52e2676f5504,CB-TB-107_Newton,CB-TB-107_Newton.pdf,52e2676f5504b1ce1498111751449c6b95291ab627ecba5edef380dafca18b2b,C:\Users\gduff\Downloads\cb-tb-101-200-v4\pdfs\CB-TB-107_Newton.pdf,pdf_inventory_criminal,pdf_hash_unique|dupes=1,NO_GOLD,criminal,OFFLINE_CLIENT_PROJECTION,,,
sha:52f203f2607b6c9b45aa4c2a697185587a54ca3aa6b929600d3e450dc476c5d8,PDF-52f203f2607b,CB-TB-1208_Shaw,CB-TB-1208_Shaw.pdf,52f203f2607b6c9b45aa4c2a697185587a54ca3aa6b929600d3e450dc476c5d8,C:\Users\gduff\Downloads\cb-tb-1201-1300-v5\pdfs\CB-TB-1208_Shaw.pdf,pdf_inventory_criminal,pdf_hash_unique|dupes=2,NO_GOLD,criminal,OFFLINE_CLIENT_PROJECTION,,,
sha:52ffbe65aad95def31dd040b303f6280ff980dc7b23e0fe32c9bf07393f7f324,PDF-52ffbe65aad9,CB-TB-1618_Doyle,CB-TB-1618_Doyle.pdf,52ffbe65aad95def31dd040b303f6280ff980dc7b23e0fe32c9bf07393f7f324,C:\Users\gduff\Downloads\cb-tb-1601-2200-v5-factory-run\pdfs\CB-TB-1618_Doyle.pdf,pdf_inventory_criminal,pdf_hash_unique|dupes=4,NO_GOLD,criminal,OFFLINE_CLIENT_PROJECTION,,,
sha:5325d3dcd3339effa2f1d1f8dd4b6c0c10b8eadae1ee08fe67cf7e37f3d21850,PDF-5325d3dcd333,CB-TB-2158_Austin,CB-TB-2158_Austin.pdf,5325d3dcd3339effa2f1d1f8dd4b6c0c10b8eadae1ee08fe67cf7e37f3d21850,C:\Users\gduff\Downloads\cb-tb-1601-2200-v5-factory-run\pdfs\CB-TB-2158_Austin.pdf,pdf_inventory_criminal,pdf_hash_unique|dupes=2,NO_GOLD,criminal,OFFLINE_CLIENT_PROJECTION,,,
sha:5331f6703828d02a9d70fa037a939b91c2184c7ece747e5de1ef97901b97c3f1,PDF-5331f6703828,CB-TB-002_Parker,CB-TB-002_Parker.pdf,5331f6703828d02a9d70fa037a939b91c2184c7ece747e5de1ef97901b97c3f1,C:\Users\gduff\Downloads\cb-tb-001-050-v3\pdfs\CB-TB-002_Parker.pdf,pdf_inventory_criminal,pdf_hash_unique|dupes=2,NO_GOLD,criminal,OFFLINE_CLIENT_PROJECTION,,,
sha:5350c520250fd52ee2702b36c6e1e1c475394418371939d9b3ffeb74bdd7ac2a,PDF-5350c520250f,CB-TB-744_Merritt,CB-TB-744_Merritt.pdf,5350c520250fd52ee2702b36c6e1e1c475394418371939d9b3ffeb74bdd7ac2a,C:\Users\gduff\Downloads\cb-tb-701-800-v5\pdfs\CB-TB-744_Merritt.pdf,pdf_inventory_criminal,pdf_hash_unique|dupes=1,NO_GOLD,criminal,OFFLINE_CLIENT_PROJECTION,,,
sha:537e24ebf3f2b4349ecf2175ef378af391d1ef4b234b43c0aead89d92c81256f,PDF-537e24ebf3f2,CB-TB-855_Merritt,CB-TB-855_Merritt.pdf,537e24ebf3f2b4349ecf2175ef378af391d1ef4b234b43c0aead89d92c81256f,C:\Users\gduff\Downloads\cb-tb-801-900-v5\pdfs\CB-TB-855_Merritt.pdf,pdf_inventory_criminal,pdf_hash_unique|dupes=1,NO_GOLD,criminal,OFFLINE_CLIENT_PROJECTION,,,
sha:53a5cde9b50dcd64747925b24ebc99a6b99196f18c9266824cf91a56167d822f,PDF-53a5cde9b50d,CB-TB-1863_Keane,CB-TB-1863_Keane.pdf,53a5cde9b50dcd64747925b24ebc99a6b99196f18c9266824cf91a56167d822f,C:\Users\gduff\Downloads\cb-tb-1601-2200-v5-factory-run\pdfs\CB-TB-1863_Keane.pdf,pdf_inventory_criminal,pdf_hash_unique|dupes=2,NO_GOLD,criminal,OFFLINE_CLIENT_PROJECTION,,,
sha:53afeb04fa11ed912deacadaaf8410ec6b11d60d40c41a3cd9e111346b5afbd2,PDF-53afeb04fa11,CB-TB-092_Turner,CB-TB-092_Turner.pdf,53afeb04fa11ed912deacadaaf8410ec6b11d60d40c41a3cd9e111346b5afbd2,C:\Users\gduff\Downloads\cb-tb-031-100-v4\pdfs\CB-TB-092_Turner.pdf,pdf_inventory_criminal,pdf_hash_unique|dupes=1,NO_GOLD,criminal,OFFLINE_CLIENT_PROJECTION,,,
sha:53b63175fcb6edded7a178bcbbe4ee6bdfd55e22d359376c052fc4afb4d892c3,PDF-53b63175fcb6,CB-TB-1775_Brookes,CB-TB-1775_Brookes.pdf,53b63175fcb6edded7a178bcbbe4ee6bdfd55e22d359376c052fc4afb4d892c3,C:\Users\gduff\Downloads\cb-tb-1601-2200-v5-factory-run\pdfs\CB-TB-1775_Brookes.pdf,pdf_inventory_criminal,pdf_hash_unique|dupes=2,NO_GOLD,criminal,OFFLINE_CLIENT_PROJECTION,,,
sha:53c8d019c62f68726ac0ac164383c02cc6a5808e3188bc4e4d2cb0665538b6b8,PDF-53c8d019c62f,CB-TB-1371_Doyle,CB-TB-1371_Doyle.pdf,53c8d019c62f68726ac0ac164383c02cc6a5808e3188bc4e4d2cb0665538b6b8,C:\Users\gduff\Downloads\cb-tb-1301-1400-v5\pdfs\CB-TB-1371_Doyle.pdf,pdf_inventory_criminal,pdf_hash_unique|dupes=2,NO_GOLD,criminal,OFFLINE_CLIENT_PROJECTION,,,
sha:53f5e5842fa15329e879a2d29a9df5f69a5896105d9d3a548e4d0b2f3fa5dc89,PDF-53f5e5842fa1,CB-TB-2096_Shaw,CB-TB-2096_Shaw.pdf,53f5e5842fa15329e879a2d29a9df5f69a5896105d9d3a548e4d0b2f3fa5dc89,C:\Users\gduff\Downloads\cb-tb-1601-2200-v5-factory-run\pdfs\CB-TB-2096_Shaw.pdf,pdf_inventory_criminal,pdf_hash_unique|dupes=2,NO_GOLD,criminal,OFFLINE_CLIENT_PROJECTION,,,
sha:53feb2700a19c89156a05abe0ed8225beff2751f472d700d2e3bea4d7c20b624,PDF-53feb2700a19,CB-TB-279_Hart,CB-TB-279_Hart.pdf,53feb2700a19c89156a05abe0ed8225beff2751f472d700d2e3bea4d7c20b624,C:\Users\gduff\Downloads\cb-tb-201-300-v4\pdfs\CB-TB-279_Hart.pdf,pdf_inventory_criminal,pdf_hash_unique|dupes=1,NO_GOLD,criminal,OFFLINE_CLIENT_PROJECTION,,,
sha:547e48480db13fd06148d468d5d0c668b0421dc31df71a8c0897e377aa134d55,PDF-547e48480db1,CB-TB-1606_Hughes,CB-TB-1606_Hughes.pdf,547e48480db13fd06148d468d5d0c668b0421dc31df71a8c0897e377aa134d55,C:\Users\gduff\Downloads\cb-tb-1601-2200-v5-factory-run\pdfs\CB-TB-1606_Hughes.pdf,pdf_inventory_criminal,pdf_hash_unique|dupes=4,NO_GOLD,criminal,OFFLINE_CLIENT_PROJECTION,,,
sha:548bfd18507f617437a915270bb98e560fb02511e209d659bee978380a1b6197,PDF-548bfd18507f,CB-TB-541_Evans,CB-TB-541_Evans.pdf,548bfd18507f617437a915270bb98e560fb02511e209d659bee978380a1b6197,C:\Users\gduff\Downloads\cb-tb-501-600-v5-extract\pdfs\CB-TB-541_Evans.pdf,pdf_inventory_criminal,pdf_hash_unique|dupes=3,NO_GOLD,criminal,OFFLINE_CLIENT_PROJECTION,,,
sha:549a44d9ebbdf59f7ed07f5aa0f689408c67dee43411757cb4d9b3f80f6ac89e,PDF-549a44d9ebbd,CB-TB-094_Ward,CB-TB-094_Ward.pdf,549a44d9ebbdf59f7ed07f5aa0f689408c67dee43411757cb4d9b3f80f6ac89e,C:\Users\gduff\Downloads\cb-tb-031-100-v4\pdfs\CB-TB-094_Ward.pdf,pdf_inventory_criminal,pdf_hash_unique|dupes=1,NO_GOLD,criminal,OFFLINE_CLIENT_PROJECTION,,,
sha:54a087141ec833c2f001c771e57494a3a199e60fe90a50336ab903356dd18a85,PDF-54a087141ec8,CB-TB-317_Blake,CB-TB-317_Blake.pdf,54a087141ec833c2f001c771e57494a3a199e60fe90a50336ab903356dd18a85,C:\Users\gduff\Downloads\cb-tb-301-400-v4\pdfs\CB-TB-317_Blake.pdf,pdf_inventory_criminal,pdf_hash_unique|dupes=2,NO_GOLD,criminal,OFFLINE_CLIENT_PROJECTION,,,
sha:54a7cdd66477d37e8fbd88b4c043f3d7741429f72d8c95d9ed9d4ce4d783da64,PDF-54a7cdd66477,CB-TB-2031_Bennett,CB-TB-2031_Bennett.pdf,54a7cdd66477d37e8fbd88b4c043f3d7741429f72d8c95d9ed9d4ce4d783da64,C:\Users\gduff\Downloads\cb-tb-1601-2200-v5-factory-run\pdfs\CB-TB-2031_Bennett.pdf,pdf_inventory_criminal,pdf_hash_unique|dupes=2,NO_GOLD,criminal,OFFLINE_CLIENT_PROJECTION,,,
sha:54b3097c8888425c77d266f7979388de36f67c35c9c4366bb4c506e563182e82,PDF-54b3097c8888,CB-TB-1820_Lloyd,CB-TB-1820_Lloyd.pdf,54b3097c8888425c77d266f7979388de36f67c35c9c4366bb4c506e563182e82,C:\Users\gduff\Downloads\cb-tb-1601-2200-v5-factory-run\pdfs\CB-TB-1820_Lloyd.pdf,pdf_inventory_criminal,pdf_hash_unique|dupes=2,NO_GOLD,criminal,OFFLINE_CLIENT_PROJECTION,,,
sha:54ed13cf63c48f09e15669a51cfbbb5b7cf61c8644bd32206d0dcdbf7d1b6030,PDF-54ed13cf63c4,CB-TB-796_Thornton,CB-TB-796_Thornton.pdf,54ed13cf63c48f09e15669a51cfbbb5b7cf61c8644bd32206d0dcdbf7d1b6030,C:\Users\gduff\Downloads\cb-tb-701-800-v5\pdfs\CB-TB-796_Thornton.pdf,pdf_inventory_criminal,pdf_hash_unique|dupes=1,NO_GOLD,criminal,OFFLINE_CLIENT_PROJECTION,,,
sha:551b05b55b499dcae03a773d2e4213008c6fb79b08690caa0ab02c1223529e1e,PDF-551b05b55b49,CB-TB-907_Burke,CB-TB-907_Burke.pdf,551b05b55b499dcae03a773d2e4213008c6fb79b08690caa0ab02c1223529e1e,C:\Users\gduff\Downloads\cb-tb-901-1100-v5\pdfs\CB-TB-907_Burke.pdf,pdf_inventory_criminal,pdf_hash_unique|dupes=2,NO_GOLD,criminal,OFFLINE_CLIENT_PROJECTION,,,
sha:552b2b342d4e10187c4babadecfef20bb1e2ab7ef8b950769eb9240913f40b98,PDF-552b2b342d4e,CB-TB-635_Hughes,CB-TB-635_Hughes.pdf,552b2b342d4e10187c4babadecfef20bb1e2ab7ef8b950769eb9240913f40b98,C:\Users\gduff\Downloads\cb-tb-601-700-v5\pdfs\CB-TB-635_Hughes.pdf,pdf_inventory_criminal,pdf_hash_unique|dupes=1,NO_GOLD,criminal,OFFLINE_CLIENT_PROJECTION,,,
sha:55348e3f6fa48cd336969b84b9eefdbcbe37e78ae63c1b56f5e7f980edfe246c,PDF-55348e3f6fa4,CB-TB-1159_Thornton,CB-TB-1159_Thornton.pdf,55348e3f6fa48cd336969b84b9eefdbcbe37e78ae63c1b56f5e7f980edfe246c,C:\Users\gduff\Downloads\cb-tb-1101-1400-v5\pdfs\CB-TB-1159_Thornton.pdf,pdf_inventory_criminal,pdf_hash_unique|dupes=2,NO_GOLD,criminal,OFFLINE_CLIENT_PROJECTION,,,
sha:5549358bb1bb1a0a770ea5dc42f4744cdbe947a141ac471e62c8fc0b910e738c,PDF-5549358bb1bb,CB-TB-323_Vale,CB-TB-323_Vale.pdf,5549358bb1bb1a0a770ea5dc42f4744cdbe947a141ac471e62c8fc0b910e738c,C:\Users\gduff\Downloads\cb-tb-301-400-v4\pdfs\CB-TB-323_Vale.pdf,pdf_inventory_criminal,pdf_hash_unique|dupes=2,NO_GOLD,criminal,OFFLINE_CLIENT_PROJECTION,,,
sha:55584a460b7cde8578205862003f05580e4388c4504fef84c6aa1bf8eee27a74,PDF-55584a460b7c,NS-CPS-2026-0433 - Copy (2),NS-CPS-2026-0433 - Copy (2).pdf,55584a460b7cde8578205862003f05580e4388c4504fef84c6aa1bf8eee27a74,C:\Users\gduff\Downloads\NS-CPS-2026-0433 - Copy (2).pdf,pdf_inventory,pdf_hash_unique|dupes=2,NO_GOLD,criminal,OFFLINE_CLIENT_PROJECTION,,,
sha:5565e83e7c37ff513497d68d89a6fb8e23271e0a3220d5b7b80d42a1e6905181,PDF-5565e83e7c37,CB-TB-2020_Hale,CB-TB-2020_Hale.pdf,5565e83e7c37ff513497d68d89a6fb8e23271e0a3220d5b7b80d42a1e6905181,C:\Users\gduff\Downloads\cb-tb-1601-2200-v5-factory-run\pdfs\CB-TB-2020_Hale.pdf,pdf_inventory_criminal,pdf_hash_unique|dupes=2,NO_GOLD,criminal,OFFLINE_CLIENT_PROJECTION,,,
sha:55b58dbae232b79823ef196f0a6e842330ac8cf90563a95c7ee05340e9c7dc04,PDF-55b58dbae232,CB-TB-550_Reed,CB-TB-550_Reed.pdf,55b58dbae232b79823ef196f0a6e842330ac8cf90563a95c7ee05340e9c7dc04,C:\Users\gduff\Downloads\cb-tb-501-600-v5-extract\pdfs\CB-TB-550_Reed.pdf,pdf_inventory_criminal,pdf_hash_unique|dupes=3,NO_GOLD,criminal,OFFLINE_CLIENT_PROJECTION,,,
sha:55b8a16f2b7bda18e0200cf7dd2aee7c9bfe276d6ba55b3f79a033499a184b33,PDF-55b8a16f2b7b,CB-TB-1315_Coates,CB-TB-1315_Coates.pdf,55b8a16f2b7bda18e0200cf7dd2aee7c9bfe276d6ba55b3f79a033499a184b33,C:\Users\gduff\Downloads\cb-tb-1301-1400-v5\pdfs\CB-TB-1315_Coates.pdf,pdf_inventory_criminal,pdf_hash_unique|dupes=2,NO_GOLD,criminal,OFFLINE_CLIENT_PROJECTION,,,
sha:55ec6f517c15dd2f29e9e920d39bdb360253e154c4e3ee04831313e59fba8205,PDF-55ec6f517c15,CB-TB-1718_Wardle,CB-TB-1718_Wardle.pdf,55ec6f517c15dd2f29e9e920d39bdb360253e154c4e3ee04831313e59fba8205,C:\Users\gduff\Downloads\cb-tb-1601-2200-v5-factory-run\pdfs\CB-TB-1718_Wardle.pdf,pdf_inventory_criminal,pdf_hash_unique|dupes=2,NO_GOLD,criminal,OFFLINE_CLIENT_PROJECTION,,,
sha:55f3699196b6326a322f8670bd072603ed5705f793c47efb838d4e40c0c550b3,PDF-55f3699196b6,CB-TB-1308_Carver,CB-TB-1308_Carver.pdf,55f3699196b6326a322f8670bd072603ed5705f793c47efb838d4e40c0c550b3,C:\Users\gduff\Downloads\cb-tb-1301-1400-v5\pdfs\CB-TB-1308_Carver.pdf,pdf_inventory_criminal,pdf_hash_unique|dupes=2,NO_GOLD,criminal,OFFLINE_CLIENT_PROJECTION,,,
sha:560c0f0d501d30f598c294d9a08148529b7aa637d01faba870bd18fefbc5d877,PDF-560c0f0d501d,CB-TB-2167_Booth,CB-TB-2167_Booth.pdf,560c0f0d501d30f598c294d9a08148529b7aa637d01faba870bd18fefbc5d877,C:\Users\gduff\Downloads\cb-tb-1601-2200-v5-factory-run\pdfs\CB-TB-2167_Booth.pdf,pdf_inventory_criminal,pdf_hash_unique|dupes=2,NO_GOLD,criminal,OFFLINE_CLIENT_PROJECTION,,,
sha:56124edce58e7438f063e797fe60ff3b37f63704f491eaebc1690806b62d2883,PDF-56124edce58e,CB-TB-503_Walsh,CB-TB-503_Walsh.pdf,56124edce58e7438f063e797fe60ff3b37f63704f491eaebc1690806b62d2883,C:\Users\gduff\Downloads\cb-tb-501-600-v5-extract\pdfs\CB-TB-503_Walsh.pdf,pdf_inventory_criminal,pdf_hash_unique|dupes=3,NO_GOLD,criminal,OFFLINE_CLIENT_PROJECTION,,,
sha:562018fddb13b2b88be14b3d0aede583ac098d6d9ae0fdef6daca27bd7a17027,PDF-562018fddb13,CB-TB-1360_Merritt,CB-TB-1360_Merritt.pdf,562018fddb13b2b88be14b3d0aede583ac098d6d9ae0fdef6daca27bd7a17027,C:\Users\gduff\Downloads\cb-tb-1301-1400-v5\pdfs\CB-TB-1360_Merritt.pdf,pdf_inventory_criminal,pdf_hash_unique|dupes=2,NO_GOLD,criminal,OFFLINE_CLIENT_PROJECTION,,,
sha:56320920e55cdcf2ff7a3c8fd31a1dd586ccf1c56304f808a022305a1c72aea0,PDF-56320920e55c,CB-TB-222_Merritt,CB-TB-222_Merritt.pdf,56320920e55cdcf2ff7a3c8fd31a1dd586ccf1c56304f808a022305a1c72aea0,C:\Users\gduff\Downloads\cb-tb-201-300-v4\pdfs\CB-TB-222_Merritt.pdf,pdf_inventory_criminal,pdf_hash_unique|dupes=1,NO_GOLD,criminal,OFFLINE_CLIENT_PROJECTION,,,
sha:563b3d29dac500bec22f52e0ad42ab6ff3155c980a88154cf7fad825cbc3a18a,PDF-563b3d29dac5,CB-TB-1806_Walsh,CB-TB-1806_Walsh.pdf,563b3d29dac500bec22f52e0ad42ab6ff3155c980a88154cf7fad825cbc3a18a,C:\Users\gduff\Downloads\cb-tb-1601-2200-v5-factory-run\pdfs\CB-TB-1806_Walsh.pdf,pdf_inventory_criminal,pdf_hash_unique|dupes=2,NO_GOLD,criminal,OFFLINE_CLIENT_PROJECTION,,,
sha:565fa8d5d652b3a2387b507d4964ef8e2089d2c8fc79259a43f3013bc81cec8a,PDF-565fa8d5d652,CB-TB-076_Holt,CB-TB-076_Holt.pdf,565fa8d5d652b3a2387b507d4964ef8e2089d2c8fc79259a43f3013bc81cec8a,C:\Users\gduff\Downloads\cb-tb-031-100-v4\pdfs\CB-TB-076_Holt.pdf,pdf_inventory_criminal,pdf_hash_unique|dupes=1,NO_GOLD,criminal,OFFLINE_CLIENT_PROJECTION,,,
sha:567c95f0835904e74e4e39973e33679ab416c094882f125d189898a269de5ca4,PDF-567c95f08359,CB-TB-766_Price,CB-TB-766_Price.pdf,567c95f0835904e74e4e39973e33679ab416c094882f125d189898a269de5ca4,C:\Users\gduff\Downloads\cb-tb-701-800-v5\pdfs\CB-TB-766_Price.pdf,pdf_inventory_criminal,pdf_hash_unique|dupes=1,NO_GOLD,criminal,OFFLINE_CLIENT_PROJECTION,,,
sha:56a103037ce8994720be3b2fdb1f28f1eab3d00f0a61ea93b48b12922996230d,PDF-56a103037ce8,CB-TB-1917_Vale,CB-TB-1917_Vale.pdf,56a103037ce8994720be3b2fdb1f28f1eab3d00f0a61ea93b48b12922996230d,C:\Users\gduff\Downloads\cb-tb-1601-2200-v5-factory-run\pdfs\CB-TB-1917_Vale.pdf,pdf_inventory_criminal,pdf_hash_unique|dupes=2,NO_GOLD,criminal,OFFLINE_CLIENT_PROJECTION,,,
sha:56a1c07a1126757ed1dc387144838fd709fe8f7fd9c8bcc5ceca02e616ee428b,PDF-56a1c07a1126,CB-TB-920_Walsh,CB-TB-920_Walsh.pdf,56a1c07a1126757ed1dc387144838fd709fe8f7fd9c8bcc5ceca02e616ee428b,C:\Users\gduff\Downloads\cb-tb-901-1100-v5\pdfs\CB-TB-920_Walsh.pdf,pdf_inventory_criminal,pdf_hash_unique|dupes=2,NO_GOLD,criminal,OFFLINE_CLIENT_PROJECTION,,,
sha:56bdc1944fc039865525d9d7ab50c701890b08ad6724eaa94a8fa4da79381cc5,PDF-56bdc1944fc0,CB-TB-679_Ali,CB-TB-679_Ali.pdf,56bdc1944fc039865525d9d7ab50c701890b08ad6724eaa94a8fa4da79381cc5,C:\Users\gduff\Downloads\cb-tb-601-700-v5\pdfs\CB-TB-679_Ali.pdf,pdf_inventory_criminal,pdf_hash_unique|dupes=1,NO_GOLD,criminal,OFFLINE_CLIENT_PROJECTION,,,
sha:5701f9fede797443a3f2f52f3082bced1f8c8622bb051a666255a1def3af44d8,PDF-5701f9fede79,CB-TB-2001_Khan,CB-TB-2001_Khan.pdf,5701f9fede797443a3f2f52f3082bced1f8c8622bb051a666255a1def3af44d8,C:\Users\gduff\Downloads\cb-tb-1601-2200-v5-factory-run\pdfs\CB-TB-2001_Khan.pdf,pdf_inventory_criminal,pdf_hash_unique|dupes=2,NO_GOLD,criminal,OFFLINE_CLIENT_PROJECTION,,,
sha:570757bbc114dd9fa1a60ece27458c20c820cc928adc6970b6cf3d2b145d15cf,PDF-570757bbc114,CB-TB-442_Morley,CB-TB-442_Morley.pdf,570757bbc114dd9fa1a60ece27458c20c820cc928adc6970b6cf3d2b145d15cf,C:\Users\gduff\Downloads\cb-tb-401-500-v5\pdfs\CB-TB-442_Morley.pdf,pdf_inventory_criminal,pdf_hash_unique|dupes=2,NO_GOLD,criminal,OFFLINE_CLIENT_PROJECTION,,,
sha:576a96c4d994a22e2900f240a07687cbc7488c74ca6d5506c0eaa7dc323345ec,PDF-576a96c4d994,CB-TB-699_Turner,CB-TB-699_Turner.pdf,576a96c4d994a22e2900f240a07687cbc7488c74ca6d5506c0eaa7dc323345ec,C:\Users\gduff\Downloads\cb-tb-601-700-v5\pdfs\CB-TB-699_Turner.pdf,pdf_inventory_criminal,pdf_hash_unique|dupes=1,NO_GOLD,criminal,OFFLINE_CLIENT_PROJECTION,,,
sha:57d21cc70b6f8de6d4381f95874f05ff52b4a55f522face2e11280790e80ea1d,PDF-57d21cc70b6f,CB-TB-380_Flynn,CB-TB-380_Flynn.pdf,57d21cc70b6f8de6d4381f95874f05ff52b4a55f522face2e11280790e80ea1d,C:\Users\gduff\Downloads\cb-tb-301-400-v4\pdfs\CB-TB-380_Flynn.pdf,pdf_inventory_criminal,pdf_hash_unique|dupes=2,NO_GOLD,criminal,OFFLINE_CLIENT_PROJECTION,,,
sha:57de46ee2639eed15458cc979de1757de42403fc216c181e22e460b143a59ec9,PDF-57de46ee2639,CB-TB-400_Shaw,CB-TB-400_Shaw.pdf,57de46ee2639eed15458cc979de1757de42403fc216c181e22e460b143a59ec9,C:\Users\gduff\Downloads\cb-tb-301-400-v4\pdfs\CB-TB-400_Shaw.pdf,pdf_inventory_criminal,pdf_hash_unique|dupes=2,NO_GOLD,criminal,OFFLINE_CLIENT_PROJECTION,,,
sha:58109b2027418989c89e909f700b3d9587c8e5e77fff9f68ea4e5d121c69af19,PDF-58109b202741,CB-TB-1318_Vale,CB-TB-1318_Vale.pdf,58109b2027418989c89e909f700b3d9587c8e5e77fff9f68ea4e5d121c69af19,C:\Users\gduff\Downloads\cb-tb-1301-1400-v5\pdfs\CB-TB-1318_Vale.pdf,pdf_inventory_criminal,pdf_hash_unique|dupes=2,NO_GOLD,criminal,OFFLINE_CLIENT_PROJECTION,,,
sha:581fb5f1a8ad8def47490b8fa96223d54ea1e6986efaffa5046b61b320aa0d82,PDF-581fb5f1a8ad,CB-TB-1803_Talbot,CB-TB-1803_Talbot.pdf,581fb5f1a8ad8def47490b8fa96223d54ea1e6986efaffa5046b61b320aa0d82,C:\Users\gduff\Downloads\cb-tb-1601-2200-v5-factory-run\pdfs\CB-TB-1803_Talbot.pdf,pdf_inventory_criminal,pdf_hash_unique|dupes=2,NO_GOLD,criminal,OFFLINE_CLIENT_PROJECTION,,,
sha:582523e12ac09aa4396a7536dfc4075d1614d84ba862b5c1bac65cb9f1167b44,PDF-582523e12ac0,CB-TB-1218_Flynn,CB-TB-1218_Flynn.pdf,582523e12ac09aa4396a7536dfc4075d1614d84ba862b5c1bac65cb9f1167b44,C:\Users\gduff\Downloads\cb-tb-1201-1300-v5\pdfs\CB-TB-1218_Flynn.pdf,pdf_inventory_criminal,pdf_hash_unique|dupes=2,NO_GOLD,criminal,OFFLINE_CLIENT_PROJECTION,,,
sha:582aff71224d6dd47aeca2b75d1320642e8c8772aad130b1fc0a715c7de056d7,PDF-582aff71224d,CB-TB-284_Pike,CB-TB-284_Pike.pdf,582aff71224d6dd47aeca2b75d1320642e8c8772aad130b1fc0a715c7de056d7,C:\Users\gduff\Downloads\cb-tb-201-300-v4\pdfs\CB-TB-284_Pike.pdf,pdf_inventory_criminal,pdf_hash_unique|dupes=1,NO_GOLD,criminal,OFFLINE_CLIENT_PROJECTION,,,
sha:583869e2d16d0f263212408ba5e58d4aa2e117ee54e3eec0f66cafd5c9c06ea6,PDF-583869e2d16d,CB-TB-915_Merritt,CB-TB-915_Merritt.pdf,583869e2d16d0f263212408ba5e58d4aa2e117ee54e3eec0f66cafd5c9c06ea6,C:\Users\gduff\Downloads\cb-tb-901-1100-v5\pdfs\CB-TB-915_Merritt.pdf,pdf_inventory_criminal,pdf_hash_unique|dupes=2,NO_GOLD,criminal,OFFLINE_CLIENT_PROJECTION,,,
sha:586509c84c03e1fe476f0fa7b6ef9efb6e64a13344a33eba4828302e22cef8af,PDF-586509c84c03,CB-TB-957_Barker,CB-TB-957_Barker.pdf,586509c84c03e1fe476f0fa7b6ef9efb6e64a13344a33eba4828302e22cef8af,C:\Users\gduff\Downloads\cb-tb-901-1100-v5\pdfs\CB-TB-957_Barker.pdf,pdf_inventory_criminal,pdf_hash_unique|dupes=2,NO_GOLD,criminal,OFFLINE_CLIENT_PROJECTION,,,
sha:589f23f4b3d037738c92a48d777497ec39302415ffcf2ee31cc9cacf92d12593,PDF-589f23f4b3d0,CB-TB-1383_Hart,CB-TB-1383_Hart.pdf,589f23f4b3d037738c92a48d777497ec39302415ffcf2ee31cc9cacf92d12593,C:\Users\gduff\Downloads\cb-tb-1301-1400-v5\pdfs\CB-TB-1383_Hart.pdf,pdf_inventory_criminal,pdf_hash_unique|dupes=2,NO_GOLD,criminal,OFFLINE_CLIENT_PROJECTION,,,
sha:58cbc05628d5a838b8b17b1dff369848aa1341ab0a1f88647fdce1f54b14adfb,PDF-58cbc05628d5,CB-TB-792_Pike,CB-TB-792_Pike.pdf,58cbc05628d5a838b8b17b1dff369848aa1341ab0a1f88647fdce1f54b14adfb,C:\Users\gduff\Downloads\cb-tb-701-800-v5\pdfs\CB-TB-792_Pike.pdf,pdf_inventory_criminal,pdf_hash_unique|dupes=1,NO_GOLD,criminal,OFFLINE_CLIENT_PROJECTION,,,
sha:58ce223b8f21a760739cb33b28253c492e9e7866326978d1a27bbf375a73a2b3,PDF-58ce223b8f21,CB-TB-1348_Turner,CB-TB-1348_Turner.pdf,58ce223b8f21a760739cb33b28253c492e9e7866326978d1a27bbf375a73a2b3,C:\Users\gduff\Downloads\cb-tb-1301-1400-v5\pdfs\CB-TB-1348_Turner.pdf,pdf_inventory_criminal,pdf_hash_unique|dupes=2,NO_GOLD,criminal,OFFLINE_CLIENT_PROJECTION,,,
sha:58f7dae9fbc60a0804b96555dcdb3dfe4d7d4efa699441987087295c83685833,PDF-58f7dae9fbc6,CB-TB-357_Lark,CB-TB-357_Lark.pdf,58f7dae9fbc60a0804b96555dcdb3dfe4d7d4efa699441987087295c83685833,C:\Users\gduff\Downloads\cb-tb-301-400-v4\pdfs\CB-TB-357_Lark.pdf,pdf_inventory_criminal,pdf_hash_unique|dupes=2,NO_GOLD,criminal,OFFLINE_CLIENT_PROJECTION,,,
sha:5900951811c60854d1ec3d0198d7650c22f7ce473304b633cd7eeb5e2a5f57c3,PDF-5900951811c6,CB-TB-1094_Burke,CB-TB-1094_Burke.pdf,5900951811c60854d1ec3d0198d7650c22f7ce473304b633cd7eeb5e2a5f57c3,C:\Users\gduff\Downloads\cb-tb-901-1100-v5\pdfs\CB-TB-1094_Burke.pdf,pdf_inventory_criminal,pdf_hash_unique|dupes=2,NO_GOLD,criminal,OFFLINE_CLIENT_PROJECTION,,,
sha:591f91bf33d342a8d61f9320a8bf1cf832eb9bbb17571e2d0b291c0b124b6922,PDF-591f91bf33d3,CB-TB-1409_Thornton,CB-TB-1409_Thornton.pdf,591f91bf33d342a8d61f9320a8bf1cf832eb9bbb17571e2d0b291c0b124b6922,C:\Users\gduff\Downloads\cb-tb-1401-1500-v5-tmp\pdfs\CB-TB-1409_Thornton.pdf,pdf_inventory_criminal,pdf_hash_unique|dupes=1,NO_GOLD,criminal,OFFLINE_CLIENT_PROJECTION,,,
sha:59615d9a929cbda3ca26fce5e6e3f86cf95528e1c16be8b939dd6d03913cf8d1,PDF-59615d9a929c,CB-TB-161_Pike,CB-TB-161_Pike.pdf,59615d9a929cbda3ca26fce5e6e3f86cf95528e1c16be8b939dd6d03913cf8d1,C:\Users\gduff\Downloads\cb-tb-101-200-v4\pdfs\CB-TB-161_Pike.pdf,pdf_inventory_criminal,pdf_hash_unique|dupes=1,NO_GOLD,criminal,OFFLINE_CLIENT_PROJECTION,,,
sha:5961d640e4e5715b92205387587a65270a67084cdcac637dc07ff73c657d1643,PDF-5961d640e4e5,CB-TB-1336_Clarke,CB-TB-1336_Clarke.pdf,5961d640e4e5715b92205387587a65270a67084cdcac637dc07ff73c657d1643,C:\Users\gduff\Downloads\cb-tb-1301-1400-v5\pdfs\CB-TB-1336_Clarke.pdf,pdf_inventory_criminal,pdf_hash_unique|dupes=2,NO_GOLD,criminal,OFFLINE_CLIENT_PROJECTION,,,
sha:596aa2a488c284dab0903589d2bdcdc724560f7993c87c7dedd9d33206d61fa8,PDF-596aa2a488c2,CB-TB-2057_Jennings,CB-TB-2057_Jennings.pdf,596aa2a488c284dab0903589d2bdcdc724560f7993c87c7dedd9d33206d61fa8,C:\Users\gduff\Downloads\cb-tb-1601-2200-v5-factory-run\pdfs\CB-TB-2057_Jennings.pdf,pdf_inventory_criminal,pdf_hash_unique|dupes=2,NO_GOLD,criminal,OFFLINE_CLIENT_PROJECTION,,,
sha:597998ab7ce495b726c5d18394e5da2c1bdb89c3bfd55a425a551d03a5f27daf,PDF-597998ab7ce4,CB-TB-1905_Byrne,CB-TB-1905_Byrne.pdf,597998ab7ce495b726c5d18394e5da2c1bdb89c3bfd55a425a551d03a5f27daf,C:\Users\gduff\Downloads\cb-tb-1601-2200-v5-factory-run\pdfs\CB-TB-1905_Byrne.pdf,pdf_inventory_criminal,pdf_hash_unique|dupes=2,NO_GOLD,criminal,OFFLINE_CLIENT_PROJECTION,,,
sha:59afba80206f8028782201abc63fe0550b50cd3d81ea7c6e24d08433b2e64bd2,PDF-59afba80206f,CB-TB-386_Ali,CB-TB-386_Ali.pdf,59afba80206f8028782201abc63fe0550b50cd3d81ea7c6e24d08433b2e64bd2,C:\Users\gduff\Downloads\cb-tb-301-400-v4\pdfs\CB-TB-386_Ali.pdf,pdf_inventory_criminal,pdf_hash_unique|dupes=2,NO_GOLD,criminal,OFFLINE_CLIENT_PROJECTION,,,
sha:59ed1852f92d29acb23cc83a8b2c8f4a12cdb4e67855ac4df4f585daa227812c,PDF-59ed1852f92d,CB-TB-2113_Hale,CB-TB-2113_Hale.pdf,59ed1852f92d29acb23cc83a8b2c8f4a12cdb4e67855ac4df4f585daa227812c,C:\Users\gduff\Downloads\cb-tb-1601-2200-v5-factory-run\pdfs\CB-TB-2113_Hale.pdf,pdf_inventory_criminal,pdf_hash_unique|dupes=2,NO_GOLD,criminal,OFFLINE_CLIENT_PROJECTION,,,
sha:5a42a04f98d820545f93ae923aa792e38b0c58dd893697b5af322d2d3491d225,PDF-5a42a04f98d8,CB-TB-1051_Pearson,CB-TB-1051_Pearson.pdf,5a42a04f98d820545f93ae923aa792e38b0c58dd893697b5af322d2d3491d225,C:\Users\gduff\Downloads\cb-tb-901-1100-v5\pdfs\CB-TB-1051_Pearson.pdf,pdf_inventory_criminal,pdf_hash_unique|dupes=2,NO_GOLD,criminal,OFFLINE_CLIENT_PROJECTION,,,
sha:5a56177ee5332a14f73ed078a96a2492c8c45d1386b5b3ba6c8ed548026a149b,PDF-5a56177ee533,CB-TB-1035_Khan,CB-TB-1035_Khan.pdf,5a56177ee5332a14f73ed078a96a2492c8c45d1386b5b3ba6c8ed548026a149b,C:\Users\gduff\Downloads\cb-tb-901-1100-v5\pdfs\CB-TB-1035_Khan.pdf,pdf_inventory_criminal,pdf_hash_unique|dupes=2,NO_GOLD,criminal,OFFLINE_CLIENT_PROJECTION,,,
sha:5ad573055d7b0fac2de37b8c280edfb2a021c5a4673714f317cc58dff4f14f05,PDF-5ad573055d7b,CB-TB-903_Parker,CB-TB-903_Parker.pdf,5ad573055d7b0fac2de37b8c280edfb2a021c5a4673714f317cc58dff4f14f05,C:\Users\gduff\Downloads\cb-tb-901-1100-v5\pdfs\CB-TB-903_Parker.pdf,pdf_inventory_criminal,pdf_hash_unique|dupes=2,NO_GOLD,criminal,OFFLINE_CLIENT_PROJECTION,,,
sha:5b0a39b48296e0f84f38f000c9239c9ea6d2adab6984e1a1642ed28c74a2617e,PDF-5b0a39b48296,CB-TB-349_Stone,CB-TB-349_Stone.pdf,5b0a39b48296e0f84f38f000c9239c9ea6d2adab6984e1a1642ed28c74a2617e,C:\Users\gduff\Downloads\cb-tb-301-400-v4\pdfs\CB-TB-349_Stone.pdf,pdf_inventory_criminal,pdf_hash_unique|dupes=2,NO_GOLD,criminal,OFFLINE_CLIENT_PROJECTION,,,
sha:5b3c63bf3e68f46ae3fecae981c09908488297def6d04c374cbd05c3eb71652c,PDF-5b3c63bf3e68,CB-TB-214_Patel,CB-TB-214_Patel.pdf,5b3c63bf3e68f46ae3fecae981c09908488297def6d04c374cbd05c3eb71652c,C:\Users\gduff\Downloads\cb-tb-201-300-v4\pdfs\CB-TB-214_Patel.pdf,pdf_inventory_criminal,pdf_hash_unique|dupes=1,NO_GOLD,criminal,OFFLINE_CLIENT_PROJECTION,,,
sha:5b3c835b0c0d175e56794b887774ec688da890b75061ece237dd25385c6943bd,PDF-5b3c835b0c0d,CB-TB-1430_Khan,CB-TB-1430_Khan.pdf,5b3c835b0c0d175e56794b887774ec688da890b75061ece237dd25385c6943bd,C:\Users\gduff\Downloads\cb-tb-1401-1500-v5-tmp\pdfs\CB-TB-1430_Khan.pdf,pdf_inventory_criminal,pdf_hash_unique|dupes=1,NO_GOLD,criminal,OFFLINE_CLIENT_PROJECTION,,,
sha:5b53ae55874dd39a887ab9037283286824930098147c9f0c31f2af68d2d9da1b,PDF-5b53ae55874d,CB-TB-1441_Greene,CB-TB-1441_Greene.pdf,5b53ae55874dd39a887ab9037283286824930098147c9f0c31f2af68d2d9da1b,C:\Users\gduff\Downloads\cb-tb-1401-1500-v5-tmp\pdfs\CB-TB-1441_Greene.pdf,pdf_inventory_criminal,pdf_hash_unique|dupes=1,NO_GOLD,criminal,OFFLINE_CLIENT_PROJECTION,,,
sha:5b5670833cb741fb74237d37eee5bc1f8ae77e857828fbd9778f06cd9e578ff5,PDF-5b5670833cb7,CB-TB-946_Mason,CB-TB-946_Mason.pdf,5b5670833cb741fb74237d37eee5bc1f8ae77e857828fbd9778f06cd9e578ff5,C:\Users\gduff\Downloads\cb-tb-901-1100-v5\pdfs\CB-TB-946_Mason.pdf,pdf_inventory_criminal,pdf_hash_unique|dupes=2,NO_GOLD,criminal,OFFLINE_CLIENT_PROJECTION,,,
sha:5b67df3c4873922479e5af286b12132ada0dff8ce9c951c7dd5eed33a4ea3580,PDF-5b67df3c4873,CB-TB-941_Khan,CB-TB-941_Khan.pdf,5b67df3c4873922479e5af286b12132ada0dff8ce9c951c7dd5eed33a4ea3580,C:\Users\gduff\Downloads\cb-tb-901-1100-v5\pdfs\CB-TB-941_Khan.pdf,pdf_inventory_criminal,pdf_hash_unique|dupes=2,NO_GOLD,criminal,OFFLINE_CLIENT_PROJECTION,,,
sha:5b6df679a7fee86a91ce0fe4f2829c4c4ac1bde293ce95b7d768d5599f0ee391,PDF-5b6df679a7fe,CB-TB-036_Morley,CB-TB-036_Morley.pdf,5b6df679a7fee86a91ce0fe4f2829c4c4ac1bde293ce95b7d768d5599f0ee391,C:\Users\gduff\Downloads\cb-tb-031-100-v4\pdfs\CB-TB-036_Morley.pdf,pdf_inventory_criminal,pdf_hash_unique|dupes=1,NO_GOLD,criminal,OFFLINE_CLIENT_PROJECTION,,,
sha:5b7170a9f2e71de00303913cdb7a0857c671df94b5ef80ae019851c22882a7fd,PDF-5b7170a9f2e7,CB-TB-1614_Booth,CB-TB-1614_Booth.pdf,5b7170a9f2e71de00303913cdb7a0857c671df94b5ef80ae019851c22882a7fd,C:\Users\gduff\Downloads\cb-tb-1601-2200-v5-factory-run\pdfs\CB-TB-1614_Booth.pdf,pdf_inventory_criminal,pdf_hash_unique|dupes=4,NO_GOLD,criminal,OFFLINE_CLIENT_PROJECTION,,,
sha:5b72ce4228f61a9cafb0c64d4866d2528889b4e67586c5fb18915f37df503179,PDF-5b72ce4228f6,CB-TB-1145_Vale,CB-TB-1145_Vale.pdf,5b72ce4228f61a9cafb0c64d4866d2528889b4e67586c5fb18915f37df503179,C:\Users\gduff\Downloads\cb-tb-1101-1400-v5\pdfs\CB-TB-1145_Vale.pdf,pdf_inventory_criminal,pdf_hash_unique|dupes=2,NO_GOLD,criminal,OFFLINE_CLIENT_PROJECTION,,,
sha:5b8cdd4749b55bc2014ea6d9769fb4a7a09cccb032cf0bfd7f26a20f62e20936,PDF-5b8cdd4749b5,CB-TB-2002_Kerr,CB-TB-2002_Kerr.pdf,5b8cdd4749b55bc2014ea6d9769fb4a7a09cccb032cf0bfd7f26a20f62e20936,C:\Users\gduff\Downloads\cb-tb-1601-2200-v5-factory-run\pdfs\CB-TB-2002_Kerr.pdf,pdf_inventory_criminal,pdf_hash_unique|dupes=2,NO_GOLD,criminal,OFFLINE_CLIENT_PROJECTION,,,
sha:5bb01fd486626dce58630bde4db28983e96c091e02c2356a4eb03cc4db95b0c2,PDF-5bb01fd48662,CB-TB-1186_Forrest,CB-TB-1186_Forrest.pdf,5bb01fd486626dce58630bde4db28983e96c091e02c2356a4eb03cc4db95b0c2,C:\Users\gduff\Downloads\cb-tb-1101-1400-v5\pdfs\CB-TB-1186_Forrest.pdf,pdf_inventory_criminal,pdf_hash_unique|dupes=2,NO_GOLD,criminal,OFFLINE_CLIENT_PROJECTION,,,
sha:5bd8645864a0a16f6151663d00840f27ff4cb976d4ed7dae28d6587080a40ee7,PDF-5bd8645864a0,CB-TB-1020_Cross,CB-TB-1020_Cross.pdf,5bd8645864a0a16f6151663d00840f27ff4cb976d4ed7dae28d6587080a40ee7,C:\Users\gduff\Downloads\cb-tb-901-1100-v5\pdfs\CB-TB-1020_Cross.pdf,pdf_inventory_criminal,pdf_hash_unique|dupes=2,NO_GOLD,criminal,OFFLINE_CLIENT_PROJECTION,,,
sha:5bde0ba9095f56570a19d64168e15fd0e5a283c89f338ac5c9ad28153ff1ca7c,PDF-5bde0ba9095f,CB-TB-1842_Hughes,CB-TB-1842_Hughes.pdf,5bde0ba9095f56570a19d64168e15fd0e5a283c89f338ac5c9ad28153ff1ca7c,C:\Users\gduff\Downloads\cb-tb-1601-2200-v5-factory-run\pdfs\CB-TB-1842_Hughes.pdf,pdf_inventory_criminal,pdf_hash_unique|dupes=2,NO_GOLD,criminal,OFFLINE_CLIENT_PROJECTION,,,
sha:5be483f39a9744622b1baaae08ad1b183a03a4b5a9187896be1737cf4d08e1ab,PDF-5be483f39a97,CB-TB-301_Kent,CB-TB-301_Kent.pdf,5be483f39a9744622b1baaae08ad1b183a03a4b5a9187896be1737cf4d08e1ab,C:\Users\gduff\Downloads\cb-tb-301-400-v4\pdfs\CB-TB-301_Kent.pdf,pdf_inventory_criminal,pdf_hash_unique|dupes=2,NO_GOLD,criminal,OFFLINE_CLIENT_PROJECTION,,,
sha:5c0056e4d1ae18d7fe7ff2259aae7344650d011ae69033d8fa016675f4707b21,PDF-5c0056e4d1ae,CB-TB-2145_Merritt,CB-TB-2145_Merritt.pdf,5c0056e4d1ae18d7fe7ff2259aae7344650d011ae69033d8fa016675f4707b21,C:\Users\gduff\Downloads\cb-tb-1601-2200-v5-factory-run\pdfs\CB-TB-2145_Merritt.pdf,pdf_inventory_criminal,pdf_hash_unique|dupes=2,NO_GOLD,criminal,OFFLINE_CLIENT_PROJECTION,,,
sha:5c3c9a6f73fe3340b4ee9a5b6ea3b922d9ddc2b6ef834f309e615e56eeb94e05,PDF-5c3c9a6f73fe,CB-TB-1160_Hart,CB-TB-1160_Hart.pdf,5c3c9a6f73fe3340b4ee9a5b6ea3b922d9ddc2b6ef834f309e615e56eeb94e05,C:\Users\gduff\Downloads\cb-tb-1101-1400-v5\pdfs\CB-TB-1160_Hart.pdf,pdf_inventory_criminal,pdf_hash_unique|dupes=2,NO_GOLD,criminal,OFFLINE_CLIENT_PROJECTION,,,
sha:5c5a7fc5f7668fe968a5b219aa8975d93c2a0ee0dd56277a53a69e988849663b,PDF-5c5a7fc5f766,CB-TB-660_Lewis,CB-TB-660_Lewis.pdf,5c5a7fc5f7668fe968a5b219aa8975d93c2a0ee0dd56277a53a69e988849663b,C:\Users\gduff\Downloads\cb-tb-601-700-v5\pdfs\CB-TB-660_Lewis.pdf,pdf_inventory_criminal,pdf_hash_unique|dupes=1,NO_GOLD,criminal,OFFLINE_CLIENT_PROJECTION,,,
sha:5c6c2a48dd7a09ef98ee8c7b29eff7b04903e9dfb2dcdf95b4aa778f574b48e7,PDF-5c6c2a48dd7a,CB-TB-1537_Carter,CB-TB-1537_Carter.pdf,5c6c2a48dd7a09ef98ee8c7b29eff7b04903e9dfb2dcdf95b4aa778f574b48e7,C:\Users\gduff\Downloads\cb-tb-1501-1600-v5-factory-run\pdfs\CB-TB-1537_Carter.pdf,pdf_inventory_criminal,pdf_hash_unique|dupes=2,NO_GOLD,criminal,OFFLINE_CLIENT_PROJECTION,,,
sha:5c8e0611b226565d1af69a5b5d62fb8c1b726191258cc000751f2c1c0a63a687,PDF-5c8e0611b226,CB-TB-994_Ross,CB-TB-994_Ross.pdf,5c8e0611b226565d1af69a5b5d62fb8c1b726191258cc000751f2c1c0a63a687,C:\Users\gduff\Downloads\cb-tb-901-1100-v5\pdfs\CB-TB-994_Ross.pdf,pdf_inventory_criminal,pdf_hash_unique|dupes=2,NO_GOLD,criminal,OFFLINE_CLIENT_PROJECTION,,,
sha:5c958d589912cceb6f5d42ee969c4728e1fff0130c40e9280ce5b5fe4689a4b5,PDF-5c958d589912,CB-TB-1098_Marsh,CB-TB-1098_Marsh.pdf,5c958d589912cceb6f5d42ee969c4728e1fff0130c40e9280ce5b5fe4689a4b5,C:\Users\gduff\Downloads\cb-tb-901-1100-v5\pdfs\CB-TB-1098_Marsh.pdf,pdf_inventory_criminal,pdf_hash_unique|dupes=2,NO_GOLD,criminal,OFFLINE_CLIENT_PROJECTION,,,
sha:5c97d75eaaaf6eac9f281cab32cd29f206adb3f8c87cdbdae740aed87a3980b8,PDF-5c97d75eaaaf,CB-TB-2116_Cole,CB-TB-2116_Cole.pdf,5c97d75eaaaf6eac9f281cab32cd29f206adb3f8c87cdbdae740aed87a3980b8,C:\Users\gduff\Downloads\cb-tb-1601-2200-v5-factory-run\pdfs\CB-TB-2116_Cole.pdf,pdf_inventory_criminal,pdf_hash_unique|dupes=2,NO_GOLD,criminal,OFFLINE_CLIENT_PROJECTION,,,
sha:5ca794d82d4ad2dce5ac49ca4fe55d3e9176f48014e8a71207605076077b789e,PDF-5ca794d82d4a,CB-TB-2028_Rees,CB-TB-2028_Rees.pdf,5ca794d82d4ad2dce5ac49ca4fe55d3e9176f48014e8a71207605076077b789e,C:\Users\gduff\Downloads\cb-tb-1601-2200-v5-factory-run\pdfs\CB-TB-2028_Rees.pdf,pdf_inventory_criminal,pdf_hash_unique|dupes=2,NO_GOLD,criminal,OFFLINE_CLIENT_PROJECTION,,,
sha:5cc594557521b92ba0732fcf325c5dfec3e65f4c54ad52760a81de4e99500647,PDF-5cc594557521,CB-TB-389_Okonkwo,CB-TB-389_Okonkwo.pdf,5cc594557521b92ba0732fcf325c5dfec3e65f4c54ad52760a81de4e99500647,C:\Users\gduff\Downloads\cb-tb-301-400-v4\pdfs\CB-TB-389_Okonkwo.pdf,pdf_inventory_criminal,pdf_hash_unique|dupes=2,NO_GOLD,criminal,OFFLINE_CLIENT_PROJECTION,,,
sha:5ccc9248d7ccb6d8bccb7da8697010a53aa46bf4a7ef533d6decd5c96191c315,PDF-5ccc9248d7cc,CB-TB-017_Cole,CB-TB-017_Cole.pdf,5ccc9248d7ccb6d8bccb7da8697010a53aa46bf4a7ef533d6decd5c96191c315,C:\Users\gduff\Downloads\cb-tb-001-050-v3\pdfs\CB-TB-017_Cole.pdf,pdf_inventory_criminal,pdf_hash_unique|dupes=2,NO_GOLD,criminal,OFFLINE_CLIENT_PROJECTION,,,
sha:5ce1e692cf9ee8885d9b7e86cce7b7cd16f42e827e973789c279af9f04a83586,PDF-5ce1e692cf9e,CB-TB-1096_Clarke,CB-TB-1096_Clarke.pdf,5ce1e692cf9ee8885d9b7e86cce7b7cd16f42e827e973789c279af9f04a83586,C:\Users\gduff\Downloads\cb-tb-901-1100-v5\pdfs\CB-TB-1096_Clarke.pdf,pdf_inventory_criminal,pdf_hash_unique|dupes=2,NO_GOLD,criminal,OFFLINE_CLIENT_PROJECTION,,,
sha:5cf11bf18d5dfaeac32d5d7e874fa7cdc31642cbc73dc099f5e3c850a3e43d04,PDF-5cf11bf18d5d,CB-TB-1714_Denton,CB-TB-1714_Denton.pdf,5cf11bf18d5dfaeac32d5d7e874fa7cdc31642cbc73dc099f5e3c850a3e43d04,C:\Users\gduff\Downloads\cb-tb-1601-2200-v5-factory-run\pdfs\CB-TB-1714_Denton.pdf,pdf_inventory_criminal,pdf_hash_unique|dupes=2,NO_GOLD,criminal,OFFLINE_CLIENT_PROJECTION,,,
sha:5d4d0039e00e31c97c5380af1bff15ca8d8e581f38d8072e97f4f70b88546710,PDF-5d4d0039e00e,CB-TB-772_Harper,CB-TB-772_Harper.pdf,5d4d0039e00e31c97c5380af1bff15ca8d8e581f38d8072e97f4f70b88546710,C:\Users\gduff\Downloads\cb-tb-701-800-v5\pdfs\CB-TB-772_Harper.pdf,pdf_inventory_criminal,pdf_hash_unique|dupes=1,NO_GOLD,criminal,OFFLINE_CLIENT_PROJECTION,,,
sha:5d5c231a577e736eed988b09cc79bffac9429e6d9748c3ddd1b570fa14d5c47f,PDF-5d5c231a577e,CB-TB-750_Brooks,CB-TB-750_Brooks.pdf,5d5c231a577e736eed988b09cc79bffac9429e6d9748c3ddd1b570fa14d5c47f,C:\Users\gduff\Downloads\cb-tb-701-800-v5\pdfs\CB-TB-750_Brooks.pdf,pdf_inventory_criminal,pdf_hash_unique|dupes=1,NO_GOLD,criminal,OFFLINE_CLIENT_PROJECTION,,,
sha:5decb6ca5e02d8e57bab9709f201bab948badeda1d4e162ab8569d030f8db578,PDF-5decb6ca5e02,CB-TB-111_Burke,CB-TB-111_Burke.pdf,5decb6ca5e02d8e57bab9709f201bab948badeda1d4e162ab8569d030f8db578,C:\Users\gduff\Downloads\cb-tb-101-200-v4\pdfs\CB-TB-111_Burke.pdf,pdf_inventory_criminal,pdf_hash_unique|dupes=1,NO_GOLD,criminal,OFFLINE_CLIENT_PROJECTION,,,
sha:5dfc81103d33baf8f179a80981c9f4fc1fd8a10e9684e9f5d5cef5356c6c9f3a,PDF-5dfc81103d33,CB-TB-645_Morgan,CB-TB-645_Morgan.pdf,5dfc81103d33baf8f179a80981c9f4fc1fd8a10e9684e9f5d5cef5356c6c9f3a,C:\Users\gduff\Downloads\cb-tb-601-700-v5\pdfs\CB-TB-645_Morgan.pdf,pdf_inventory_criminal,pdf_hash_unique|dupes=1,NO_GOLD,criminal,OFFLINE_CLIENT_PROJECTION,,,
sha:5e01611204192dfa41fb1dd7e630eb2f3d2ce20692ab060f2b7bd194a0b5d7f6,PDF-5e0161120419,CB-TB-721_Mitchell,CB-TB-721_Mitchell.pdf,5e01611204192dfa41fb1dd7e630eb2f3d2ce20692ab060f2b7bd194a0b5d7f6,C:\Users\gduff\Downloads\cb-tb-701-800-v5\pdfs\CB-TB-721_Mitchell.pdf,pdf_inventory_criminal,pdf_hash_unique|dupes=1,NO_GOLD,criminal,OFFLINE_CLIENT_PROJECTION,,,
sha:5e18539949dbd9cd40fb2701a67817ac0f5ffc924e5f1e27af0a45a8b621b66c,PDF-5e18539949db,CB-TB-548_Patel,CB-TB-548_Patel.pdf,5e18539949dbd9cd40fb2701a67817ac0f5ffc924e5f1e27af0a45a8b621b66c,C:\Users\gduff\Downloads\cb-tb-501-600-v5-extract\pdfs\CB-TB-548_Patel.pdf,pdf_inventory_criminal,pdf_hash_unique|dupes=3,NO_GOLD,criminal,OFFLINE_CLIENT_PROJECTION,,,
sha:5e1b849e49118a961e47d725a00ccd9ae4cbf017ca504e02a348c9268dca16dc,PDF-5e1b849e4911,CB-TB-1130_Cole,CB-TB-1130_Cole.pdf,5e1b849e49118a961e47d725a00ccd9ae4cbf017ca504e02a348c9268dca16dc,C:\Users\gduff\Downloads\cb-tb-1101-1400-v5\pdfs\CB-TB-1130_Cole.pdf,pdf_inventory_criminal,pdf_hash_unique|dupes=2,NO_GOLD,criminal,OFFLINE_CLIENT_PROJECTION,,,
sha:5e58f4a2707ea94ed10893ac07466cdbeb6bf9f03819ea2468ea64bcceed0b9a,PDF-5e58f4a2707e,CB-TB-1667_Fraser,CB-TB-1667_Fraser.pdf,5e58f4a2707ea94ed10893ac07466cdbeb6bf9f03819ea2468ea64bcceed0b9a,C:\Users\gduff\Downloads\cb-tb-1601-2200-v5-factory-run\pdfs\CB-TB-1667_Fraser.pdf,pdf_inventory_criminal,pdf_hash_unique|dupes=4,NO_GOLD,criminal,OFFLINE_CLIENT_PROJECTION,,,
sha:5e790752ad252258f8f2827b9c576727e19a211cd04969027935894a5282e99d,PDF-5e790752ad25,CB-TB-1085_Morley,CB-TB-1085_Morley.pdf,5e790752ad252258f8f2827b9c576727e19a211cd04969027935894a5282e99d,C:\Users\gduff\Downloads\cb-tb-901-1100-v5\pdfs\CB-TB-1085_Morley.pdf,pdf_inventory_criminal,pdf_hash_unique|dupes=2,NO_GOLD,criminal,OFFLINE_CLIENT_PROJECTION,,,
sha:5e7d215a43746061db814769431888a8eabced8ae9e7d7eb2604e37b799d0e2e,PDF-5e7d215a4374,CB-TB-1799_Fielding,CB-TB-1799_Fielding.pdf,5e7d215a43746061db814769431888a8eabced8ae9e7d7eb2604e37b799d0e2e,C:\Users\gduff\Downloads\cb-tb-1601-2200-v5-factory-run\pdfs\CB-TB-1799_Fielding.pdf,pdf_inventory_criminal,pdf_hash_unique|dupes=2,NO_GOLD,criminal,OFFLINE_CLIENT_PROJECTION,,,
sha:5e7d72f3d29a165c83c35f9b91ad57d2adb9c6b778ae8d5de8598026d0c7c8e9,PDF-5e7d72f3d29a,CB-TB-002_Parker,CB-TB-002_Parker.pdf,5e7d72f3d29a165c83c35f9b91ad57d2adb9c6b778ae8d5de8598026d0c7c8e9,C:\Users\gduff\Downloads\cb-tb-001-030-v4\pdfs\CB-TB-002_Parker.pdf,pdf_inventory_criminal,pdf_hash_unique|dupes=1,NO_GOLD,criminal,OFFLINE_CLIENT_PROJECTION,,,
sha:5eb8c14ad0787c2e315917208f08d4ca0bb59d4eb6b3c8f9f94f7b35a39bba05,PDF-5eb8c14ad078,CB-TB-1661_Coates,CB-TB-1661_Coates.pdf,5eb8c14ad0787c2e315917208f08d4ca0bb59d4eb6b3c8f9f94f7b35a39bba05,C:\Users\gduff\Downloads\cb-tb-1601-2200-v5-factory-run\pdfs\CB-TB-1661_Coates.pdf,pdf_inventory_criminal,pdf_hash_unique|dupes=4,NO_GOLD,criminal,OFFLINE_CLIENT_PROJECTION,,,
sha:5eb9557b2489594dd9f06049aeaab54c4e7da672581bd3df71d5cb7137c0b8f3,PDF-5eb9557b2489,CB-TB-286_Singh,CB-TB-286_Singh.pdf,5eb9557b2489594dd9f06049aeaab54c4e7da672581bd3df71d5cb7137c0b8f3,C:\Users\gduff\Downloads\cb-tb-201-300-v4\pdfs\CB-TB-286_Singh.pdf,pdf_inventory_criminal,pdf_hash_unique|dupes=1,NO_GOLD,criminal,OFFLINE_CLIENT_PROJECTION,,,
sha:5ef363411baaeda40f2d9af4ddfaf9713e2cce2096d7ed6a6373e401fa28bb40,PDF-5ef363411baa,CB-TB-1580_Boyle,CB-TB-1580_Boyle.pdf,5ef363411baaeda40f2d9af4ddfaf9713e2cce2096d7ed6a6373e401fa28bb40,C:\Users\gduff\Downloads\cb-tb-1501-1600-v5-factory-run\pdfs\CB-TB-1580_Boyle.pdf,pdf_inventory_criminal,pdf_hash_unique|dupes=2,NO_GOLD,criminal,OFFLINE_CLIENT_PROJECTION,,,
sha:5f1f4eb46007a508a71ddc3446815419577868b28e2961c45c486e59b1f7f462,PDF-5f1f4eb46007,CB-TB-1808_Quinn,CB-TB-1808_Quinn.pdf,5f1f4eb46007a508a71ddc3446815419577868b28e2961c45c486e59b1f7f462,C:\Users\gduff\Downloads\cb-tb-1601-2200-v5-factory-run\pdfs\CB-TB-1808_Quinn.pdf,pdf_inventory_criminal,pdf_hash_unique|dupes=2,NO_GOLD,criminal,OFFLINE_CLIENT_PROJECTION,,,
sha:5f3a22e096858908c37178b7469170da0119d7d8691ae8b9fa36744e73a1b7c7,PDF-5f3a22e09685,CB-TB-348_Pearce,CB-TB-348_Pearce.pdf,5f3a22e096858908c37178b7469170da0119d7d8691ae8b9fa36744e73a1b7c7,C:\Users\gduff\Downloads\cb-tb-301-400-v4\pdfs\CB-TB-348_Pearce.pdf,pdf_inventory_criminal,pdf_hash_unique|dupes=2,NO_GOLD,criminal,OFFLINE_CLIENT_PROJECTION,,,
sha:5f46c8faee70ebb508aba0a090b52e63e1c24c31b6813eced786cea82886aa56,PDF-5f46c8faee70,CB-TB-1942_Barton,CB-TB-1942_Barton.pdf,5f46c8faee70ebb508aba0a090b52e63e1c24c31b6813eced786cea82886aa56,C:\Users\gduff\Downloads\cb-tb-1601-2200-v5-factory-run\pdfs\CB-TB-1942_Barton.pdf,pdf_inventory_criminal,pdf_hash_unique|dupes=2,NO_GOLD,criminal,OFFLINE_CLIENT_PROJECTION,,,
sha:5f4cc3df2cc4ce15495a5216fb4502b4ecd7e383d1cc8f4c8062a08ddf7bddc4,PDF-5f4cc3df2cc4,CB-TB-2120_Rees,CB-TB-2120_Rees.pdf,5f4cc3df2cc4ce15495a5216fb4502b4ecd7e383d1cc8f4c8062a08ddf7bddc4,C:\Users\gduff\Downloads\cb-tb-1601-2200-v5-factory-run\pdfs\CB-TB-2120_Rees.pdf,pdf_inventory_criminal,pdf_hash_unique|dupes=2,NO_GOLD,criminal,OFFLINE_CLIENT_PROJECTION,,,
sha:5f76eeb317d73194af72776d5aec17f3ab0bddb3f1ee823af25902cc2ef81bf0,PDF-5f76eeb317d7,CB-TB-2010_Walsh,CB-TB-2010_Walsh.pdf,5f76eeb317d73194af72776d5aec17f3ab0bddb3f1ee823af25902cc2ef81bf0,C:\Users\gduff\Downloads\cb-tb-1601-2200-v5-factory-run\pdfs\CB-TB-2010_Walsh.pdf,pdf_inventory_criminal,pdf_hash_unique|dupes=2,NO_GOLD,criminal,OFFLINE_CLIENT_PROJECTION,,,
sha:5f98f187927fa88fc90fc0018e9d8b41f06a5cd60057601acf2e186f3e54df72,PDF-5f98f187927f,mg11 -neighbour statement,mg11 -neighbour statement.pdf,5f98f187927fa88fc90fc0018e9d8b41f06a5cd60057601acf2e186f3e54df72,C:\Users\gduff\Downloads\mg11 -neighbour statement.pdf,pdf_inventory,pdf_hash_unique|dupes=1,NO_GOLD,criminal,OFFLINE_CLIENT_PROJECTION,,,
sha:5f9bb6551b7c502ec4f336571423c33a88cb73a63c4c14b50a27b7360ecbd87e,PDF-5f9bb6551b7c,CB-TB-1912_Quinn,CB-TB-1912_Quinn.pdf,5f9bb6551b7c502ec4f336571423c33a88cb73a63c4c14b50a27b7360ecbd87e,C:\Users\gduff\Downloads\cb-tb-1601-2200-v5-factory-run\pdfs\CB-TB-1912_Quinn.pdf,pdf_inventory_criminal,pdf_hash_unique|dupes=2,NO_GOLD,criminal,OFFLINE_CLIENT_PROJECTION,,,
sha:5fa1204c214f886fca0037a571478b9e6e0202d458542701ecb739af11bb1b53,PDF-5fa1204c214f,CB-TB-366_Hale,CB-TB-366_Hale.pdf,5fa1204c214f886fca0037a571478b9e6e0202d458542701ecb739af11bb1b53,C:\Users\gduff\Downloads\cb-tb-301-400-v4\pdfs\CB-TB-366_Hale.pdf,pdf_inventory_criminal,pdf_hash_unique|dupes=2,NO_GOLD,criminal,OFFLINE_CLIENT_PROJECTION,,,
sha:5fa6adf1ba4aa37823a1025cf976d1c24241168aaf26578d134c66cc5e83e501,PDF-5fa6adf1ba4a,CB-TB-2065_Grant,CB-TB-2065_Grant.pdf,5fa6adf1ba4aa37823a1025cf976d1c24241168aaf26578d134c66cc5e83e501,C:\Users\gduff\Downloads\cb-tb-1601-2200-v5-factory-run\pdfs\CB-TB-2065_Grant.pdf,pdf_inventory_criminal,pdf_hash_unique|dupes=2,NO_GOLD,criminal,OFFLINE_CLIENT_PROJECTION,,,
sha:5ff1627b7ef1dd07bc3476a9a5a9e8de8a4a296b0c592cd98641bbcf045f8207,PDF-5ff1627b7ef1,CB-TB-060_Blake,CB-TB-060_Blake.pdf,5ff1627b7ef1dd07bc3476a9a5a9e8de8a4a296b0c592cd98641bbcf045f8207,C:\Users\gduff\Downloads\cb-tb-031-100-v4\pdfs\CB-TB-060_Blake.pdf,pdf_inventory_criminal,pdf_hash_unique|dupes=1,NO_GOLD,criminal,OFFLINE_CLIENT_PROJECTION,,,
sha:60248714943b2dbeb4fd68000197ff5dbffd177a9fa9ec811ebe1bfc56fd3764,PDF-60248714943b,CB-TB-634_Reed,CB-TB-634_Reed.pdf,60248714943b2dbeb4fd68000197ff5dbffd177a9fa9ec811ebe1bfc56fd3764,C:\Users\gduff\Downloads\cb-tb-601-700-v5\pdfs\CB-TB-634_Reed.pdf,pdf_inventory_criminal,pdf_hash_unique|dupes=1,NO_GOLD,criminal,OFFLINE_CLIENT_PROJECTION,,,
sha:603cb6c59c3473958e2483685d67efca931537bc59d37da0f06f7e0c7e29b3fa,PDF-603cb6c59c34,CB-TB-328_Okonkwo,CB-TB-328_Okonkwo.pdf,603cb6c59c3473958e2483685d67efca931537bc59d37da0f06f7e0c7e29b3fa,C:\Users\gduff\Downloads\cb-tb-301-400-v4\pdfs\CB-TB-328_Okonkwo.pdf,pdf_inventory_criminal,pdf_hash_unique|dupes=2,NO_GOLD,criminal,OFFLINE_CLIENT_PROJECTION,,,
sha:60430521c75f4544c8354c49b804cb42e09ae76456ab49b12fcdcdcfb56ae84b,PDF-60430521c75f,CB-TB-2077_Wright,CB-TB-2077_Wright.pdf,60430521c75f4544c8354c49b804cb42e09ae76456ab49b12fcdcdcfb56ae84b,C:\Users\gduff\Downloads\cb-tb-1601-2200-v5-factory-run\pdfs\CB-TB-2077_Wright.pdf,pdf_inventory_criminal,pdf_hash_unique|dupes=2,NO_GOLD,criminal,OFFLINE_CLIENT_PROJECTION,,,
sha:604e9e83a24d29fab0fd39cf96d6aa7b40b0ed6cfff9404e302cb75b849358fb,PDF-604e9e83a24d,CB-TB-1498_Patterson,CB-TB-1498_Patterson.pdf,604e9e83a24d29fab0fd39cf96d6aa7b40b0ed6cfff9404e302cb75b849358fb,C:\Users\gduff\Downloads\cb-tb-1401-1500-v5-tmp\pdfs\CB-TB-1498_Patterson.pdf,pdf_inventory_criminal,pdf_hash_unique|dupes=1,NO_GOLD,criminal,OFFLINE_CLIENT_PROJECTION,,,
sha:607e85849eca8bfb33d0361d41a7543c961e1768d0f04ce23f4db6952514420b,PDF-607e85849eca,CB-TB-1342_West,CB-TB-1342_West.pdf,607e85849eca8bfb33d0361d41a7543c961e1768d0f04ce23f4db6952514420b,C:\Users\gduff\Downloads\cb-tb-1301-1400-v5\pdfs\CB-TB-1342_West.pdf,pdf_inventory_criminal,pdf_hash_unique|dupes=2,NO_GOLD,criminal,OFFLINE_CLIENT_PROJECTION,,,
sha:6086165a38fbfed60b5716679f2bb4733d95e00031d45864062ebcab80e2564a,PDF-6086165a38fb,CB-TB-215_Gibbs,CB-TB-215_Gibbs.pdf,6086165a38fbfed60b5716679f2bb4733d95e00031d45864062ebcab80e2564a,C:\Users\gduff\Downloads\cb-tb-201-300-v4\pdfs\CB-TB-215_Gibbs.pdf,pdf_inventory_criminal,pdf_hash_unique|dupes=1,NO_GOLD,criminal,OFFLINE_CLIENT_PROJECTION,,,
sha:60f256684ed3df3de01a59594e925420e3786d311ef4a32fdab260ae9b7b2210,PDF-60f256684ed3,CB-TB-1046_Reynolds,CB-TB-1046_Reynolds.pdf,60f256684ed3df3de01a59594e925420e3786d311ef4a32fdab260ae9b7b2210,C:\Users\gduff\Downloads\cb-tb-901-1100-v5\pdfs\CB-TB-1046_Reynolds.pdf,pdf_inventory_criminal,pdf_hash_unique|dupes=2,NO_GOLD,criminal,OFFLINE_CLIENT_PROJECTION,,,
sha:6143a53735fa41a18d3f2e69350d5159a603a07a8b1100eea346b61f99d63732,PDF-6143a53735fa,CB-TB-1702_Holt,CB-TB-1702_Holt.pdf,6143a53735fa41a18d3f2e69350d5159a603a07a8b1100eea346b61f99d63732,C:\Users\gduff\Downloads\cb-tb-1601-2200-v5-factory-run\pdfs\CB-TB-1702_Holt.pdf,pdf_inventory_criminal,pdf_hash_unique|dupes=2,NO_GOLD,criminal,OFFLINE_CLIENT_PROJECTION,,,
sha:614ad330eb224145796f3fd8a91b08d6e2672d88322bdc82304fe36e854befdf,PDF-614ad330eb22,CB-TB-1195_Doyle,CB-TB-1195_Doyle.pdf,614ad330eb224145796f3fd8a91b08d6e2672d88322bdc82304fe36e854befdf,C:\Users\gduff\Downloads\cb-tb-1101-1400-v5\pdfs\CB-TB-1195_Doyle.pdf,pdf_inventory_criminal,pdf_hash_unique|dupes=2,NO_GOLD,criminal,OFFLINE_CLIENT_PROJECTION,,,
sha:616d6d2e2fa695b14f790b0e42b8c1a26cbe8330907cb8d87671bcdc495d8a62,PDF-616d6d2e2fa6,CB-TB-1617_Rees,CB-TB-1617_Rees.pdf,616d6d2e2fa695b14f790b0e42b8c1a26cbe8330907cb8d87671bcdc495d8a62,C:\Users\gduff\Downloads\cb-tb-1601-2200-v5-factory-run\pdfs\CB-TB-1617_Rees.pdf,pdf_inventory_criminal,pdf_hash_unique|dupes=4,NO_GOLD,criminal,OFFLINE_CLIENT_PROJECTION,,,
sha:61b2255c3a7fb1c00c580c936ad2d0837fd4b234ed729eef0ff7104fcd183ea5,PDF-61b2255c3a7f,CB-TB-376_Bennett,CB-TB-376_Bennett.pdf,61b2255c3a7fb1c00c580c936ad2d0837fd4b234ed729eef0ff7104fcd183ea5,C:\Users\gduff\Downloads\cb-tb-301-400-v4\pdfs\CB-TB-376_Bennett.pdf,pdf_inventory_criminal,pdf_hash_unique|dupes=2,NO_GOLD,criminal,OFFLINE_CLIENT_PROJECTION,,,
sha:61d15aae51203fd4a1836c3bbe7675819893efb6b746817f8e63ab25e5e718c5,PDF-61d15aae5120,CB-TB-587_Grant,CB-TB-587_Grant.pdf,61d15aae51203fd4a1836c3bbe7675819893efb6b746817f8e63ab25e5e718c5,C:\Users\gduff\Downloads\cb-tb-501-600-v5-extract\pdfs\CB-TB-587_Grant.pdf,pdf_inventory_criminal,pdf_hash_unique|dupes=3,NO_GOLD,criminal,OFFLINE_CLIENT_PROJECTION,,,
sha:61d67ac4fde89df2344745474820f016fa850538db9d398b5be2def0515a4d2b,PDF-61d67ac4fde8,CB-TB-603_Wright,CB-TB-603_Wright.pdf,61d67ac4fde89df2344745474820f016fa850538db9d398b5be2def0515a4d2b,C:\Users\gduff\Downloads\cb-tb-601-700-v5\pdfs\CB-TB-603_Wright.pdf,pdf_inventory_criminal,pdf_hash_unique|dupes=1,NO_GOLD,criminal,OFFLINE_CLIENT_PROJECTION,,,
sha:61e349d137340e16329da1a4486f4b6dadfc288b45cd15ab684ba96781055276,PDF-61e349d13734,CB-TB-1600_Rowe,CB-TB-1600_Rowe.pdf,61e349d137340e16329da1a4486f4b6dadfc288b45cd15ab684ba96781055276,C:\Users\gduff\Downloads\cb-tb-1501-1600-v5-factory-run\pdfs\CB-TB-1600_Rowe.pdf,pdf_inventory_criminal,pdf_hash_unique|dupes=2,NO_GOLD,criminal,OFFLINE_CLIENT_PROJECTION,,,
sha:61ead6905f406ab6dfa45d4c82483034600b1eccf3fea1fead8ff1c7e290dc5c,PDF-61ead6905f40,CB-TB-365_Webb,CB-TB-365_Webb.pdf,61ead6905f406ab6dfa45d4c82483034600b1eccf3fea1fead8ff1c7e290dc5c,C:\Users\gduff\Downloads\cb-tb-301-400-v4\pdfs\CB-TB-365_Webb.pdf,pdf_inventory_criminal,pdf_hash_unique|dupes=2,NO_GOLD,criminal,OFFLINE_CLIENT_PROJECTION,,,
sha:61fc1f742c733ca3564994b817364b2f95a5a5826e1c3830ff7185c0ac576750,PDF-61fc1f742c73,CB-TB-1210_Shah,CB-TB-1210_Shah.pdf,61fc1f742c733ca3564994b817364b2f95a5a5826e1c3830ff7185c0ac576750,C:\Users\gduff\Downloads\cb-tb-1201-1300-v5\pdfs\CB-TB-1210_Shah.pdf,pdf_inventory_criminal,pdf_hash_unique|dupes=2,NO_GOLD,criminal,OFFLINE_CLIENT_PROJECTION,,,
sha:6202044866f3e46b34bb83c9e9c3767c80618b835e5bb6528620e10207ff0f15,PDF-6202044866f3,MG11.pdf (1),MG11.pdf (1).pdf,6202044866f3e46b34bb83c9e9c3767c80618b835e5bb6528620e10207ff0f15,C:\Users\gduff\Downloads\MG11.pdf (1).pdf,pdf_inventory,pdf_hash_unique|dupes=1,NO_GOLD,criminal,OFFLINE_CLIENT_PROJECTION,,,
sha:6207655ecde58f618b5efd9eeef6c3ccbbabc7822524702b9fe413d5642c7914,PDF-6207655ecde5,CB-TB-519_Mitchell,CB-TB-519_Mitchell.pdf,6207655ecde58f618b5efd9eeef6c3ccbbabc7822524702b9fe413d5642c7914,C:\Users\gduff\Downloads\cb-tb-501-600-v5-extract\pdfs\CB-TB-519_Mitchell.pdf,pdf_inventory_criminal,pdf_hash_unique|dupes=3,NO_GOLD,criminal,OFFLINE_CLIENT_PROJECTION,,,
sha:620d28b722fd942474750f21357a68038049e1c0f02f43d4845b94ed069f1d17,PDF-620d28b722fd,CB-TB-089_Bishop,CB-TB-089_Bishop.pdf,620d28b722fd942474750f21357a68038049e1c0f02f43d4845b94ed069f1d17,C:\Users\gduff\Downloads\cb-tb-031-100-v4\pdfs\CB-TB-089_Bishop.pdf,pdf_inventory_criminal,pdf_hash_unique|dupes=1,NO_GOLD,criminal,OFFLINE_CLIENT_PROJECTION,,,
sha:622cb504c06ba2d37a1801013c1a844c1440c1228123ea664b12a99299a8d92f,PDF-622cb504c06b,CB-TB-1995_Rahman,CB-TB-1995_Rahman.pdf,622cb504c06ba2d37a1801013c1a844c1440c1228123ea664b12a99299a8d92f,C:\Users\gduff\Downloads\cb-tb-1601-2200-v5-factory-run\pdfs\CB-TB-1995_Rahman.pdf,pdf_inventory_criminal,pdf_hash_unique|dupes=2,NO_GOLD,criminal,OFFLINE_CLIENT_PROJECTION,,,
sha:623996c4f69c6e7e491690ff84d93353d7f3b0fca745a93fd508b716f3af709d,PDF-623996c4f69c,CB-TB-998_Walsh,CB-TB-998_Walsh.pdf,623996c4f69c6e7e491690ff84d93353d7f3b0fca745a93fd508b716f3af709d,C:\Users\gduff\Downloads\cb-tb-901-1100-v5\pdfs\CB-TB-998_Walsh.pdf,pdf_inventory_criminal,pdf_hash_unique|dupes=2,NO_GOLD,criminal,OFFLINE_CLIENT_PROJECTION,,,
sha:626f0b19358068fc5263a3cb8f00f000527ad65755b144b6ced37ba6d77eb249,PDF-626f0b193580,CB-TB-1086_Dawson,CB-TB-1086_Dawson.pdf,626f0b19358068fc5263a3cb8f00f000527ad65755b144b6ced37ba6d77eb249,C:\Users\gduff\Downloads\cb-tb-901-1100-v5\pdfs\CB-TB-1086_Dawson.pdf,pdf_inventory_criminal,pdf_hash_unique|dupes=2,NO_GOLD,criminal,OFFLINE_CLIENT_PROJECTION,,,
sha:6270c1f7d31a2b0586bbb0eeb0f33070818987f2430f46a0d964af3ef185982a,PDF-6270c1f7d31a,CB-TB-1952_Cotter,CB-TB-1952_Cotter.pdf,6270c1f7d31a2b0586bbb0eeb0f33070818987f2430f46a0d964af3ef185982a,C:\Users\gduff\Downloads\cb-tb-1601-2200-v5-factory-run\pdfs\CB-TB-1952_Cotter.pdf,pdf_inventory_criminal,pdf_hash_unique|dupes=2,NO_GOLD,criminal,OFFLINE_CLIENT_PROJECTION,,,
sha:6274c8cdf9951d4b20e3565b02d66a00abb1b44c4ae3e4f781bb8e702778951b,PDF-6274c8cdf995,CB-TB-804_Okonkwo,CB-TB-804_Okonkwo.pdf,6274c8cdf9951d4b20e3565b02d66a00abb1b44c4ae3e4f781bb8e702778951b,C:\Users\gduff\Downloads\cb-tb-801-900-v5\pdfs\CB-TB-804_Okonkwo.pdf,pdf_inventory_criminal,pdf_hash_unique|dupes=1,NO_GOLD,criminal,OFFLINE_CLIENT_PROJECTION,,,
sha:6285255ddd1b139fd9413f272c8943780641139dad22ec2eb79d2aceb713ce36,PDF-6285255ddd1b,CB-TB-264_Ali,CB-TB-264_Ali.pdf,6285255ddd1b139fd9413f272c8943780641139dad22ec2eb79d2aceb713ce36,C:\Users\gduff\Downloads\cb-tb-201-300-v4\pdfs\CB-TB-264_Ali.pdf,pdf_inventory_criminal,pdf_hash_unique|dupes=1,NO_GOLD,criminal,OFFLINE_CLIENT_PROJECTION,,,
sha:628aa53ad6ca0d6ee856e0562648e660b31e54877a88c87df6202016f3637588,PDF-628aa53ad6ca,CB-TB-1111_Baines,CB-TB-1111_Baines.pdf,628aa53ad6ca0d6ee856e0562648e660b31e54877a88c87df6202016f3637588,C:\Users\gduff\Downloads\cb-tb-1101-1400-v5\pdfs\CB-TB-1111_Baines.pdf,pdf_inventory_criminal,pdf_hash_unique|dupes=2,NO_GOLD,criminal,OFFLINE_CLIENT_PROJECTION,,,
sha:628ef8bebaffb03fcad3b55dcb097773740e9712a33047598462e355624674d9,PDF-628ef8bebaff,CB-TB-1170_Foster,CB-TB-1170_Foster.pdf,628ef8bebaffb03fcad3b55dcb097773740e9712a33047598462e355624674d9,C:\Users\gduff\Downloads\cb-tb-1101-1400-v5\pdfs\CB-TB-1170_Foster.pdf,pdf_inventory_criminal,pdf_hash_unique|dupes=2,NO_GOLD,criminal,OFFLINE_CLIENT_PROJECTION,,,
sha:62a868c1213122b6b84bbdb573ae95cc93601776d832c5a0af25f4d1cc6d47f0,PDF-62a868c12131,CB-TB-1612_Moran,CB-TB-1612_Moran.pdf,62a868c1213122b6b84bbdb573ae95cc93601776d832c5a0af25f4d1cc6d47f0,C:\Users\gduff\Downloads\cb-tb-1601-2200-v5-factory-run\pdfs\CB-TB-1612_Moran.pdf,pdf_inventory_criminal,pdf_hash_unique|dupes=4,NO_GOLD,criminal,OFFLINE_CLIENT_PROJECTION,,,
sha:62aca56ab7f36eeac0644b40c9f7dabd61a32aaf7db5915a2739b54cc04fff9c,PDF-62aca56ab7f3,CB-TB-573_Patel,CB-TB-573_Patel.pdf,62aca56ab7f36eeac0644b40c9f7dabd61a32aaf7db5915a2739b54cc04fff9c,C:\Users\gduff\Downloads\cb-tb-501-600-v5-extract\pdfs\CB-TB-573_Patel.pdf,pdf_inventory_criminal,pdf_hash_unique|dupes=3,NO_GOLD,criminal,OFFLINE_CLIENT_PROJECTION,,,
sha:62b5dd2f58c2c2e7647d2b6b282bfb84a662e015743a3ead109dc05402e614bc,PDF-62b5dd2f58c2,CB-TB-145_Lane,CB-TB-145_Lane.pdf,62b5dd2f58c2c2e7647d2b6b282bfb84a662e015743a3ead109dc05402e614bc,C:\Users\gduff\Downloads\cb-tb-101-200-v4\pdfs\CB-TB-145_Lane.pdf,pdf_inventory_criminal,pdf_hash_unique|dupes=1,NO_GOLD,criminal,OFFLINE_CLIENT_PROJECTION,,,
sha:62ce1dab7104c4913666803b604195ca7c6084ad85af2bd26a6084be5f0b2e16,PDF-62ce1dab7104,CB-TB-03_Ashleigh_Merritt,CB-TB-03_Ashleigh_Merritt.pdf,62ce1dab7104c4913666803b604195ca7c6084ad85af2bd26a6084be5f0b2e16,C:\Users\gduff\Downloads\CB-TB-03_Ashleigh_Merritt.pdf,pdf_inventory_criminal,pdf_hash_unique|dupes=2,NO_GOLD,criminal,BACKEND_LIVE,,6cf246a1-b353-46fc-a1fd-857f3d1868ea,new cases for cursor — Case 3
sha:62ea413c865df38f64405582c6e5055598b2880a1a05ca4c44f35faef9c4584f,PDF-62ea413c865d,CB-TB-1710_Barker,CB-TB-1710_Barker.pdf,62ea413c865df38f64405582c6e5055598b2880a1a05ca4c44f35faef9c4584f,C:\Users\gduff\Downloads\cb-tb-1601-2200-v5-factory-run\pdfs\CB-TB-1710_Barker.pdf,pdf_inventory_criminal,pdf_hash_unique|dupes=2,NO_GOLD,criminal,OFFLINE_CLIENT_PROJECTION,,,
sha:6309fc9cb9badf9b0ad041c3488913a92230ca96fe7db76d2d9a61f77573664f,PDF-6309fc9cb9ba,CB-TB-2164_Wright,CB-TB-2164_Wright.pdf,6309fc9cb9badf9b0ad041c3488913a92230ca96fe7db76d2d9a61f77573664f,C:\Users\gduff\Downloads\cb-tb-1601-2200-v5-factory-run\pdfs\CB-TB-2164_Wright.pdf,pdf_inventory_criminal,pdf_hash_unique|dupes=2,NO_GOLD,criminal,OFFLINE_CLIENT_PROJECTION,,,
sha:6338524587e6a47f8bd42890a8ea05e1c1328ccb27d6e6a4869b5424f644d345,PDF-6338524587e6,CB-TB-1374_Khan,CB-TB-1374_Khan.pdf,6338524587e6a47f8bd42890a8ea05e1c1328ccb27d6e6a4869b5424f644d345,C:\Users\gduff\Downloads\cb-tb-1301-1400-v5\pdfs\CB-TB-1374_Khan.pdf,pdf_inventory_criminal,pdf_hash_unique|dupes=2,NO_GOLD,criminal,OFFLINE_CLIENT_PROJECTION,,,
sha:6393bb4453b2c82a35ac169442bca4e3915cbe44d8efae12101fa98a37a8a9c2,PDF-6393bb4453b2,custody.pdf (1),custody.pdf (1).pdf,6393bb4453b2c82a35ac169442bca4e3915cbe44d8efae12101fa98a37a8a9c2,C:\Users\gduff\Downloads\custody.pdf (1).pdf,pdf_inventory,pdf_hash_unique|dupes=1,NO_GOLD,criminal,OFFLINE_CLIENT_PROJECTION,,,
sha:63b4c9c7cd8521ddb2bf9f3a587919ceb07de83022cd36d751192c8dd5a0974a,PDF-63b4c9c7cd85,CB-TB-1790_Denton,CB-TB-1790_Denton.pdf,63b4c9c7cd8521ddb2bf9f3a587919ceb07de83022cd36d751192c8dd5a0974a,C:\Users\gduff\Downloads\cb-tb-1601-2200-v5-factory-run\pdfs\CB-TB-1790_Denton.pdf,pdf_inventory_criminal,pdf_hash_unique|dupes=2,NO_GOLD,criminal,OFFLINE_CLIENT_PROJECTION,,,
sha:63c63b66d890ed9e0b6f4ab2579bef79a97f5052235f5412f4a8dc076aaed4f0,PDF-63c63b66d890,CB-TB-761_Clarke,CB-TB-761_Clarke.pdf,63c63b66d890ed9e0b6f4ab2579bef79a97f5052235f5412f4a8dc076aaed4f0,C:\Users\gduff\Downloads\cb-tb-701-800-v5\pdfs\CB-TB-761_Clarke.pdf,pdf_inventory_criminal,pdf_hash_unique|dupes=1,NO_GOLD,criminal,OFFLINE_CLIENT_PROJECTION,,,
sha:63c900ef8148baf2a175a1ed30a3cfeb27270dbf4df7647812860423b0a7d13d,PDF-63c900ef8148,CB-TB-1991_Cotter,CB-TB-1991_Cotter.pdf,63c900ef8148baf2a175a1ed30a3cfeb27270dbf4df7647812860423b0a7d13d,C:\Users\gduff\Downloads\cb-tb-1601-2200-v5-factory-run\pdfs\CB-TB-1991_Cotter.pdf,pdf_inventory_criminal,pdf_hash_unique|dupes=2,NO_GOLD,criminal,OFFLINE_CLIENT_PROJECTION,,,
sha:63d43cba72f6c0ab286b1af2bca69e3759bf09cf4c63016844f33c4ea9b0c837,PDF-63d43cba72f6,CB-TB-992_Hale,CB-TB-992_Hale.pdf,63d43cba72f6c0ab286b1af2bca69e3759bf09cf4c63016844f33c4ea9b0c837,C:\Users\gduff\Downloads\cb-tb-901-1100-v5\pdfs\CB-TB-992_Hale.pdf,pdf_inventory_criminal,pdf_hash_unique|dupes=2,NO_GOLD,criminal,OFFLINE_CLIENT_PROJECTION,,,
sha:63e47ef4ae6c16fde9732797e4446da4dd6a2fe2e966c0a4b56cd78a5b3c95f6,PDF-63e47ef4ae6c,CB-TB-341_Tanner,CB-TB-341_Tanner.pdf,63e47ef4ae6c16fde9732797e4446da4dd6a2fe2e966c0a4b56cd78a5b3c95f6,C:\Users\gduff\Downloads\cb-tb-301-400-v4\pdfs\CB-TB-341_Tanner.pdf,pdf_inventory_criminal,pdf_hash_unique|dupes=2,NO_GOLD,criminal,OFFLINE_CLIENT_PROJECTION,,,
sha:63ecb787dae71cf94e0f8e81be4010bbf34b02186611215df6c9ebf76fafcda6,PDF-63ecb787dae7,CB-TB-2047_Sutton,CB-TB-2047_Sutton.pdf,63ecb787dae71cf94e0f8e81be4010bbf34b02186611215df6c9ebf76fafcda6,C:\Users\gduff\Downloads\cb-tb-1601-2200-v5-factory-run\pdfs\CB-TB-2047_Sutton.pdf,pdf_inventory_criminal,pdf_hash_unique|dupes=2,NO_GOLD,criminal,OFFLINE_CLIENT_PROJECTION,,,
sha:63f93acf497aa1ed52c02155bfca6d1454cebd610c0d8140a942c2f103a8ce29,PDF-63f93acf497a,CB-TB-1234_Greene,CB-TB-1234_Greene.pdf,63f93acf497aa1ed52c02155bfca6d1454cebd610c0d8140a942c2f103a8ce29,C:\Users\gduff\Downloads\cb-tb-1201-1300-v5\pdfs\CB-TB-1234_Greene.pdf,pdf_inventory_criminal,pdf_hash_unique|dupes=2,NO_GOLD,criminal,OFFLINE_CLIENT_PROJECTION,,,
sha:6429fb3b75436e48d7972943d073c7f23a7fc07e917bd0206e50f31f76325135,PDF-6429fb3b7543,CB-TB-830_Doyle,CB-TB-830_Doyle.pdf,6429fb3b75436e48d7972943d073c7f23a7fc07e917bd0206e50f31f76325135,C:\Users\gduff\Downloads\cb-tb-801-900-v5\pdfs\CB-TB-830_Doyle.pdf,pdf_inventory_criminal,pdf_hash_unique|dupes=1,NO_GOLD,criminal,OFFLINE_CLIENT_PROJECTION,,,
sha:6434a2da4578f59c0423e4410883ce6c12b3138095091fc0ad123d39bb93ecc0,PDF-6434a2da4578,CB-TB-1396_Bell,CB-TB-1396_Bell.pdf,6434a2da4578f59c0423e4410883ce6c12b3138095091fc0ad123d39bb93ecc0,C:\Users\gduff\Downloads\cb-tb-1301-1400-v5\pdfs\CB-TB-1396_Bell.pdf,pdf_inventory_criminal,pdf_hash_unique|dupes=2,NO_GOLD,criminal,OFFLINE_CLIENT_PROJECTION,,,
sha:64517be58b0304695bae00b9a8d9f542477189702f17324db4b9a43d32617cf2,PDF-64517be58b03,CB-TB-436_Lloyd,CB-TB-436_Lloyd.pdf,64517be58b0304695bae00b9a8d9f542477189702f17324db4b9a43d32617cf2,C:\Users\gduff\Downloads\cb-tb-401-500-v5\pdfs\CB-TB-436_Lloyd.pdf,pdf_inventory_criminal,pdf_hash_unique|dupes=2,NO_GOLD,criminal,OFFLINE_CLIENT_PROJECTION,,,
sha:649d8d11966830e2d8fb32669c1db40c23f6fa5643fee16297463f2114fdeeba,PDF-649d8d119668,CB-TB-1397_Doyle,CB-TB-1397_Doyle.pdf,649d8d11966830e2d8fb32669c1db40c23f6fa5643fee16297463f2114fdeeba,C:\Users\gduff\Downloads\cb-tb-1301-1400-v5\pdfs\CB-TB-1397_Doyle.pdf,pdf_inventory_criminal,pdf_hash_unique|dupes=2,NO_GOLD,criminal,OFFLINE_CLIENT_PROJECTION,,,
sha:64a8df168a07d9fe4302e4baa6bfc98abfd6dc1cb6267e2c265cc4c2bc1a7aa5,PDF-64a8df168a07,CB-TB-1063_Marsh,CB-TB-1063_Marsh.pdf,64a8df168a07d9fe4302e4baa6bfc98abfd6dc1cb6267e2c265cc4c2bc1a7aa5,C:\Users\gduff\Downloads\cb-tb-901-1100-v5\pdfs\CB-TB-1063_Marsh.pdf,pdf_inventory_criminal,pdf_hash_unique|dupes=2,NO_GOLD,criminal,OFFLINE_CLIENT_PROJECTION,,,
sha:64bb148b99faaf7f22b236cfc99562b2ec0b0724855631e87327f3b4c61c44ee,PDF-64bb148b99fa,CB-TB-1309_Hart,CB-TB-1309_Hart.pdf,64bb148b99faaf7f22b236cfc99562b2ec0b0724855631e87327f3b4c61c44ee,C:\Users\gduff\Downloads\cb-tb-1301-1400-v5\pdfs\CB-TB-1309_Hart.pdf,pdf_inventory_criminal,pdf_hash_unique|dupes=2,NO_GOLD,criminal,OFFLINE_CLIENT_PROJECTION,,,
sha:64e6c741bb24f4d5ca0535974cfcab22298d3b2ddbd602f3dc4ac43346211d56,PDF-64e6c741bb24,CB-TB-1273_Thornton,CB-TB-1273_Thornton.pdf,64e6c741bb24f4d5ca0535974cfcab22298d3b2ddbd602f3dc4ac43346211d56,C:\Users\gduff\Downloads\cb-tb-1201-1300-v5\pdfs\CB-TB-1273_Thornton.pdf,pdf_inventory_criminal,pdf_hash_unique|dupes=2,NO_GOLD,criminal,OFFLINE_CLIENT_PROJECTION,,,
sha:64e7fa3fd754bb90a27161ad81513646ff75a8808056c9f7de1422285ed48196,PDF-64e7fa3fd754,CB-TB-026_Adeyemi,CB-TB-026_Adeyemi.pdf,64e7fa3fd754bb90a27161ad81513646ff75a8808056c9f7de1422285ed48196,C:\Users\gduff\Downloads\cb-tb-001-050-v3\pdfs\CB-TB-026_Adeyemi.pdf,pdf_inventory_criminal,pdf_hash_unique|dupes=2,NO_GOLD,criminal,OFFLINE_CLIENT_PROJECTION,,,
sha:64ea94442efdaf1dce501ed59e0648b2458fbf8d1257b6764e38b42cc30e79b3,PDF-64ea94442efd,CB-TB-1400_Merritt,CB-TB-1400_Merritt.pdf,64ea94442efdaf1dce501ed59e0648b2458fbf8d1257b6764e38b42cc30e79b3,C:\Users\gduff\Downloads\cb-tb-1301-1400-v5\pdfs\CB-TB-1400_Merritt.pdf,pdf_inventory_criminal,pdf_hash_unique|dupes=2,NO_GOLD,criminal,OFFLINE_CLIENT_PROJECTION,,,
sha:6500a85462fe9779660361580d1f79c303e498e45b334d5e5c6dd68cf3e70992,PDF-6500a85462fe,CB-TB-1476_Marsh,CB-TB-1476_Marsh.pdf,6500a85462fe9779660361580d1f79c303e498e45b334d5e5c6dd68cf3e70992,C:\Users\gduff\Downloads\cb-tb-1401-1500-v5-tmp\pdfs\CB-TB-1476_Marsh.pdf,pdf_inventory_criminal,pdf_hash_unique|dupes=1,NO_GOLD,criminal,OFFLINE_CLIENT_PROJECTION,,,
sha:65131fc9f3018404241c806abc7d602868c494ef14917e29f25729f7fe24131e,PDF-65131fc9f301,CB-TB-1902_Tobin,CB-TB-1902_Tobin.pdf,65131fc9f3018404241c806abc7d602868c494ef14917e29f25729f7fe24131e,C:\Users\gduff\Downloads\cb-tb-1601-2200-v5-factory-run\pdfs\CB-TB-1902_Tobin.pdf,pdf_inventory_criminal,pdf_hash_unique|dupes=2,NO_GOLD,criminal,OFFLINE_CLIENT_PROJECTION,,,
sha:6520b63f3d621fa23a6a271d41386d88037401aa52d2846422a6306115f716f1,PDF-6520b63f3d62,CB-TB-334_Clarke,CB-TB-334_Clarke.pdf,6520b63f3d621fa23a6a271d41386d88037401aa52d2846422a6306115f716f1,C:\Users\gduff\Downloads\cb-tb-301-400-v4\pdfs\CB-TB-334_Clarke.pdf,pdf_inventory_criminal,pdf_hash_unique|dupes=2,NO_GOLD,criminal,OFFLINE_CLIENT_PROJECTION,,,
sha:654ed6612aa273d49187aa4645536578f4e284333fe11c7682d50580c14c4853,PDF-654ed6612aa2,CB-TB-2038_Mitchell,CB-TB-2038_Mitchell.pdf,654ed6612aa273d49187aa4645536578f4e284333fe11c7682d50580c14c4853,C:\Users\gduff\Downloads\cb-tb-1601-2200-v5-factory-run\pdfs\CB-TB-2038_Mitchell.pdf,pdf_inventory_criminal,pdf_hash_unique|dupes=2,NO_GOLD,criminal,OFFLINE_CLIENT_PROJECTION,,,
sha:6561e406079d781f5218af4b79850fbe565fe763e4c42b59801c72e5a8a4ca9f,PDF-6561e406079d,CB-TB-1923_Varga,CB-TB-1923_Varga.pdf,6561e406079d781f5218af4b79850fbe565fe763e4c42b59801c72e5a8a4ca9f,C:\Users\gduff\Downloads\cb-tb-1601-2200-v5-factory-run\pdfs\CB-TB-1923_Varga.pdf,pdf_inventory_criminal,pdf_hash_unique|dupes=2,NO_GOLD,criminal,OFFLINE_CLIENT_PROJECTION,,,
sha:6578a77a91dd19291de516f13bbb96699256233dee16dcfe5d0af0aa54ec41b3,PDF-6578a77a91dd,CB-TB-1805_Tate,CB-TB-1805_Tate.pdf,6578a77a91dd19291de516f13bbb96699256233dee16dcfe5d0af0aa54ec41b3,C:\Users\gduff\Downloads\cb-tb-1601-2200-v5-factory-run\pdfs\CB-TB-1805_Tate.pdf,pdf_inventory_criminal,pdf_hash_unique|dupes=2,NO_GOLD,criminal,OFFLINE_CLIENT_PROJECTION,,,
sha:658fe9bdff94c1243fa6349e71e42238d61dd372c7fbeadaa00d4f1e512d0766,PDF-658fe9bdff94,CB-TB-421_Coates,CB-TB-421_Coates.pdf,658fe9bdff94c1243fa6349e71e42238d61dd372c7fbeadaa00d4f1e512d0766,C:\Users\gduff\Downloads\cb-tb-401-500-v5\pdfs\CB-TB-421_Coates.pdf,pdf_inventory_criminal,pdf_hash_unique|dupes=2,NO_GOLD,criminal,OFFLINE_CLIENT_PROJECTION,,,
sha:65aa7d71de54370b03719dba396e08bedfc47821a248e53ad03662f1d8a47088,PDF-65aa7d71de54,CB-TB-1787_Keane,CB-TB-1787_Keane.pdf,65aa7d71de54370b03719dba396e08bedfc47821a248e53ad03662f1d8a47088,C:\Users\gduff\Downloads\cb-tb-1601-2200-v5-factory-run\pdfs\CB-TB-1787_Keane.pdf,pdf_inventory_criminal,pdf_hash_unique|dupes=2,NO_GOLD,criminal,OFFLINE_CLIENT_PROJECTION,,,
sha:65c030333c679bd86c6a08ed3c3eb7c685f435b28f5ce855d065bed9698c0eec,PDF-65c030333c67,CB-TB-1512_White,CB-TB-1512_White.pdf,65c030333c679bd86c6a08ed3c3eb7c685f435b28f5ce855d065bed9698c0eec,C:\Users\gduff\Downloads\cb-tb-1501-1600-v5-factory-run\pdfs\CB-TB-1512_White.pdf,pdf_inventory_criminal,pdf_hash_unique|dupes=2,NO_GOLD,criminal,OFFLINE_CLIENT_PROJECTION,,,
sha:65d3134e7bf2152680b01966091051de31bf97a5ec0c2d5a7d8736c5fe192947,PDF-65d3134e7bf2,CB-TB-051_Walsh,CB-TB-051_Walsh.pdf,65d3134e7bf2152680b01966091051de31bf97a5ec0c2d5a7d8736c5fe192947,C:\Users\gduff\Downloads\cb-tb-031-100-v4\pdfs\CB-TB-051_Walsh.pdf,pdf_inventory_criminal,pdf_hash_unique|dupes=1,NO_GOLD,criminal,OFFLINE_CLIENT_PROJECTION,,,
sha:65e1b5bb69df02cea789bbcc79e635abe3f83ccc9af605d7a41d840d469e4523,PDF-65e1b5bb69df,CB-TB-1061_Carter,CB-TB-1061_Carter.pdf,65e1b5bb69df02cea789bbcc79e635abe3f83ccc9af605d7a41d840d469e4523,C:\Users\gduff\Downloads\cb-tb-901-1100-v5\pdfs\CB-TB-1061_Carter.pdf,pdf_inventory_criminal,pdf_hash_unique|dupes=2,NO_GOLD,criminal,OFFLINE_CLIENT_PROJECTION,,,
sha:65ec148f837298f352c1c93217e27a1aefeecf0f635363957b6d60c3eeebabbd,PDF-65ec148f8372,CB-TB-1320_Ross,CB-TB-1320_Ross.pdf,65ec148f837298f352c1c93217e27a1aefeecf0f635363957b6d60c3eeebabbd,C:\Users\gduff\Downloads\cb-tb-1301-1400-v5\pdfs\CB-TB-1320_Ross.pdf,pdf_inventory_criminal,pdf_hash_unique|dupes=2,NO_GOLD,criminal,OFFLINE_CLIENT_PROJECTION,,,
sha:65edb782ad8a7fe9916782601cd929e8f62237e655de5c41ecae3f96e411eb23,PDF-65edb782ad8a,CB-TB-638_Harper,CB-TB-638_Harper.pdf,65edb782ad8a7fe9916782601cd929e8f62237e655de5c41ecae3f96e411eb23,C:\Users\gduff\Downloads\cb-tb-601-700-v5\pdfs\CB-TB-638_Harper.pdf,pdf_inventory_criminal,pdf_hash_unique|dupes=1,NO_GOLD,criminal,OFFLINE_CLIENT_PROJECTION,,,
sha:65f251fb809013d9a6f40e51afcad26e9b9f528a454cb3571d93cbf1f4387e0c,PDF-65f251fb8090,CB-TB-034_Merritt,CB-TB-034_Merritt.pdf,65f251fb809013d9a6f40e51afcad26e9b9f528a454cb3571d93cbf1f4387e0c,C:\Users\gduff\Downloads\cb-tb-031-100-v4\pdfs\CB-TB-034_Merritt.pdf,pdf_inventory_criminal,pdf_hash_unique|dupes=1,NO_GOLD,criminal,OFFLINE_CLIENT_PROJECTION,,,
sha:65ff52d85505b37d930d92aecb920dacfc17f280fffce4931217dc2f32135166,PDF-65ff52d85505,CB-TB-2172_Hughes,CB-TB-2172_Hughes.pdf,65ff52d85505b37d930d92aecb920dacfc17f280fffce4931217dc2f32135166,C:\Users\gduff\Downloads\cb-tb-1601-2200-v5-factory-run\pdfs\CB-TB-2172_Hughes.pdf,pdf_inventory_criminal,pdf_hash_unique|dupes=2,NO_GOLD,criminal,OFFLINE_CLIENT_PROJECTION,,,
sha:6604856d89f56abecfbe0dea8c07657b09062538631d3c571c47f7ece2baea7c,PDF-6604856d89f5,CB-TB-517_Coleman,CB-TB-517_Coleman.pdf,6604856d89f56abecfbe0dea8c07657b09062538631d3c571c47f7ece2baea7c,C:\Users\gduff\Downloads\cb-tb-501-600-v5-extract\pdfs\CB-TB-517_Coleman.pdf,pdf_inventory_criminal,pdf_hash_unique|dupes=3,NO_GOLD,criminal,OFFLINE_CLIENT_PROJECTION,,,
sha:6604cc5a8958803fab7ef578c3344aa136db0cda72470b4e65ae91c65cc30d30,PDF-6604cc5a8958,CB-TB-1536_Khan,CB-TB-1536_Khan.pdf,6604cc5a8958803fab7ef578c3344aa136db0cda72470b4e65ae91c65cc30d30,C:\Users\gduff\Downloads\cb-tb-1501-1600-v5-factory-run\pdfs\CB-TB-1536_Khan.pdf,pdf_inventory_criminal,pdf_hash_unique|dupes=2,NO_GOLD,criminal,OFFLINE_CLIENT_PROJECTION,,,
sha:661168462d1f2714dca92c803e638ffe7eb49b3837f1d6bcf461103daff11d94,PDF-661168462d1f,CB-TB-542_Brooks,CB-TB-542_Brooks.pdf,661168462d1f2714dca92c803e638ffe7eb49b3837f1d6bcf461103daff11d94,C:\Users\gduff\Downloads\cb-tb-501-600-v5-extract\pdfs\CB-TB-542_Brooks.pdf,pdf_inventory_criminal,pdf_hash_unique|dupes=3,NO_GOLD,criminal,OFFLINE_CLIENT_PROJECTION,,,
sha:66470328e8f0dcef6043cb0e9785d0a1313b3605ec65f613965873f96635b6a2,PDF-66470328e8f0,CB-TB-1106_Patterson,CB-TB-1106_Patterson.pdf,66470328e8f0dcef6043cb0e9785d0a1313b3605ec65f613965873f96635b6a2,C:\Users\gduff\Downloads\cb-tb-1101-1400-v5\pdfs\CB-TB-1106_Patterson.pdf,pdf_inventory_criminal,pdf_hash_unique|dupes=2,NO_GOLD,criminal,OFFLINE_CLIENT_PROJECTION,,,
sha:66714b208fac4db0f7c81c009b129fb7518ccca43bcec476324ca7d1c0a9f6ed,PDF-66714b208fac,CB-TB-1013_Burke,CB-TB-1013_Burke.pdf,66714b208fac4db0f7c81c009b129fb7518ccca43bcec476324ca7d1c0a9f6ed,C:\Users\gduff\Downloads\cb-tb-901-1100-v5\pdfs\CB-TB-1013_Burke.pdf,pdf_inventory_criminal,pdf_hash_unique|dupes=2,NO_GOLD,criminal,OFFLINE_CLIENT_PROJECTION,,,
sha:66736201fa6eaf0dfbb3070f57c3322258706bb4e313ec213131868bac2e1864,PDF-66736201fa6e,CB-TB-038_Hayes,CB-TB-038_Hayes.pdf,66736201fa6eaf0dfbb3070f57c3322258706bb4e313ec213131868bac2e1864,C:\Users\gduff\Downloads\cb-tb-001-050-v3\pdfs\CB-TB-038_Hayes.pdf,pdf_inventory_criminal,pdf_hash_unique|dupes=2,NO_GOLD,criminal,OFFLINE_CLIENT_PROJECTION,,,
sha:66a3f89b5dc1237b664da649a0bf25841b5e0ab874697334ae643303a87be3c5,PDF-66a3f89b5dc1,CB-TB-764_Khan,CB-TB-764_Khan.pdf,66a3f89b5dc1237b664da649a0bf25841b5e0ab874697334ae643303a87be3c5,C:\Users\gduff\Downloads\cb-tb-701-800-v5\pdfs\CB-TB-764_Khan.pdf,pdf_inventory_criminal,pdf_hash_unique|dupes=1,NO_GOLD,criminal,OFFLINE_CLIENT_PROJECTION,,,
sha:66a5eaf8d577fc9c1ecb1258fab0c7ab478a2d35a9e2ba2d57f9f02d41f2cbc5,PDF-66a5eaf8d577,CB-TB-625_Clarke,CB-TB-625_Clarke.pdf,66a5eaf8d577fc9c1ecb1258fab0c7ab478a2d35a9e2ba2d57f9f02d41f2cbc5,C:\Users\gduff\Downloads\cb-tb-601-700-v5\pdfs\CB-TB-625_Clarke.pdf,pdf_inventory_criminal,pdf_hash_unique|dupes=1,NO_GOLD,criminal,OFFLINE_CLIENT_PROJECTION,,,
sha:66efca0530c962167f5a9bc5b1a22c2b852b195aa150d6d6586a31f74cfad3c2,PDF-66efca0530c9,CB-TB-559_Patel,CB-TB-559_Patel.pdf,66efca0530c962167f5a9bc5b1a22c2b852b195aa150d6d6586a31f74cfad3c2,C:\Users\gduff\Downloads\cb-tb-501-600-v5-extract\pdfs\CB-TB-559_Patel.pdf,pdf_inventory_criminal,pdf_hash_unique|dupes=3,NO_GOLD,criminal,OFFLINE_CLIENT_PROJECTION,,,
sha:66f6a88fb4a1cb9d05856620f7228f2033b0338ebf203d79931e3928ed2b669d,PDF-66f6a88fb4a1,CB-TB-507_Rees,CB-TB-507_Rees.pdf,66f6a88fb4a1cb9d05856620f7228f2033b0338ebf203d79931e3928ed2b669d,C:\Users\gduff\Downloads\cb-tb-501-600-v5-extract\pdfs\CB-TB-507_Rees.pdf,pdf_inventory_criminal,pdf_hash_unique|dupes=3,NO_GOLD,criminal,OFFLINE_CLIENT_PROJECTION,,,
sha:671fcffdf01cfb327dea2213132b796ce6e53ec9e33982532d54cb70320c191e,PDF-671fcffdf01c,CB-TB-275_Patel,CB-TB-275_Patel.pdf,671fcffdf01cfb327dea2213132b796ce6e53ec9e33982532d54cb70320c191e,C:\Users\gduff\Downloads\cb-tb-201-300-v4\pdfs\CB-TB-275_Patel.pdf,pdf_inventory_criminal,pdf_hash_unique|dupes=1,NO_GOLD,criminal,OFFLINE_CLIENT_PROJECTION,,,
sha:6730a3e4b1548f2845f6abbdb1e29b4848bcc87b6acac8ff3f95bbd1c66c0851,PDF-6730a3e4b154,CB-TB-1920_Kaur,CB-TB-1920_Kaur.pdf,6730a3e4b1548f2845f6abbdb1e29b4848bcc87b6acac8ff3f95bbd1c66c0851,C:\Users\gduff\Downloads\cb-tb-1601-2200-v5-factory-run\pdfs\CB-TB-1920_Kaur.pdf,pdf_inventory_criminal,pdf_hash_unique|dupes=2,NO_GOLD,criminal,OFFLINE_CLIENT_PROJECTION,,,
sha:673f3e8db2577a36f70c9351c676cf23ab841d28e52a297c7ee6298041e6573a,PDF-673f3e8db257,CB-TB-1395_Lark,CB-TB-1395_Lark.pdf,673f3e8db2577a36f70c9351c676cf23ab841d28e52a297c7ee6298041e6573a,C:\Users\gduff\Downloads\cb-tb-1301-1400-v5\pdfs\CB-TB-1395_Lark.pdf,pdf_inventory_criminal,pdf_hash_unique|dupes=2,NO_GOLD,criminal,OFFLINE_CLIENT_PROJECTION,,,
sha:67612331b77cf5c8dddfabf8cdb6b0cdd20e06dfb1e2a8bd32b22e2103f5356a,PDF-67612331b77c,CB-TB-1483_Greene,CB-TB-1483_Greene.pdf,67612331b77cf5c8dddfabf8cdb6b0cdd20e06dfb1e2a8bd32b22e2103f5356a,C:\Users\gduff\Downloads\cb-tb-1401-1500-v5-tmp\pdfs\CB-TB-1483_Greene.pdf,pdf_inventory_criminal,pdf_hash_unique|dupes=1,NO_GOLD,criminal,OFFLINE_CLIENT_PROJECTION,,,
sha:676e5464b1c1785e1e428e735b2ef7c099134cb0f94b542443556c84bd480a9e,PDF-676e5464b1c1,CB-TB-1460_Turner,CB-TB-1460_Turner.pdf,676e5464b1c1785e1e428e735b2ef7c099134cb0f94b542443556c84bd480a9e,C:\Users\gduff\Downloads\cb-tb-1401-1500-v5-tmp\pdfs\CB-TB-1460_Turner.pdf,pdf_inventory_criminal,pdf_hash_unique|dupes=1,NO_GOLD,criminal,OFFLINE_CLIENT_PROJECTION,,,
sha:67a9a7eda4624bef54eba9a9d21a22efa622929425c99b1bbf4f5f6cb091d029,PDF-67a9a7eda462,CB-TB-171_Palmer,CB-TB-171_Palmer.pdf,67a9a7eda4624bef54eba9a9d21a22efa622929425c99b1bbf4f5f6cb091d029,C:\Users\gduff\Downloads\cb-tb-101-200-v4\pdfs\CB-TB-171_Palmer.pdf,pdf_inventory_criminal,pdf_hash_unique|dupes=1,NO_GOLD,criminal,OFFLINE_CLIENT_PROJECTION,,,
sha:67e4d152e7a9f004ab2e41e46498ed3003986b00d9b2daf93cc6b5748246cc9a,PDF-67e4d152e7a9,CB-TB-2076_Ford,CB-TB-2076_Ford.pdf,67e4d152e7a9f004ab2e41e46498ed3003986b00d9b2daf93cc6b5748246cc9a,C:\Users\gduff\Downloads\cb-tb-1601-2200-v5-factory-run\pdfs\CB-TB-2076_Ford.pdf,pdf_inventory_criminal,pdf_hash_unique|dupes=2,NO_GOLD,criminal,OFFLINE_CLIENT_PROJECTION,,,
sha:67ffa1cd314928d4cd8ae323904cfe444d8ba3d85c575818655a7161292049d6,PDF-67ffa1cd3149,CB-TB-223_Pike,CB-TB-223_Pike.pdf,67ffa1cd314928d4cd8ae323904cfe444d8ba3d85c575818655a7161292049d6,C:\Users\gduff\Downloads\cb-tb-201-300-v4\pdfs\CB-TB-223_Pike.pdf,pdf_inventory_criminal,pdf_hash_unique|dupes=1,NO_GOLD,criminal,OFFLINE_CLIENT_PROJECTION,,,
sha:681a215814f8603519339871908ed3525d21f66a20f21d4ed0a63351dfbbe6f0,PDF-681a215814f8,CB-TB-700_Parker,CB-TB-700_Parker.pdf,681a215814f8603519339871908ed3525d21f66a20f21d4ed0a63351dfbbe6f0,C:\Users\gduff\Downloads\cb-tb-601-700-v5\pdfs\CB-TB-700_Parker.pdf,pdf_inventory_criminal,pdf_hash_unique|dupes=1,NO_GOLD,criminal,OFFLINE_CLIENT_PROJECTION,,,
sha:683834aba543ca0e3aa720361dffbcb8194e5fa68e915fc55d4b0fb06282eae9,PDF-683834aba543,CB-TB-1304_Patterson,CB-TB-1304_Patterson.pdf,683834aba543ca0e3aa720361dffbcb8194e5fa68e915fc55d4b0fb06282eae9,C:\Users\gduff\Downloads\cb-tb-1301-1400-v5\pdfs\CB-TB-1304_Patterson.pdf,pdf_inventory_criminal,pdf_hash_unique|dupes=2,NO_GOLD,criminal,OFFLINE_CLIENT_PROJECTION,,,
sha:683c76ce8df27ae1e1ed50ace27ba32863988d453a20fd2b7f0545726443f1a5,PDF-683c76ce8df2,CB-TB-1193_Vale,CB-TB-1193_Vale.pdf,683c76ce8df27ae1e1ed50ace27ba32863988d453a20fd2b7f0545726443f1a5,C:\Users\gduff\Downloads\cb-tb-1101-1400-v5\pdfs\CB-TB-1193_Vale.pdf,pdf_inventory_criminal,pdf_hash_unique|dupes=2,NO_GOLD,criminal,OFFLINE_CLIENT_PROJECTION,,,
sha:68672acdf5e7bc2a2381be7316803cf16625f5f3c03dda239592c16e9c58375e,PDF-68672acdf5e7,CB-TB-126_Cross,CB-TB-126_Cross.pdf,68672acdf5e7bc2a2381be7316803cf16625f5f3c03dda239592c16e9c58375e,C:\Users\gduff\Downloads\cb-tb-101-200-v4\pdfs\CB-TB-126_Cross.pdf,pdf_inventory_criminal,pdf_hash_unique|dupes=1,NO_GOLD,criminal,OFFLINE_CLIENT_PROJECTION,,,
sha:68942a9e2a122322cea555d9c8f57b7de1c73f32f833d5976bef7e2c8b35a016,PDF-68942a9e2a12,CB-TB-751_Doyle,CB-TB-751_Doyle.pdf,68942a9e2a122322cea555d9c8f57b7de1c73f32f833d5976bef7e2c8b35a016,C:\Users\gduff\Downloads\cb-tb-701-800-v5\pdfs\CB-TB-751_Doyle.pdf,pdf_inventory_criminal,pdf_hash_unique|dupes=1,NO_GOLD,criminal,OFFLINE_CLIENT_PROJECTION,,,
sha:6899eb11b0d37965c7dafbaf1d1c81c1077dc8815200cfbd2c7b1b39f8b19d26,PDF-6899eb11b0d3,CB-TB-130_Ellis,CB-TB-130_Ellis.pdf,6899eb11b0d37965c7dafbaf1d1c81c1077dc8815200cfbd2c7b1b39f8b19d26,C:\Users\gduff\Downloads\cb-tb-101-200-v4\pdfs\CB-TB-130_Ellis.pdf,pdf_inventory_criminal,pdf_hash_unique|dupes=1,NO_GOLD,criminal,OFFLINE_CLIENT_PROJECTION,,,
sha:689cd77474c46bd04c2f3c994f1f733b533a61331c33da6bb79a33b7dd7cf017,PDF-689cd77474c4,CB-TB-674_Rees,CB-TB-674_Rees.pdf,689cd77474c46bd04c2f3c994f1f733b533a61331c33da6bb79a33b7dd7cf017,C:\Users\gduff\Downloads\cb-tb-601-700-v5\pdfs\CB-TB-674_Rees.pdf,pdf_inventory_criminal,pdf_hash_unique|dupes=1,NO_GOLD,criminal,OFFLINE_CLIENT_PROJECTION,,,
sha:68be785c4939cce7ebc22579b49436e15542cb2a7526c0083824ab1665969870,PDF-68be785c4939,CB-TB-2079_Okonkwo,CB-TB-2079_Okonkwo.pdf,68be785c4939cce7ebc22579b49436e15542cb2a7526c0083824ab1665969870,C:\Users\gduff\Downloads\cb-tb-1601-2200-v5-factory-run\pdfs\CB-TB-2079_Okonkwo.pdf,pdf_inventory_criminal,pdf_hash_unique|dupes=2,NO_GOLD,criminal,OFFLINE_CLIENT_PROJECTION,,,
sha:68e17da101b4aa4d5cd53491a6e2a7a3329a11cd1d281a7fcf678cbda6bbeda5,PDF-68e17da101b4,CB-TB-1688_Barlow,CB-TB-1688_Barlow.pdf,68e17da101b4aa4d5cd53491a6e2a7a3329a11cd1d281a7fcf678cbda6bbeda5,C:\Users\gduff\Downloads\cb-tb-1601-2200-v5-factory-run\pdfs\CB-TB-1688_Barlow.pdf,pdf_inventory_criminal,pdf_hash_unique|dupes=4,NO_GOLD,criminal,OFFLINE_CLIENT_PROJECTION,,,
sha:6903403e83136b34ae698c9f34745f7e7b0584b087a6a74a9d23b84772d99c0f,PDF-6903403e8313,CB-TB-156_Patel,CB-TB-156_Patel.pdf,6903403e83136b34ae698c9f34745f7e7b0584b087a6a74a9d23b84772d99c0f,C:\Users\gduff\Downloads\cb-tb-101-200-v4\pdfs\CB-TB-156_Patel.pdf,pdf_inventory_criminal,pdf_hash_unique|dupes=1,NO_GOLD,criminal,OFFLINE_CLIENT_PROJECTION,,,
sha:694b9b99b6ccce380a5a70b1ded89eeac5adad2bfe7e929039e4a3cf574255e6,PDF-694b9b99b6cc,CB-TB-628_Turner,CB-TB-628_Turner.pdf,694b9b99b6ccce380a5a70b1ded89eeac5adad2bfe7e929039e4a3cf574255e6,C:\Users\gduff\Downloads\cb-tb-601-700-v5\pdfs\CB-TB-628_Turner.pdf,pdf_inventory_criminal,pdf_hash_unique|dupes=1,NO_GOLD,criminal,OFFLINE_CLIENT_PROJECTION,,,
sha:69711be80ea30b730c8418edca61c102ff1ee4cd03d1419728d7458ce15d8f8c,PDF-69711be80ea3,CB-TB-2073_Austin,CB-TB-2073_Austin.pdf,69711be80ea30b730c8418edca61c102ff1ee4cd03d1419728d7458ce15d8f8c,C:\Users\gduff\Downloads\cb-tb-1601-2200-v5-factory-run\pdfs\CB-TB-2073_Austin.pdf,pdf_inventory_criminal,pdf_hash_unique|dupes=2,NO_GOLD,criminal,OFFLINE_CLIENT_PROJECTION,,,
sha:697c2072a3fc25f9b954c06a97a343b36086aa4b827ba7f615ca8dba964db6af,PDF-697c2072a3fc,CB-TB-1148_Byrne,CB-TB-1148_Byrne.pdf,697c2072a3fc25f9b954c06a97a343b36086aa4b827ba7f615ca8dba964db6af,C:\Users\gduff\Downloads\cb-tb-1101-1400-v5\pdfs\CB-TB-1148_Byrne.pdf,pdf_inventory_criminal,pdf_hash_unique|dupes=2,NO_GOLD,criminal,OFFLINE_CLIENT_PROJECTION,,,
sha:69a2d795e44c7d12c925a50ac2bd47ba136fdce6765b16a21c3c82b7503e0a5c,PDF-69a2d795e44c,CB-TB-753_Patterson,CB-TB-753_Patterson.pdf,69a2d795e44c7d12c925a50ac2bd47ba136fdce6765b16a21c3c82b7503e0a5c,C:\Users\gduff\Downloads\cb-tb-701-800-v5\pdfs\CB-TB-753_Patterson.pdf,pdf_inventory_criminal,pdf_hash_unique|dupes=1,NO_GOLD,criminal,OFFLINE_CLIENT_PROJECTION,,,
sha:69c2b0750c887f48843b2e4b34b369edddf0947a4750f6f4bc4da2c527c2b789,PDF-69c2b0750c88,CB-TB-134_Vale,CB-TB-134_Vale.pdf,69c2b0750c887f48843b2e4b34b369edddf0947a4750f6f4bc4da2c527c2b789,C:\Users\gduff\Downloads\cb-tb-101-200-v4\pdfs\CB-TB-134_Vale.pdf,pdf_inventory_criminal,pdf_hash_unique|dupes=1,NO_GOLD,criminal,OFFLINE_CLIENT_PROJECTION,,,
sha:69f46c4027ff8b9e9c7f4fba9eef6d46c8277f995c654d99158e7bf79c75d81c,PDF-69f46c4027ff,CB-TB-774_Quinn,CB-TB-774_Quinn.pdf,69f46c4027ff8b9e9c7f4fba9eef6d46c8277f995c654d99158e7bf79c75d81c,C:\Users\gduff\Downloads\cb-tb-701-800-v5\pdfs\CB-TB-774_Quinn.pdf,pdf_inventory_criminal,pdf_hash_unique|dupes=1,NO_GOLD,criminal,OFFLINE_CLIENT_PROJECTION,,,
sha:6a18e1a24a8446ff4e5cdcc92da04109a6a14ce024fac37a4fe88efd90831f7a,PDF-6a18e1a24a84,CB-TB-1030_Griffiths,CB-TB-1030_Griffiths.pdf,6a18e1a24a8446ff4e5cdcc92da04109a6a14ce024fac37a4fe88efd90831f7a,C:\Users\gduff\Downloads\cb-tb-901-1100-v5\pdfs\CB-TB-1030_Griffiths.pdf,pdf_inventory_criminal,pdf_hash_unique|dupes=2,NO_GOLD,criminal,OFFLINE_CLIENT_PROJECTION,,,
sha:6a57949e5c859e465d1c3fd14dfca22bc11cff174e0758a3499c9c22763a7201,PDF-6a57949e5c85,CB-TB-22_Sam_Okonkwo,CB-TB-22_Sam_Okonkwo.pdf,6a57949e5c859e465d1c3fd14dfca22bc11cff174e0758a3499c9c22763a7201,C:\Users\gduff\Downloads\CB-TB-22_Sam_Okonkwo.pdf,pdf_inventory_criminal,pdf_hash_unique|dupes=2,NO_GOLD,criminal,BACKEND_LIVE,,fb5e0788-3e9b-4e78-aa53-3a212764561a,new cases for cursor — Case 10
sha:6a670cc7a45e66ea83911e0fa721d86082a73aac7efe53834e51f57f9d1764e0,PDF-6a670cc7a45e,CB-TB-1535_Francis,CB-TB-1535_Francis.pdf,6a670cc7a45e66ea83911e0fa721d86082a73aac7efe53834e51f57f9d1764e0,C:\Users\gduff\Downloads\cb-tb-1501-1600-v5-factory-run\pdfs\CB-TB-1535_Francis.pdf,pdf_inventory_criminal,pdf_hash_unique|dupes=2,NO_GOLD,criminal,OFFLINE_CLIENT_PROJECTION,,,
sha:6aa74b0f439c2237f4ce54bb5cbde7ef0a581e8e022bf36d071c46ce331e19bb,PDF-6aa74b0f439c,CB-TB-694_Ross,CB-TB-694_Ross.pdf,6aa74b0f439c2237f4ce54bb5cbde7ef0a581e8e022bf36d071c46ce331e19bb,C:\Users\gduff\Downloads\cb-tb-601-700-v5\pdfs\CB-TB-694_Ross.pdf,pdf_inventory_criminal,pdf_hash_unique|dupes=1,NO_GOLD,criminal,OFFLINE_CLIENT_PROJECTION,,,
sha:6abaa4330464ede291fc9f04aa012a88e608363e69b2f201b69030e166d3870a,PDF-6abaa4330464,CB-TB-1615_Khan,CB-TB-1615_Khan.pdf,6abaa4330464ede291fc9f04aa012a88e608363e69b2f201b69030e166d3870a,C:\Users\gduff\Downloads\cb-tb-1601-2200-v5-factory-run\pdfs\CB-TB-1615_Khan.pdf,pdf_inventory_criminal,pdf_hash_unique|dupes=4,NO_GOLD,criminal,OFFLINE_CLIENT_PROJECTION,,,
sha:6ae7a49336448f1ddb02568dbafc75b679587fab88753cf7cbce94edde572f7c,PDF-6ae7a4933644,CB-TB-1945_Lowry,CB-TB-1945_Lowry.pdf,6ae7a49336448f1ddb02568dbafc75b679587fab88753cf7cbce94edde572f7c,C:\Users\gduff\Downloads\cb-tb-1601-2200-v5-factory-run\pdfs\CB-TB-1945_Lowry.pdf,pdf_inventory_criminal,pdf_hash_unique|dupes=2,NO_GOLD,criminal,OFFLINE_CLIENT_PROJECTION,,,
sha:6b147efaeef3fea1fd0f0e3214fe13a41e4ae8091ff39d38639677f4900e80ed,PDF-6b147efaeef3,CB-TB-1980_Doyle,CB-TB-1980_Doyle.pdf,6b147efaeef3fea1fd0f0e3214fe13a41e4ae8091ff39d38639677f4900e80ed,C:\Users\gduff\Downloads\cb-tb-1601-2200-v5-factory-run\pdfs\CB-TB-1980_Doyle.pdf,pdf_inventory_criminal,pdf_hash_unique|dupes=2,NO_GOLD,criminal,OFFLINE_CLIENT_PROJECTION,,,
sha:6b22ef346c9a8d399ee706e696048d526e10594cc9ae3cc2f9ea41f840a9033c,PDF-6b22ef346c9a,CB-TB-464_Parker,CB-TB-464_Parker.pdf,6b22ef346c9a8d399ee706e696048d526e10594cc9ae3cc2f9ea41f840a9033c,C:\Users\gduff\Downloads\cb-tb-401-500-v5\pdfs\CB-TB-464_Parker.pdf,pdf_inventory_criminal,pdf_hash_unique|dupes=2,NO_GOLD,criminal,OFFLINE_CLIENT_PROJECTION,,,
sha:6b2c2cf117637dbe62014b196f8d2fa22549f6c08be2d217ee8437e4bfe8f8d8,PDF-6b2c2cf11763,CB-TB-033_Kerr,CB-TB-033_Kerr.pdf,6b2c2cf117637dbe62014b196f8d2fa22549f6c08be2d217ee8437e4bfe8f8d8,C:\Users\gduff\Downloads\cb-tb-001-050-v3\pdfs\CB-TB-033_Kerr.pdf,pdf_inventory_criminal,pdf_hash_unique|dupes=2,NO_GOLD,criminal,OFFLINE_CLIENT_PROJECTION,,,
sha:6b3afef5130441701cc5705a34b3cd35b825ffd61a7b6075cc1860ba73e79a4e,PDF-6b3afef51304,CB-TB-2108_Ross,CB-TB-2108_Ross.pdf,6b3afef5130441701cc5705a34b3cd35b825ffd61a7b6075cc1860ba73e79a4e,C:\Users\gduff\Downloads\cb-tb-1601-2200-v5-factory-run\pdfs\CB-TB-2108_Ross.pdf,pdf_inventory_criminal,pdf_hash_unique|dupes=2,NO_GOLD,criminal,OFFLINE_CLIENT_PROJECTION,,,
sha:6b4d1cac021d87073059afa3d421f4b12d057a6ccd1bd662e7ad18a169dbff6f,PDF-6b4d1cac021d,CB-TB-007_Zara_Wright,CB-TB-007_Zara_Wright.pdf,6b4d1cac021d87073059afa3d421f4b12d057a6ccd1bd662e7ad18a169dbff6f,C:\Users\gduff\Downloads\CaseBrain_Blind_Bundle_Factory_v2_30_bundles (1)\pdfs\CB-TB-007_Zara_Wright.pdf,pdf_inventory_criminal,pdf_hash_unique|dupes=2,NO_GOLD,criminal,OFFLINE_CLIENT_PROJECTION,,,
sha:6b535d6f031c53e1d7f716733e7a50f1cb92212452d61e2e48d797c04227b849,PDF-6b535d6f031c,CB-TB-032_Atkinson,CB-TB-032_Atkinson.pdf,6b535d6f031c53e1d7f716733e7a50f1cb92212452d61e2e48d797c04227b849,C:\Users\gduff\Downloads\cb-tb-031-100-v4\pdfs\CB-TB-032_Atkinson.pdf,pdf_inventory_criminal,pdf_hash_unique|dupes=1,NO_GOLD,criminal,OFFLINE_CLIENT_PROJECTION,,,
sha:6b592b4f6610d68664a37e6604c9a15fb4dbc9ef7793634dfc460ff28169a0f9,PDF-6b592b4f6610,CB-TB-302_Mason,CB-TB-302_Mason.pdf,6b592b4f6610d68664a37e6604c9a15fb4dbc9ef7793634dfc460ff28169a0f9,C:\Users\gduff\Downloads\cb-tb-301-400-v4\pdfs\CB-TB-302_Mason.pdf,pdf_inventory_criminal,pdf_hash_unique|dupes=2,NO_GOLD,criminal,OFFLINE_CLIENT_PROJECTION,,,
sha:6b9bc26c01041f72f1103810beee9b47af1d50d95b34e7d2644abb49f1d7ae64,PDF-6b9bc26c0104,CB-TB-1966_Kellett,CB-TB-1966_Kellett.pdf,6b9bc26c01041f72f1103810beee9b47af1d50d95b34e7d2644abb49f1d7ae64,C:\Users\gduff\Downloads\cb-tb-1601-2200-v5-factory-run\pdfs\CB-TB-1966_Kellett.pdf,pdf_inventory_criminal,pdf_hash_unique|dupes=2,NO_GOLD,criminal,OFFLINE_CLIENT_PROJECTION,,,
sha:6ba45b0d4ccaceecdf03ea5b83b022b9b286bfd8a21772cf6fa45858e6b557b8,PDF-6ba45b0d4cca,CB-TB-743_Grant,CB-TB-743_Grant.pdf,6ba45b0d4ccaceecdf03ea5b83b022b9b286bfd8a21772cf6fa45858e6b557b8,C:\Users\gduff\Downloads\cb-tb-701-800-v5\pdfs\CB-TB-743_Grant.pdf,pdf_inventory_criminal,pdf_hash_unique|dupes=1,NO_GOLD,criminal,OFFLINE_CLIENT_PROJECTION,,,
sha:6bb0eac3588d31f45f93aafc3b47cd646e5068944cbc78fa40acc522b6718f33,PDF-6bb0eac3588d,CB-TB-1453_Patterson,CB-TB-1453_Patterson.pdf,6bb0eac3588d31f45f93aafc3b47cd646e5068944cbc78fa40acc522b6718f33,C:\Users\gduff\Downloads\cb-tb-1401-1500-v5-tmp\pdfs\CB-TB-1453_Patterson.pdf,pdf_inventory_criminal,pdf_hash_unique|dupes=1,NO_GOLD,criminal,OFFLINE_CLIENT_PROJECTION,,,
sha:6befe98e6b9400a37f8c7b24733e1524e97c691ab295ebb520a9e4d6389d8367,PDF-6befe98e6b94,CB-TB-795_Ross,CB-TB-795_Ross.pdf,6befe98e6b9400a37f8c7b24733e1524e97c691ab295ebb520a9e4d6389d8367,C:\Users\gduff\Downloads\cb-tb-701-800-v5\pdfs\CB-TB-795_Ross.pdf,pdf_inventory_criminal,pdf_hash_unique|dupes=1,NO_GOLD,criminal,OFFLINE_CLIENT_PROJECTION,,,
sha:6c2b42e67774843b754980db3ad0679014a40147ef8482b887b66ced3fb70fc3,PDF-6c2b42e67774,CB-TB-306_Rees,CB-TB-306_Rees.pdf,6c2b42e67774843b754980db3ad0679014a40147ef8482b887b66ced3fb70fc3,C:\Users\gduff\Downloads\cb-tb-301-400-v4\pdfs\CB-TB-306_Rees.pdf,pdf_inventory_criminal,pdf_hash_unique|dupes=2,NO_GOLD,criminal,OFFLINE_CLIENT_PROJECTION,,,
sha:6c4202de49323d61655d9cac7c65fcd2900d42a8e403440125e846c1e140553a,PDF-6c4202de4932,CB-TB-2156_Mitchell,CB-TB-2156_Mitchell.pdf,6c4202de49323d61655d9cac7c65fcd2900d42a8e403440125e846c1e140553a,C:\Users\gduff\Downloads\cb-tb-1601-2200-v5-factory-run\pdfs\CB-TB-2156_Mitchell.pdf,pdf_inventory_criminal,pdf_hash_unique|dupes=2,NO_GOLD,criminal,OFFLINE_CLIENT_PROJECTION,,,
sha:6c622932740293b4be3b3b7671010f38378a214f332b844fa481075a428fc779,PDF-6c6229327402,CB-TB-1048_Lloyd,CB-TB-1048_Lloyd.pdf,6c622932740293b4be3b3b7671010f38378a214f332b844fa481075a428fc779,C:\Users\gduff\Downloads\cb-tb-901-1100-v5\pdfs\CB-TB-1048_Lloyd.pdf,pdf_inventory_criminal,pdf_hash_unique|dupes=2,NO_GOLD,criminal,OFFLINE_CLIENT_PROJECTION,,,
sha:6c63b46525fb2fd368848a5dc82b37d2a5d13d08e961747d0549216a62edb670,PDF-6c63b46525fb,CB-TB-1759_Baxter,CB-TB-1759_Baxter.pdf,6c63b46525fb2fd368848a5dc82b37d2a5d13d08e961747d0549216a62edb670,C:\Users\gduff\Downloads\cb-tb-1601-2200-v5-factory-run\pdfs\CB-TB-1759_Baxter.pdf,pdf_inventory_criminal,pdf_hash_unique|dupes=2,NO_GOLD,criminal,OFFLINE_CLIENT_PROJECTION,,,
sha:6c7b2096614ab087a7542481b25a3bd676e3069710c7a9a6288040d4af2e62a0,PDF-6c7b2096614a,CB-TB-1356_Turner,CB-TB-1356_Turner.pdf,6c7b2096614ab087a7542481b25a3bd676e3069710c7a9a6288040d4af2e62a0,C:\Users\gduff\Downloads\cb-tb-1301-1400-v5\pdfs\CB-TB-1356_Turner.pdf,pdf_inventory_criminal,pdf_hash_unique|dupes=2,NO_GOLD,criminal,OFFLINE_CLIENT_PROJECTION,,,
sha:6c7ef60da395767741208d733828fa8a2b1f4932fef2aaeacdcef67bd23ca724,PDF-6c7ef60da395,CB-TB-1426_Rowe,CB-TB-1426_Rowe.pdf,6c7ef60da395767741208d733828fa8a2b1f4932fef2aaeacdcef67bd23ca724,C:\Users\gduff\Downloads\cb-tb-1401-1500-v5-tmp\pdfs\CB-TB-1426_Rowe.pdf,pdf_inventory_criminal,pdf_hash_unique|dupes=1,NO_GOLD,criminal,OFFLINE_CLIENT_PROJECTION,,,
sha:6c943a2618833e6d07df39d00660355ec33b67daa0beda7fef3b7ece4412f73f,PDF-6c943a261883,CB-TB-816_Mitchell,CB-TB-816_Mitchell.pdf,6c943a2618833e6d07df39d00660355ec33b67daa0beda7fef3b7ece4412f73f,C:\Users\gduff\Downloads\cb-tb-801-900-v5\pdfs\CB-TB-816_Mitchell.pdf,pdf_inventory_criminal,pdf_hash_unique|dupes=1,NO_GOLD,criminal,OFFLINE_CLIENT_PROJECTION,,,
sha:6cb1a59db86d2fb2183d237ecc3ea16e25b4e8c23fb6221c66dffe14ac0b3f9e,PDF-6cb1a59db86d,CB-TB-267_Okonkwo,CB-TB-267_Okonkwo.pdf,6cb1a59db86d2fb2183d237ecc3ea16e25b4e8c23fb6221c66dffe14ac0b3f9e,C:\Users\gduff\Downloads\cb-tb-201-300-v4\pdfs\CB-TB-267_Okonkwo.pdf,pdf_inventory_criminal,pdf_hash_unique|dupes=1,NO_GOLD,criminal,OFFLINE_CLIENT_PROJECTION,,,
sha:6cb20bbf70ee92753d65917ecfb159fd383018757c4c27ab3f0e31bd86cf5649,PDF-6cb20bbf70ee,CB-TB-1779_Redfern,CB-TB-1779_Redfern.pdf,6cb20bbf70ee92753d65917ecfb159fd383018757c4c27ab3f0e31bd86cf5649,C:\Users\gduff\Downloads\cb-tb-1601-2200-v5-factory-run\pdfs\CB-TB-1779_Redfern.pdf,pdf_inventory_criminal,pdf_hash_unique|dupes=2,NO_GOLD,criminal,OFFLINE_CLIENT_PROJECTION,,,
sha:6ce5a5bde6c7ea915a725f9316f5a2064b5be0e42604bf1eca44118712a2bdad,PDF-6ce5a5bde6c7,CB-TB-1659_Moran,CB-TB-1659_Moran.pdf,6ce5a5bde6c7ea915a725f9316f5a2064b5be0e42604bf1eca44118712a2bdad,C:\Users\gduff\Downloads\cb-tb-1601-2200-v5-factory-run\pdfs\CB-TB-1659_Moran.pdf,pdf_inventory_criminal,pdf_hash_unique|dupes=4,NO_GOLD,criminal,OFFLINE_CLIENT_PROJECTION,,,
sha:6cf2260db36088c7a72dcd97b9298cb1b1e3e7b640f9576e57b25500856854ca,PDF-6cf2260db360,CB-TB-882_Thornton,CB-TB-882_Thornton.pdf,6cf2260db36088c7a72dcd97b9298cb1b1e3e7b640f9576e57b25500856854ca,C:\Users\gduff\Downloads\cb-tb-801-900-v5\pdfs\CB-TB-882_Thornton.pdf,pdf_inventory_criminal,pdf_hash_unique|dupes=1,NO_GOLD,criminal,OFFLINE_CLIENT_PROJECTION,,,
sha:6cff6617c926041b5d45adbb9db1ede0d0817f7c9fc1dcc3cca0de6ed78c0d8f,PDF-6cff6617c926,CB-TB-873_Stone,CB-TB-873_Stone.pdf,6cff6617c926041b5d45adbb9db1ede0d0817f7c9fc1dcc3cca0de6ed78c0d8f,C:\Users\gduff\Downloads\cb-tb-801-900-v5\pdfs\CB-TB-873_Stone.pdf,pdf_inventory_criminal,pdf_hash_unique|dupes=1,NO_GOLD,criminal,OFFLINE_CLIENT_PROJECTION,,,
sha:6d15241de57f2d4a398fd2b95062570c8fc0c337fd3fc9d1a586972c118b5129,PDF-6d15241de57f,CB-TB-003_Merritt,CB-TB-003_Merritt.pdf,6d15241de57f2d4a398fd2b95062570c8fc0c337fd3fc9d1a586972c118b5129,C:\Users\gduff\Downloads\cb-tb-001-050-v3\pdfs\CB-TB-003_Merritt.pdf,pdf_inventory_criminal,pdf_hash_unique|dupes=2,NO_GOLD,criminal,OFFLINE_CLIENT_PROJECTION,,,
sha:6d1b27130bcef8aa69eeec49ae98a5d3100f398eb067fc63fb49efe4208a0933,PDF-6d1b27130bce,CB-TB-1670_Riley,CB-TB-1670_Riley.pdf,6d1b27130bcef8aa69eeec49ae98a5d3100f398eb067fc63fb49efe4208a0933,C:\Users\gduff\Downloads\cb-tb-1601-2200-v5-factory-run\pdfs\CB-TB-1670_Riley.pdf,pdf_inventory_criminal,pdf_hash_unique|dupes=4,NO_GOLD,criminal,OFFLINE_CLIENT_PROJECTION,,,
sha:6d289043330f917939ee6ddc35dc95ad9b8b79423eb407c40f0df3deb126d1ef,PDF-6d289043330f,CB-TB-775_Khan,CB-TB-775_Khan.pdf,6d289043330f917939ee6ddc35dc95ad9b8b79423eb407c40f0df3deb126d1ef,C:\Users\gduff\Downloads\cb-tb-701-800-v5\pdfs\CB-TB-775_Khan.pdf,pdf_inventory_criminal,pdf_hash_unique|dupes=1,NO_GOLD,criminal,OFFLINE_CLIENT_PROJECTION,,,
sha:6d2a9951a0122e276cf97c3a628eab4057b2078125c321427b42337591e90d82,PDF-6d2a9951a012,CB-TB-2078_Merritt,CB-TB-2078_Merritt.pdf,6d2a9951a0122e276cf97c3a628eab4057b2078125c321427b42337591e90d82,C:\Users\gduff\Downloads\cb-tb-1601-2200-v5-factory-run\pdfs\CB-TB-2078_Merritt.pdf,pdf_inventory_criminal,pdf_hash_unique|dupes=2,NO_GOLD,criminal,OFFLINE_CLIENT_PROJECTION,,,
sha:6d5c8d435062c90b7867a1f7804c331f6b6cd65d8fb673495f87010f345c71cd,PDF-6d5c8d435062,CB-TB-2131_Sutton,CB-TB-2131_Sutton.pdf,6d5c8d435062c90b7867a1f7804c331f6b6cd65d8fb673495f87010f345c71cd,C:\Users\gduff\Downloads\cb-tb-1601-2200-v5-factory-run\pdfs\CB-TB-2131_Sutton.pdf,pdf_inventory_criminal,pdf_hash_unique|dupes=2,NO_GOLD,criminal,OFFLINE_CLIENT_PROJECTION,,,
sha:6d714d7e4ea355e24b3bfe8fada81c068fa6db5ed6c0c3ebfaded7d7cdd113ee,PDF-6d714d7e4ea3,CB-TB-196_Cross,CB-TB-196_Cross.pdf,6d714d7e4ea355e24b3bfe8fada81c068fa6db5ed6c0c3ebfaded7d7cdd113ee,C:\Users\gduff\Downloads\cb-tb-101-200-v4\pdfs\CB-TB-196_Cross.pdf,pdf_inventory_criminal,pdf_hash_unique|dupes=1,NO_GOLD,criminal,OFFLINE_CLIENT_PROJECTION,,,
sha:6da0c2e9ff2c7339c029a0facc3f2291011c3aaffbd133d13837b1b805994fcf,PDF-6da0c2e9ff2c,CB-TB-1990_Blythe,CB-TB-1990_Blythe.pdf,6da0c2e9ff2c7339c029a0facc3f2291011c3aaffbd133d13837b1b805994fcf,C:\Users\gduff\Downloads\cb-tb-1601-2200-v5-factory-run\pdfs\CB-TB-1990_Blythe.pdf,pdf_inventory_criminal,pdf_hash_unique|dupes=2,NO_GOLD,criminal,OFFLINE_CLIENT_PROJECTION,,,
sha:6db2559ebf9beaace2ad83b97d71d83e0686f3e019edefb9552325a02b90c640,PDF-6db2559ebf9b,CB-TB-1187_Turner,CB-TB-1187_Turner.pdf,6db2559ebf9beaace2ad83b97d71d83e0686f3e019edefb9552325a02b90c640,C:\Users\gduff\Downloads\cb-tb-1101-1400-v5\pdfs\CB-TB-1187_Turner.pdf,pdf_inventory_criminal,pdf_hash_unique|dupes=2,NO_GOLD,criminal,OFFLINE_CLIENT_PROJECTION,,,
sha:6e3424b24e3aefec913e9b1ef79fe240b4025e12f132d8affdd1e1b6db2ac271,PDF-6e3424b24e3a,CB-TB-837_Ahmed,CB-TB-837_Ahmed.pdf,6e3424b24e3aefec913e9b1ef79fe240b4025e12f132d8affdd1e1b6db2ac271,C:\Users\gduff\Downloads\cb-tb-801-900-v5\pdfs\CB-TB-837_Ahmed.pdf,pdf_inventory_criminal,pdf_hash_unique|dupes=1,NO_GOLD,criminal,OFFLINE_CLIENT_PROJECTION,,,
sha:6e3f57b7a535761f016f7494c810717b3ca15b91292d6ff34f33ed85f409cd69,PDF-6e3f57b7a535,CB-TB-2199_Hale,CB-TB-2199_Hale.pdf,6e3f57b7a535761f016f7494c810717b3ca15b91292d6ff34f33ed85f409cd69,C:\Users\gduff\Downloads\cb-tb-1601-2200-v5-factory-run\pdfs\CB-TB-2199_Hale.pdf,pdf_inventory_criminal,pdf_hash_unique|dupes=2,NO_GOLD,criminal,OFFLINE_CLIENT_PROJECTION,,,
sha:6e820c3808a16762ad8f7d67c7b1755a4a83a03581b220018e77a4516baf8134,PDF-6e820c3808a1,CB-TB-720_Clarke,CB-TB-720_Clarke.pdf,6e820c3808a16762ad8f7d67c7b1755a4a83a03581b220018e77a4516baf8134,C:\Users\gduff\Downloads\cb-tb-701-800-v5\pdfs\CB-TB-720_Clarke.pdf,pdf_inventory_criminal,pdf_hash_unique|dupes=1,NO_GOLD,criminal,OFFLINE_CLIENT_PROJECTION,,,
sha:6e9c0afebdf5a53b9b4fe96277e30dc4a6bf9a2e9f5b62243f52de6dfac831a3,PDF-6e9c0afebdf5,CB-TB-1165_Hale,CB-TB-1165_Hale.pdf,6e9c0afebdf5a53b9b4fe96277e30dc4a6bf9a2e9f5b62243f52de6dfac831a3,C:\Users\gduff\Downloads\cb-tb-1101-1400-v5\pdfs\CB-TB-1165_Hale.pdf,pdf_inventory_criminal,pdf_hash_unique|dupes=2,NO_GOLD,criminal,OFFLINE_CLIENT_PROJECTION,,,
sha:6eaab870d51b6bb98cc008c08c11aabc4547070560c1e9f174e2bc1ce31109c5,PDF-6eaab870d51b,CB-TB-923_Mitchell,CB-TB-923_Mitchell.pdf,6eaab870d51b6bb98cc008c08c11aabc4547070560c1e9f174e2bc1ce31109c5,C:\Users\gduff\Downloads\cb-tb-901-1100-v5\pdfs\CB-TB-923_Mitchell.pdf,pdf_inventory_criminal,pdf_hash_unique|dupes=2,NO_GOLD,criminal,OFFLINE_CLIENT_PROJECTION,,,
sha:6ec3e291c2b17f3a85483f557466aa79e0fb874e90d5fbf4b9fe4fac09a63a91,PDF-6ec3e291c2b1,CB-TB-2085_Okonkwo,CB-TB-2085_Okonkwo.pdf,6ec3e291c2b17f3a85483f557466aa79e0fb874e90d5fbf4b9fe4fac09a63a91,C:\Users\gduff\Downloads\cb-tb-1601-2200-v5-factory-run\pdfs\CB-TB-2085_Okonkwo.pdf,pdf_inventory_criminal,pdf_hash_unique|dupes=2,NO_GOLD,criminal,OFFLINE_CLIENT_PROJECTION,,,
sha:6f00b11e0fed604f7277c00a1cd18e60e665a058c80cf305e89cf7ffcba85900,PDF-6f00b11e0fed,CB-TB-450_Doyle,CB-TB-450_Doyle.pdf,6f00b11e0fed604f7277c00a1cd18e60e665a058c80cf305e89cf7ffcba85900,C:\Users\gduff\Downloads\cb-tb-401-500-v5\pdfs\CB-TB-450_Doyle.pdf,pdf_inventory_criminal,pdf_hash_unique|dupes=2,NO_GOLD,criminal,OFFLINE_CLIENT_PROJECTION,,,
sha:6f0e3810dccd299f80145f117a768538cada73744fe2c3361d3c774a64914929,PDF-6f0e3810dccd,CB-TB-633_Flint,CB-TB-633_Flint.pdf,6f0e3810dccd299f80145f117a768538cada73744fe2c3361d3c774a64914929,C:\Users\gduff\Downloads\cb-tb-601-700-v5\pdfs\CB-TB-633_Flint.pdf,pdf_inventory_criminal,pdf_hash_unique|dupes=1,NO_GOLD,criminal,OFFLINE_CLIENT_PROJECTION,,,
sha:6f452189a76e4c6b13916235054d98981aaeb863789c2a09901927046c336195,PDF-6f452189a76e,CB-TB-785_Hughes,CB-TB-785_Hughes.pdf,6f452189a76e4c6b13916235054d98981aaeb863789c2a09901927046c336195,C:\Users\gduff\Downloads\cb-tb-701-800-v5\pdfs\CB-TB-785_Hughes.pdf,pdf_inventory_criminal,pdf_hash_unique|dupes=1,NO_GOLD,criminal,OFFLINE_CLIENT_PROJECTION,,,
sha:6f4d8dfbaa3b7de2c4b223cdfb437231aefc842a70bb6ee6e08dd55dd76822e8,PDF-6f4d8dfbaa3b,CB-TB-018_Oscar_Bell,CB-TB-018_Oscar_Bell.pdf,6f4d8dfbaa3b7de2c4b223cdfb437231aefc842a70bb6ee6e08dd55dd76822e8,C:\Users\gduff\Downloads\CaseBrain_Blind_Bundle_Factory_v2_30_bundles (1)\pdfs\CB-TB-018_Oscar_Bell.pdf,pdf_inventory_criminal,pdf_hash_unique|dupes=2,NO_GOLD,criminal,OFFLINE_CLIENT_PROJECTION,,,
sha:6f4e0892558b7d5633c4c4da255689922e7e1aafd03b078945840227cea034a0,PDF-6f4e0892558b,CB-TB-020_Ethan_Miles,CB-TB-020_Ethan_Miles.pdf,6f4e0892558b7d5633c4c4da255689922e7e1aafd03b078945840227cea034a0,C:\Users\gduff\Downloads\CaseBrain_Blind_Bundle_Factory_v2_30_bundles (1)\pdfs\CB-TB-020_Ethan_Miles.pdf,pdf_inventory_criminal,pdf_hash_unique|dupes=2,NO_GOLD,criminal,OFFLINE_CLIENT_PROJECTION,,,
sha:6f5330106ad180ea50eeb1a18eaeea81b2693d94af31d86d0442c45448f1d89b,PDF-6f5330106ad1,CB-TB-2075_Doyle,CB-TB-2075_Doyle.pdf,6f5330106ad180ea50eeb1a18eaeea81b2693d94af31d86d0442c45448f1d89b,C:\Users\gduff\Downloads\cb-tb-1601-2200-v5-factory-run\pdfs\CB-TB-2075_Doyle.pdf,pdf_inventory_criminal,pdf_hash_unique|dupes=2,NO_GOLD,criminal,OFFLINE_CLIENT_PROJECTION,,,
sha:6f6c1fb248bea0a159337f75dfc5a1a001e7c9627c78da970cf6a494f64c4ba5,PDF-6f6c1fb248be,CB-TB-1756_Wardle,CB-TB-1756_Wardle.pdf,6f6c1fb248bea0a159337f75dfc5a1a001e7c9627c78da970cf6a494f64c4ba5,C:\Users\gduff\Downloads\cb-tb-1601-2200-v5-factory-run\pdfs\CB-TB-1756_Wardle.pdf,pdf_inventory_criminal,pdf_hash_unique|dupes=2,NO_GOLD,criminal,OFFLINE_CLIENT_PROJECTION,,,
sha:6f6e7bed0d100885c731f6956f73bbc455ab75e4524738a15305c809848bebae,PDF-6f6e7bed0d10,CB-TB-1829_Hobbs,CB-TB-1829_Hobbs.pdf,6f6e7bed0d100885c731f6956f73bbc455ab75e4524738a15305c809848bebae,C:\Users\gduff\Downloads\cb-tb-1601-2200-v5-factory-run\pdfs\CB-TB-1829_Hobbs.pdf,pdf_inventory_criminal,pdf_hash_unique|dupes=2,NO_GOLD,criminal,OFFLINE_CLIENT_PROJECTION,,,
sha:6fb9bc727a9965e6f376d9cc47641ee2a9458588d79c57cc5774d5421a09c1c4,PDF-6fb9bc727a99,CB-TB-1123_Mitchell,CB-TB-1123_Mitchell.pdf,6fb9bc727a9965e6f376d9cc47641ee2a9458588d79c57cc5774d5421a09c1c4,C:\Users\gduff\Downloads\cb-tb-1101-1400-v5\pdfs\CB-TB-1123_Mitchell.pdf,pdf_inventory_criminal,pdf_hash_unique|dupes=2,NO_GOLD,criminal,OFFLINE_CLIENT_PROJECTION,,,
sha:6fc3a67ef1c6e8dae24bad88beeef1f70306a15a404d87c42e1d967a332cd739,PDF-6fc3a67ef1c6,CB-TB-486_Brennan,CB-TB-486_Brennan.pdf,6fc3a67ef1c6e8dae24bad88beeef1f70306a15a404d87c42e1d967a332cd739,C:\Users\gduff\Downloads\cb-tb-401-500-v5\pdfs\CB-TB-486_Brennan.pdf,pdf_inventory_criminal,pdf_hash_unique|dupes=2,NO_GOLD,criminal,OFFLINE_CLIENT_PROJECTION,,,
sha:6fd4c909cf751bd9055195c1c7916f36dff003238b310bbe3df7ec67b4b1d2c2,PDF-6fd4c909cf75,CB-TB-874_Pike,CB-TB-874_Pike.pdf,6fd4c909cf751bd9055195c1c7916f36dff003238b310bbe3df7ec67b4b1d2c2,C:\Users\gduff\Downloads\cb-tb-801-900-v5\pdfs\CB-TB-874_Pike.pdf,pdf_inventory_criminal,pdf_hash_unique|dupes=1,NO_GOLD,criminal,OFFLINE_CLIENT_PROJECTION,,,
sha:6fe2e815fb97fbbfccad541daa0b6b49cba8d4f8e5f0391d595dbcff788b72ac,PDF-6fe2e815fb97,CB-TB-1179_Carver,CB-TB-1179_Carver.pdf,6fe2e815fb97fbbfccad541daa0b6b49cba8d4f8e5f0391d595dbcff788b72ac,C:\Users\gduff\Downloads\cb-tb-1101-1400-v5\pdfs\CB-TB-1179_Carver.pdf,pdf_inventory_criminal,pdf_hash_unique|dupes=2,NO_GOLD,criminal,OFFLINE_CLIENT_PROJECTION,,,
sha:7043b1bf7bb0cf9dc5976bae18b1bfc041a40c0986177968a01a3f137021ee3d,PDF-7043b1bf7bb0,CB-TB-1867_Hobbs,CB-TB-1867_Hobbs.pdf,7043b1bf7bb0cf9dc5976bae18b1bfc041a40c0986177968a01a3f137021ee3d,C:\Users\gduff\Downloads\cb-tb-1601-2200-v5-factory-run\pdfs\CB-TB-1867_Hobbs.pdf,pdf_inventory_criminal,pdf_hash_unique|dupes=2,NO_GOLD,criminal,OFFLINE_CLIENT_PROJECTION,,,
sha:706517419c86a2b9844449ac2b475952dfb3ec4e06cb55b5a2ef5722c0502ea3,PDF-706517419c86,CB-TB-793_Rees,CB-TB-793_Rees.pdf,706517419c86a2b9844449ac2b475952dfb3ec4e06cb55b5a2ef5722c0502ea3,C:\Users\gduff\Downloads\cb-tb-701-800-v5\pdfs\CB-TB-793_Rees.pdf,pdf_inventory_criminal,pdf_hash_unique|dupes=1,NO_GOLD,criminal,OFFLINE_CLIENT_PROJECTION,,,
sha:7076b81696b8c2c80cad85d8fd9ff4d6e52245e80edbc1d3c8533aa9814d46ad,PDF-7076b81696b8,CB-TB-022_Sam_Okonkwo,CB-TB-022_Sam_Okonkwo.pdf,7076b81696b8c2c80cad85d8fd9ff4d6e52245e80edbc1d3c8533aa9814d46ad,C:\Users\gduff\Downloads\CaseBrain_Blind_Bundle_Factory_v2_30_bundles (1)\pdfs\CB-TB-022_Sam_Okonkwo.pdf,pdf_inventory_criminal,pdf_hash_unique|dupes=2,NO_GOLD,criminal,OFFLINE_CLIENT_PROJECTION,,,
sha:708444c31712d48ca4e62d792494e2a519e1612d4db628c3bf5d35c9fd87b485,PDF-708444c31712,CB-TB-1230_Coates,CB-TB-1230_Coates.pdf,708444c31712d48ca4e62d792494e2a519e1612d4db628c3bf5d35c9fd87b485,C:\Users\gduff\Downloads\cb-tb-1201-1300-v5\pdfs\CB-TB-1230_Coates.pdf,pdf_inventory_criminal,pdf_hash_unique|dupes=2,NO_GOLD,criminal,OFFLINE_CLIENT_PROJECTION,,,
sha:70ccb3f20ab68017cecccbf74e44bcf958ebfe66d4c69b42b11fc3295ae419ae,PDF-70ccb3f20ab6,CB-TB-784_Coleman,CB-TB-784_Coleman.pdf,70ccb3f20ab68017cecccbf74e44bcf958ebfe66d4c69b42b11fc3295ae419ae,C:\Users\gduff\Downloads\cb-tb-701-800-v5\pdfs\CB-TB-784_Coleman.pdf,pdf_inventory_criminal,pdf_hash_unique|dupes=1,NO_GOLD,criminal,OFFLINE_CLIENT_PROJECTION,,,
sha:70e710fc07eb4979d2c5fea56cfe3f71dafbb4b9f30a0f8035f5a0fe2b85eff9,PDF-70e710fc07eb,CB-TB-847_Morgan,CB-TB-847_Morgan.pdf,70e710fc07eb4979d2c5fea56cfe3f71dafbb4b9f30a0f8035f5a0fe2b85eff9,C:\Users\gduff\Downloads\cb-tb-801-900-v5\pdfs\CB-TB-847_Morgan.pdf,pdf_inventory_criminal,pdf_hash_unique|dupes=1,NO_GOLD,criminal,OFFLINE_CLIENT_PROJECTION,,,
sha:712cc44baa5a046842852608ad65efcbff5b531b49f5c5cdd3bcab7dfc8698db,PDF-712cc44baa5a,CB-TB-1561_Ali,CB-TB-1561_Ali.pdf,712cc44baa5a046842852608ad65efcbff5b531b49f5c5cdd3bcab7dfc8698db,C:\Users\gduff\Downloads\cb-tb-1501-1600-v5-factory-run\pdfs\CB-TB-1561_Ali.pdf,pdf_inventory_criminal,pdf_hash_unique|dupes=2,NO_GOLD,criminal,OFFLINE_CLIENT_PROJECTION,,,
sha:716bf0066b15ba181aaeb070fa9f6b5d9feb1c6d673c2a0fd49d563afc95165c,PDF-716bf0066b15,CB-TB-1828_Denton,CB-TB-1828_Denton.pdf,716bf0066b15ba181aaeb070fa9f6b5d9feb1c6d673c2a0fd49d563afc95165c,C:\Users\gduff\Downloads\cb-tb-1601-2200-v5-factory-run\pdfs\CB-TB-1828_Denton.pdf,pdf_inventory_criminal,pdf_hash_unique|dupes=2,NO_GOLD,criminal,OFFLINE_CLIENT_PROJECTION,,,
sha:7180fd1decd50a4925732d720d5e15da3ffbd6da4266d3d43c661b88c9290058,PDF-7180fd1decd5,CB-TB-290_Rowe,CB-TB-290_Rowe.pdf,7180fd1decd50a4925732d720d5e15da3ffbd6da4266d3d43c661b88c9290058,C:\Users\gduff\Downloads\cb-tb-201-300-v4\pdfs\CB-TB-290_Rowe.pdf,pdf_inventory_criminal,pdf_hash_unique|dupes=1,NO_GOLD,criminal,OFFLINE_CLIENT_PROJECTION,,,
sha:71a16d17b543213980feed479b5b948adf6615866e74ab17d4893ccb18b5ca56,PDF-71a16d17b543,CB-TB-1556_Stephens,CB-TB-1556_Stephens.pdf,71a16d17b543213980feed479b5b948adf6615866e74ab17d4893ccb18b5ca56,C:\Users\gduff\Downloads\cb-tb-1501-1600-v5-factory-run\pdfs\CB-TB-1556_Stephens.pdf,pdf_inventory_criminal,pdf_hash_unique|dupes=2,NO_GOLD,criminal,OFFLINE_CLIENT_PROJECTION,,,
sha:71d1d8777916826c1042a307b21e1bbe4ee25d4095c8e21a0b4a2d88946f306e,PDF-71d1d8777916,CB-TB-1727_Talbot,CB-TB-1727_Talbot.pdf,71d1d8777916826c1042a307b21e1bbe4ee25d4095c8e21a0b4a2d88946f306e,C:\Users\gduff\Downloads\cb-tb-1601-2200-v5-factory-run\pdfs\CB-TB-1727_Talbot.pdf,pdf_inventory_criminal,pdf_hash_unique|dupes=2,NO_GOLD,criminal,OFFLINE_CLIENT_PROJECTION,,,
sha:71ff4a535e775b54a5292347508f9ece0769ac55a35dab4bc06459fafab1f2ef,PDF-71ff4a535e77,CB-TB-453_Walsh,CB-TB-453_Walsh.pdf,71ff4a535e775b54a5292347508f9ece0769ac55a35dab4bc06459fafab1f2ef,C:\Users\gduff\Downloads\cb-tb-401-500-v5\pdfs\CB-TB-453_Walsh.pdf,pdf_inventory_criminal,pdf_hash_unique|dupes=2,NO_GOLD,criminal,OFFLINE_CLIENT_PROJECTION,,,
sha:720d05a734e4c39d8b80a83774863526afaf0c9ca1623692d8b811c61da5848c,PDF-720d05a734e4,CB-TB-1489_Ahmed,CB-TB-1489_Ahmed.pdf,720d05a734e4c39d8b80a83774863526afaf0c9ca1623692d8b811c61da5848c,C:\Users\gduff\Downloads\cb-tb-1401-1500-v5-tmp\pdfs\CB-TB-1489_Ahmed.pdf,pdf_inventory_criminal,pdf_hash_unique|dupes=1,NO_GOLD,criminal,OFFLINE_CLIENT_PROJECTION,,,
sha:722781c165aeae23154b21b09ede7c1450d2bd5a7d3cb51c46d8114f6a937498,PDF-722781c165ae,CB-TB-1494_Rowe,CB-TB-1494_Rowe.pdf,722781c165aeae23154b21b09ede7c1450d2bd5a7d3cb51c46d8114f6a937498,C:\Users\gduff\Downloads\cb-tb-1401-1500-v5-tmp\pdfs\CB-TB-1494_Rowe.pdf,pdf_inventory_criminal,pdf_hash_unique|dupes=1,NO_GOLD,criminal,OFFLINE_CLIENT_PROJECTION,,,
sha:72573cdaf21781be3e719412994cf105c4639e1c1cbf51bf0cd70cdd94426a0f,PDF-72573cdaf217,CB-TB-876_Hayes,CB-TB-876_Hayes.pdf,72573cdaf21781be3e719412994cf105c4639e1c1cbf51bf0cd70cdd94426a0f,C:\Users\gduff\Downloads\cb-tb-801-900-v5\pdfs\CB-TB-876_Hayes.pdf,pdf_inventory_criminal,pdf_hash_unique|dupes=1,NO_GOLD,criminal,OFFLINE_CLIENT_PROJECTION,,,
sha:7260e66577fb99d76728d4a174d003c89fa5334f4da8b319982df146da014b11,PDF-7260e66577fb,CB-TB-1856_Griffiths,CB-TB-1856_Griffiths.pdf,7260e66577fb99d76728d4a174d003c89fa5334f4da8b319982df146da014b11,C:\Users\gduff\Downloads\cb-tb-1601-2200-v5-factory-run\pdfs\CB-TB-1856_Griffiths.pdf,pdf_inventory_criminal,pdf_hash_unique|dupes=2,NO_GOLD,criminal,OFFLINE_CLIENT_PROJECTION,,,
sha:727b6f56fef51596f9682b673824ee2cf6a983d8fb0c1d804301cd32f4ca7942,PDF-727b6f56fef5,CB-TB-1406_Patterson,CB-TB-1406_Patterson.pdf,727b6f56fef51596f9682b673824ee2cf6a983d8fb0c1d804301cd32f4ca7942,C:\Users\gduff\Downloads\cb-tb-1401-1500-v5-tmp\pdfs\CB-TB-1406_Patterson.pdf,pdf_inventory_criminal,pdf_hash_unique|dupes=1,NO_GOLD,criminal,OFFLINE_CLIENT_PROJECTION,,,
sha:7289e524281bb8ad7df82957027553297219c2d974dd54e23d90c90f74cf1e6b,PDF-7289e524281b,CB-TB-769_Coleman,CB-TB-769_Coleman.pdf,7289e524281bb8ad7df82957027553297219c2d974dd54e23d90c90f74cf1e6b,C:\Users\gduff\Downloads\cb-tb-701-800-v5\pdfs\CB-TB-769_Coleman.pdf,pdf_inventory_criminal,pdf_hash_unique|dupes=1,NO_GOLD,criminal,OFFLINE_CLIENT_PROJECTION,,,
sha:7299aaf3e2d45d1717ee3b0508b9210e218df43f63298213b925486a5ed24004,PDF-7299aaf3e2d4,CB-TB-1656_Fraser,CB-TB-1656_Fraser.pdf,7299aaf3e2d45d1717ee3b0508b9210e218df43f63298213b925486a5ed24004,C:\Users\gduff\Downloads\cb-tb-1601-2200-v5-factory-run\pdfs\CB-TB-1656_Fraser.pdf,pdf_inventory_criminal,pdf_hash_unique|dupes=4,NO_GOLD,criminal,OFFLINE_CLIENT_PROJECTION,,,
sha:72ccff0d54a8348bc3b7f8f1509fe0a54ca549667dbd9c5de44177454b469be8,PDF-72ccff0d54a8,CB-TB-330_Bishop,CB-TB-330_Bishop.pdf,72ccff0d54a8348bc3b7f8f1509fe0a54ca549667dbd9c5de44177454b469be8,C:\Users\gduff\Downloads\cb-tb-301-400-v4\pdfs\CB-TB-330_Bishop.pdf,pdf_inventory_criminal,pdf_hash_unique|dupes=2,NO_GOLD,criminal,OFFLINE_CLIENT_PROJECTION,,,
sha:72f616a6369a8f1a31234baa6ec623eb8c9bd4fcc280a9198b1bd2eb4d71286b,PDF-72f616a6369a,CB-TB-011_Declan_Moore,CB-TB-011_Declan_Moore.pdf,72f616a6369a8f1a31234baa6ec623eb8c9bd4fcc280a9198b1bd2eb4d71286b,C:\Users\gduff\Downloads\CaseBrain_Blind_Bundle_Factory_v2_30_bundles (1)\pdfs\CB-TB-011_Declan_Moore.pdf,pdf_inventory_criminal,pdf_hash_unique|dupes=2,NO_GOLD,criminal,OFFLINE_CLIENT_PROJECTION,,,
sha:72fb8156f02cc39f9820bad062ee4fad1bdbd2a81a281a4db979cf235a86de0b,PDF-72fb8156f02c,CB-TB-271_Daly,CB-TB-271_Daly.pdf,72fb8156f02cc39f9820bad062ee4fad1bdbd2a81a281a4db979cf235a86de0b,C:\Users\gduff\Downloads\cb-tb-201-300-v4\pdfs\CB-TB-271_Daly.pdf,pdf_inventory_criminal,pdf_hash_unique|dupes=1,NO_GOLD,criminal,OFFLINE_CLIENT_PROJECTION,,,
sha:73093fa788b4e17c4b3284a38cd66455ecbee6dfe5b0893200faab50c20251dc,PDF-73093fa788b4,CB-TB-1497_Coates,CB-TB-1497_Coates.pdf,73093fa788b4e17c4b3284a38cd66455ecbee6dfe5b0893200faab50c20251dc,C:\Users\gduff\Downloads\cb-tb-1401-1500-v5-tmp\pdfs\CB-TB-1497_Coates.pdf,pdf_inventory_criminal,pdf_hash_unique|dupes=1,NO_GOLD,criminal,OFFLINE_CLIENT_PROJECTION,,,
sha:73426e72fdfed3c19ab7ccad7d870d428afcb08102f625a4f363750df4492a3b,PDF-73426e72fdfe,CB-TB-2098_Hayes,CB-TB-2098_Hayes.pdf,73426e72fdfed3c19ab7ccad7d870d428afcb08102f625a4f363750df4492a3b,C:\Users\gduff\Downloads\cb-tb-1601-2200-v5-factory-run\pdfs\CB-TB-2098_Hayes.pdf,pdf_inventory_criminal,pdf_hash_unique|dupes=2,NO_GOLD,criminal,OFFLINE_CLIENT_PROJECTION,,,
sha:737861939ff7a0b9cad669803bcfcd0467210722193020a0c8409d895ef7fe4a,PDF-737861939ff7,CB-TB-1859_Knowles,CB-TB-1859_Knowles.pdf,737861939ff7a0b9cad669803bcfcd0467210722193020a0c8409d895ef7fe4a,C:\Users\gduff\Downloads\cb-tb-1601-2200-v5-factory-run\pdfs\CB-TB-1859_Knowles.pdf,pdf_inventory_criminal,pdf_hash_unique|dupes=2,NO_GOLD,criminal,OFFLINE_CLIENT_PROJECTION,,,
sha:7384bafe3c7360518cca35387830bbbe7cd48e1d5ba2c763c7b7666cc4c5becc,PDF-7384bafe3c73,CB-TB-219_Tanner,CB-TB-219_Tanner.pdf,7384bafe3c7360518cca35387830bbbe7cd48e1d5ba2c763c7b7666cc4c5becc,C:\Users\gduff\Downloads\cb-tb-201-300-v4\pdfs\CB-TB-219_Tanner.pdf,pdf_inventory_criminal,pdf_hash_unique|dupes=1,NO_GOLD,criminal,OFFLINE_CLIENT_PROJECTION,,,
sha:739cac80a42f8603bad8e2cd525144b2c30468f807ceedae53ec358f6ea7a989,PDF-739cac80a42f,CB-TB-1214_Patterson,CB-TB-1214_Patterson.pdf,739cac80a42f8603bad8e2cd525144b2c30468f807ceedae53ec358f6ea7a989,C:\Users\gduff\Downloads\cb-tb-1201-1300-v5\pdfs\CB-TB-1214_Patterson.pdf,pdf_inventory_criminal,pdf_hash_unique|dupes=2,NO_GOLD,criminal,OFFLINE_CLIENT_PROJECTION,,,
sha:73b67c06c7af45b40a5850e5591df767b1c3fbee15c0a83d31f439dce9d85dc0,PDF-73b67c06c7af,CB-TB-258_Flynn,CB-TB-258_Flynn.pdf,73b67c06c7af45b40a5850e5591df767b1c3fbee15c0a83d31f439dce9d85dc0,C:\Users\gduff\Downloads\cb-tb-201-300-v4\pdfs\CB-TB-258_Flynn.pdf,pdf_inventory_criminal,pdf_hash_unique|dupes=1,NO_GOLD,criminal,OFFLINE_CLIENT_PROJECTION,,,
sha:73e07135e7822d878af883b1b87ec3aa6efebe6a545f2ef17a3faca0b93179ee,PDF-73e07135e782,CB-TB-423_Reid,CB-TB-423_Reid.pdf,73e07135e7822d878af883b1b87ec3aa6efebe6a545f2ef17a3faca0b93179ee,C:\Users\gduff\Downloads\cb-tb-401-500-v5\pdfs\CB-TB-423_Reid.pdf,pdf_inventory_criminal,pdf_hash_unique|dupes=2,NO_GOLD,criminal,OFFLINE_CLIENT_PROJECTION,,,
sha:73e32779db69b3951fff92308e9885a17ade81220d41c180b5fb5b68d1bf6ee6,PDF-73e32779db69,CB-TB-2140_Mitchell,CB-TB-2140_Mitchell.pdf,73e32779db69b3951fff92308e9885a17ade81220d41c180b5fb5b68d1bf6ee6,C:\Users\gduff\Downloads\cb-tb-1601-2200-v5-factory-run\pdfs\CB-TB-2140_Mitchell.pdf,pdf_inventory_criminal,pdf_hash_unique|dupes=2,NO_GOLD,criminal,OFFLINE_CLIENT_PROJECTION,,,
sha:73e7dd1ef818857f5580661fdde9292a00239f49daa4779b5ec6c084953a8a4e,PDF-73e7dd1ef818,CB-TB-287_Pearce,CB-TB-287_Pearce.pdf,73e7dd1ef818857f5580661fdde9292a00239f49daa4779b5ec6c084953a8a4e,C:\Users\gduff\Downloads\cb-tb-201-300-v4\pdfs\CB-TB-287_Pearce.pdf,pdf_inventory_criminal,pdf_hash_unique|dupes=1,NO_GOLD,criminal,OFFLINE_CLIENT_PROJECTION,,,
sha:73ec095ac9d162a3eacd2f4487d1743a7a83a119e2da0bd1a4cd42e55154691c,PDF-73ec095ac9d1,CB-TB-662_Okonkwo,CB-TB-662_Okonkwo.pdf,73ec095ac9d162a3eacd2f4487d1743a7a83a119e2da0bd1a4cd42e55154691c,C:\Users\gduff\Downloads\cb-tb-601-700-v5\pdfs\CB-TB-662_Okonkwo.pdf,pdf_inventory_criminal,pdf_hash_unique|dupes=1,NO_GOLD,criminal,OFFLINE_CLIENT_PROJECTION,,,
sha:73fdb06c1c29368d7b6de35de0c1e9e51c1e3b02f2b8a0d57f9ad55ce1988cf8,PDF-73fdb06c1c29,CB-TB-292_Ford,CB-TB-292_Ford.pdf,73fdb06c1c29368d7b6de35de0c1e9e51c1e3b02f2b8a0d57f9ad55ce1988cf8,C:\Users\gduff\Downloads\cb-tb-201-300-v4\pdfs\CB-TB-292_Ford.pdf,pdf_inventory_criminal,pdf_hash_unique|dupes=1,NO_GOLD,criminal,OFFLINE_CLIENT_PROJECTION,,,
sha:7404435f11c53281d720209450d5c55e4a019f7c79e37a74fa6c2e0b26208abf,PDF-7404435f11c5,CB-TB-1019_Coleman,CB-TB-1019_Coleman.pdf,7404435f11c53281d720209450d5c55e4a019f7c79e37a74fa6c2e0b26208abf,C:\Users\gduff\Downloads\cb-tb-901-1100-v5\pdfs\CB-TB-1019_Coleman.pdf,pdf_inventory_criminal,pdf_hash_unique|dupes=2,NO_GOLD,criminal,OFFLINE_CLIENT_PROJECTION,,,
sha:74322fc0a6757f232e1e61a3e8f239055447ba1b647ae1084b998a98a6b2a991,PDF-74322fc0a675,CB-TB-1834_Pike,CB-TB-1834_Pike.pdf,74322fc0a6757f232e1e61a3e8f239055447ba1b647ae1084b998a98a6b2a991,C:\Users\gduff\Downloads\cb-tb-1601-2200-v5-factory-run\pdfs\CB-TB-1834_Pike.pdf,pdf_inventory_criminal,pdf_hash_unique|dupes=2,NO_GOLD,criminal,OFFLINE_CLIENT_PROJECTION,,,
sha:7435c404addbc32723ee39686dc421e9f7150563c036200f76da735da5a6067b,PDF-7435c404addb,CB-TB-059_Vale,CB-TB-059_Vale.pdf,7435c404addbc32723ee39686dc421e9f7150563c036200f76da735da5a6067b,C:\Users\gduff\Downloads\cb-tb-031-100-v4\pdfs\CB-TB-059_Vale.pdf,pdf_inventory_criminal,pdf_hash_unique|dupes=1,NO_GOLD,criminal,OFFLINE_CLIENT_PROJECTION,,,
sha:7482e42f992631bdd99e1d70710c0f44b26737ee1c0e186b2dfbf151e50b2bdb,PDF-7482e42f9926,CB-TB-475_Merritt,CB-TB-475_Merritt.pdf,7482e42f992631bdd99e1d70710c0f44b26737ee1c0e186b2dfbf151e50b2bdb,C:\Users\gduff\Downloads\cb-tb-401-500-v5\pdfs\CB-TB-475_Merritt.pdf,pdf_inventory_criminal,pdf_hash_unique|dupes=2,NO_GOLD,criminal,OFFLINE_CLIENT_PROJECTION,,,
sha:748a52df47b51a25df2275aa2a55dc5bcaef2af83b2293667246ce9ca1d89ba8,PDF-748a52df47b5,CB-TB-877_Ahmed,CB-TB-877_Ahmed.pdf,748a52df47b51a25df2275aa2a55dc5bcaef2af83b2293667246ce9ca1d89ba8,C:\Users\gduff\Downloads\cb-tb-801-900-v5\pdfs\CB-TB-877_Ahmed.pdf,pdf_inventory_criminal,pdf_hash_unique|dupes=1,NO_GOLD,criminal,OFFLINE_CLIENT_PROJECTION,,,
sha:749b61474643c5d692170f60d612dbe80406abf5b8424dd41032ffe3c72c8d8c,PDF-749b61474643,CB-TB-1265_Ward,CB-TB-1265_Ward.pdf,749b61474643c5d692170f60d612dbe80406abf5b8424dd41032ffe3c72c8d8c,C:\Users\gduff\Downloads\cb-tb-1201-1300-v5\pdfs\CB-TB-1265_Ward.pdf,pdf_inventory_criminal,pdf_hash_unique|dupes=2,NO_GOLD,criminal,OFFLINE_CLIENT_PROJECTION,,,
sha:74c1c59acb6d79f30c00cf5cc00ac0953803f389db91b64a40d03f155744331f,PDF-74c1c59acb6d,CB-TB-314_Morris,CB-TB-314_Morris.pdf,74c1c59acb6d79f30c00cf5cc00ac0953803f389db91b64a40d03f155744331f,C:\Users\gduff\Downloads\cb-tb-301-400-v4\pdfs\CB-TB-314_Morris.pdf,pdf_inventory_criminal,pdf_hash_unique|dupes=2,NO_GOLD,criminal,OFFLINE_CLIENT_PROJECTION,,,
sha:74ed4eda7e3e8c62572ce7ca10b8ad9cca33b3c5ce7f3ded22ad3463876198fb,PDF-74ed4eda7e3e,CB-TB-029_Naylor,CB-TB-029_Naylor.pdf,74ed4eda7e3e8c62572ce7ca10b8ad9cca33b3c5ce7f3ded22ad3463876198fb,C:\Users\gduff\Downloads\cb-tb-001-030-v4\pdfs\CB-TB-029_Naylor.pdf,pdf_inventory_criminal,pdf_hash_unique|dupes=1,NO_GOLD,criminal,OFFLINE_CLIENT_PROJECTION,,,
sha:751013a20144ca529f15d159591824f8154cc7a5c96e458fdf26da7eb912829c,PDF-751013a20144,CB-TB-042_Olsen,CB-TB-042_Olsen.pdf,751013a20144ca529f15d159591824f8154cc7a5c96e458fdf26da7eb912829c,C:\Users\gduff\Downloads\cb-tb-031-100-v4\pdfs\CB-TB-042_Olsen.pdf,pdf_inventory_criminal,pdf_hash_unique|dupes=1,NO_GOLD,criminal,OFFLINE_CLIENT_PROJECTION,,,
sha:751c46f16cc4bc8a112ac42d4e55cf4e71e876dd1ba051c0e35e349ca7c0f9fd,PDF-751c46f16cc4,CB-TB-572_Patel,CB-TB-572_Patel.pdf,751c46f16cc4bc8a112ac42d4e55cf4e71e876dd1ba051c0e35e349ca7c0f9fd,C:\Users\gduff\Downloads\cb-tb-501-600-v5-extract\pdfs\CB-TB-572_Patel.pdf,pdf_inventory_criminal,pdf_hash_unique|dupes=3,NO_GOLD,criminal,OFFLINE_CLIENT_PROJECTION,,,
sha:75357313f354e611403c850f46bc1cfb2a85789210bdc87ab60751def1dbe9a9,PDF-75357313f354,CB-TB-696_Khan,CB-TB-696_Khan.pdf,75357313f354e611403c850f46bc1cfb2a85789210bdc87ab60751def1dbe9a9,C:\Users\gduff\Downloads\cb-tb-601-700-v5\pdfs\CB-TB-696_Khan.pdf,pdf_inventory_criminal,pdf_hash_unique|dupes=1,NO_GOLD,criminal,OFFLINE_CLIENT_PROJECTION,,,
sha:75394b0b0da14d3a2492cc717fa8165d7f07706a20eb478fe47da69d51c6adc6,PDF-75394b0b0da1,CB-TB-004_Coates,CB-TB-004_Coates.pdf,75394b0b0da14d3a2492cc717fa8165d7f07706a20eb478fe47da69d51c6adc6,C:\Users\gduff\Downloads\cb-tb-001-030-v4\pdfs\CB-TB-004_Coates.pdf,pdf_inventory_criminal,pdf_hash_unique|dupes=1,NO_GOLD,criminal,OFFLINE_CLIENT_PROJECTION,,,
sha:7564215bd43f47d9c8f141359d2b873edc9e608709e96a96c17462271181df9c,PDF-7564215bd43f,CB-TB-063_Carver,CB-TB-063_Carver.pdf,7564215bd43f47d9c8f141359d2b873edc9e608709e96a96c17462271181df9c,C:\Users\gduff\Downloads\cb-tb-031-100-v4\pdfs\CB-TB-063_Carver.pdf,pdf_inventory_criminal,pdf_hash_unique|dupes=1,NO_GOLD,criminal,OFFLINE_CLIENT_PROJECTION,,,
sha:7579f723b7effcdb3cb3692abbf2c56e23af68bb85b11de7cda5ea35f891da80,PDF-7579f723b7ef,CB-TB-1780_Griffiths,CB-TB-1780_Griffiths.pdf,7579f723b7effcdb3cb3692abbf2c56e23af68bb85b11de7cda5ea35f891da80,C:\Users\gduff\Downloads\cb-tb-1601-2200-v5-factory-run\pdfs\CB-TB-1780_Griffiths.pdf,pdf_inventory_criminal,pdf_hash_unique|dupes=2,NO_GOLD,criminal,OFFLINE_CLIENT_PROJECTION,,,
sha:75accda0d1775b8346d2f62035ae876f915f88e5e151584d51cb0a7ab41ce5f4,PDF-75accda0d177,CB-TB-1076_Porter,CB-TB-1076_Porter.pdf,75accda0d1775b8346d2f62035ae876f915f88e5e151584d51cb0a7ab41ce5f4,C:\Users\gduff\Downloads\cb-tb-901-1100-v5\pdfs\CB-TB-1076_Porter.pdf,pdf_inventory_criminal,pdf_hash_unique|dupes=2,NO_GOLD,criminal,OFFLINE_CLIENT_PROJECTION,,,
sha:75bf85abdab9fd0123e4600d864f8794794c963cbaa34ce13163b713381feec2,PDF-75bf85abdab9,CB-TB-1811_Marlow,CB-TB-1811_Marlow.pdf,75bf85abdab9fd0123e4600d864f8794794c963cbaa34ce13163b713381feec2,C:\Users\gduff\Downloads\cb-tb-1601-2200-v5-factory-run\pdfs\CB-TB-1811_Marlow.pdf,pdf_inventory_criminal,pdf_hash_unique|dupes=2,NO_GOLD,criminal,OFFLINE_CLIENT_PROJECTION,,,
sha:75e95ed120f914211b3bbd437267b94641a76d8cea1b6b6d8869ce4f1598d333,PDF-75e95ed120f9,CB-TB-395_Clarke,CB-TB-395_Clarke.pdf,75e95ed120f914211b3bbd437267b94641a76d8cea1b6b6d8869ce4f1598d333,C:\Users\gduff\Downloads\cb-tb-301-400-v4\pdfs\CB-TB-395_Clarke.pdf,pdf_inventory_criminal,pdf_hash_unique|dupes=2,NO_GOLD,criminal,OFFLINE_CLIENT_PROJECTION,,,
sha:760fb526d347fbcb24eb58b4181f05198420a946bd028c59205d1dd54cead199,PDF-760fb526d347,CB-TB-136_Wright,CB-TB-136_Wright.pdf,760fb526d347fbcb24eb58b4181f05198420a946bd028c59205d1dd54cead199,C:\Users\gduff\Downloads\cb-tb-101-200-v4\pdfs\CB-TB-136_Wright.pdf,pdf_inventory_criminal,pdf_hash_unique|dupes=1,NO_GOLD,criminal,OFFLINE_CLIENT_PROJECTION,,,
sha:761d6db8907f58e8262dae457d080c8b7140dc168e19d2f121cb0a907a2d2bfa,PDF-761d6db8907f,CB-TB-1679_Hale,CB-TB-1679_Hale.pdf,761d6db8907f58e8262dae457d080c8b7140dc168e19d2f121cb0a907a2d2bfa,C:\Users\gduff\Downloads\cb-tb-1601-2200-v5-factory-run\pdfs\CB-TB-1679_Hale.pdf,pdf_inventory_criminal,pdf_hash_unique|dupes=4,NO_GOLD,criminal,OFFLINE_CLIENT_PROJECTION,,,
sha:7632231e9901236020764d8652ab6ab6f0814c0b945e22fcd96be6e4e5a42b8a,PDF-7632231e9901,CB-TB-888_Bell,CB-TB-888_Bell.pdf,7632231e9901236020764d8652ab6ab6f0814c0b945e22fcd96be6e4e5a42b8a,C:\Users\gduff\Downloads\cb-tb-801-900-v5\pdfs\CB-TB-888_Bell.pdf,pdf_inventory_criminal,pdf_hash_unique|dupes=1,NO_GOLD,criminal,OFFLINE_CLIENT_PROJECTION,,,
sha:7632e7c958b62df9a1a6f413df0e1c794c47914bb5c10b1cef47e42b2f4b062c,PDF-7632e7c958b6,CB-TB-2080_Walsh,CB-TB-2080_Walsh.pdf,7632e7c958b62df9a1a6f413df0e1c794c47914bb5c10b1cef47e42b2f4b062c,C:\Users\gduff\Downloads\cb-tb-1601-2200-v5-factory-run\pdfs\CB-TB-2080_Walsh.pdf,pdf_inventory_criminal,pdf_hash_unique|dupes=2,NO_GOLD,criminal,OFFLINE_CLIENT_PROJECTION,,,
sha:763d817ae82b95fb1d94d5c23d66edebc46c98596c86f8e65129166159b2405a,PDF-763d817ae82b,CB-TB-367_Rees,CB-TB-367_Rees.pdf,763d817ae82b95fb1d94d5c23d66edebc46c98596c86f8e65129166159b2405a,C:\Users\gduff\Downloads\cb-tb-301-400-v4\pdfs\CB-TB-367_Rees.pdf,pdf_inventory_criminal,pdf_hash_unique|dupes=2,NO_GOLD,criminal,OFFLINE_CLIENT_PROJECTION,,,
sha:769f20f356ed265e9f3837debbd451da3549ff85b2a87b46ce5363ca62fac2f4,PDF-769f20f356ed,CB-TB-1272_Hayes,CB-TB-1272_Hayes.pdf,769f20f356ed265e9f3837debbd451da3549ff85b2a87b46ce5363ca62fac2f4,C:\Users\gduff\Downloads\cb-tb-1201-1300-v5\pdfs\CB-TB-1272_Hayes.pdf,pdf_inventory_criminal,pdf_hash_unique|dupes=2,NO_GOLD,criminal,OFFLINE_CLIENT_PROJECTION,,,
sha:76a23242e8aa56c209108146e9b4ebda94ecb25c9496cf60adc27f75c60395b6,PDF-76a23242e8aa,CB-TB-1958_Rourke,CB-TB-1958_Rourke.pdf,76a23242e8aa56c209108146e9b4ebda94ecb25c9496cf60adc27f75c60395b6,C:\Users\gduff\Downloads\cb-tb-1601-2200-v5-factory-run\pdfs\CB-TB-1958_Rourke.pdf,pdf_inventory_criminal,pdf_hash_unique|dupes=2,NO_GOLD,criminal,OFFLINE_CLIENT_PROJECTION,,,
sha:76d5ab2a229bfd16475064af982d15ed8f16f9e23421f8c14c94a46382c4e5ca,PDF-76d5ab2a229b,CB-TB-1552_Barnes,CB-TB-1552_Barnes.pdf,76d5ab2a229bfd16475064af982d15ed8f16f9e23421f8c14c94a46382c4e5ca,C:\Users\gduff\Downloads\cb-tb-1501-1600-v5-factory-run\pdfs\CB-TB-1552_Barnes.pdf,pdf_inventory_criminal,pdf_hash_unique|dupes=2,NO_GOLD,criminal,OFFLINE_CLIENT_PROJECTION,,,
sha:76e38ed4d7c88b44563483f88cb2f1976e1c6d9460d3f82126209dacd31f5f9f,PDF-76e38ed4d7c8,CB-TB-535_Rees,CB-TB-535_Rees.pdf,76e38ed4d7c88b44563483f88cb2f1976e1c6d9460d3f82126209dacd31f5f9f,C:\Users\gduff\Downloads\cb-tb-501-600-v5-extract\pdfs\CB-TB-535_Rees.pdf,pdf_inventory_criminal,pdf_hash_unique|dupes=3,NO_GOLD,criminal,OFFLINE_CLIENT_PROJECTION,,,
sha:76ef428e100029f6e5325b572ee2c0d0f23c72208720fe90c814f0f7bd626eee,PDF-76ef428e1000,CB-TB-466_Coleman,CB-TB-466_Coleman.pdf,76ef428e100029f6e5325b572ee2c0d0f23c72208720fe90c814f0f7bd626eee,C:\Users\gduff\Downloads\cb-tb-401-500-v5\pdfs\CB-TB-466_Coleman.pdf,pdf_inventory_criminal,pdf_hash_unique|dupes=2,NO_GOLD,criminal,OFFLINE_CLIENT_PROJECTION,,,
sha:770de222ede30025bc57021dd961bf24cdd51b74309e26f358b85e99a5c39d9e,PDF-770de222ede3,CB-TB-046_Daniels,CB-TB-046_Daniels.pdf,770de222ede30025bc57021dd961bf24cdd51b74309e26f358b85e99a5c39d9e,C:\Users\gduff\Downloads\cb-tb-001-050-v3\pdfs\CB-TB-046_Daniels.pdf,pdf_inventory_criminal,pdf_hash_unique|dupes=2,NO_GOLD,criminal,OFFLINE_CLIENT_PROJECTION,,,
sha:771871263afc9a90084cd552156d77846205c280568dbb849a131afecf9ec986,PDF-771871263afc,CB-TB-765_Coleman,CB-TB-765_Coleman.pdf,771871263afc9a90084cd552156d77846205c280568dbb849a131afecf9ec986,C:\Users\gduff\Downloads\cb-tb-701-800-v5\pdfs\CB-TB-765_Coleman.pdf,pdf_inventory_criminal,pdf_hash_unique|dupes=1,NO_GOLD,criminal,OFFLINE_CLIENT_PROJECTION,,,
sha:772d043564bd012de07d36461ec5ef5c2a3e8315d05419d028817da88f708c35,PDF-772d043564bd,CB-TB-1242_Blake,CB-TB-1242_Blake.pdf,772d043564bd012de07d36461ec5ef5c2a3e8315d05419d028817da88f708c35,C:\Users\gduff\Downloads\cb-tb-1201-1300-v5\pdfs\CB-TB-1242_Blake.pdf,pdf_inventory_criminal,pdf_hash_unique|dupes=2,NO_GOLD,criminal,OFFLINE_CLIENT_PROJECTION,,,
sha:772ead55442ef44be6982d2baeb1c033a5f344fa6a020667779e5e7003c9e145,PDF-772ead55442e,CB-TB-609_Thornton,CB-TB-609_Thornton.pdf,772ead55442ef44be6982d2baeb1c033a5f344fa6a020667779e5e7003c9e145,C:\Users\gduff\Downloads\cb-tb-601-700-v5\pdfs\CB-TB-609_Thornton.pdf,pdf_inventory_criminal,pdf_hash_unique|dupes=1,NO_GOLD,criminal,OFFLINE_CLIENT_PROJECTION,,,
sha:772fc3e13c00acd60e0856e7b0da4edf5a6b8ef25b92bc3ba3efca8d17be7504,PDF-772fc3e13c00,CB-TB-900_Clarke,CB-TB-900_Clarke.pdf,772fc3e13c00acd60e0856e7b0da4edf5a6b8ef25b92bc3ba3efca8d17be7504,C:\Users\gduff\Downloads\cb-tb-801-900-v5\pdfs\CB-TB-900_Clarke.pdf,pdf_inventory_criminal,pdf_hash_unique|dupes=1,NO_GOLD,criminal,OFFLINE_CLIENT_PROJECTION,,,
sha:77305dbbe983e094b3ddeb552faa77ded4dcb4e27d5e59b58b1c8d10968f0426,PDF-77305dbbe983,CB-TB-08_Aaron_Ross,CB-TB-08_Aaron_Ross.pdf,77305dbbe983e094b3ddeb552faa77ded4dcb4e27d5e59b58b1c8d10968f0426,C:\Users\gduff\Downloads\CB-TB-08_Aaron_Ross.pdf,pdf_inventory_criminal,pdf_hash_unique|dupes=2,NO_GOLD,criminal,BACKEND_LIVE,,806f4879-64de-437d-ab0c-d9cce9c0c18c,new cases for cursor — Case 5
sha:774bbfeabb66db6f957784a430e6d3cde85c3882071a57520d0d17f8e959e9e0,PDF-774bbfeabb66,CB-TB-1203_Stone,CB-TB-1203_Stone.pdf,774bbfeabb66db6f957784a430e6d3cde85c3882071a57520d0d17f8e959e9e0,C:\Users\gduff\Downloads\cb-tb-1201-1300-v5\pdfs\CB-TB-1203_Stone.pdf,pdf_inventory_criminal,pdf_hash_unique|dupes=2,NO_GOLD,criminal,OFFLINE_CLIENT_PROJECTION,,,
sha:774cfc85a370a2bac1b38a800738493037da77728bc6e6051dae077ec853d75f,PDF-774cfc85a370,CB-TB-1018_Dawson,CB-TB-1018_Dawson.pdf,774cfc85a370a2bac1b38a800738493037da77728bc6e6051dae077ec853d75f,C:\Users\gduff\Downloads\cb-tb-901-1100-v5\pdfs\CB-TB-1018_Dawson.pdf,pdf_inventory_criminal,pdf_hash_unique|dupes=2,NO_GOLD,criminal,OFFLINE_CLIENT_PROJECTION,,,
sha:775e5d6496766a798ff39637fb78b668983a45125f71b5370577eff977fc2132,PDF-775e5d649676,CB-TB-717_Thornton,CB-TB-717_Thornton.pdf,775e5d6496766a798ff39637fb78b668983a45125f71b5370577eff977fc2132,C:\Users\gduff\Downloads\cb-tb-701-800-v5\pdfs\CB-TB-717_Thornton.pdf,pdf_inventory_criminal,pdf_hash_unique|dupes=1,NO_GOLD,criminal,OFFLINE_CLIENT_PROJECTION,,,
sha:77714d88424d4a5e97283e30985e0a3c132c5919c72223ad497e01bba16031a8,PDF-77714d88424d,CB-TB-1769_Sutton,CB-TB-1769_Sutton.pdf,77714d88424d4a5e97283e30985e0a3c132c5919c72223ad497e01bba16031a8,C:\Users\gduff\Downloads\cb-tb-1601-2200-v5-factory-run\pdfs\CB-TB-1769_Sutton.pdf,pdf_inventory_criminal,pdf_hash_unique|dupes=2,NO_GOLD,criminal,OFFLINE_CLIENT_PROJECTION,,,
sha:77e7154225bf69a7eb5721c21b2f5ff839344482327138e85c680c72bb226042,PDF-77e7154225bf,CB-TB-207_Baines,CB-TB-207_Baines.pdf,77e7154225bf69a7eb5721c21b2f5ff839344482327138e85c680c72bb226042,C:\Users\gduff\Downloads\cb-tb-201-300-v4\pdfs\CB-TB-207_Baines.pdf,pdf_inventory_criminal,pdf_hash_unique|dupes=1,NO_GOLD,criminal,OFFLINE_CLIENT_PROJECTION,,,
sha:77e920a7e23aa7bd196a2dbee22467516d2ca57cc81d7d29541623685f827152,PDF-77e920a7e23a,CB-TB-397_Patel,CB-TB-397_Patel.pdf,77e920a7e23aa7bd196a2dbee22467516d2ca57cc81d7d29541623685f827152,C:\Users\gduff\Downloads\cb-tb-301-400-v4\pdfs\CB-TB-397_Patel.pdf,pdf_inventory_criminal,pdf_hash_unique|dupes=2,NO_GOLD,criminal,OFFLINE_CLIENT_PROJECTION,,,
sha:784f4f6f71cdcdb781445fc0d19b4f7926f7d76af43fc53fff420bc9aec7aa5f,PDF-784f4f6f71cd,CB-TB-1832_Wardle,CB-TB-1832_Wardle.pdf,784f4f6f71cdcdb781445fc0d19b4f7926f7d76af43fc53fff420bc9aec7aa5f,C:\Users\gduff\Downloads\cb-tb-1601-2200-v5-factory-run\pdfs\CB-TB-1832_Wardle.pdf,pdf_inventory_criminal,pdf_hash_unique|dupes=2,NO_GOLD,criminal,OFFLINE_CLIENT_PROJECTION,,,
sha:7874ccdd6d020f1287a3816d911121b9cdfff3953fb01ed4cd0bab7b490c1010,PDF-7874ccdd6d02,CB-TB-756_Patterson,CB-TB-756_Patterson.pdf,7874ccdd6d020f1287a3816d911121b9cdfff3953fb01ed4cd0bab7b490c1010,C:\Users\gduff\Downloads\cb-tb-701-800-v5\pdfs\CB-TB-756_Patterson.pdf,pdf_inventory_criminal,pdf_hash_unique|dupes=1,NO_GOLD,criminal,OFFLINE_CLIENT_PROJECTION,,,
sha:787e7e3caa1db684aae1031e7076db039e593ba2d6b332290200d3f60d06de7f,PDF-787e7e3caa1d,CB-TB-500_Shaw,CB-TB-500_Shaw.pdf,787e7e3caa1db684aae1031e7076db039e593ba2d6b332290200d3f60d06de7f,C:\Users\gduff\Downloads\cb-tb-401-500-v5\pdfs\CB-TB-500_Shaw.pdf,pdf_inventory_criminal,pdf_hash_unique|dupes=2,NO_GOLD,criminal,OFFLINE_CLIENT_PROJECTION,,,
sha:78a0d1c4846e1912c50698ba474cd19e3f183596c8cf4db8322fe88125411336,PDF-78a0d1c4846e,CB-TB-1382_Holt,CB-TB-1382_Holt.pdf,78a0d1c4846e1912c50698ba474cd19e3f183596c8cf4db8322fe88125411336,C:\Users\gduff\Downloads\cb-tb-1301-1400-v5\pdfs\CB-TB-1382_Holt.pdf,pdf_inventory_criminal,pdf_hash_unique|dupes=2,NO_GOLD,criminal,OFFLINE_CLIENT_PROJECTION,,,
sha:78ebf99c4b07e1c796f785b24e3c2f591c4cba7ac3fb162c9e7f59c8bbd31bdb,PDF-78ebf99c4b07,CB-TB-1324_Vale,CB-TB-1324_Vale.pdf,78ebf99c4b07e1c796f785b24e3c2f591c4cba7ac3fb162c9e7f59c8bbd31bdb,C:\Users\gduff\Downloads\cb-tb-1301-1400-v5\pdfs\CB-TB-1324_Vale.pdf,pdf_inventory_criminal,pdf_hash_unique|dupes=2,NO_GOLD,criminal,OFFLINE_CLIENT_PROJECTION,,,
sha:795f595814598bd3a5318d574d5983fb28f484e73a693bec07d460e1350b5fbb,PDF-795f59581459,CB-TB-477_Wright,CB-TB-477_Wright.pdf,795f595814598bd3a5318d574d5983fb28f484e73a693bec07d460e1350b5fbb,C:\Users\gduff\Downloads\cb-tb-401-500-v5\pdfs\CB-TB-477_Wright.pdf,pdf_inventory_criminal,pdf_hash_unique|dupes=2,NO_GOLD,criminal,OFFLINE_CLIENT_PROJECTION,,,
sha:797bc9c286d17b98f325a9df3ae858f64f4fc8643d0ab59185602d1089ea67d5,PDF-797bc9c286d1,CB-TB-1555_Newton,CB-TB-1555_Newton.pdf,797bc9c286d17b98f325a9df3ae858f64f4fc8643d0ab59185602d1089ea67d5,C:\Users\gduff\Downloads\cb-tb-1501-1600-v5-factory-run\pdfs\CB-TB-1555_Newton.pdf,pdf_inventory_criminal,pdf_hash_unique|dupes=2,NO_GOLD,criminal,OFFLINE_CLIENT_PROJECTION,,,
sha:79849120f31c9ebbca4814387180a93cccdd952c5c5f0b4cdca86faab93dba5e,PDF-79849120f31c,CB-TB-566_Morgan,CB-TB-566_Morgan.pdf,79849120f31c9ebbca4814387180a93cccdd952c5c5f0b4cdca86faab93dba5e,C:\Users\gduff\Downloads\cb-tb-501-600-v5-extract\pdfs\CB-TB-566_Morgan.pdf,pdf_inventory_criminal,pdf_hash_unique|dupes=3,NO_GOLD,criminal,OFFLINE_CLIENT_PROJECTION,,,
sha:7996a909402d1618b5918301ec5028cd36e56081b76b423648bb2fa798ed17f8,PDF-7996a909402d,CB-TB-1666_Walsh,CB-TB-1666_Walsh.pdf,7996a909402d1618b5918301ec5028cd36e56081b76b423648bb2fa798ed17f8,C:\Users\gduff\Downloads\cb-tb-1601-2200-v5-factory-run\pdfs\CB-TB-1666_Walsh.pdf,pdf_inventory_criminal,pdf_hash_unique|dupes=4,NO_GOLD,criminal,OFFLINE_CLIENT_PROJECTION,,,
sha:79aac2fdafee2ba6c9e6a04a1593ebce885d834e2cc36d4bd071ef6018acd07f,PDF-79aac2fdafee,CB-TB-887_Morgan,CB-TB-887_Morgan.pdf,79aac2fdafee2ba6c9e6a04a1593ebce885d834e2cc36d4bd071ef6018acd07f,C:\Users\gduff\Downloads\cb-tb-801-900-v5\pdfs\CB-TB-887_Morgan.pdf,pdf_inventory_criminal,pdf_hash_unique|dupes=1,NO_GOLD,criminal,OFFLINE_CLIENT_PROJECTION,,,
sha:79ab2ce7f35cb3112f261e2f22b83b1cd15fa731439dd7d90c343480929b08a5,PDF-79ab2ce7f35c,CB-TB-1784_Nolan,CB-TB-1784_Nolan.pdf,79ab2ce7f35cb3112f261e2f22b83b1cd15fa731439dd7d90c343480929b08a5,C:\Users\gduff\Downloads\cb-tb-1601-2200-v5-factory-run\pdfs\CB-TB-1784_Nolan.pdf,pdf_inventory_criminal,pdf_hash_unique|dupes=2,NO_GOLD,criminal,OFFLINE_CLIENT_PROJECTION,,,
sha:79cf2d0474372361879405ea9cce01113ff77098a4013408d7b6f7dbc3b3ae54,PDF-79cf2d047437,CB-TB-649_Bennett,CB-TB-649_Bennett.pdf,79cf2d0474372361879405ea9cce01113ff77098a4013408d7b6f7dbc3b3ae54,C:\Users\gduff\Downloads\cb-tb-601-700-v5\pdfs\CB-TB-649_Bennett.pdf,pdf_inventory_criminal,pdf_hash_unique|dupes=1,NO_GOLD,criminal,OFFLINE_CLIENT_PROJECTION,,,
sha:79e1b579e98ac5e105a5881fed517b5dab0e249ef8309a92e2d4a5982cbdd1fa,PDF-79e1b579e98a,CB-TB-1291_Parker,CB-TB-1291_Parker.pdf,79e1b579e98ac5e105a5881fed517b5dab0e249ef8309a92e2d4a5982cbdd1fa,C:\Users\gduff\Downloads\cb-tb-1201-1300-v5\pdfs\CB-TB-1291_Parker.pdf,pdf_inventory_criminal,pdf_hash_unique|dupes=2,NO_GOLD,criminal,OFFLINE_CLIENT_PROJECTION,,,
sha:79f44f24d634cd2f95c0f7196a2b30f7f3f39dd268be98e28ef4ecbe617a8dbc,PDF-79f44f24d634,CB-TB-1928_Stone,CB-TB-1928_Stone.pdf,79f44f24d634cd2f95c0f7196a2b30f7f3f39dd268be98e28ef4ecbe617a8dbc,C:\Users\gduff\Downloads\cb-tb-1601-2200-v5-factory-run\pdfs\CB-TB-1928_Stone.pdf,pdf_inventory_criminal,pdf_hash_unique|dupes=2,NO_GOLD,criminal,OFFLINE_CLIENT_PROJECTION,,,
sha:79f49e3872ae49ab5bf50cd108ff90ce63566ee0381ba80b19b88b5c7b32e38e,PDF-79f49e3872ae,CB-TB-1117_Kent,CB-TB-1117_Kent.pdf,79f49e3872ae49ab5bf50cd108ff90ce63566ee0381ba80b19b88b5c7b32e38e,C:\Users\gduff\Downloads\cb-tb-1101-1400-v5\pdfs\CB-TB-1117_Kent.pdf,pdf_inventory_criminal,pdf_hash_unique|dupes=2,NO_GOLD,criminal,OFFLINE_CLIENT_PROJECTION,,,
sha:7a2023133e81f33758fc6d12cd427c983bdf39a78740730610b23c39c3dd7aa3,PDF-7a2023133e81,CB-TB-025_Daniel_Kerr,CB-TB-025_Daniel_Kerr.pdf,7a2023133e81f33758fc6d12cd427c983bdf39a78740730610b23c39c3dd7aa3,C:\Users\gduff\Downloads\CaseBrain_Blind_Bundle_Factory_v2_30_bundles (1)\pdfs\CB-TB-025_Daniel_Kerr.pdf,pdf_inventory_criminal,pdf_hash_unique|dupes=2,NO_GOLD,criminal,OFFLINE_CLIENT_PROJECTION,,,
sha:7a47657993e764822cbe77f04beee9d1dec8ca040f85f532b941a91b6a14fbbd,PDF-7a47657993e7,CB-TB-1568_Marsh,CB-TB-1568_Marsh.pdf,7a47657993e764822cbe77f04beee9d1dec8ca040f85f532b941a91b6a14fbbd,C:\Users\gduff\Downloads\cb-tb-1501-1600-v5-factory-run\pdfs\CB-TB-1568_Marsh.pdf,pdf_inventory_criminal,pdf_hash_unique|dupes=2,NO_GOLD,criminal,OFFLINE_CLIENT_PROJECTION,,,
sha:7a4d2ab488e9427b7d082f58442da26d50b3be9a4b5aacdc509de1e61536fa35,PDF-7a4d2ab488e9,CB-TB-567_Ali,CB-TB-567_Ali.pdf,7a4d2ab488e9427b7d082f58442da26d50b3be9a4b5aacdc509de1e61536fa35,C:\Users\gduff\Downloads\cb-tb-501-600-v5-extract\pdfs\CB-TB-567_Ali.pdf,pdf_inventory_criminal,pdf_hash_unique|dupes=3,NO_GOLD,criminal,OFFLINE_CLIENT_PROJECTION,,,
sha:7a577bfb86ad335db270d1040041ee11818b866544d64dfb4773181251dee4c8,PDF-7a577bfb86ad,CB-TB-123_Clarke,CB-TB-123_Clarke.pdf,7a577bfb86ad335db270d1040041ee11818b866544d64dfb4773181251dee4c8,C:\Users\gduff\Downloads\cb-tb-101-200-v4\pdfs\CB-TB-123_Clarke.pdf,pdf_inventory_criminal,pdf_hash_unique|dupes=1,NO_GOLD,criminal,OFFLINE_CLIENT_PROJECTION,,,
sha:7a7107364bd4276ff75f0b863bbe13af8a6cf23283828ff11f19c3b55f701b66,PDF-7a7107364bd4,CB-TB-1767_Tate,CB-TB-1767_Tate.pdf,7a7107364bd4276ff75f0b863bbe13af8a6cf23283828ff11f19c3b55f701b66,C:\Users\gduff\Downloads\cb-tb-1601-2200-v5-factory-run\pdfs\CB-TB-1767_Tate.pdf,pdf_inventory_criminal,pdf_hash_unique|dupes=2,NO_GOLD,criminal,OFFLINE_CLIENT_PROJECTION,,,
sha:7a9c9de7ddfe52e318f5cd5811c851c3b78e8b3d274d916821eac0c68b7ea988,PDF-7a9c9de7ddfe,CB-TB-831_Reed,CB-TB-831_Reed.pdf,7a9c9de7ddfe52e318f5cd5811c851c3b78e8b3d274d916821eac0c68b7ea988,C:\Users\gduff\Downloads\cb-tb-801-900-v5\pdfs\CB-TB-831_Reed.pdf,pdf_inventory_criminal,pdf_hash_unique|dupes=1,NO_GOLD,criminal,OFFLINE_CLIENT_PROJECTION,,,
sha:7adcaef8277eea07d914f891b61d900b5f3f1b8ee263e8396513c4c9e9e7ef0f,PDF-7adcaef8277e,CB-TB-657_Bennett,CB-TB-657_Bennett.pdf,7adcaef8277eea07d914f891b61d900b5f3f1b8ee263e8396513c4c9e9e7ef0f,C:\Users\gduff\Downloads\cb-tb-601-700-v5\pdfs\CB-TB-657_Bennett.pdf,pdf_inventory_criminal,pdf_hash_unique|dupes=1,NO_GOLD,criminal,OFFLINE_CLIENT_PROJECTION,,,
sha:7ae2bb48fd020c6b494b4fb6b4e6cafa659686cb945d3f24486e9d0ea30e1c91,PDF-7ae2bb48fd02,CB-TB-1776_Glover,CB-TB-1776_Glover.pdf,7ae2bb48fd020c6b494b4fb6b4e6cafa659686cb945d3f24486e9d0ea30e1c91,C:\Users\gduff\Downloads\cb-tb-1601-2200-v5-factory-run\pdfs\CB-TB-1776_Glover.pdf,pdf_inventory_criminal,pdf_hash_unique|dupes=2,NO_GOLD,criminal,OFFLINE_CLIENT_PROJECTION,,,
sha:7aff0401ab7606a4f42febd03b5fab73edf3633d14fad5c280567da2c18d48f6,PDF-7aff0401ab76,CB-TB-022_Stone,CB-TB-022_Stone.pdf,7aff0401ab7606a4f42febd03b5fab73edf3633d14fad5c280567da2c18d48f6,C:\Users\gduff\Downloads\cb-tb-001-030-v4\pdfs\CB-TB-022_Stone.pdf,pdf_inventory_criminal,pdf_hash_unique|dupes=1,NO_GOLD,criminal,OFFLINE_CLIENT_PROJECTION,,,
sha:7b1ae74d5acc1a04cff5987d04a46c4a374bc24f136fb3e45a9904b3a1eedadb,PDF-7b1ae74d5acc,CB-TB-1826_Morris,CB-TB-1826_Morris.pdf,7b1ae74d5acc1a04cff5987d04a46c4a374bc24f136fb3e45a9904b3a1eedadb,C:\Users\gduff\Downloads\cb-tb-1601-2200-v5-factory-run\pdfs\CB-TB-1826_Morris.pdf,pdf_inventory_criminal,pdf_hash_unique|dupes=2,NO_GOLD,criminal,OFFLINE_CLIENT_PROJECTION,,,
sha:7b22b314fc09c1110101119d63999a6177b7c56cf52d352256868b41c46415d2,PDF-7b22b314fc09,CB-TB-1751_Byrom,CB-TB-1751_Byrom.pdf,7b22b314fc09c1110101119d63999a6177b7c56cf52d352256868b41c46415d2,C:\Users\gduff\Downloads\cb-tb-1601-2200-v5-factory-run\pdfs\CB-TB-1751_Byrom.pdf,pdf_inventory_criminal,pdf_hash_unique|dupes=2,NO_GOLD,criminal,OFFLINE_CLIENT_PROJECTION,,,
sha:7b2eb03666d0c1693f4bace17be1ebb01b6dfd37cab8f65b2ece8b8e30b5016f,PDF-7b2eb03666d0,CB-TB-1870_Wardle,CB-TB-1870_Wardle.pdf,7b2eb03666d0c1693f4bace17be1ebb01b6dfd37cab8f65b2ece8b8e30b5016f,C:\Users\gduff\Downloads\cb-tb-1601-2200-v5-factory-run\pdfs\CB-TB-1870_Wardle.pdf,pdf_inventory_criminal,pdf_hash_unique|dupes=2,NO_GOLD,criminal,OFFLINE_CLIENT_PROJECTION,,,
sha:7b73d6caf88604d8e7e5e2e0ea2dd13ddd3e9dde21a50c69b8d2f6e5878fd2b9,PDF-7b73d6caf886,CB-TB-445_Byrne,CB-TB-445_Byrne.pdf,7b73d6caf88604d8e7e5e2e0ea2dd13ddd3e9dde21a50c69b8d2f6e5878fd2b9,C:\Users\gduff\Downloads\cb-tb-401-500-v5\pdfs\CB-TB-445_Byrne.pdf,pdf_inventory_criminal,pdf_hash_unique|dupes=2,NO_GOLD,criminal,OFFLINE_CLIENT_PROJECTION,,,
sha:7b9e69cd44ec82ff1cd5bb06646eca1dcc2d756f6d823f54125d5ad29e91e663,PDF-7b9e69cd44ec,CB-TB-757_Parker,CB-TB-757_Parker.pdf,7b9e69cd44ec82ff1cd5bb06646eca1dcc2d756f6d823f54125d5ad29e91e663,C:\Users\gduff\Downloads\cb-tb-701-800-v5\pdfs\CB-TB-757_Parker.pdf,pdf_inventory_criminal,pdf_hash_unique|dupes=1,NO_GOLD,criminal,OFFLINE_CLIENT_PROJECTION,,,
sha:7bb3147c9a7a63c0558b3a8253245b2bd7d23beaf3a7de6f721fca77d545ec99,PDF-7bb3147c9a7a,CB-TB-176_Sutton,CB-TB-176_Sutton.pdf,7bb3147c9a7a63c0558b3a8253245b2bd7d23beaf3a7de6f721fca77d545ec99,C:\Users\gduff\Downloads\cb-tb-101-200-v4\pdfs\CB-TB-176_Sutton.pdf,pdf_inventory_criminal,pdf_hash_unique|dupes=1,NO_GOLD,criminal,OFFLINE_CLIENT_PROJECTION,,,
sha:7bba922dd3ea0432705aa7b90271b1b001a8050ec9f0ac6fb9765102135f64f3,PDF-7bba922dd3ea,CB-TB-028_Rehman,CB-TB-028_Rehman.pdf,7bba922dd3ea0432705aa7b90271b1b001a8050ec9f0ac6fb9765102135f64f3,C:\Users\gduff\Downloads\cb-tb-001-050-v3\pdfs\CB-TB-028_Rehman.pdf,pdf_inventory_criminal,pdf_hash_unique|dupes=2,NO_GOLD,criminal,OFFLINE_CLIENT_PROJECTION,,,
sha:7bef225ecd707d9595c0a703412fc19e3d0f1fab117a5b53d8e19a4d38790840,PDF-7bef225ecd70,CB-TB-1771_Slater,CB-TB-1771_Slater.pdf,7bef225ecd707d9595c0a703412fc19e3d0f1fab117a5b53d8e19a4d38790840,C:\Users\gduff\Downloads\cb-tb-1601-2200-v5-factory-run\pdfs\CB-TB-1771_Slater.pdf,pdf_inventory_criminal,pdf_hash_unique|dupes=2,NO_GOLD,criminal,OFFLINE_CLIENT_PROJECTION,,,
sha:7bf5611937042bd6d223786362bb3a4ba7f55eb669e28638ebcebd89bee1ea62,PDF-7bf561193704,CB-TB-006_Thornton,CB-TB-006_Thornton.pdf,7bf5611937042bd6d223786362bb3a4ba7f55eb669e28638ebcebd89bee1ea62,C:\Users\gduff\Downloads\cb-tb-001-030-v4\pdfs\CB-TB-006_Thornton.pdf,pdf_inventory_criminal,pdf_hash_unique|dupes=1,NO_GOLD,criminal,OFFLINE_CLIENT_PROJECTION,,,
sha:7bfe9ebeb413cad3f62204736cc3eaa26dfc67e26e26a55b4dc20249da061618,PDF-7bfe9ebeb413,CB-TB-080_Lane,CB-TB-080_Lane.pdf,7bfe9ebeb413cad3f62204736cc3eaa26dfc67e26e26a55b4dc20249da061618,C:\Users\gduff\Downloads\cb-tb-031-100-v4\pdfs\CB-TB-080_Lane.pdf,pdf_inventory_criminal,pdf_hash_unique|dupes=1,NO_GOLD,criminal,OFFLINE_CLIENT_PROJECTION,,,
sha:7c0482b064c447d59fdf93ea23a04183db384641dee97ca324c0b141375087aa,PDF-7c0482b064c4,CB-TB-802_Thornton,CB-TB-802_Thornton.pdf,7c0482b064c447d59fdf93ea23a04183db384641dee97ca324c0b141375087aa,C:\Users\gduff\Downloads\cb-tb-801-900-v5\pdfs\CB-TB-802_Thornton.pdf,pdf_inventory_criminal,pdf_hash_unique|dupes=1,NO_GOLD,criminal,OFFLINE_CLIENT_PROJECTION,,,
sha:7c0e46f69ad9e12915c64adaa3c2ab6c77d00d212ae528234af2851aba7951d3,PDF-7c0e46f69ad9,CB-TB-502_Marsh,CB-TB-502_Marsh.pdf,7c0e46f69ad9e12915c64adaa3c2ab6c77d00d212ae528234af2851aba7951d3,C:\Users\gduff\Downloads\cb-tb-501-600-v5-extract\pdfs\CB-TB-502_Marsh.pdf,pdf_inventory_criminal,pdf_hash_unique|dupes=3,NO_GOLD,criminal,OFFLINE_CLIENT_PROJECTION,,,
sha:7c20b1986087c4248ac36de09f453b65e6502522dda37296e4db6a2ebdf04844,PDF-7c20b1986087,CB-TB-2187_Grant,CB-TB-2187_Grant.pdf,7c20b1986087c4248ac36de09f453b65e6502522dda37296e4db6a2ebdf04844,C:\Users\gduff\Downloads\cb-tb-1601-2200-v5-factory-run\pdfs\CB-TB-2187_Grant.pdf,pdf_inventory_criminal,pdf_hash_unique|dupes=2,NO_GOLD,criminal,OFFLINE_CLIENT_PROJECTION,,,
sha:7c24de3637ce9affa3043c582a772a1be1660b08cbb6f7d87fb379e46a9540c8,PDF-7c24de3637ce,CB-TB-1126_Vale,CB-TB-1126_Vale.pdf,7c24de3637ce9affa3043c582a772a1be1660b08cbb6f7d87fb379e46a9540c8,C:\Users\gduff\Downloads\cb-tb-1101-1400-v5\pdfs\CB-TB-1126_Vale.pdf,pdf_inventory_criminal,pdf_hash_unique|dupes=2,NO_GOLD,criminal,OFFLINE_CLIENT_PROJECTION,,,
sha:7c61a692acd630b56dda2ed8d333c6d17725bb87d85ff21ef01d0aeb0ec955c8,PDF-7c61a692acd6,CB-TB-1721_Baxter,CB-TB-1721_Baxter.pdf,7c61a692acd630b56dda2ed8d333c6d17725bb87d85ff21ef01d0aeb0ec955c8,C:\Users\gduff\Downloads\cb-tb-1601-2200-v5-factory-run\pdfs\CB-TB-1721_Baxter.pdf,pdf_inventory_criminal,pdf_hash_unique|dupes=2,NO_GOLD,criminal,OFFLINE_CLIENT_PROJECTION,,,
sha:7c753077aeb18c2b08567724639182d365d01e8cce24dae205aa296aeb2a2aca,PDF-7c753077aeb1,CB-TB-308_Khan,CB-TB-308_Khan.pdf,7c753077aeb18c2b08567724639182d365d01e8cce24dae205aa296aeb2a2aca,C:\Users\gduff\Downloads\cb-tb-301-400-v4\pdfs\CB-TB-308_Khan.pdf,pdf_inventory_criminal,pdf_hash_unique|dupes=2,NO_GOLD,criminal,OFFLINE_CLIENT_PROJECTION,,,
sha:7c81c819827861b6c3b15aa8fe51b5fba5e6e08037eb888b8689849be445d8e5,PDF-7c81c8198278,CB-TB-1544_Walsh,CB-TB-1544_Walsh.pdf,7c81c819827861b6c3b15aa8fe51b5fba5e6e08037eb888b8689849be445d8e5,C:\Users\gduff\Downloads\cb-tb-1501-1600-v5-factory-run\pdfs\CB-TB-1544_Walsh.pdf,pdf_inventory_criminal,pdf_hash_unique|dupes=2,NO_GOLD,criminal,OFFLINE_CLIENT_PROJECTION,,,
sha:7c9c9732e4c8f8ed6578a828964e047465cd2eefab5148b82eb7e7fc50c66ffe,PDF-7c9c9732e4c8,CB-TB-210_Daly,CB-TB-210_Daly.pdf,7c9c9732e4c8f8ed6578a828964e047465cd2eefab5148b82eb7e7fc50c66ffe,C:\Users\gduff\Downloads\cb-tb-201-300-v4\pdfs\CB-TB-210_Daly.pdf,pdf_inventory_criminal,pdf_hash_unique|dupes=1,NO_GOLD,criminal,OFFLINE_CLIENT_PROJECTION,,,
sha:7cf30288f3d2b27b444140a0aa82d13daa398fab4b4ad6d90812c36eddf48440,PDF-7cf30288f3d2,CB-TB-1595_Iqbal,CB-TB-1595_Iqbal.pdf,7cf30288f3d2b27b444140a0aa82d13daa398fab4b4ad6d90812c36eddf48440,C:\Users\gduff\Downloads\cb-tb-1501-1600-v5-factory-run\pdfs\CB-TB-1595_Iqbal.pdf,pdf_inventory_criminal,pdf_hash_unique|dupes=2,NO_GOLD,criminal,OFFLINE_CLIENT_PROJECTION,,,
sha:7cf83de8d3be133308e56596fa9833d1698a08c414460e83cbd274fa9ee3e816,PDF-7cf83de8d3be,CB-TB-869_Ross,CB-TB-869_Ross.pdf,7cf83de8d3be133308e56596fa9833d1698a08c414460e83cbd274fa9ee3e816,C:\Users\gduff\Downloads\cb-tb-801-900-v5\pdfs\CB-TB-869_Ross.pdf,pdf_inventory_criminal,pdf_hash_unique|dupes=1,NO_GOLD,criminal,OFFLINE_CLIENT_PROJECTION,,,
sha:7d24c00eecab039999494ff1f99120c52cd304fbcd2cd6962e54318fe9a9397c,PDF-7d24c00eecab,CB-TB-1261_Brooks,CB-TB-1261_Brooks.pdf,7d24c00eecab039999494ff1f99120c52cd304fbcd2cd6962e54318fe9a9397c,C:\Users\gduff\Downloads\cb-tb-1201-1300-v5\pdfs\CB-TB-1261_Brooks.pdf,pdf_inventory_criminal,pdf_hash_unique|dupes=2,NO_GOLD,criminal,OFFLINE_CLIENT_PROJECTION,,,
sha:7d8b03bb100a3a0b4627e05fe180545d996cac3f5e53437765fc1e8959ae6571,PDF-7d8b03bb100a,CB-TB-2109_Mitchell,CB-TB-2109_Mitchell.pdf,7d8b03bb100a3a0b4627e05fe180545d996cac3f5e53437765fc1e8959ae6571,C:\Users\gduff\Downloads\cb-tb-1601-2200-v5-factory-run\pdfs\CB-TB-2109_Mitchell.pdf,pdf_inventory_criminal,pdf_hash_unique|dupes=2,NO_GOLD,criminal,OFFLINE_CLIENT_PROJECTION,,,
sha:7da7a6b30b9f2d661c67fcaec7c048496f65b3c1be5aabe1d7888cf44ad98929,PDF-7da7a6b30b9f,CB-TB-1257_King,CB-TB-1257_King.pdf,7da7a6b30b9f2d661c67fcaec7c048496f65b3c1be5aabe1d7888cf44ad98929,C:\Users\gduff\Downloads\cb-tb-1201-1300-v5\pdfs\CB-TB-1257_King.pdf,pdf_inventory_criminal,pdf_hash_unique|dupes=2,NO_GOLD,criminal,OFFLINE_CLIENT_PROJECTION,,,
sha:7db1d019380c1f5b121fb0828d6c60e38f5e5b1dcdebcb0e1c402c7a15425d9b,PDF-7db1d019380c,CB-TB-1935_Denton,CB-TB-1935_Denton.pdf,7db1d019380c1f5b121fb0828d6c60e38f5e5b1dcdebcb0e1c402c7a15425d9b,C:\Users\gduff\Downloads\cb-tb-1601-2200-v5-factory-run\pdfs\CB-TB-1935_Denton.pdf,pdf_inventory_criminal,pdf_hash_unique|dupes=2,NO_GOLD,criminal,OFFLINE_CLIENT_PROJECTION,,,
sha:7db66cc0c261c1fd48abb8f732ef73d6119e735042a196772d2f0f78abae2ba9,PDF-7db66cc0c261,CB-TB-1840_Byrne,CB-TB-1840_Byrne.pdf,7db66cc0c261c1fd48abb8f732ef73d6119e735042a196772d2f0f78abae2ba9,C:\Users\gduff\Downloads\cb-tb-1601-2200-v5-factory-run\pdfs\CB-TB-1840_Byrne.pdf,pdf_inventory_criminal,pdf_hash_unique|dupes=2,NO_GOLD,criminal,OFFLINE_CLIENT_PROJECTION,,,
sha:7db94093912768d2de3f18730bdec8702cede51fa7535de2c9047d9bd0ba40ee,PDF-7db940939127,CB-TB-2007_Sutton,CB-TB-2007_Sutton.pdf,7db94093912768d2de3f18730bdec8702cede51fa7535de2c9047d9bd0ba40ee,C:\Users\gduff\Downloads\cb-tb-1601-2200-v5-factory-run\pdfs\CB-TB-2007_Sutton.pdf,pdf_inventory_criminal,pdf_hash_unique|dupes=2,NO_GOLD,criminal,OFFLINE_CLIENT_PROJECTION,,,
sha:7dd3d4716c48b1e7e3d4578a9365fe5497292ee204e0ad215d5f51b929f836ea,PDF-7dd3d4716c48,CB-TB-350_Doyle,CB-TB-350_Doyle.pdf,7dd3d4716c48b1e7e3d4578a9365fe5497292ee204e0ad215d5f51b929f836ea,C:\Users\gduff\Downloads\cb-tb-301-400-v4\pdfs\CB-TB-350_Doyle.pdf,pdf_inventory_criminal,pdf_hash_unique|dupes=2,NO_GOLD,criminal,OFFLINE_CLIENT_PROJECTION,,,
sha:7e3a59c678e50905d937cce950da5bf76d5daf21f99e4a73b7db4d40ae17bd41,PDF-7e3a59c678e5,CB-TB-446_Green,CB-TB-446_Green.pdf,7e3a59c678e50905d937cce950da5bf76d5daf21f99e4a73b7db4d40ae17bd41,C:\Users\gduff\Downloads\cb-tb-401-500-v5\pdfs\CB-TB-446_Green.pdf,pdf_inventory_criminal,pdf_hash_unique|dupes=2,NO_GOLD,criminal,OFFLINE_CLIENT_PROJECTION,,,
sha:7e493f20fa8e465d92262fd13c1569e29ebec8f075f475e1428ac0bf439b66f1,PDF-7e493f20fa8e,CB-TB-1611_Doyle,CB-TB-1611_Doyle.pdf,7e493f20fa8e465d92262fd13c1569e29ebec8f075f475e1428ac0bf439b66f1,C:\Users\gduff\Downloads\cb-tb-1601-2200-v5-factory-run\pdfs\CB-TB-1611_Doyle.pdf,pdf_inventory_criminal,pdf_hash_unique|dupes=4,NO_GOLD,criminal,OFFLINE_CLIENT_PROJECTION,,,
sha:7e6948edb7f50a040a01ac7b6aee7415f5ece9952817ed1fefdfe4428a0c2508,PDF-7e6948edb7f5,CB-TB-1181_Reed,CB-TB-1181_Reed.pdf,7e6948edb7f50a040a01ac7b6aee7415f5ece9952817ed1fefdfe4428a0c2508,C:\Users\gduff\Downloads\cb-tb-1101-1400-v5\pdfs\CB-TB-1181_Reed.pdf,pdf_inventory_criminal,pdf_hash_unique|dupes=2,NO_GOLD,criminal,OFFLINE_CLIENT_PROJECTION,,,
sha:7e77991436b29781cea27327a47427e75fdfc939b2ab60c3ded939c488694dcd,PDF-7e77991436b2,CB-TB-613_Morgan,CB-TB-613_Morgan.pdf,7e77991436b29781cea27327a47427e75fdfc939b2ab60c3ded939c488694dcd,C:\Users\gduff\Downloads\cb-tb-601-700-v5\pdfs\CB-TB-613_Morgan.pdf,pdf_inventory_criminal,pdf_hash_unique|dupes=1,NO_GOLD,criminal,OFFLINE_CLIENT_PROJECTION,,,
sha:7e8b72bfd96342c655422b1936496dae700e5ac972290573859843042c6448ad,PDF-7e8b72bfd963,CB-TB-531_Marsh,CB-TB-531_Marsh.pdf,7e8b72bfd96342c655422b1936496dae700e5ac972290573859843042c6448ad,C:\Users\gduff\Downloads\cb-tb-501-600-v5-extract\pdfs\CB-TB-531_Marsh.pdf,pdf_inventory_criminal,pdf_hash_unique|dupes=3,NO_GOLD,criminal,OFFLINE_CLIENT_PROJECTION,,,
sha:7e97e631b5f8449c46571d3e5524215b364f947024db982facdd816d98704417,PDF-7e97e631b5f8,CB-TB-959_Lloyd,CB-TB-959_Lloyd.pdf,7e97e631b5f8449c46571d3e5524215b364f947024db982facdd816d98704417,C:\Users\gduff\Downloads\cb-tb-901-1100-v5\pdfs\CB-TB-959_Lloyd.pdf,pdf_inventory_criminal,pdf_hash_unique|dupes=2,NO_GOLD,criminal,OFFLINE_CLIENT_PROJECTION,,,
sha:7eb1127fc347d5a4a8e58d4c38c01a9842b949e63f7ea079508eb6024746232d,PDF-7eb1127fc347,CB-TB-759_Wright,CB-TB-759_Wright.pdf,7eb1127fc347d5a4a8e58d4c38c01a9842b949e63f7ea079508eb6024746232d,C:\Users\gduff\Downloads\cb-tb-701-800-v5\pdfs\CB-TB-759_Wright.pdf,pdf_inventory_criminal,pdf_hash_unique|dupes=1,NO_GOLD,criminal,OFFLINE_CLIENT_PROJECTION,,,
sha:7edc41c8bf99e6a687f204dfd67603f1ef1cb6d1bcdfa81af254a2ed89384952,PDF-7edc41c8bf99,CB-TB-1610_Mason,CB-TB-1610_Mason.pdf,7edc41c8bf99e6a687f204dfd67603f1ef1cb6d1bcdfa81af254a2ed89384952,C:\Users\gduff\Downloads\cb-tb-1601-2200-v5-factory-run\pdfs\CB-TB-1610_Mason.pdf,pdf_inventory_criminal,pdf_hash_unique|dupes=4,NO_GOLD,criminal,OFFLINE_CLIENT_PROJECTION,,,
sha:7eeed97cdea76c1a0f997d3effbb6c746e6b5274ab21943ff22d25dc39c63452,PDF-7eeed97cdea7,CB-TB-1215_Mitchell,CB-TB-1215_Mitchell.pdf,7eeed97cdea76c1a0f997d3effbb6c746e6b5274ab21943ff22d25dc39c63452,C:\Users\gduff\Downloads\cb-tb-1201-1300-v5\pdfs\CB-TB-1215_Mitchell.pdf,pdf_inventory_criminal,pdf_hash_unique|dupes=2,NO_GOLD,criminal,OFFLINE_CLIENT_PROJECTION,,,
sha:7efe31c5868606a1656107577dc77d22c77de6438a9c1231050d2b9e10a5084b,PDF-7efe31c58686,CB-TB-1055_Nolan,CB-TB-1055_Nolan.pdf,7efe31c5868606a1656107577dc77d22c77de6438a9c1231050d2b9e10a5084b,C:\Users\gduff\Downloads\cb-tb-901-1100-v5\pdfs\CB-TB-1055_Nolan.pdf,pdf_inventory_criminal,pdf_hash_unique|dupes=2,NO_GOLD,criminal,OFFLINE_CLIENT_PROJECTION,,,
sha:7f1f5c6b708528658eec45b2ab5d78d87d73535c08b9a89b084b922af9792d80,PDF-7f1f5c6b7085,CB-TB-1191_Pike,CB-TB-1191_Pike.pdf,7f1f5c6b708528658eec45b2ab5d78d87d73535c08b9a89b084b922af9792d80,C:\Users\gduff\Downloads\cb-tb-1101-1400-v5\pdfs\CB-TB-1191_Pike.pdf,pdf_inventory_criminal,pdf_hash_unique|dupes=2,NO_GOLD,criminal,OFFLINE_CLIENT_PROJECTION,,,
sha:7f92e016fa6d51aa23af7701ec1af92a32113fcf331c6abd48afc2380d611214,PDF-7f92e016fa6d,CB-TB-283_Merritt,CB-TB-283_Merritt.pdf,7f92e016fa6d51aa23af7701ec1af92a32113fcf331c6abd48afc2380d611214,C:\Users\gduff\Downloads\cb-tb-201-300-v4\pdfs\CB-TB-283_Merritt.pdf,pdf_inventory_criminal,pdf_hash_unique|dupes=1,NO_GOLD,criminal,OFFLINE_CLIENT_PROJECTION,,,
sha:7fa4192b6864177c6b9dad90f7e1b2fd5ab1c603d1ff67be96047a2865677157,PDF-7fa4192b6864,CB-TB-1107_Marsh,CB-TB-1107_Marsh.pdf,7fa4192b6864177c6b9dad90f7e1b2fd5ab1c603d1ff67be96047a2865677157,C:\Users\gduff\Downloads\cb-tb-1101-1400-v5\pdfs\CB-TB-1107_Marsh.pdf,pdf_inventory_criminal,pdf_hash_unique|dupes=2,NO_GOLD,criminal,OFFLINE_CLIENT_PROJECTION,,,
sha:7faeee59699199ba0febb7b3e24dd0f9c6bf3cbfb4ea3d75cd98d681c75d11d8,PDF-7faeee596991,CB-TB-532_Clarke,CB-TB-532_Clarke.pdf,7faeee59699199ba0febb7b3e24dd0f9c6bf3cbfb4ea3d75cd98d681c75d11d8,C:\Users\gduff\Downloads\cb-tb-501-600-v5-extract\pdfs\CB-TB-532_Clarke.pdf,pdf_inventory_criminal,pdf_hash_unique|dupes=3,NO_GOLD,criminal,OFFLINE_CLIENT_PROJECTION,,,
sha:7fb35c37b423e2aedf4a63fd8a8b962aab965aa30e296ab584cef2ae9760aaea,PDF-7fb35c37b423,CB-TB-336_Patel,CB-TB-336_Patel.pdf,7fb35c37b423e2aedf4a63fd8a8b962aab965aa30e296ab584cef2ae9760aaea,C:\Users\gduff\Downloads\cb-tb-301-400-v4\pdfs\CB-TB-336_Patel.pdf,pdf_inventory_criminal,pdf_hash_unique|dupes=2,NO_GOLD,criminal,OFFLINE_CLIENT_PROJECTION,,,
sha:7fe87899ee46c7f60706bb08fe754e62760470d56e32af0bb9efc4a1f24782d1,PDF-7fe87899ee46,CB-TB-849_Wright,CB-TB-849_Wright.pdf,7fe87899ee46c7f60706bb08fe754e62760470d56e32af0bb9efc4a1f24782d1,C:\Users\gduff\Downloads\cb-tb-801-900-v5\pdfs\CB-TB-849_Wright.pdf,pdf_inventory_criminal,pdf_hash_unique|dupes=1,NO_GOLD,criminal,OFFLINE_CLIENT_PROJECTION,,,
sha:8002b24b0f23e1e1c40ac8afa632d877d7f34a6a67506255e7704e1ce84f31e7,PDF-8002b24b0f23,CB-TB-1796_Pike,CB-TB-1796_Pike.pdf,8002b24b0f23e1e1c40ac8afa632d877d7f34a6a67506255e7704e1ce84f31e7,C:\Users\gduff\Downloads\cb-tb-1601-2200-v5-factory-run\pdfs\CB-TB-1796_Pike.pdf,pdf_inventory_criminal,pdf_hash_unique|dupes=2,NO_GOLD,criminal,OFFLINE_CLIENT_PROJECTION,,,
sha:802342556781a00e8ccf693fa66461e9e8aa755da1b07b6f9dbcd343adc486b1,PDF-802342556781,CB-TB-1797_Baxter,CB-TB-1797_Baxter.pdf,802342556781a00e8ccf693fa66461e9e8aa755da1b07b6f9dbcd343adc486b1,C:\Users\gduff\Downloads\cb-tb-1601-2200-v5-factory-run\pdfs\CB-TB-1797_Baxter.pdf,pdf_inventory_criminal,pdf_hash_unique|dupes=2,NO_GOLD,criminal,OFFLINE_CLIENT_PROJECTION,,,
sha:80569fcf2776676965f7cd3f32a81573400d6451ec369fc15b8de8b382697e8a,PDF-80569fcf2776,CB-TB-078_Bell,CB-TB-078_Bell.pdf,80569fcf2776676965f7cd3f32a81573400d6451ec369fc15b8de8b382697e8a,C:\Users\gduff\Downloads\cb-tb-031-100-v4\pdfs\CB-TB-078_Bell.pdf,pdf_inventory_criminal,pdf_hash_unique|dupes=1,NO_GOLD,criminal,OFFLINE_CLIENT_PROJECTION,,,
sha:8057130b13bc0880cdee755c701c74ae0c6be38ba9b58cbc3ff93dfdcec38b05,PDF-8057130b13bc,CB-TB-020_Shaw,CB-TB-020_Shaw.pdf,8057130b13bc0880cdee755c701c74ae0c6be38ba9b58cbc3ff93dfdcec38b05,C:\Users\gduff\Downloads\cb-tb-001-030-v4\pdfs\CB-TB-020_Shaw.pdf,pdf_inventory_criminal,pdf_hash_unique|dupes=1,NO_GOLD,criminal,OFFLINE_CLIENT_PROJECTION,,,
sha:806c92752eb51d137f886d4fda297d20e97f402e3057983199a04ea36b043202,PDF-806c92752eb5,CB-TB-309_Cole,CB-TB-309_Cole.pdf,806c92752eb51d137f886d4fda297d20e97f402e3057983199a04ea36b043202,C:\Users\gduff\Downloads\cb-tb-301-400-v4\pdfs\CB-TB-309_Cole.pdf,pdf_inventory_criminal,pdf_hash_unique|dupes=2,NO_GOLD,criminal,OFFLINE_CLIENT_PROJECTION,,,
sha:806f7a54ee6dacb5926e1111f4f0282f184d6f837578cc3f1ca25ef7559cc086,PDF-806f7a54ee6d,CB-TB-199_Doyle,CB-TB-199_Doyle.pdf,806f7a54ee6dacb5926e1111f4f0282f184d6f837578cc3f1ca25ef7559cc086,C:\Users\gduff\Downloads\cb-tb-101-200-v4\pdfs\CB-TB-199_Doyle.pdf,pdf_inventory_criminal,pdf_hash_unique|dupes=1,NO_GOLD,criminal,OFFLINE_CLIENT_PROJECTION,,,
sha:807ea856c3c489468855812e22d838efa9c6d43e58b4c4fb774fa88bfec77035,PDF-807ea856c3c4,CB-TB-1068_Hayes,CB-TB-1068_Hayes.pdf,807ea856c3c489468855812e22d838efa9c6d43e58b4c4fb774fa88bfec77035,C:\Users\gduff\Downloads\cb-tb-901-1100-v5\pdfs\CB-TB-1068_Hayes.pdf,pdf_inventory_criminal,pdf_hash_unique|dupes=2,NO_GOLD,criminal,OFFLINE_CLIENT_PROJECTION,,,
sha:8097bb58682edda525039a71f6d3a532f727e21076da1e33ea0226763ad5acf3,PDF-8097bb58682e,CB-TB-747_Foster,CB-TB-747_Foster.pdf,8097bb58682edda525039a71f6d3a532f727e21076da1e33ea0226763ad5acf3,C:\Users\gduff\Downloads\cb-tb-701-800-v5\pdfs\CB-TB-747_Foster.pdf,pdf_inventory_criminal,pdf_hash_unique|dupes=1,NO_GOLD,criminal,OFFLINE_CLIENT_PROJECTION,,,
sha:80ca3d2c60e06782f8e252c8412e66118db4af0adf65246c57785200c97e1a44,PDF-80ca3d2c60e0,CB-TB-1369_Kent,CB-TB-1369_Kent.pdf,80ca3d2c60e06782f8e252c8412e66118db4af0adf65246c57785200c97e1a44,C:\Users\gduff\Downloads\cb-tb-1301-1400-v5\pdfs\CB-TB-1369_Kent.pdf,pdf_inventory_criminal,pdf_hash_unique|dupes=2,NO_GOLD,criminal,OFFLINE_CLIENT_PROJECTION,,,
sha:8109589c76e4409bee73feca019dc8c7f217a83cecc83be686af476d2d942711,PDF-8109589c76e4,CB-TB-2004_Price,CB-TB-2004_Price.pdf,8109589c76e4409bee73feca019dc8c7f217a83cecc83be686af476d2d942711,C:\Users\gduff\Downloads\cb-tb-1601-2200-v5-factory-run\pdfs\CB-TB-2004_Price.pdf,pdf_inventory_criminal,pdf_hash_unique|dupes=2,NO_GOLD,criminal,OFFLINE_CLIENT_PROJECTION,,,
sha:81115ceb347a7a13a7e2b8366d2a0f83a043e64d484bed0b1fd3afbf38864df3,PDF-81115ceb347a,CB-TB-731_Ross,CB-TB-731_Ross.pdf,81115ceb347a7a13a7e2b8366d2a0f83a043e64d484bed0b1fd3afbf38864df3,C:\Users\gduff\Downloads\cb-tb-701-800-v5\pdfs\CB-TB-731_Ross.pdf,pdf_inventory_criminal,pdf_hash_unique|dupes=1,NO_GOLD,criminal,OFFLINE_CLIENT_PROJECTION,,,
sha:8121b33b1b5bc15dab7483cf6a5805b0bb3e7f4a74b744b9e775c802ac2ce567,PDF-8121b33b1b5b,CB-TB-705_Okonkwo,CB-TB-705_Okonkwo.pdf,8121b33b1b5bc15dab7483cf6a5805b0bb3e7f4a74b744b9e775c802ac2ce567,C:\Users\gduff\Downloads\cb-tb-701-800-v5\pdfs\CB-TB-705_Okonkwo.pdf,pdf_inventory_criminal,pdf_hash_unique|dupes=1,NO_GOLD,criminal,OFFLINE_CLIENT_PROJECTION,,,
sha:81279470873a80b4dbdb7c603cfbaa656759e0479e3f334a0babfaddd4dee2ab,PDF-81279470873a,CB-TB-391_Bishop,CB-TB-391_Bishop.pdf,81279470873a80b4dbdb7c603cfbaa656759e0479e3f334a0babfaddd4dee2ab,C:\Users\gduff\Downloads\cb-tb-301-400-v4\pdfs\CB-TB-391_Bishop.pdf,pdf_inventory_criminal,pdf_hash_unique|dupes=2,NO_GOLD,criminal,OFFLINE_CLIENT_PROJECTION,,,
sha:812a6464070f5252db803556c71480ddcc7b1a00245c50d2be51c8ff1550d323,PDF-812a6464070f,CB-TB-1299_Okonkwo,CB-TB-1299_Okonkwo.pdf,812a6464070f5252db803556c71480ddcc7b1a00245c50d2be51c8ff1550d323,C:\Users\gduff\Downloads\cb-tb-1201-1300-v5\pdfs\CB-TB-1299_Okonkwo.pdf,pdf_inventory_criminal,pdf_hash_unique|dupes=2,NO_GOLD,criminal,OFFLINE_CLIENT_PROJECTION,,,
sha:815753c601ff98b89ebb5cd917ed4b3fc5e2f78418831eb920d0c7fb716e6253,PDF-815753c601ff,CB-TB-147_Dacre,CB-TB-147_Dacre.pdf,815753c601ff98b89ebb5cd917ed4b3fc5e2f78418831eb920d0c7fb716e6253,C:\Users\gduff\Downloads\cb-tb-101-200-v4\pdfs\CB-TB-147_Dacre.pdf,pdf_inventory_criminal,pdf_hash_unique|dupes=1,NO_GOLD,criminal,OFFLINE_CLIENT_PROJECTION,,,
sha:815ec9e1c9d42733da099dfbfc56cf9d461b19c961b2807ea7c65caa7ce27e14,PDF-815ec9e1c9d4,CB-TB-203_Ali,CB-TB-203_Ali.pdf,815ec9e1c9d42733da099dfbfc56cf9d461b19c961b2807ea7c65caa7ce27e14,C:\Users\gduff\Downloads\cb-tb-201-300-v4\pdfs\CB-TB-203_Ali.pdf,pdf_inventory_criminal,pdf_hash_unique|dupes=1,NO_GOLD,criminal,OFFLINE_CLIENT_PROJECTION,,,
sha:81bd9267c1761bcce875275a99da6ef70f2132b968a3eec43aa838de85ff90a6,PDF-81bd9267c176,CB-TB-901_Wright,CB-TB-901_Wright.pdf,81bd9267c1761bcce875275a99da6ef70f2132b968a3eec43aa838de85ff90a6,C:\Users\gduff\Downloads\cb-tb-901-1100-v5\pdfs\CB-TB-901_Wright.pdf,pdf_inventory_criminal,pdf_hash_unique|dupes=2,NO_GOLD,criminal,OFFLINE_CLIENT_PROJECTION,,,
sha:81d1f21a8f7e9d011a81dc2d952f5bb7cbcbcdf942297ec37b99a763b88cb871,PDF-81d1f21a8f7e,CB-TB-1628_Thornton,CB-TB-1628_Thornton.pdf,81d1f21a8f7e9d011a81dc2d952f5bb7cbcbcdf942297ec37b99a763b88cb871,C:\Users\gduff\Downloads\cb-tb-1601-2200-v5-factory-run\pdfs\CB-TB-1628_Thornton.pdf,pdf_inventory_criminal,pdf_hash_unique|dupes=4,NO_GOLD,criminal,OFFLINE_CLIENT_PROJECTION,,,
sha:81e8988cef5c91af29d38d3462deb68a2445ec69c7600d2dfc854b22d7f2b065,PDF-81e8988cef5c,CB-TB-1749_Keane,CB-TB-1749_Keane.pdf,81e8988cef5c91af29d38d3462deb68a2445ec69c7600d2dfc854b22d7f2b065,C:\Users\gduff\Downloads\cb-tb-1601-2200-v5-factory-run\pdfs\CB-TB-1749_Keane.pdf,pdf_inventory_criminal,pdf_hash_unique|dupes=2,NO_GOLD,criminal,OFFLINE_CLIENT_PROJECTION,,,
sha:822f2cbd55d445893cc30f73df850952204d08c172fb3f67f23da497964e8cd6,PDF-822f2cbd55d4,CB-TB-1154_Lark,CB-TB-1154_Lark.pdf,822f2cbd55d445893cc30f73df850952204d08c172fb3f67f23da497964e8cd6,C:\Users\gduff\Downloads\cb-tb-1101-1400-v5\pdfs\CB-TB-1154_Lark.pdf,pdf_inventory_criminal,pdf_hash_unique|dupes=2,NO_GOLD,criminal,OFFLINE_CLIENT_PROJECTION,,,
sha:82482ef83a7ce078c58076bfb647606409edfc3774d2535759cec8c765577ccc,PDF-82482ef83a7c,CB-TB-115_Kent,CB-TB-115_Kent.pdf,82482ef83a7ce078c58076bfb647606409edfc3774d2535759cec8c765577ccc,C:\Users\gduff\Downloads\cb-tb-101-200-v4\pdfs\CB-TB-115_Kent.pdf,pdf_inventory_criminal,pdf_hash_unique|dupes=1,NO_GOLD,criminal,OFFLINE_CLIENT_PROJECTION,,,
sha:826214b1715c4c197836dcece7d00ec11cf4c6c65f6ebaf2cd1ffa5c9d5eb63a,PDF-826214b1715c,CB-TB-1185_Ahmed,CB-TB-1185_Ahmed.pdf,826214b1715c4c197836dcece7d00ec11cf4c6c65f6ebaf2cd1ffa5c9d5eb63a,C:\Users\gduff\Downloads\cb-tb-1101-1400-v5\pdfs\CB-TB-1185_Ahmed.pdf,pdf_inventory_criminal,pdf_hash_unique|dupes=2,NO_GOLD,criminal,OFFLINE_CLIENT_PROJECTION,,,
sha:826f8ce46551f1e7b9c9c23ac5600c535e92e7693c30e428d31272ceacabbeba,PDF-826f8ce46551,CB-TB-951_Morgan,CB-TB-951_Morgan.pdf,826f8ce46551f1e7b9c9c23ac5600c535e92e7693c30e428d31272ceacabbeba,C:\Users\gduff\Downloads\cb-tb-901-1100-v5\pdfs\CB-TB-951_Morgan.pdf,pdf_inventory_criminal,pdf_hash_unique|dupes=2,NO_GOLD,criminal,OFFLINE_CLIENT_PROJECTION,,,
sha:82717dc6dda511a2ec096c0abbfa31b2c699fb1f8a5c25f6256b35175844e7ef,PDF-82717dc6dda5,CB-TB-158_Sharp,CB-TB-158_Sharp.pdf,82717dc6dda511a2ec096c0abbfa31b2c699fb1f8a5c25f6256b35175844e7ef,C:\Users\gduff\Downloads\cb-tb-101-200-v4\pdfs\CB-TB-158_Sharp.pdf,pdf_inventory_criminal,pdf_hash_unique|dupes=1,NO_GOLD,criminal,OFFLINE_CLIENT_PROJECTION,,,
sha:82787eb61194c5bd54e2a55c73cc171dffbf8635d554cab0f660655feb3fb84c,PDF-82787eb61194,CB-TB-716_Harper,CB-TB-716_Harper.pdf,82787eb61194c5bd54e2a55c73cc171dffbf8635d554cab0f660655feb3fb84c,C:\Users\gduff\Downloads\cb-tb-701-800-v5\pdfs\CB-TB-716_Harper.pdf,pdf_inventory_criminal,pdf_hash_unique|dupes=1,NO_GOLD,criminal,OFFLINE_CLIENT_PROJECTION,,,
sha:8279482a01fd071d61440b07f8825e76d557adcc5022c9b1d578bc2f64a06b96,PDF-8279482a01fd,CB-TB-809_Wright,CB-TB-809_Wright.pdf,8279482a01fd071d61440b07f8825e76d557adcc5022c9b1d578bc2f64a06b96,C:\Users\gduff\Downloads\cb-tb-801-900-v5\pdfs\CB-TB-809_Wright.pdf,pdf_inventory_criminal,pdf_hash_unique|dupes=1,NO_GOLD,criminal,OFFLINE_CLIENT_PROJECTION,,,
sha:82daa9fa2434a0e65f575106a08e7d516391b83bc41d3a322aa1f556a62fe578,PDF-82daa9fa2434,CB-TB-410_Brennan,CB-TB-410_Brennan.pdf,82daa9fa2434a0e65f575106a08e7d516391b83bc41d3a322aa1f556a62fe578,C:\Users\gduff\Downloads\cb-tb-401-500-v5\pdfs\CB-TB-410_Brennan.pdf,pdf_inventory_criminal,pdf_hash_unique|dupes=2,NO_GOLD,criminal,OFFLINE_CLIENT_PROJECTION,,,
sha:82e20c83bf1917f3f207a5cf669d1096560042dc5b621b4d7c50f25d9e194d46,PDF-82e20c83bf19,CB-TB-1090_Richards,CB-TB-1090_Richards.pdf,82e20c83bf1917f3f207a5cf669d1096560042dc5b621b4d7c50f25d9e194d46,C:\Users\gduff\Downloads\cb-tb-901-1100-v5\pdfs\CB-TB-1090_Richards.pdf,pdf_inventory_criminal,pdf_hash_unique|dupes=2,NO_GOLD,criminal,OFFLINE_CLIENT_PROJECTION,,,
sha:8334b2385afbff4e1e0eaad31d1ff5008782a8385f2de4abf7a6a7d4fc85a5e7,PDF-8334b2385afb,CB-TB-1437_Forrest,CB-TB-1437_Forrest.pdf,8334b2385afbff4e1e0eaad31d1ff5008782a8385f2de4abf7a6a7d4fc85a5e7,C:\Users\gduff\Downloads\cb-tb-1401-1500-v5-tmp\pdfs\CB-TB-1437_Forrest.pdf,pdf_inventory_criminal,pdf_hash_unique|dupes=1,NO_GOLD,criminal,OFFLINE_CLIENT_PROJECTION,,,
sha:83ae1673c72c7112a452d1d014b869010997879e106241f2f0d6a066817bb94a,PDF-83ae1673c72c,CB-TB-1964_Hayes,CB-TB-1964_Hayes.pdf,83ae1673c72c7112a452d1d014b869010997879e106241f2f0d6a066817bb94a,C:\Users\gduff\Downloads\cb-tb-1601-2200-v5-factory-run\pdfs\CB-TB-1964_Hayes.pdf,pdf_inventory_criminal,pdf_hash_unique|dupes=2,NO_GOLD,criminal,OFFLINE_CLIENT_PROJECTION,,,
sha:83bf4b8ce0be8e52b2813e2bf3b657ae495aaeef9736970969b4f05c2f833b24,PDF-83bf4b8ce0be,CB-TB-1259_Okonkwo,CB-TB-1259_Okonkwo.pdf,83bf4b8ce0be8e52b2813e2bf3b657ae495aaeef9736970969b4f05c2f833b24,C:\Users\gduff\Downloads\cb-tb-1201-1300-v5\pdfs\CB-TB-1259_Okonkwo.pdf,pdf_inventory_criminal,pdf_hash_unique|dupes=2,NO_GOLD,criminal,OFFLINE_CLIENT_PROJECTION,,,
sha:83e9442b76816fdd243d905e6e2bd8ed86fd59a1c9bf046a6ae7c1523cdcc8ea,PDF-83e9442b7681,CB-TB-485_Barker,CB-TB-485_Barker.pdf,83e9442b76816fdd243d905e6e2bd8ed86fd59a1c9bf046a6ae7c1523cdcc8ea,C:\Users\gduff\Downloads\cb-tb-401-500-v5\pdfs\CB-TB-485_Barker.pdf,pdf_inventory_criminal,pdf_hash_unique|dupes=2,NO_GOLD,criminal,OFFLINE_CLIENT_PROJECTION,,,
sha:83f109cb2264e9f3a9ba4a84dbd1419bd246649efeae323bf81e9286a933a841,PDF-83f109cb2264,CB-TB-1274_Greene,CB-TB-1274_Greene.pdf,83f109cb2264e9f3a9ba4a84dbd1419bd246649efeae323bf81e9286a933a841,C:\Users\gduff\Downloads\cb-tb-1201-1300-v5\pdfs\CB-TB-1274_Greene.pdf,pdf_inventory_criminal,pdf_hash_unique|dupes=2,NO_GOLD,criminal,OFFLINE_CLIENT_PROJECTION,,,
sha:83f98674d013e06cbe4d4e875260e1a08668322e69b66f84b4f77e027a460720,PDF-83f98674d013,CB-TB-1021_Coates,CB-TB-1021_Coates.pdf,83f98674d013e06cbe4d4e875260e1a08668322e69b66f84b4f77e027a460720,C:\Users\gduff\Downloads\cb-tb-901-1100-v5\pdfs\CB-TB-1021_Coates.pdf,pdf_inventory_criminal,pdf_hash_unique|dupes=2,NO_GOLD,criminal,OFFLINE_CLIENT_PROJECTION,,,
sha:83fc85ef73f25ed78343c2d468cce92602583c80f3221782d61c6eff5d8f1407,PDF-83fc85ef73f2,CB-TB-1564_Bates,CB-TB-1564_Bates.pdf,83fc85ef73f25ed78343c2d468cce92602583c80f3221782d61c6eff5d8f1407,C:\Users\gduff\Downloads\cb-tb-1501-1600-v5-factory-run\pdfs\CB-TB-1564_Bates.pdf,pdf_inventory_criminal,pdf_hash_unique|dupes=2,NO_GOLD,criminal,OFFLINE_CLIENT_PROJECTION,,,
sha:840868f084fd79a99600c026db54ea7a79aef41e2636f8abc39fefc2844fe09b,PDF-840868f084fd,CB-TB-072_Pike,CB-TB-072_Pike.pdf,840868f084fd79a99600c026db54ea7a79aef41e2636f8abc39fefc2844fe09b,C:\Users\gduff\Downloads\cb-tb-031-100-v4\pdfs\CB-TB-072_Pike.pdf,pdf_inventory_criminal,pdf_hash_unique|dupes=1,NO_GOLD,criminal,OFFLINE_CLIENT_PROJECTION,,,
sha:841d7e37d97208cf7e38ec72e03f2c3d2afc764e818a927193703b7af74c3ff5,PDF-841d7e37d972,CB-TB-868_Parker,CB-TB-868_Parker.pdf,841d7e37d97208cf7e38ec72e03f2c3d2afc764e818a927193703b7af74c3ff5,C:\Users\gduff\Downloads\cb-tb-801-900-v5\pdfs\CB-TB-868_Parker.pdf,pdf_inventory_criminal,pdf_hash_unique|dupes=1,NO_GOLD,criminal,OFFLINE_CLIENT_PROJECTION,,,
sha:843581fc5ba3b20ae8b7dcefa5ed77cce19af309b2ce9e09e285d71f9ae2a8c4,PDF-843581fc5ba3,CB-TB-1881_Tate,CB-TB-1881_Tate.pdf,843581fc5ba3b20ae8b7dcefa5ed77cce19af309b2ce9e09e285d71f9ae2a8c4,C:\Users\gduff\Downloads\cb-tb-1601-2200-v5-factory-run\pdfs\CB-TB-1881_Tate.pdf,pdf_inventory_criminal,pdf_hash_unique|dupes=2,NO_GOLD,criminal,OFFLINE_CLIENT_PROJECTION,,,
sha:844cd9d2dc8e41db4ec3d7b97388777dada4e1b6f9e59bfc0ea8285c187187d9,PDF-844cd9d2dc8e,CB-TB-015_Jordan_Clarke,CB-TB-015_Jordan_Clarke.pdf,844cd9d2dc8e41db4ec3d7b97388777dada4e1b6f9e59bfc0ea8285c187187d9,C:\Users\gduff\Downloads\CaseBrain_Blind_Bundle_Factory_v2_30_bundles (1)\pdfs\CB-TB-015_Jordan_Clarke.pdf,pdf_inventory_criminal,pdf_hash_unique|dupes=2,NO_GOLD,criminal,OFFLINE_CLIENT_PROJECTION,,,
sha:84502f33d18c30d5ff8a58dedc618e7acdff0e334a32ad3545c3efcf90236ece,PDF-84502f33d18c,CB-TB-1201_Blake,CB-TB-1201_Blake.pdf,84502f33d18c30d5ff8a58dedc618e7acdff0e334a32ad3545c3efcf90236ece,C:\Users\gduff\Downloads\cb-tb-1201-1300-v5\pdfs\CB-TB-1201_Blake.pdf,pdf_inventory_criminal,pdf_hash_unique|dupes=2,NO_GOLD,criminal,OFFLINE_CLIENT_PROJECTION,,,
sha:8491a020e23d1a7488de4dd396476d901ade59ecd625db02803e9bfa4b41894a,PDF-8491a020e23d,CB-TB-2176_Hale,CB-TB-2176_Hale.pdf,8491a020e23d1a7488de4dd396476d901ade59ecd625db02803e9bfa4b41894a,C:\Users\gduff\Downloads\cb-tb-1601-2200-v5-factory-run\pdfs\CB-TB-2176_Hale.pdf,pdf_inventory_criminal,pdf_hash_unique|dupes=2,NO_GOLD,criminal,OFFLINE_CLIENT_PROJECTION,,,
sha:849a913aad5c195d171b5cdc2e286b16c95d3503f2a6aa7e14275bab8ec96b7d,PDF-849a913aad5c,CB-TB-1625_Ali,CB-TB-1625_Ali.pdf,849a913aad5c195d171b5cdc2e286b16c95d3503f2a6aa7e14275bab8ec96b7d,C:\Users\gduff\Downloads\cb-tb-1601-2200-v5-factory-run\pdfs\CB-TB-1625_Ali.pdf,pdf_inventory_criminal,pdf_hash_unique|dupes=4,NO_GOLD,criminal,OFFLINE_CLIENT_PROJECTION,,,
sha:84d17ec622412bc39abf1d9d73bd18a711b54280749e070ecef16c1d5192bc21,PDF-84d17ec62241,CB-TB-1705_Dale,CB-TB-1705_Dale.pdf,84d17ec622412bc39abf1d9d73bd18a711b54280749e070ecef16c1d5192bc21,C:\Users\gduff\Downloads\cb-tb-1601-2200-v5-factory-run\pdfs\CB-TB-1705_Dale.pdf,pdf_inventory_criminal,pdf_hash_unique|dupes=2,NO_GOLD,criminal,OFFLINE_CLIENT_PROJECTION,,,
sha:84dd8de2368b840bf254d230dc0e66b06a3045214e196be8a9c6de72951e6980,PDF-84dd8de2368b,CB-TB-2040_Merritt,CB-TB-2040_Merritt.pdf,84dd8de2368b840bf254d230dc0e66b06a3045214e196be8a9c6de72951e6980,C:\Users\gduff\Downloads\cb-tb-1601-2200-v5-factory-run\pdfs\CB-TB-2040_Merritt.pdf,pdf_inventory_criminal,pdf_hash_unique|dupes=2,NO_GOLD,criminal,OFFLINE_CLIENT_PROJECTION,,,
sha:8528e85021b0d3401ccea34d4b5d806099c3b22c9ef8814a7c28d4a35365089f,PDF-8528e85021b0,CB-TB-807_Morgan,CB-TB-807_Morgan.pdf,8528e85021b0d3401ccea34d4b5d806099c3b22c9ef8814a7c28d4a35365089f,C:\Users\gduff\Downloads\cb-tb-801-900-v5\pdfs\CB-TB-807_Morgan.pdf,pdf_inventory_criminal,pdf_hash_unique|dupes=1,NO_GOLD,criminal,OFFLINE_CLIENT_PROJECTION,,,
sha:8543af0695dbb023c9e2c1f730861ea597f91a6d82e600e6769ed33b5932ea71,PDF-8543af0695db,CB-TB-897_Shaw,CB-TB-897_Shaw.pdf,8543af0695dbb023c9e2c1f730861ea597f91a6d82e600e6769ed33b5932ea71,C:\Users\gduff\Downloads\cb-tb-801-900-v5\pdfs\CB-TB-897_Shaw.pdf,pdf_inventory_criminal,pdf_hash_unique|dupes=1,NO_GOLD,criminal,OFFLINE_CLIENT_PROJECTION,,,
sha:8627c8afbc21c744d94fe6daa90529a49ca1d46c4dc60a32763b8cb032ec3e50,PDF-8627c8afbc21,CB-TB-686_Flint,CB-TB-686_Flint.pdf,8627c8afbc21c744d94fe6daa90529a49ca1d46c4dc60a32763b8cb032ec3e50,C:\Users\gduff\Downloads\cb-tb-601-700-v5\pdfs\CB-TB-686_Flint.pdf,pdf_inventory_criminal,pdf_hash_unique|dupes=1,NO_GOLD,criminal,OFFLINE_CLIENT_PROJECTION,,,
sha:864bf8f3dd7c1e04ad04aa306999f298470daf93daafd535028ae149dfc06b46,PDF-864bf8f3dd7c,CB-TB-1025_Merritt,CB-TB-1025_Merritt.pdf,864bf8f3dd7c1e04ad04aa306999f298470daf93daafd535028ae149dfc06b46,C:\Users\gduff\Downloads\cb-tb-901-1100-v5\pdfs\CB-TB-1025_Merritt.pdf,pdf_inventory_criminal,pdf_hash_unique|dupes=2,NO_GOLD,criminal,OFFLINE_CLIENT_PROJECTION,,,
sha:869972792a57a1dcf22042595c3410e8df49de2f1241dbc9392f748f1535e2aa,PDF-869972792a57,CB-TB-1860_Nolan,CB-TB-1860_Nolan.pdf,869972792a57a1dcf22042595c3410e8df49de2f1241dbc9392f748f1535e2aa,C:\Users\gduff\Downloads\cb-tb-1601-2200-v5-factory-run\pdfs\CB-TB-1860_Nolan.pdf,pdf_inventory_criminal,pdf_hash_unique|dupes=2,NO_GOLD,criminal,OFFLINE_CLIENT_PROJECTION,,,
sha:86faa18c224b9fd2f65e4ee27b1112740106ea23e0e8267bacaaafc6fd45eb74,PDF-86faa18c224b,CB-TB-1969_Stone,CB-TB-1969_Stone.pdf,86faa18c224b9fd2f65e4ee27b1112740106ea23e0e8267bacaaafc6fd45eb74,C:\Users\gduff\Downloads\cb-tb-1601-2200-v5-factory-run\pdfs\CB-TB-1969_Stone.pdf,pdf_inventory_criminal,pdf_hash_unique|dupes=2,NO_GOLD,criminal,OFFLINE_CLIENT_PROJECTION,,,
sha:86fc8ea9f0c6b32d84890346ffeae1ae2afb7b6be80a6a36b4583b46f4383dab,PDF-86fc8ea9f0c6,CB-TB-952_Lloyd,CB-TB-952_Lloyd.pdf,86fc8ea9f0c6b32d84890346ffeae1ae2afb7b6be80a6a36b4583b46f4383dab,C:\Users\gduff\Downloads\cb-tb-901-1100-v5\pdfs\CB-TB-952_Lloyd.pdf,pdf_inventory_criminal,pdf_hash_unique|dupes=2,NO_GOLD,criminal,OFFLINE_CLIENT_PROJECTION,,,
sha:870ea13d5089ad2472856aa8cada2fe0ff545f0d75a733e8761a8db36f2d466d,PDF-870ea13d5089,CB-TB-1574_Holden,CB-TB-1574_Holden.pdf,870ea13d5089ad2472856aa8cada2fe0ff545f0d75a733e8761a8db36f2d466d,C:\Users\gduff\Downloads\cb-tb-1501-1600-v5-factory-run\pdfs\CB-TB-1574_Holden.pdf,pdf_inventory_criminal,pdf_hash_unique|dupes=2,NO_GOLD,criminal,OFFLINE_CLIENT_PROJECTION,,,
sha:8718c4c3ced8737d6d4d52cd288b698415df5bc24155d07d71e0d1755d0b1986,PDF-8718c4c3ced8,CB-TB-1443_Coates,CB-TB-1443_Coates.pdf,8718c4c3ced8737d6d4d52cd288b698415df5bc24155d07d71e0d1755d0b1986,C:\Users\gduff\Downloads\cb-tb-1401-1500-v5-tmp\pdfs\CB-TB-1443_Coates.pdf,pdf_inventory_criminal,pdf_hash_unique|dupes=1,NO_GOLD,criminal,OFFLINE_CLIENT_PROJECTION,,,
sha:873176ea117b42b034cf98c9f6d2933433883438368945a50d6b196d30f90776,PDF-873176ea117b,CB-TB-269_Bishop,CB-TB-269_Bishop.pdf,873176ea117b42b034cf98c9f6d2933433883438368945a50d6b196d30f90776,C:\Users\gduff\Downloads\cb-tb-201-300-v4\pdfs\CB-TB-269_Bishop.pdf,pdf_inventory_criminal,pdf_hash_unique|dupes=1,NO_GOLD,criminal,OFFLINE_CLIENT_PROJECTION,,,
sha:873d6c9c536923a7c9c7b96b5a676da633398a91d951572dfde209bee4f1ac7b,PDF-873d6c9c5369,CB-TB-1563_Hayes,CB-TB-1563_Hayes.pdf,873d6c9c536923a7c9c7b96b5a676da633398a91d951572dfde209bee4f1ac7b,C:\Users\gduff\Downloads\cb-tb-1501-1600-v5-factory-run\pdfs\CB-TB-1563_Hayes.pdf,pdf_inventory_criminal,pdf_hash_unique|dupes=2,NO_GOLD,criminal,OFFLINE_CLIENT_PROJECTION,,,
sha:875cda73820193ffa79552abf8d9fc2e9bf5e75ffe577c1c93080efb66783ec2,PDF-875cda738201,CB-TB-1987_Marsh,CB-TB-1987_Marsh.pdf,875cda73820193ffa79552abf8d9fc2e9bf5e75ffe577c1c93080efb66783ec2,C:\Users\gduff\Downloads\cb-tb-1601-2200-v5-factory-run\pdfs\CB-TB-1987_Marsh.pdf,pdf_inventory_criminal,pdf_hash_unique|dupes=2,NO_GOLD,criminal,OFFLINE_CLIENT_PROJECTION,,,
sha:87622bd4b250d11e92597f6da0431562f9a16eac9484984d043fdb791b89bfb3,PDF-87622bd4b250,CB-TB-682_Morgan,CB-TB-682_Morgan.pdf,87622bd4b250d11e92597f6da0431562f9a16eac9484984d043fdb791b89bfb3,C:\Users\gduff\Downloads\cb-tb-601-700-v5\pdfs\CB-TB-682_Morgan.pdf,pdf_inventory_criminal,pdf_hash_unique|dupes=1,NO_GOLD,criminal,OFFLINE_CLIENT_PROJECTION,,,
sha:8777bc50b27ca41fe5a52dcfc6cc25b5ff002f9b43f5e5d088d2791371d143d7,PDF-8777bc50b27c,CB-TB-474_Rees,CB-TB-474_Rees.pdf,8777bc50b27ca41fe5a52dcfc6cc25b5ff002f9b43f5e5d088d2791371d143d7,C:\Users\gduff\Downloads\cb-tb-401-500-v5\pdfs\CB-TB-474_Rees.pdf,pdf_inventory_criminal,pdf_hash_unique|dupes=2,NO_GOLD,criminal,OFFLINE_CLIENT_PROJECTION,,,
sha:87909a5d2e021a9c4bf1a4c4cea3fa194b9c20f850094a3ebc4c103690153c28,PDF-87909a5d2e02,CB-TB-462_Nolan,CB-TB-462_Nolan.pdf,87909a5d2e021a9c4bf1a4c4cea3fa194b9c20f850094a3ebc4c103690153c28,C:\Users\gduff\Downloads\cb-tb-401-500-v5\pdfs\CB-TB-462_Nolan.pdf,pdf_inventory_criminal,pdf_hash_unique|dupes=2,NO_GOLD,criminal,OFFLINE_CLIENT_PROJECTION,,,
sha:87a423af6f6ba022480ffeafedaabaeba92bc23d40691604d7ec57bea2a2dfa7,PDF-87a423af6f6b,CB-TB-689_Thornton,CB-TB-689_Thornton.pdf,87a423af6f6ba022480ffeafedaabaeba92bc23d40691604d7ec57bea2a2dfa7,C:\Users\gduff\Downloads\cb-tb-601-700-v5\pdfs\CB-TB-689_Thornton.pdf,pdf_inventory_criminal,pdf_hash_unique|dupes=1,NO_GOLD,criminal,OFFLINE_CLIENT_PROJECTION,,,
sha:87a67160f46847403c3e2235165dfd3859f15f79db1c406852e7a5233743b9fd,PDF-87a67160f468,CB-TB-584_Coleman,CB-TB-584_Coleman.pdf,87a67160f46847403c3e2235165dfd3859f15f79db1c406852e7a5233743b9fd,C:\Users\gduff\Downloads\cb-tb-501-600-v5-extract\pdfs\CB-TB-584_Coleman.pdf,pdf_inventory_criminal,pdf_hash_unique|dupes=3,NO_GOLD,criminal,OFFLINE_CLIENT_PROJECTION,,,
sha:87c8edfaa64b0288fc79b431dbaa5c089d2d2ed229658a56fbe5b608b295af2f,PDF-87c8edfaa64b,CB-TB-1932_Blythe,CB-TB-1932_Blythe.pdf,87c8edfaa64b0288fc79b431dbaa5c089d2d2ed229658a56fbe5b608b295af2f,C:\Users\gduff\Downloads\cb-tb-1601-2200-v5-factory-run\pdfs\CB-TB-1932_Blythe.pdf,pdf_inventory_criminal,pdf_hash_unique|dupes=2,NO_GOLD,criminal,OFFLINE_CLIENT_PROJECTION,,,
sha:87d99afd840b498a1b7d2272efbc2c018a5b95c20cef0ac429f5d66b61093a73,PDF-87d99afd840b,CB-TB-1124_Walsh,CB-TB-1124_Walsh.pdf,87d99afd840b498a1b7d2272efbc2c018a5b95c20cef0ac429f5d66b61093a73,C:\Users\gduff\Downloads\cb-tb-1101-1400-v5\pdfs\CB-TB-1124_Walsh.pdf,pdf_inventory_criminal,pdf_hash_unique|dupes=2,NO_GOLD,criminal,OFFLINE_CLIENT_PROJECTION,,,
sha:87e336f1d79662f46ede40a0f0fa2f6ccf80b72d7f907dcc19e1f4fded9a1447,PDF-87e336f1d796,CB-TB-1484_Byrne,CB-TB-1484_Byrne.pdf,87e336f1d79662f46ede40a0f0fa2f6ccf80b72d7f907dcc19e1f4fded9a1447,C:\Users\gduff\Downloads\cb-tb-1401-1500-v5-tmp\pdfs\CB-TB-1484_Byrne.pdf,pdf_inventory_criminal,pdf_hash_unique|dupes=1,NO_GOLD,criminal,OFFLINE_CLIENT_PROJECTION,,,
sha:88091330b24120d73e86510c7b639223399d88cb3c68ebb21b710e8dd04030f2,PDF-88091330b241,CB-TB-1379_West,CB-TB-1379_West.pdf,88091330b24120d73e86510c7b639223399d88cb3c68ebb21b710e8dd04030f2,C:\Users\gduff\Downloads\cb-tb-1301-1400-v5\pdfs\CB-TB-1379_West.pdf,pdf_inventory_criminal,pdf_hash_unique|dupes=2,NO_GOLD,criminal,OFFLINE_CLIENT_PROJECTION,,,
sha:880c210d92f2a61a79c0c2019339ca056fce0471b06e92e27f419bbc1c027448,PDF-880c210d92f2,CB-TB-197_Cole,CB-TB-197_Cole.pdf,880c210d92f2a61a79c0c2019339ca056fce0471b06e92e27f419bbc1c027448,C:\Users\gduff\Downloads\cb-tb-101-200-v4\pdfs\CB-TB-197_Cole.pdf,pdf_inventory_criminal,pdf_hash_unique|dupes=1,NO_GOLD,criminal,OFFLINE_CLIENT_PROJECTION,,,
sha:882833bcb2f039efd94e4ddffd1fdb75f66fead9ef78a810b6cbbd2ac5864b1f,PDF-882833bcb2f0,CB-TB-1673_Rees,CB-TB-1673_Rees.pdf,882833bcb2f039efd94e4ddffd1fdb75f66fead9ef78a810b6cbbd2ac5864b1f,C:\Users\gduff\Downloads\cb-tb-1601-2200-v5-factory-run\pdfs\CB-TB-1673_Rees.pdf,pdf_inventory_criminal,pdf_hash_unique|dupes=4,NO_GOLD,criminal,OFFLINE_CLIENT_PROJECTION,,,
sha:884c387e464fe09aa19ef58b4ae34f50834be34ee96f8ad62a93e3c5850e660c,PDF-884c387e464f,CB-TB-1220_Vale,CB-TB-1220_Vale.pdf,884c387e464fe09aa19ef58b4ae34f50834be34ee96f8ad62a93e3c5850e660c,C:\Users\gduff\Downloads\cb-tb-1201-1300-v5\pdfs\CB-TB-1220_Vale.pdf,pdf_inventory_criminal,pdf_hash_unique|dupes=2,NO_GOLD,criminal,OFFLINE_CLIENT_PROJECTION,,,
sha:887a58128e2831751ff24f4ad1eeb0aeebd57b1a2878ff2c4c563ffc52ea7fc9,PDF-887a58128e28,CB-TB-351_Rowe,CB-TB-351_Rowe.pdf,887a58128e2831751ff24f4ad1eeb0aeebd57b1a2878ff2c4c563ffc52ea7fc9,C:\Users\gduff\Downloads\cb-tb-301-400-v4\pdfs\CB-TB-351_Rowe.pdf,pdf_inventory_criminal,pdf_hash_unique|dupes=2,NO_GOLD,criminal,OFFLINE_CLIENT_PROJECTION,,,
sha:888b3388895bce5edebb47fe8b699c91350e08bd57c1829fad7d3f1c554b46ea,PDF-888b3388895b,CB-TB-294_Parker,CB-TB-294_Parker.pdf,888b3388895bce5edebb47fe8b699c91350e08bd57c1829fad7d3f1c554b46ea,C:\Users\gduff\Downloads\cb-tb-201-300-v4\pdfs\CB-TB-294_Parker.pdf,pdf_inventory_criminal,pdf_hash_unique|dupes=1,NO_GOLD,criminal,OFFLINE_CLIENT_PROJECTION,,,
sha:8892f00da0d3d7be92d29d36ee70758697e5c9f2391d0de39b426f711d851b3c,PDF-8892f00da0d3,CB-TB-2185_Barlow,CB-TB-2185_Barlow.pdf,8892f00da0d3d7be92d29d36ee70758697e5c9f2391d0de39b426f711d851b3c,C:\Users\gduff\Downloads\cb-tb-1601-2200-v5-factory-run\pdfs\CB-TB-2185_Barlow.pdf,pdf_inventory_criminal,pdf_hash_unique|dupes=2,NO_GOLD,criminal,OFFLINE_CLIENT_PROJECTION,,,
sha:88acb2c0a64f46a2aedae561c8afa2dced3ceb3495469327f5f93adda0a86ceb,PDF-88acb2c0a64f,CB-TB-449_Ahmed,CB-TB-449_Ahmed.pdf,88acb2c0a64f46a2aedae561c8afa2dced3ceb3495469327f5f93adda0a86ceb,C:\Users\gduff\Downloads\cb-tb-401-500-v5\pdfs\CB-TB-449_Ahmed.pdf,pdf_inventory_criminal,pdf_hash_unique|dupes=2,NO_GOLD,criminal,OFFLINE_CLIENT_PROJECTION,,,
sha:88e01054bac55e4a6293c3de5def04ffdb8522fc580b88f015e7de5d542ea710,PDF-88e01054bac5,CB-TB-1480_Reed,CB-TB-1480_Reed.pdf,88e01054bac55e4a6293c3de5def04ffdb8522fc580b88f015e7de5d542ea710,C:\Users\gduff\Downloads\cb-tb-1401-1500-v5-tmp\pdfs\CB-TB-1480_Reed.pdf,pdf_inventory_criminal,pdf_hash_unique|dupes=1,NO_GOLD,criminal,OFFLINE_CLIENT_PROJECTION,,,
sha:88ec7fa640f704800f0d59b1b9caecca023e8b32a28b5419e74739a2716c67ad,PDF-88ec7fa640f7,CB-TB-934_Doyle,CB-TB-934_Doyle.pdf,88ec7fa640f704800f0d59b1b9caecca023e8b32a28b5419e74739a2716c67ad,C:\Users\gduff\Downloads\cb-tb-901-1100-v5\pdfs\CB-TB-934_Doyle.pdf,pdf_inventory_criminal,pdf_hash_unique|dupes=2,NO_GOLD,criminal,OFFLINE_CLIENT_PROJECTION,,,
sha:8905eb16ffd293a2c0b3c915da482831ba2e583b345e56d6a9bd49bb39939ac6,PDF-8905eb16ffd2,CB-TB-1118_Coates,CB-TB-1118_Coates.pdf,8905eb16ffd293a2c0b3c915da482831ba2e583b345e56d6a9bd49bb39939ac6,C:\Users\gduff\Downloads\cb-tb-1101-1400-v5\pdfs\CB-TB-1118_Coates.pdf,pdf_inventory_criminal,pdf_hash_unique|dupes=2,NO_GOLD,criminal,OFFLINE_CLIENT_PROJECTION,,,
sha:89407a6e28fdc3f4a077197b6f9b4612445c68fe68bbb28a20cda159ec40657a,PDF-89407a6e28fd,CB-TB-1163_Ash,CB-TB-1163_Ash.pdf,89407a6e28fdc3f4a077197b6f9b4612445c68fe68bbb28a20cda159ec40657a,C:\Users\gduff\Downloads\cb-tb-1101-1400-v5\pdfs\CB-TB-1163_Ash.pdf,pdf_inventory_criminal,pdf_hash_unique|dupes=2,NO_GOLD,criminal,OFFLINE_CLIENT_PROJECTION,,,
sha:8951769c4c70522f713281d69773c212f78f01878c1b1d7de85596f76c9ce701,PDF-8951769c4c70,CB-TB-1173_Kent,CB-TB-1173_Kent.pdf,8951769c4c70522f713281d69773c212f78f01878c1b1d7de85596f76c9ce701,C:\Users\gduff\Downloads\cb-tb-1101-1400-v5\pdfs\CB-TB-1173_Kent.pdf,pdf_inventory_criminal,pdf_hash_unique|dupes=2,NO_GOLD,criminal,OFFLINE_CLIENT_PROJECTION,,,
sha:8970f88fd733d52b8b22d9309f0ca4f45330564154730c5da55732cc07552cbb,PDF-8970f88fd733,CB-TB-1327_Walsh,CB-TB-1327_Walsh.pdf,8970f88fd733d52b8b22d9309f0ca4f45330564154730c5da55732cc07552cbb,C:\Users\gduff\Downloads\cb-tb-1301-1400-v5\pdfs\CB-TB-1327_Walsh.pdf,pdf_inventory_criminal,pdf_hash_unique|dupes=2,NO_GOLD,criminal,OFFLINE_CLIENT_PROJECTION,,,
sha:89763fce74928e5b670979394353300b3a636a09a746820003b908701a980dda,PDF-89763fce7492,CB-TB-1662_Mitchell,CB-TB-1662_Mitchell.pdf,89763fce74928e5b670979394353300b3a636a09a746820003b908701a980dda,C:\Users\gduff\Downloads\cb-tb-1601-2200-v5-factory-run\pdfs\CB-TB-1662_Mitchell.pdf,pdf_inventory_criminal,pdf_hash_unique|dupes=4,NO_GOLD,criminal,OFFLINE_CLIENT_PROJECTION,,,
sha:898c5de52d5544117cbfb4a5ab9d86f11cb547a9f5ee6305c00d9aa8dc601972,PDF-898c5de52d55,CB-TB-1686_Barlow,CB-TB-1686_Barlow.pdf,898c5de52d5544117cbfb4a5ab9d86f11cb547a9f5ee6305c00d9aa8dc601972,C:\Users\gduff\Downloads\cb-tb-1601-2200-v5-factory-run\pdfs\CB-TB-1686_Barlow.pdf,pdf_inventory_criminal,pdf_hash_unique|dupes=4,NO_GOLD,criminal,OFFLINE_CLIENT_PROJECTION,,,
sha:89991d3b875c900b17f559322bbcabaafd91210a51ecb1854cf08327258c90db,PDF-89991d3b875c,CB-TB-593_Flint,CB-TB-593_Flint.pdf,89991d3b875c900b17f559322bbcabaafd91210a51ecb1854cf08327258c90db,C:\Users\gduff\Downloads\cb-tb-501-600-v5-extract\pdfs\CB-TB-593_Flint.pdf,pdf_inventory_criminal,pdf_hash_unique|dupes=3,NO_GOLD,criminal,OFFLINE_CLIENT_PROJECTION,,,
sha:89f69f447702333e9bded25f42d46672628bf668cfdfe953754d1b26516d6a1d,PDF-89f69f447702,CB-TB-2111_Doyle,CB-TB-2111_Doyle.pdf,89f69f447702333e9bded25f42d46672628bf668cfdfe953754d1b26516d6a1d,C:\Users\gduff\Downloads\cb-tb-1601-2200-v5-factory-run\pdfs\CB-TB-2111_Doyle.pdf,pdf_inventory_criminal,pdf_hash_unique|dupes=2,NO_GOLD,criminal,OFFLINE_CLIENT_PROJECTION,,,
sha:8a0a2dc43c4a2a15b11732a88945e28b53a0891ceb11b713ad22077d4931ee0d,PDF-8a0a2dc43c4a,CB-TB-179_Hughes,CB-TB-179_Hughes.pdf,8a0a2dc43c4a2a15b11732a88945e28b53a0891ceb11b713ad22077d4931ee0d,C:\Users\gduff\Downloads\cb-tb-101-200-v4\pdfs\CB-TB-179_Hughes.pdf,pdf_inventory_criminal,pdf_hash_unique|dupes=1,NO_GOLD,criminal,OFFLINE_CLIENT_PROJECTION,,,
sha:8a477f98b7ecec739d0f05a8129f7f3ee88cb66ab8425919e061197ac8b9ee64,PDF-8a477f98b7ec,CB-TB-031_Marsh,CB-TB-031_Marsh.pdf,8a477f98b7ecec739d0f05a8129f7f3ee88cb66ab8425919e061197ac8b9ee64,C:\Users\gduff\Downloads\cb-tb-031-100-v4\pdfs\CB-TB-031_Marsh.pdf,pdf_inventory_criminal,pdf_hash_unique|dupes=1,NO_GOLD,criminal,OFFLINE_CLIENT_PROJECTION,,,
sha:8a56c7f16dee804b16d1e38d14cb64e4abb4458a9f75638f4d46d2c850a5d485,PDF-8a56c7f16dee,CB-TB-494_Carter,CB-TB-494_Carter.pdf,8a56c7f16dee804b16d1e38d14cb64e4abb4458a9f75638f4d46d2c850a5d485,C:\Users\gduff\Downloads\cb-tb-401-500-v5\pdfs\CB-TB-494_Carter.pdf,pdf_inventory_criminal,pdf_hash_unique|dupes=2,NO_GOLD,criminal,OFFLINE_CLIENT_PROJECTION,,,
sha:8a82adab613d5d034692da660bcebd068ecaa8e8873a286568ec2df86c9441ba,PDF-8a82adab613d,CB-TB-013_Jordan_Pike,CB-TB-013_Jordan_Pike.pdf,8a82adab613d5d034692da660bcebd068ecaa8e8873a286568ec2df86c9441ba,C:\Users\gduff\Downloads\CaseBrain_Blind_Bundle_Factory_v2_30_bundles (1)\pdfs\CB-TB-013_Jordan_Pike.pdf,pdf_inventory_criminal,pdf_hash_unique|dupes=2,NO_GOLD,criminal,OFFLINE_CLIENT_PROJECTION,,,
sha:8a89fd2345f45bbccf526e59785cb7a096048c6df7f3e0bfe6f2a4ebb96489b8,PDF-8a89fd2345f4,CB-TB-1349_Blake,CB-TB-1349_Blake.pdf,8a89fd2345f45bbccf526e59785cb7a096048c6df7f3e0bfe6f2a4ebb96489b8,C:\Users\gduff\Downloads\cb-tb-1301-1400-v5\pdfs\CB-TB-1349_Blake.pdf,pdf_inventory_criminal,pdf_hash_unique|dupes=2,NO_GOLD,criminal,OFFLINE_CLIENT_PROJECTION,,,
sha:8a95377ad690726f10833d9477e0f30516be098854b63c105501ec34eb182106,PDF-8a95377ad690,CB-TB-789_Reed,CB-TB-789_Reed.pdf,8a95377ad690726f10833d9477e0f30516be098854b63c105501ec34eb182106,C:\Users\gduff\Downloads\cb-tb-701-800-v5\pdfs\CB-TB-789_Reed.pdf,pdf_inventory_criminal,pdf_hash_unique|dupes=1,NO_GOLD,criminal,OFFLINE_CLIENT_PROJECTION,,,
sha:8ab7ae0ff238ce301a012d864668e9bbe4f330ec01f558490a2c82ff4e958012,PDF-8ab7ae0ff238,CB-TB-1263_Reed,CB-TB-1263_Reed.pdf,8ab7ae0ff238ce301a012d864668e9bbe4f330ec01f558490a2c82ff4e958012,C:\Users\gduff\Downloads\cb-tb-1201-1300-v5\pdfs\CB-TB-1263_Reed.pdf,pdf_inventory_criminal,pdf_hash_unique|dupes=2,NO_GOLD,criminal,OFFLINE_CLIENT_PROJECTION,,,
sha:8ac9c75cd9e7cee5321e733d80785c62100f88f68d99aad177f8dd684e812bfa,PDF-8ac9c75cd9e7,CB-TB-581_Wright,CB-TB-581_Wright.pdf,8ac9c75cd9e7cee5321e733d80785c62100f88f68d99aad177f8dd684e812bfa,C:\Users\gduff\Downloads\cb-tb-501-600-v5-extract\pdfs\CB-TB-581_Wright.pdf,pdf_inventory_criminal,pdf_hash_unique|dupes=3,NO_GOLD,criminal,OFFLINE_CLIENT_PROJECTION,,,
sha:8acb2b2f43fde03faf43a85f51092f77ec3a03cd87e888967e2f237d14597aaf,PDF-8acb2b2f43fd,CB-TB-661_Coleman,CB-TB-661_Coleman.pdf,8acb2b2f43fde03faf43a85f51092f77ec3a03cd87e888967e2f237d14597aaf,C:\Users\gduff\Downloads\cb-tb-601-700-v5\pdfs\CB-TB-661_Coleman.pdf,pdf_inventory_criminal,pdf_hash_unique|dupes=1,NO_GOLD,criminal,OFFLINE_CLIENT_PROJECTION,,,
sha:8acfdfa651e4456dbc160ba617a26be78cc7dabe72c11fe519b5025712543e76,PDF-8acfdfa651e4,CB-TB-688_Price,CB-TB-688_Price.pdf,8acfdfa651e4456dbc160ba617a26be78cc7dabe72c11fe519b5025712543e76,C:\Users\gduff\Downloads\cb-tb-601-700-v5\pdfs\CB-TB-688_Price.pdf,pdf_inventory_criminal,pdf_hash_unique|dupes=1,NO_GOLD,criminal,OFFLINE_CLIENT_PROJECTION,,,
sha:8ae65265f9707019f8bc37f90ead64865ea235f0d296b533201ebd64a13a78be,PDF-8ae65265f970,CB-TB-577_Turner,CB-TB-577_Turner.pdf,8ae65265f9707019f8bc37f90ead64865ea235f0d296b533201ebd64a13a78be,C:\Users\gduff\Downloads\cb-tb-501-600-v5-extract\pdfs\CB-TB-577_Turner.pdf,pdf_inventory_criminal,pdf_hash_unique|dupes=3,NO_GOLD,criminal,OFFLINE_CLIENT_PROJECTION,,,
sha:8aea8e457f1b009d8bdef0c84b1ca22bfb96606e47349fe89f14a1c5c51629b9,PDF-8aea8e457f1b,CB-TB-1972_Iqbal,CB-TB-1972_Iqbal.pdf,8aea8e457f1b009d8bdef0c84b1ca22bfb96606e47349fe89f14a1c5c51629b9,C:\Users\gduff\Downloads\cb-tb-1601-2200-v5-factory-run\pdfs\CB-TB-1972_Iqbal.pdf,pdf_inventory_criminal,pdf_hash_unique|dupes=2,NO_GOLD,criminal,OFFLINE_CLIENT_PROJECTION,,,
sha:8b10cd2e09a5e1aa74f676248949fcf2d4301d156c6c6a274cfc7f64c1fb8418,PDF-8b10cd2e09a5,CB-TB-353_Ford,CB-TB-353_Ford.pdf,8b10cd2e09a5e1aa74f676248949fcf2d4301d156c6c6a274cfc7f64c1fb8418,C:\Users\gduff\Downloads\cb-tb-301-400-v4\pdfs\CB-TB-353_Ford.pdf,pdf_inventory_criminal,pdf_hash_unique|dupes=2,NO_GOLD,criminal,OFFLINE_CLIENT_PROJECTION,,,
sha:8b279800cf460f0fe174e5f3fcd0eaf65065acaab65f843e4daf5303b6b60a5a,PDF-8b279800cf46,CB-TB-1031_Dawson,CB-TB-1031_Dawson.pdf,8b279800cf460f0fe174e5f3fcd0eaf65065acaab65f843e4daf5303b6b60a5a,C:\Users\gduff\Downloads\cb-tb-901-1100-v5\pdfs\CB-TB-1031_Dawson.pdf,pdf_inventory_criminal,pdf_hash_unique|dupes=2,NO_GOLD,criminal,OFFLINE_CLIENT_PROJECTION,,,
sha:8b357d4d64a453b684553186a4808c88ba9b3f29ac6bf2e22f81032b914c100e,PDF-8b357d4d64a4,CB-TB-1520_Cross,CB-TB-1520_Cross.pdf,8b357d4d64a453b684553186a4808c88ba9b3f29ac6bf2e22f81032b914c100e,C:\Users\gduff\Downloads\cb-tb-1501-1600-v5-factory-run\pdfs\CB-TB-1520_Cross.pdf,pdf_inventory_criminal,pdf_hash_unique|dupes=2,NO_GOLD,criminal,OFFLINE_CLIENT_PROJECTION,,,
sha:8b3798a875eaebb02a5b6c15a332d7235d20a96eca927aba03b78e35fe5641da,PDF-8b3798a875ea,CB-TB-1037_Walsh,CB-TB-1037_Walsh.pdf,8b3798a875eaebb02a5b6c15a332d7235d20a96eca927aba03b78e35fe5641da,C:\Users\gduff\Downloads\cb-tb-901-1100-v5\pdfs\CB-TB-1037_Walsh.pdf,pdf_inventory_criminal,pdf_hash_unique|dupes=2,NO_GOLD,criminal,OFFLINE_CLIENT_PROJECTION,,,
sha:8b5b9e099b5ab72cc8ab43cd5b71970cee183ddfc4a7557ac34e9b0c281cdd03,PDF-8b5b9e099b5a,CB-TB-178_Hayes,CB-TB-178_Hayes.pdf,8b5b9e099b5ab72cc8ab43cd5b71970cee183ddfc4a7557ac34e9b0c281cdd03,C:\Users\gduff\Downloads\cb-tb-101-200-v4\pdfs\CB-TB-178_Hayes.pdf,pdf_inventory_criminal,pdf_hash_unique|dupes=1,NO_GOLD,criminal,OFFLINE_CLIENT_PROJECTION,,,
sha:8b733c87bfb6985db9a87d831573d99e7aba75fe97cd42908ad973043f53ec3e,PDF-8b733c87bfb6,CB-TB-1410_Patterson,CB-TB-1410_Patterson.pdf,8b733c87bfb6985db9a87d831573d99e7aba75fe97cd42908ad973043f53ec3e,C:\Users\gduff\Downloads\cb-tb-1401-1500-v5-tmp\pdfs\CB-TB-1410_Patterson.pdf,pdf_inventory_criminal,pdf_hash_unique|dupes=1,NO_GOLD,criminal,OFFLINE_CLIENT_PROJECTION,,,
sha:8b8e475fd0dd4a328793fd571c5f2f3aba9ae6f128238bc78bdf2286f77e734d,PDF-8b8e475fd0dd,CB-TB-1835_Baxter,CB-TB-1835_Baxter.pdf,8b8e475fd0dd4a328793fd571c5f2f3aba9ae6f128238bc78bdf2286f77e734d,C:\Users\gduff\Downloads\cb-tb-1601-2200-v5-factory-run\pdfs\CB-TB-1835_Baxter.pdf,pdf_inventory_criminal,pdf_hash_unique|dupes=2,NO_GOLD,criminal,OFFLINE_CLIENT_PROJECTION,,,
sha:8b93da8e6a7a3eef2df484e078884bff116fa66e9da70b3daab40b25a29a4d70,PDF-8b93da8e6a7a,CB-TB-150_Carter,CB-TB-150_Carter.pdf,8b93da8e6a7a3eef2df484e078884bff116fa66e9da70b3daab40b25a29a4d70,C:\Users\gduff\Downloads\cb-tb-101-200-v4\pdfs\CB-TB-150_Carter.pdf,pdf_inventory_criminal,pdf_hash_unique|dupes=1,NO_GOLD,criminal,OFFLINE_CLIENT_PROJECTION,,,
sha:8ba67582fd01aae66b24f15ac4d79cef161e9e582aea2aa2afd217342699fd64,PDF-8ba67582fd01,CB-TB-778_Stone,CB-TB-778_Stone.pdf,8ba67582fd01aae66b24f15ac4d79cef161e9e582aea2aa2afd217342699fd64,C:\Users\gduff\Downloads\cb-tb-701-800-v5\pdfs\CB-TB-778_Stone.pdf,pdf_inventory_criminal,pdf_hash_unique|dupes=1,NO_GOLD,criminal,OFFLINE_CLIENT_PROJECTION,,,
sha:8bb7c657d11d8a0ecec31889e1b5d5c3296bbc0dc89748d5cba34b41738daef3,PDF-8bb7c657d11d,CB-TB-1994_Cotter,CB-TB-1994_Cotter.pdf,8bb7c657d11d8a0ecec31889e1b5d5c3296bbc0dc89748d5cba34b41738daef3,C:\Users\gduff\Downloads\cb-tb-1601-2200-v5-factory-run\pdfs\CB-TB-1994_Cotter.pdf,pdf_inventory_criminal,pdf_hash_unique|dupes=2,NO_GOLD,criminal,OFFLINE_CLIENT_PROJECTION,,,
sha:8bbdfa8930aede3fbe17480cfd5971e4ec616814da6c891a561528cdfd05f9de,PDF-8bbdfa8930ae,CB-TB-1147_Greene,CB-TB-1147_Greene.pdf,8bbdfa8930aede3fbe17480cfd5971e4ec616814da6c891a561528cdfd05f9de,C:\Users\gduff\Downloads\cb-tb-1101-1400-v5\pdfs\CB-TB-1147_Greene.pdf,pdf_inventory_criminal,pdf_hash_unique|dupes=2,NO_GOLD,criminal,OFFLINE_CLIENT_PROJECTION,,,
sha:8bf1e1e591157eed3fede79de0b44f1aa26f7bbc6e804020b1316c847536e17b,PDF-8bf1e1e59115,CB-TB-2054_West,CB-TB-2054_West.pdf,8bf1e1e591157eed3fede79de0b44f1aa26f7bbc6e804020b1316c847536e17b,C:\Users\gduff\Downloads\cb-tb-1601-2200-v5-factory-run\pdfs\CB-TB-2054_West.pdf,pdf_inventory_criminal,pdf_hash_unique|dupes=2,NO_GOLD,criminal,OFFLINE_CLIENT_PROJECTION,,,
sha:8bf32e7689407abca0b3c061b6b92b8e49f09c278d3a8e798a64795f733fbf06,PDF-8bf32e768940,CB-TB-2179_Ali,CB-TB-2179_Ali.pdf,8bf32e7689407abca0b3c061b6b92b8e49f09c278d3a8e798a64795f733fbf06,C:\Users\gduff\Downloads\cb-tb-1601-2200-v5-factory-run\pdfs\CB-TB-2179_Ali.pdf,pdf_inventory_criminal,pdf_hash_unique|dupes=2,NO_GOLD,criminal,OFFLINE_CLIENT_PROJECTION,,,
sha:8c06bb51d0fbd9a25e176db6ebbbc869754cb0db925178dcd6c7846ae69c1eb2,PDF-8c06bb51d0fb,CB-TB-1846_Quinn,CB-TB-1846_Quinn.pdf,8c06bb51d0fbd9a25e176db6ebbbc869754cb0db925178dcd6c7846ae69c1eb2,C:\Users\gduff\Downloads\cb-tb-1601-2200-v5-factory-run\pdfs\CB-TB-1846_Quinn.pdf,pdf_inventory_criminal,pdf_hash_unique|dupes=2,NO_GOLD,criminal,OFFLINE_CLIENT_PROJECTION,,,
sha:8c364bf0a1e81133fc5a8e276eb5ba8ded0b2fdcb8f6e00a0283c35d09a4ba70,PDF-8c364bf0a1e8,CB-TB-530_Thornton,CB-TB-530_Thornton.pdf,8c364bf0a1e81133fc5a8e276eb5ba8ded0b2fdcb8f6e00a0283c35d09a4ba70,C:\Users\gduff\Downloads\cb-tb-501-600-v5-extract\pdfs\CB-TB-530_Thornton.pdf,pdf_inventory_criminal,pdf_hash_unique|dupes=3,NO_GOLD,criminal,OFFLINE_CLIENT_PROJECTION,,,
sha:8cbca1f7f147d7460233f8541cfccecfd6a635621cf189b6be6e20d39df745cc,PDF-8cbca1f7f147,CB-TB-1077_Thornton,CB-TB-1077_Thornton.pdf,8cbca1f7f147d7460233f8541cfccecfd6a635621cf189b6be6e20d39df745cc,C:\Users\gduff\Downloads\cb-tb-901-1100-v5\pdfs\CB-TB-1077_Thornton.pdf,pdf_inventory_criminal,pdf_hash_unique|dupes=2,NO_GOLD,criminal,OFFLINE_CLIENT_PROJECTION,,,
sha:8cc25a80cbc93da4c4697e8c7411ed1d2ee97475567c6837a774c418d13c3ecf,PDF-8cc25a80cbc9,CB-TB-2169_Khan,CB-TB-2169_Khan.pdf,8cc25a80cbc93da4c4697e8c7411ed1d2ee97475567c6837a774c418d13c3ecf,C:\Users\gduff\Downloads\cb-tb-1601-2200-v5-factory-run\pdfs\CB-TB-2169_Khan.pdf,pdf_inventory_criminal,pdf_hash_unique|dupes=2,NO_GOLD,criminal,OFFLINE_CLIENT_PROJECTION,,,
sha:8ccb4461601afbb9d85c875521d993a2f7c149ede6ccb1feeaf5c42a3b419787,PDF-8ccb4461601a,CB-TB-164_Bryant,CB-TB-164_Bryant.pdf,8ccb4461601afbb9d85c875521d993a2f7c149ede6ccb1feeaf5c42a3b419787,C:\Users\gduff\Downloads\cb-tb-101-200-v4\pdfs\CB-TB-164_Bryant.pdf,pdf_inventory_criminal,pdf_hash_unique|dupes=1,NO_GOLD,criminal,OFFLINE_CLIENT_PROJECTION,,,
sha:8d067d80c0d69077e809197cdb2b0c23ad20d403db4dd6a996058311c848961c,PDF-8d067d80c0d6,CB-TB-1557_Dale,CB-TB-1557_Dale.pdf,8d067d80c0d69077e809197cdb2b0c23ad20d403db4dd6a996058311c848961c,C:\Users\gduff\Downloads\cb-tb-1501-1600-v5-factory-run\pdfs\CB-TB-1557_Dale.pdf,pdf_inventory_criminal,pdf_hash_unique|dupes=2,NO_GOLD,criminal,OFFLINE_CLIENT_PROJECTION,,,
sha:8d1148c0dee01494fc6d9a1ddd0f4e3131aa647b03e45ad4aa0059924a13cef2,PDF-8d1148c0dee0,CB-TB-1655_Wright,CB-TB-1655_Wright.pdf,8d1148c0dee01494fc6d9a1ddd0f4e3131aa647b03e45ad4aa0059924a13cef2,C:\Users\gduff\Downloads\cb-tb-1601-2200-v5-factory-run\pdfs\CB-TB-1655_Wright.pdf,pdf_inventory_criminal,pdf_hash_unique|dupes=4,NO_GOLD,criminal,OFFLINE_CLIENT_PROJECTION,,,
sha:8d49be4b204d78666cb20ca2b718f9f5b86e80f26545523d28b684978854f478,PDF-8d49be4b204d,CB-TB-1890_Glover,CB-TB-1890_Glover.pdf,8d49be4b204d78666cb20ca2b718f9f5b86e80f26545523d28b684978854f478,C:\Users\gduff\Downloads\cb-tb-1601-2200-v5-factory-run\pdfs\CB-TB-1890_Glover.pdf,pdf_inventory_criminal,pdf_hash_unique|dupes=2,NO_GOLD,criminal,OFFLINE_CLIENT_PROJECTION,,,
sha:8d548ff944aa7bbcbe8590034157f0e7754b4c825195164d61fdb8e069712856,PDF-8d548ff944aa,CB-TB-382_Quinn,CB-TB-382_Quinn.pdf,8d548ff944aa7bbcbe8590034157f0e7754b4c825195164d61fdb8e069712856,C:\Users\gduff\Downloads\cb-tb-301-400-v4\pdfs\CB-TB-382_Quinn.pdf,pdf_inventory_criminal,pdf_hash_unique|dupes=2,NO_GOLD,criminal,OFFLINE_CLIENT_PROJECTION,,,
sha:8d67eac44255ec66cf37f06d7eaedb7fde12a3d7d05838edede0b29f901e5f59,PDF-8d67eac44255,CB-TB-718_Bennett,CB-TB-718_Bennett.pdf,8d67eac44255ec66cf37f06d7eaedb7fde12a3d7d05838edede0b29f901e5f59,C:\Users\gduff\Downloads\cb-tb-701-800-v5\pdfs\CB-TB-718_Bennett.pdf,pdf_inventory_criminal,pdf_hash_unique|dupes=1,NO_GOLD,criminal,OFFLINE_CLIENT_PROJECTION,,,
sha:8d6b22f1fde7f8ea39df4bf39ef8f0021442fc717e5ac24fc3a2661b9678417a,PDF-8d6b22f1fde7,CB-TB-1876_Price,CB-TB-1876_Price.pdf,8d6b22f1fde7f8ea39df4bf39ef8f0021442fc717e5ac24fc3a2661b9678417a,C:\Users\gduff\Downloads\cb-tb-1601-2200-v5-factory-run\pdfs\CB-TB-1876_Price.pdf,pdf_inventory_criminal,pdf_hash_unique|dupes=2,NO_GOLD,criminal,OFFLINE_CLIENT_PROJECTION,,,
sha:8d7de183b0022a71199d0e78c30a6efc34367f50c6c4c42234f9f59581fb83f6,PDF-8d7de183b002,CB-TB-2039_Hughes,CB-TB-2039_Hughes.pdf,8d7de183b0022a71199d0e78c30a6efc34367f50c6c4c42234f9f59581fb83f6,C:\Users\gduff\Downloads\cb-tb-1601-2200-v5-factory-run\pdfs\CB-TB-2039_Hughes.pdf,pdf_inventory_criminal,pdf_hash_unique|dupes=2,NO_GOLD,criminal,OFFLINE_CLIENT_PROJECTION,,,
sha:8d8a4fd5bedf12b8135823fd0447593f7cb3d1c26fea9d50590d3a9e4e15459d,PDF-8d8a4fd5bedf,CB-TB-236_Begum,CB-TB-236_Begum.pdf,8d8a4fd5bedf12b8135823fd0447593f7cb3d1c26fea9d50590d3a9e4e15459d,C:\Users\gduff\Downloads\cb-tb-201-300-v4\pdfs\CB-TB-236_Begum.pdf,pdf_inventory_criminal,pdf_hash_unique|dupes=1,NO_GOLD,criminal,OFFLINE_CLIENT_PROJECTION,,,
sha:8db66c337fd1e3e4fae2723510babdf824af9a095ec6ecdfd5cc80fde054d84d,PDF-8db66c337fd1,CB-TB-163_Fletcher,CB-TB-163_Fletcher.pdf,8db66c337fd1e3e4fae2723510babdf824af9a095ec6ecdfd5cc80fde054d84d,C:\Users\gduff\Downloads\cb-tb-101-200-v4\pdfs\CB-TB-163_Fletcher.pdf,pdf_inventory_criminal,pdf_hash_unique|dupes=1,NO_GOLD,criminal,OFFLINE_CLIENT_PROJECTION,,,
sha:8dcc58339a88b91413de9d53fc5ef51eb5ddd7285fca011beb51b461c965848d,PDF-8dcc58339a88,CB-TB-1957_Rourke,CB-TB-1957_Rourke.pdf,8dcc58339a88b91413de9d53fc5ef51eb5ddd7285fca011beb51b461c965848d,C:\Users\gduff\Downloads\cb-tb-1601-2200-v5-factory-run\pdfs\CB-TB-1957_Rourke.pdf,pdf_inventory_criminal,pdf_hash_unique|dupes=2,NO_GOLD,criminal,OFFLINE_CLIENT_PROJECTION,,,
sha:8dd5188bb56fa019198c3988aec95f4927b4b1591e87724f54eee8ed691a2b94,PDF-8dd5188bb56f,CB-TB-1636_West,CB-TB-1636_West.pdf,8dd5188bb56fa019198c3988aec95f4927b4b1591e87724f54eee8ed691a2b94,C:\Users\gduff\Downloads\cb-tb-1601-2200-v5-factory-run\pdfs\CB-TB-1636_West.pdf,pdf_inventory_criminal,pdf_hash_unique|dupes=4,NO_GOLD,criminal,OFFLINE_CLIENT_PROJECTION,,,
sha:8de818b2df1486bd33760c47329b08515c9dc2680d688bc9a6ae2a0f798090c8,PDF-8de818b2df14,CB-TB-1007_Barker,CB-TB-1007_Barker.pdf,8de818b2df1486bd33760c47329b08515c9dc2680d688bc9a6ae2a0f798090c8,C:\Users\gduff\Downloads\cb-tb-901-1100-v5\pdfs\CB-TB-1007_Barker.pdf,pdf_inventory_criminal,pdf_hash_unique|dupes=2,NO_GOLD,criminal,OFFLINE_CLIENT_PROJECTION,,,
sha:8de9b30821aa18246d7a62e1dadbb33ecc808989b8285e01d8b1c4e2ab19a556,PDF-8de9b30821aa,CB-TB-1393_Cole,CB-TB-1393_Cole.pdf,8de9b30821aa18246d7a62e1dadbb33ecc808989b8285e01d8b1c4e2ab19a556,C:\Users\gduff\Downloads\cb-tb-1301-1400-v5\pdfs\CB-TB-1393_Cole.pdf,pdf_inventory_criminal,pdf_hash_unique|dupes=2,NO_GOLD,criminal,OFFLINE_CLIENT_PROJECTION,,,
sha:8e20028686b8f1caf7d8df8ce49d1e110b382afddf9b4e41dc47c7904b287af1,PDF-8e20028686b8,CB-TB-2161_Hayes,CB-TB-2161_Hayes.pdf,8e20028686b8f1caf7d8df8ce49d1e110b382afddf9b4e41dc47c7904b287af1,C:\Users\gduff\Downloads\cb-tb-1601-2200-v5-factory-run\pdfs\CB-TB-2161_Hayes.pdf,pdf_inventory_criminal,pdf_hash_unique|dupes=2,NO_GOLD,criminal,OFFLINE_CLIENT_PROJECTION,,,
sha:8e238ff06553948cce4e588fa36db1a7feebec9382b131fd890cd1003606524c,PDF-8e238ff06553,CB-TB-1919_Blythe,CB-TB-1919_Blythe.pdf,8e238ff06553948cce4e588fa36db1a7feebec9382b131fd890cd1003606524c,C:\Users\gduff\Downloads\cb-tb-1601-2200-v5-factory-run\pdfs\CB-TB-1919_Blythe.pdf,pdf_inventory_criminal,pdf_hash_unique|dupes=2,NO_GOLD,criminal,OFFLINE_CLIENT_PROJECTION,,,
sha:8e27cd4c68f32a40b93236e32228510f4d6856bb2853b391231927779daded4e,PDF-8e27cd4c68f3,CB-TB-899_Vale,CB-TB-899_Vale.pdf,8e27cd4c68f32a40b93236e32228510f4d6856bb2853b391231927779daded4e,C:\Users\gduff\Downloads\cb-tb-801-900-v5\pdfs\CB-TB-899_Vale.pdf,pdf_inventory_criminal,pdf_hash_unique|dupes=1,NO_GOLD,criminal,OFFLINE_CLIENT_PROJECTION,,,
sha:8e39dde336088acbcd5fc6c3f83bf510e6141c86eb98f69a9ee7b64fbd6f5875,PDF-8e39dde33608,CB-TB-2112_Thornton,CB-TB-2112_Thornton.pdf,8e39dde336088acbcd5fc6c3f83bf510e6141c86eb98f69a9ee7b64fbd6f5875,C:\Users\gduff\Downloads\cb-tb-1601-2200-v5-factory-run\pdfs\CB-TB-2112_Thornton.pdf,pdf_inventory_criminal,pdf_hash_unique|dupes=2,NO_GOLD,criminal,OFFLINE_CLIENT_PROJECTION,,,
sha:8e3b4cd9c9e2b54684982c28bd4daa5dc41906ef2713a614b8eed0583dd27eeb,PDF-8e3b4cd9c9e2,CB-TB-018_Okonkwo,CB-TB-018_Okonkwo.pdf,8e3b4cd9c9e2b54684982c28bd4daa5dc41906ef2713a614b8eed0583dd27eeb,C:\Users\gduff\Downloads\cb-tb-001-030-v4\pdfs\CB-TB-018_Okonkwo.pdf,pdf_inventory_criminal,pdf_hash_unique|dupes=1,NO_GOLD,criminal,OFFLINE_CLIENT_PROJECTION,,,
sha:8e3e35779ce3be19794889c37f8acf11fcba5e5b645e6a0c522aaeace34ecefe,PDF-8e3e35779ce3,CB-TB-758_Parker,CB-TB-758_Parker.pdf,8e3e35779ce3be19794889c37f8acf11fcba5e5b645e6a0c522aaeace34ecefe,C:\Users\gduff\Downloads\cb-tb-701-800-v5\pdfs\CB-TB-758_Parker.pdf,pdf_inventory_criminal,pdf_hash_unique|dupes=1,NO_GOLD,criminal,OFFLINE_CLIENT_PROJECTION,,,
sha:8e6ac9a60f9cb7d7325657e59f502eda1ff414dc79f98320ad5fa39a6d80b20e,PDF-8e6ac9a60f9c,CB-TB-1772_Keighley,CB-TB-1772_Keighley.pdf,8e6ac9a60f9cb7d7325657e59f502eda1ff414dc79f98320ad5fa39a6d80b20e,C:\Users\gduff\Downloads\cb-tb-1601-2200-v5-factory-run\pdfs\CB-TB-1772_Keighley.pdf,pdf_inventory_criminal,pdf_hash_unique|dupes=2,NO_GOLD,criminal,OFFLINE_CLIENT_PROJECTION,,,
sha:8e6c3efc83b07f6b2fcb097472ca0bcf1921c1ac46028d6d0db64be54f0b8626,PDF-8e6c3efc83b0,CB-TB-1408_Blake,CB-TB-1408_Blake.pdf,8e6c3efc83b07f6b2fcb097472ca0bcf1921c1ac46028d6d0db64be54f0b8626,C:\Users\gduff\Downloads\cb-tb-1401-1500-v5-tmp\pdfs\CB-TB-1408_Blake.pdf,pdf_inventory_criminal,pdf_hash_unique|dupes=1,NO_GOLD,criminal,OFFLINE_CLIENT_PROJECTION,,,
sha:8e839a9ac378ab63afad7629a3dd0cf3b6892127c8bccb766cd8c03513ddf893,PDF-8e839a9ac378,CB-TB-927_Rees,CB-TB-927_Rees.pdf,8e839a9ac378ab63afad7629a3dd0cf3b6892127c8bccb766cd8c03513ddf893,C:\Users\gduff\Downloads\cb-tb-901-1100-v5\pdfs\CB-TB-927_Rees.pdf,pdf_inventory_criminal,pdf_hash_unique|dupes=2,NO_GOLD,criminal,OFFLINE_CLIENT_PROJECTION,,,
sha:8eb7bad4cfe1120dfeb3184ca992a76ce0a455cd87c3cddfc3ee7bd767de8a19,PDF-8eb7bad4cfe1,CB-TB-1415_Baines,CB-TB-1415_Baines.pdf,8eb7bad4cfe1120dfeb3184ca992a76ce0a455cd87c3cddfc3ee7bd767de8a19,C:\Users\gduff\Downloads\cb-tb-1401-1500-v5-tmp\pdfs\CB-TB-1415_Baines.pdf,pdf_inventory_criminal,pdf_hash_unique|dupes=1,NO_GOLD,criminal,OFFLINE_CLIENT_PROJECTION,,,
sha:8ec05ce39444baf5cfe69805e73c39b95733598520cf745d4d968503853be69d,PDF-8ec05ce39444,CB-TB-008_Thornton,CB-TB-008_Thornton.pdf,8ec05ce39444baf5cfe69805e73c39b95733598520cf745d4d968503853be69d,C:\Users\gduff\Downloads\cb-tb-001-050-v3\pdfs\CB-TB-008_Thornton.pdf,pdf_inventory_criminal,pdf_hash_unique|dupes=2,NO_GOLD,criminal,OFFLINE_CLIENT_PROJECTION,,,
sha:8ed1750b48bbbfb98165753049e2c9d7fdd35a2135cd174bb209374c8cdc68cd,PDF-8ed1750b48bb,CB-TB-119_Khan,CB-TB-119_Khan.pdf,8ed1750b48bbbfb98165753049e2c9d7fdd35a2135cd174bb209374c8cdc68cd,C:\Users\gduff\Downloads\cb-tb-101-200-v4\pdfs\CB-TB-119_Khan.pdf,pdf_inventory_criminal,pdf_hash_unique|dupes=1,NO_GOLD,criminal,OFFLINE_CLIENT_PROJECTION,,,
sha:8ed37419985c4aa7e71db699eb976d6ceb1be13d24b58075fdf319f75c384498,PDF-8ed37419985c,CB-TB-1596_Reid,CB-TB-1596_Reid.pdf,8ed37419985c4aa7e71db699eb976d6ceb1be13d24b58075fdf319f75c384498,C:\Users\gduff\Downloads\cb-tb-1501-1600-v5-factory-run\pdfs\CB-TB-1596_Reid.pdf,pdf_inventory_criminal,pdf_hash_unique|dupes=2,NO_GOLD,criminal,OFFLINE_CLIENT_PROJECTION,,,
sha:8f074521e8ff2452be8336c9c179aa1248871f12561dbcb02f96d71e9f483063,PDF-8f074521e8ff,CB-TB-1594_Walsh,CB-TB-1594_Walsh.pdf,8f074521e8ff2452be8336c9c179aa1248871f12561dbcb02f96d71e9f483063,C:\Users\gduff\Downloads\cb-tb-1501-1600-v5-factory-run\pdfs\CB-TB-1594_Walsh.pdf,pdf_inventory_criminal,pdf_hash_unique|dupes=2,NO_GOLD,criminal,OFFLINE_CLIENT_PROJECTION,,,
sha:8f290ba56ff9e77460b0c6456ad0c5c0a1fb0a1d31199c4044a2c89fd3511c75,PDF-8f290ba56ff9,CB-TB-1609_West,CB-TB-1609_West.pdf,8f290ba56ff9e77460b0c6456ad0c5c0a1fb0a1d31199c4044a2c89fd3511c75,C:\Users\gduff\Downloads\cb-tb-1601-2200-v5-factory-run\pdfs\CB-TB-1609_West.pdf,pdf_inventory_criminal,pdf_hash_unique|dupes=4,NO_GOLD,criminal,OFFLINE_CLIENT_PROJECTION,,,
sha:8f429a1a414afbc259b00da3941da7ad33975415383439b540a09371994c1c29,PDF-8f429a1a414a,NS-CPS-2026-0435 - Copy (2),NS-CPS-2026-0435 - Copy (2).pdf,8f429a1a414afbc259b00da3941da7ad33975415383439b540a09371994c1c29,C:\Users\gduff\Downloads\NS-CPS-2026-0435 - Copy (2).pdf,pdf_inventory,pdf_hash_unique|dupes=2,NO_GOLD,criminal,OFFLINE_CLIENT_PROJECTION,,,
sha:8f4acb7741471fa13fd4696e632ce96f20a45bab9220a6f2843f5bd445f3fdf5,PDF-8f4acb774147,CB-TB-2104_Okonkwo,CB-TB-2104_Okonkwo.pdf,8f4acb7741471fa13fd4696e632ce96f20a45bab9220a6f2843f5bd445f3fdf5,C:\Users\gduff\Downloads\cb-tb-1601-2200-v5-factory-run\pdfs\CB-TB-2104_Okonkwo.pdf,pdf_inventory_criminal,pdf_hash_unique|dupes=2,NO_GOLD,criminal,OFFLINE_CLIENT_PROJECTION,,,
sha:8f5e5650e4f480ff6d38d6468a7edabdee820d40e57d8793def50c3bb7f820c3,PDF-8f5e5650e4f4,CB-TB-278_Shaw,CB-TB-278_Shaw.pdf,8f5e5650e4f480ff6d38d6468a7edabdee820d40e57d8793def50c3bb7f820c3,C:\Users\gduff\Downloads\cb-tb-201-300-v4\pdfs\CB-TB-278_Shaw.pdf,pdf_inventory_criminal,pdf_hash_unique|dupes=1,NO_GOLD,criminal,OFFLINE_CLIENT_PROJECTION,,,
sha:8f6c7482f4eb3917d669763198e5a2280fe61a046597c6529cef968d2c7cd4a8,PDF-8f6c7482f4eb,CB-TB-1375_Holt,CB-TB-1375_Holt.pdf,8f6c7482f4eb3917d669763198e5a2280fe61a046597c6529cef968d2c7cd4a8,C:\Users\gduff\Downloads\cb-tb-1301-1400-v5\pdfs\CB-TB-1375_Holt.pdf,pdf_inventory_criminal,pdf_hash_unique|dupes=2,NO_GOLD,criminal,OFFLINE_CLIENT_PROJECTION,,,
sha:8f6d8208c16587975c6fe01695fe4b36d88d37cf9713ef9339c41eb4de9b1801,PDF-8f6d8208c165,CB-TB-006_Naismith,CB-TB-006_Naismith.pdf,8f6d8208c16587975c6fe01695fe4b36d88d37cf9713ef9339c41eb4de9b1801,C:\Users\gduff\Downloads\cb-tb-001-050-v3\pdfs\CB-TB-006_Naismith.pdf,pdf_inventory_criminal,pdf_hash_unique|dupes=2,NO_GOLD,criminal,OFFLINE_CLIENT_PROJECTION,,,
sha:8f82e04e986af3a9bb46a1442d6a780a592527ac1234002e82106aff852fc139,PDF-8f82e04e986a,CB-TB-1105_Morris,CB-TB-1105_Morris.pdf,8f82e04e986af3a9bb46a1442d6a780a592527ac1234002e82106aff852fc139,C:\Users\gduff\Downloads\cb-tb-1101-1400-v5\pdfs\CB-TB-1105_Morris.pdf,pdf_inventory_criminal,pdf_hash_unique|dupes=2,NO_GOLD,criminal,OFFLINE_CLIENT_PROJECTION,,,
sha:8f9bcc26bb98f8dbc2ae8126ff1bd1cb49ee7ab7b7c458d216d403a04ebe2066,PDF-8f9bcc26bb98,CB-TB-1545_Iqbal,CB-TB-1545_Iqbal.pdf,8f9bcc26bb98f8dbc2ae8126ff1bd1cb49ee7ab7b7c458d216d403a04ebe2066,C:\Users\gduff\Downloads\cb-tb-1501-1600-v5-factory-run\pdfs\CB-TB-1545_Iqbal.pdf,pdf_inventory_criminal,pdf_hash_unique|dupes=2,NO_GOLD,criminal,OFFLINE_CLIENT_PROJECTION,,,
sha:8fa339129b6b72764cec9506822ebc20f04e47609964699a7e9c4c7009cdc433,PDF-8fa339129b6b,CB-TB-1434_Bell,CB-TB-1434_Bell.pdf,8fa339129b6b72764cec9506822ebc20f04e47609964699a7e9c4c7009cdc433,C:\Users\gduff\Downloads\cb-tb-1401-1500-v5-tmp\pdfs\CB-TB-1434_Bell.pdf,pdf_inventory_criminal,pdf_hash_unique|dupes=1,NO_GOLD,criminal,OFFLINE_CLIENT_PROJECTION,,,
sha:8fb9410a87b5c69ca5610659ce15c50a62a4ac76020ae199097cfad84c5b4803,PDF-8fb9410a87b5,CB-TB-729_Thornton,CB-TB-729_Thornton.pdf,8fb9410a87b5c69ca5610659ce15c50a62a4ac76020ae199097cfad84c5b4803,C:\Users\gduff\Downloads\cb-tb-701-800-v5\pdfs\CB-TB-729_Thornton.pdf,pdf_inventory_criminal,pdf_hash_unique|dupes=1,NO_GOLD,criminal,OFFLINE_CLIENT_PROJECTION,,,
sha:8feeebe406ceaed5f4813c412adde9be4c0fdc302a52f929aa604c5e29a30080,PDF-8feeebe406ce,CB-TB-1689_Clarke,CB-TB-1689_Clarke.pdf,8feeebe406ceaed5f4813c412adde9be4c0fdc302a52f929aa604c5e29a30080,C:\Users\gduff\Downloads\cb-tb-1601-2200-v5-factory-run\pdfs\CB-TB-1689_Clarke.pdf,pdf_inventory_criminal,pdf_hash_unique|dupes=4,NO_GOLD,criminal,OFFLINE_CLIENT_PROJECTION,,,
sha:90096d1177203b6e5fe16b467e0b599c2c3cf5e1db9f72cc714f8d5c3955a8e9,PDF-90096d117720,CB-TB-04_Paige_Thornton,CB-TB-04_Paige_Thornton.pdf,90096d1177203b6e5fe16b467e0b599c2c3cf5e1db9f72cc714f8d5c3955a8e9,C:\Users\gduff\Downloads\CB-TB-04_Paige_Thornton.pdf,pdf_inventory_criminal,pdf_hash_unique|dupes=2,NO_GOLD,criminal,BACKEND_LIVE,,80e40f51-f97d-4d4b-b721-93186897b32b,new cases for cursor — Case 4
sha:900fedf65d3f6d290d06cc1ca2d2fc6873e739f374df7bb8a7fd533157cb779e,PDF-900fedf65d3f,CB-TB-1184_Stone,CB-TB-1184_Stone.pdf,900fedf65d3f6d290d06cc1ca2d2fc6873e739f374df7bb8a7fd533157cb779e,C:\Users\gduff\Downloads\cb-tb-1101-1400-v5\pdfs\CB-TB-1184_Stone.pdf,pdf_inventory_criminal,pdf_hash_unique|dupes=2,NO_GOLD,criminal,OFFLINE_CLIENT_PROJECTION,,,
sha:903b2a7f94d3121199a46dc8c13507c667f9c7c922ad3b74ef32caf81ee16345,PDF-903b2a7f94d3,CB-TB-1975_Rahman,CB-TB-1975_Rahman.pdf,903b2a7f94d3121199a46dc8c13507c667f9c7c922ad3b74ef32caf81ee16345,C:\Users\gduff\Downloads\cb-tb-1601-2200-v5-factory-run\pdfs\CB-TB-1975_Rahman.pdf,pdf_inventory_criminal,pdf_hash_unique|dupes=2,NO_GOLD,criminal,OFFLINE_CLIENT_PROJECTION,,,
sha:9051bb0a77cf9ac673677b9fb6f14efa750945eb2d4b42f478c3905324f11ddd,PDF-9051bb0a77cf,CB-TB-1217_King,CB-TB-1217_King.pdf,9051bb0a77cf9ac673677b9fb6f14efa750945eb2d4b42f478c3905324f11ddd,C:\Users\gduff\Downloads\cb-tb-1201-1300-v5\pdfs\CB-TB-1217_King.pdf,pdf_inventory_criminal,pdf_hash_unique|dupes=2,NO_GOLD,criminal,OFFLINE_CLIENT_PROJECTION,,,
sha:907a459640d2480ac64d2ac2f6e048ca65deaf2a9a5d86b3632d2ca8db5d4c72,PDF-907a459640d2,CB-TB-1586_Khan,CB-TB-1586_Khan.pdf,907a459640d2480ac64d2ac2f6e048ca65deaf2a9a5d86b3632d2ca8db5d4c72,C:\Users\gduff\Downloads\cb-tb-1501-1600-v5-factory-run\pdfs\CB-TB-1586_Khan.pdf,pdf_inventory_criminal,pdf_hash_unique|dupes=2,NO_GOLD,criminal,OFFLINE_CLIENT_PROJECTION,,,
sha:90bd0288b62de964b1f081373a43324207abe9bb1149591d7ede98a50a96fae8,PDF-90bd0288b62d,CB-TB-1243_Stone,CB-TB-1243_Stone.pdf,90bd0288b62de964b1f081373a43324207abe9bb1149591d7ede98a50a96fae8,C:\Users\gduff\Downloads\cb-tb-1201-1300-v5\pdfs\CB-TB-1243_Stone.pdf,pdf_inventory_criminal,pdf_hash_unique|dupes=2,NO_GOLD,criminal,OFFLINE_CLIENT_PROJECTION,,,
sha:90d27288aee70922befccf1373f27c18d7ff2b771fd0da29e0ff3d0c9a971ecf,PDF-90d27288aee7,CB-TB-1697_Bennett,CB-TB-1697_Bennett.pdf,90d27288aee70922befccf1373f27c18d7ff2b771fd0da29e0ff3d0c9a971ecf,C:\Users\gduff\Downloads\cb-tb-1601-2200-v5-factory-run\pdfs\CB-TB-1697_Bennett.pdf,pdf_inventory_criminal,pdf_hash_unique|dupes=4,NO_GOLD,criminal,OFFLINE_CLIENT_PROJECTION,,,
sha:90ec1b348d9e0a15dc16df6f310297e1312f509fc3017150f7c538ca29fb06dc,PDF-90ec1b348d9e,CB-TB-048_Rees,CB-TB-048_Rees.pdf,90ec1b348d9e0a15dc16df6f310297e1312f509fc3017150f7c538ca29fb06dc,C:\Users\gduff\Downloads\cb-tb-001-050-v3\pdfs\CB-TB-048_Rees.pdf,pdf_inventory_criminal,pdf_hash_unique|dupes=2,NO_GOLD,criminal,OFFLINE_CLIENT_PROJECTION,,,
sha:90f4d8a467af3dea8aee90cd55664cebea3fcb2c6392982fc49c4b52bcacee32,PDF-90f4d8a467af,CB-TB-418_Singh,CB-TB-418_Singh.pdf,90f4d8a467af3dea8aee90cd55664cebea3fcb2c6392982fc49c4b52bcacee32,C:\Users\gduff\Downloads\cb-tb-401-500-v5\pdfs\CB-TB-418_Singh.pdf,pdf_inventory_criminal,pdf_hash_unique|dupes=2,NO_GOLD,criminal,OFFLINE_CLIENT_PROJECTION,,,
sha:910d6047bea39573bb5bff383476f5265aa5a1950db0ff837ed77e099c123d3a,PDF-910d6047bea3,CB-TB-1329_Holt,CB-TB-1329_Holt.pdf,910d6047bea39573bb5bff383476f5265aa5a1950db0ff837ed77e099c123d3a,C:\Users\gduff\Downloads\cb-tb-1301-1400-v5\pdfs\CB-TB-1329_Holt.pdf,pdf_inventory_criminal,pdf_hash_unique|dupes=2,NO_GOLD,criminal,OFFLINE_CLIENT_PROJECTION,,,
sha:911e0e895b889ea06d0b4ae924426c02238d2ee9842c74877e79b084ae41b578,PDF-911e0e895b88,CB-TB-1684_Moran,CB-TB-1684_Moran.pdf,911e0e895b889ea06d0b4ae924426c02238d2ee9842c74877e79b084ae41b578,C:\Users\gduff\Downloads\cb-tb-1601-2200-v5-factory-run\pdfs\CB-TB-1684_Moran.pdf,pdf_inventory_criminal,pdf_hash_unique|dupes=4,NO_GOLD,criminal,OFFLINE_CLIENT_PROJECTION,,,
sha:913b5da73385e8ab033c074300d645978244746b6bfc635d95c319e92dcbb8df,PDF-913b5da73385,CB-TB-1435_Khan,CB-TB-1435_Khan.pdf,913b5da73385e8ab033c074300d645978244746b6bfc635d95c319e92dcbb8df,C:\Users\gduff\Downloads\cb-tb-1401-1500-v5-tmp\pdfs\CB-TB-1435_Khan.pdf,pdf_inventory_criminal,pdf_hash_unique|dupes=1,NO_GOLD,criminal,OFFLINE_CLIENT_PROJECTION,,,
sha:915f949ea103dde370f426d778ba95e980b8cbee7929a59ffd448172977278c4,PDF-915f949ea103,CB-TB-027_Morley,CB-TB-027_Morley.pdf,915f949ea103dde370f426d778ba95e980b8cbee7929a59ffd448172977278c4,C:\Users\gduff\Downloads\cb-tb-001-030-v4\pdfs\CB-TB-027_Morley.pdf,pdf_inventory_criminal,pdf_hash_unique|dupes=1,NO_GOLD,criminal,OFFLINE_CLIENT_PROJECTION,,,
sha:91710eac9378b031c9b78a0b205cf465722a33d9f13675922a20ed9c46b34ade,PDF-91710eac9378,CB-TB-735_Patel,CB-TB-735_Patel.pdf,91710eac9378b031c9b78a0b205cf465722a33d9f13675922a20ed9c46b34ade,C:\Users\gduff\Downloads\cb-tb-701-800-v5\pdfs\CB-TB-735_Patel.pdf,pdf_inventory_criminal,pdf_hash_unique|dupes=1,NO_GOLD,criminal,OFFLINE_CLIENT_PROJECTION,,,
sha:918313279ed3a1e30a275246a562316d4eb04d84042534738cddf4d0d6f732a5,PDF-918313279ed3,CB-TB-687_Quinn,CB-TB-687_Quinn.pdf,918313279ed3a1e30a275246a562316d4eb04d84042534738cddf4d0d6f732a5,C:\Users\gduff\Downloads\cb-tb-601-700-v5\pdfs\CB-TB-687_Quinn.pdf,pdf_inventory_criminal,pdf_hash_unique|dupes=1,NO_GOLD,criminal,OFFLINE_CLIENT_PROJECTION,,,
sha:9187a539623d2961881af43f31503c0109993c75b219c039c3f0b9697446e6b8,PDF-9187a539623d,CB-TB-1446_Patterson,CB-TB-1446_Patterson.pdf,9187a539623d2961881af43f31503c0109993c75b219c039c3f0b9697446e6b8,C:\Users\gduff\Downloads\cb-tb-1401-1500-v5-tmp\pdfs\CB-TB-1446_Patterson.pdf,pdf_inventory_criminal,pdf_hash_unique|dupes=1,NO_GOLD,criminal,OFFLINE_CLIENT_PROJECTION,,,
sha:920b455a43e4ad05844298f9c6497c6313cd493527af756e0de8317106387c7d,PDF-920b455a43e4,CB-TB-1668_Austin,CB-TB-1668_Austin.pdf,920b455a43e4ad05844298f9c6497c6313cd493527af756e0de8317106387c7d,C:\Users\gduff\Downloads\cb-tb-1601-2200-v5-factory-run\pdfs\CB-TB-1668_Austin.pdf,pdf_inventory_criminal,pdf_hash_unique|dupes=4,NO_GOLD,criminal,OFFLINE_CLIENT_PROJECTION,,,
sha:92419aff4bfdc7ddeb3a5b6226473e34c9b29e6d27414bfc534abe30906f8997,PDF-92419aff4bfd,CB-TB-620_Stone,CB-TB-620_Stone.pdf,92419aff4bfdc7ddeb3a5b6226473e34c9b29e6d27414bfc534abe30906f8997,C:\Users\gduff\Downloads\cb-tb-601-700-v5\pdfs\CB-TB-620_Stone.pdf,pdf_inventory_criminal,pdf_hash_unique|dupes=1,NO_GOLD,criminal,OFFLINE_CLIENT_PROJECTION,,,
sha:924bd13be731a3fc3e34baefb267329db73d9e3e17e34df19e36ee62242fba8b,PDF-924bd13be731,CB-TB-139_Frost,CB-TB-139_Frost.pdf,924bd13be731a3fc3e34baefb267329db73d9e3e17e34df19e36ee62242fba8b,C:\Users\gduff\Downloads\cb-tb-101-200-v4\pdfs\CB-TB-139_Frost.pdf,pdf_inventory_criminal,pdf_hash_unique|dupes=1,NO_GOLD,criminal,OFFLINE_CLIENT_PROJECTION,,,
sha:924e324b0a3b3def37bf4025e40a749884d96fba074d4fa09eaeb379783f68b7,PDF-924e324b0a3b,CB-TB-1712_Morris,CB-TB-1712_Morris.pdf,924e324b0a3b3def37bf4025e40a749884d96fba074d4fa09eaeb379783f68b7,C:\Users\gduff\Downloads\cb-tb-1601-2200-v5-factory-run\pdfs\CB-TB-1712_Morris.pdf,pdf_inventory_criminal,pdf_hash_unique|dupes=2,NO_GOLD,criminal,OFFLINE_CLIENT_PROJECTION,,,
sha:924feff916ca5998152433e865a3682eba509d2f5148ca7a5fde80c6ba828cd1,PDF-924feff916ca,CB-TB-024_Megan_Ryder,CB-TB-024_Megan_Ryder.pdf,924feff916ca5998152433e865a3682eba509d2f5148ca7a5fde80c6ba828cd1,C:\Users\gduff\Downloads\CaseBrain_Blind_Bundle_Factory_v2_30_bundles (1)\pdfs\CB-TB-024_Megan_Ryder.pdf,pdf_inventory_criminal,pdf_hash_unique|dupes=2,NO_GOLD,criminal,OFFLINE_CLIENT_PROJECTION,,,
sha:92503775d732268fb02fbab6d9955d0e9e4f93b1ca57ecbb10b8873e7063bdaf,PDF-92503775d732,CB-TB-377_Graham,CB-TB-377_Graham.pdf,92503775d732268fb02fbab6d9955d0e9e4f93b1ca57ecbb10b8873e7063bdaf,C:\Users\gduff\Downloads\cb-tb-301-400-v4\pdfs\CB-TB-377_Graham.pdf,pdf_inventory_criminal,pdf_hash_unique|dupes=2,NO_GOLD,criminal,OFFLINE_CLIENT_PROJECTION,,,
sha:9277d79538d530f4828116c1aea680c007f016257d7098a1fc9e48bccd5d1d5d,PDF-9277d79538d5,CB-TB-1282_Baines,CB-TB-1282_Baines.pdf,9277d79538d530f4828116c1aea680c007f016257d7098a1fc9e48bccd5d1d5d,C:\Users\gduff\Downloads\cb-tb-1201-1300-v5\pdfs\CB-TB-1282_Baines.pdf,pdf_inventory_criminal,pdf_hash_unique|dupes=2,NO_GOLD,criminal,OFFLINE_CLIENT_PROJECTION,,,
sha:928f7c9f06652d21d987e9a202c63d96ebe2fc4a8e6fdf13c62b0edabad540db,PDF-928f7c9f0665,CB-TB-201_Vale,CB-TB-201_Vale.pdf,928f7c9f06652d21d987e9a202c63d96ebe2fc4a8e6fdf13c62b0edabad540db,C:\Users\gduff\Downloads\cb-tb-201-300-v4\pdfs\CB-TB-201_Vale.pdf,pdf_inventory_criminal,pdf_hash_unique|dupes=1,NO_GOLD,criminal,OFFLINE_CLIENT_PROJECTION,,,
sha:92bfd29066fa5774dd42bd760e364e30bc1a1fd41941c98eeb1278a31e08b4d2,PDF-92bfd29066fa,CB-TB-2106_Walsh,CB-TB-2106_Walsh.pdf,92bfd29066fa5774dd42bd760e364e30bc1a1fd41941c98eeb1278a31e08b4d2,C:\Users\gduff\Downloads\cb-tb-1601-2200-v5-factory-run\pdfs\CB-TB-2106_Walsh.pdf,pdf_inventory_criminal,pdf_hash_unique|dupes=2,NO_GOLD,criminal,OFFLINE_CLIENT_PROJECTION,,,
sha:92ee1e8d3b4f365be13012ca8d3044c973c11d11487284f0ffd75b03a6d5763f,PDF-92ee1e8d3b4f,CB-TB-1352_Patterson,CB-TB-1352_Patterson.pdf,92ee1e8d3b4f365be13012ca8d3044c973c11d11487284f0ffd75b03a6d5763f,C:\Users\gduff\Downloads\cb-tb-1301-1400-v5\pdfs\CB-TB-1352_Patterson.pdf,pdf_inventory_criminal,pdf_hash_unique|dupes=2,NO_GOLD,criminal,OFFLINE_CLIENT_PROJECTION,,,
sha:92f04db29099f142e2d106cec00b25b97811a7fa8c5f9a6dc23bc67901957c13,PDF-92f04db29099,CB-TB-362_Kent,CB-TB-362_Kent.pdf,92f04db29099f142e2d106cec00b25b97811a7fa8c5f9a6dc23bc67901957c13,C:\Users\gduff\Downloads\cb-tb-301-400-v4\pdfs\CB-TB-362_Kent.pdf,pdf_inventory_criminal,pdf_hash_unique|dupes=2,NO_GOLD,criminal,OFFLINE_CLIENT_PROJECTION,,,
sha:92f67d1105b433d0571785b2f003addb50b0b33161dd2bcfe2f9773b42498d99,PDF-92f67d1105b4,CB-TB-2017_Ross,CB-TB-2017_Ross.pdf,92f67d1105b433d0571785b2f003addb50b0b33161dd2bcfe2f9773b42498d99,C:\Users\gduff\Downloads\cb-tb-1601-2200-v5-factory-run\pdfs\CB-TB-2017_Ross.pdf,pdf_inventory_criminal,pdf_hash_unique|dupes=2,NO_GOLD,criminal,OFFLINE_CLIENT_PROJECTION,,,
sha:9337b1e0838d6319472f025a3e2185b455012a2e6028d6807319abcdcd1eaf6c,PDF-9337b1e0838d,CB-TB-2191_Jennings,CB-TB-2191_Jennings.pdf,9337b1e0838d6319472f025a3e2185b455012a2e6028d6807319abcdcd1eaf6c,C:\Users\gduff\Downloads\cb-tb-1601-2200-v5-factory-run\pdfs\CB-TB-2191_Jennings.pdf,pdf_inventory_criminal,pdf_hash_unique|dupes=2,NO_GOLD,criminal,OFFLINE_CLIENT_PROJECTION,,,
sha:93429118a93237ad086d9419b4a3e28820f78d151b7763b2956b06cfd7afb212,PDF-93429118a932,CB-TB-058_Kent,CB-TB-058_Kent.pdf,93429118a93237ad086d9419b4a3e28820f78d151b7763b2956b06cfd7afb212,C:\Users\gduff\Downloads\cb-tb-031-100-v4\pdfs\CB-TB-058_Kent.pdf,pdf_inventory_criminal,pdf_hash_unique|dupes=1,NO_GOLD,criminal,OFFLINE_CLIENT_PROJECTION,,,
sha:93547ed6567253fb6f136f6c0fdb95339ca5942a05f5dbc81f30a6073dd1838b,PDF-93547ed65672,CB-TB-641_Ali,CB-TB-641_Ali.pdf,93547ed6567253fb6f136f6c0fdb95339ca5942a05f5dbc81f30a6073dd1838b,C:\Users\gduff\Downloads\cb-tb-601-700-v5\pdfs\CB-TB-641_Ali.pdf,pdf_inventory_criminal,pdf_hash_unique|dupes=1,NO_GOLD,criminal,OFFLINE_CLIENT_PROJECTION,,,
sha:935777636530963c1c794dd4cbb6c5cc135fd7e82a8edae80d98b85edf23e072,PDF-935777636530,CB-TB-1465_Okonkwo,CB-TB-1465_Okonkwo.pdf,935777636530963c1c794dd4cbb6c5cc135fd7e82a8edae80d98b85edf23e072,C:\Users\gduff\Downloads\cb-tb-1401-1500-v5-tmp\pdfs\CB-TB-1465_Okonkwo.pdf,pdf_inventory_criminal,pdf_hash_unique|dupes=1,NO_GOLD,criminal,OFFLINE_CLIENT_PROJECTION,,,
sha:935c0e00d2779b0c6daf54521c9c6cc040489bf97d62c20a4064a8359a0ed44d,PDF-935c0e00d277,CB-TB-1100_Bennett,CB-TB-1100_Bennett.pdf,935c0e00d2779b0c6daf54521c9c6cc040489bf97d62c20a4064a8359a0ed44d,C:\Users\gduff\Downloads\cb-tb-901-1100-v5\pdfs\CB-TB-1100_Bennett.pdf,pdf_inventory_criminal,pdf_hash_unique|dupes=2,NO_GOLD,criminal,OFFLINE_CLIENT_PROJECTION,,,
sha:936cdac27e48e482fdf856e046f258683fab3e430ff90f4eb550d5a225773a7f,PDF-936cdac27e48,CB-TB-783_Rees,CB-TB-783_Rees.pdf,936cdac27e48e482fdf856e046f258683fab3e430ff90f4eb550d5a225773a7f,C:\Users\gduff\Downloads\cb-tb-701-800-v5\pdfs\CB-TB-783_Rees.pdf,pdf_inventory_criminal,pdf_hash_unique|dupes=1,NO_GOLD,criminal,OFFLINE_CLIENT_PROJECTION,,,
sha:93a547f0a7ecedb49af5b5dad9806355c87412aaa82996ab186d63070267e10a,PDF-93a547f0a7ec,CB-TB-2019_Mason,CB-TB-2019_Mason.pdf,93a547f0a7ecedb49af5b5dad9806355c87412aaa82996ab186d63070267e10a,C:\Users\gduff\Downloads\cb-tb-1601-2200-v5-factory-run\pdfs\CB-TB-2019_Mason.pdf,pdf_inventory_criminal,pdf_hash_unique|dupes=2,NO_GOLD,criminal,OFFLINE_CLIENT_PROJECTION,,,
sha:93d18eb87827a97186ead127f8f99a0c15beca2a97369c0d119b79da2e885b16,PDF-93d18eb87827,CB-TB-768_Ali,CB-TB-768_Ali.pdf,93d18eb87827a97186ead127f8f99a0c15beca2a97369c0d119b79da2e885b16,C:\Users\gduff\Downloads\cb-tb-701-800-v5\pdfs\CB-TB-768_Ali.pdf,pdf_inventory_criminal,pdf_hash_unique|dupes=1,NO_GOLD,criminal,OFFLINE_CLIENT_PROJECTION,,,
sha:94103000d80f00cd3619b58e964c0301ffd084b218392a5e5cd1adb72a87c95f,PDF-94103000d80f,CB-TB-1838_Price,CB-TB-1838_Price.pdf,94103000d80f00cd3619b58e964c0301ffd084b218392a5e5cd1adb72a87c95f,C:\Users\gduff\Downloads\cb-tb-1601-2200-v5-factory-run\pdfs\CB-TB-1838_Price.pdf,pdf_inventory_criminal,pdf_hash_unique|dupes=2,NO_GOLD,criminal,OFFLINE_CLIENT_PROJECTION,,,
sha:94127a0a236329ceb44a40bd2d5b6ae21bee22fef958119d5e90d73ab007e08c,PDF-94127a0a2363,CB-TB-016_Doyle,CB-TB-016_Doyle.pdf,94127a0a236329ceb44a40bd2d5b6ae21bee22fef958119d5e90d73ab007e08c,C:\Users\gduff\Downloads\cb-tb-001-050-v3\pdfs\CB-TB-016_Doyle.pdf,pdf_inventory_criminal,pdf_hash_unique|dupes=2,NO_GOLD,criminal,OFFLINE_CLIENT_PROJECTION,,,
sha:941c3287f4f1e886366f8982909c9802cc5ce600fb99a7b5afe1409782e82cc8,PDF-941c3287f4f1,CB-TB-1194_Kent,CB-TB-1194_Kent.pdf,941c3287f4f1e886366f8982909c9802cc5ce600fb99a7b5afe1409782e82cc8,C:\Users\gduff\Downloads\cb-tb-1101-1400-v5\pdfs\CB-TB-1194_Kent.pdf,pdf_inventory_criminal,pdf_hash_unique|dupes=2,NO_GOLD,criminal,OFFLINE_CLIENT_PROJECTION,,,
sha:945ca215c38777a0393cf0ed4095f7a9e3ba5b93616f5585eeedcc9fc1a4cb5d,PDF-945ca215c387,CB-TB-1075_Bradley,CB-TB-1075_Bradley.pdf,945ca215c38777a0393cf0ed4095f7a9e3ba5b93616f5585eeedcc9fc1a4cb5d,C:\Users\gduff\Downloads\cb-tb-901-1100-v5\pdfs\CB-TB-1075_Bradley.pdf,pdf_inventory_criminal,pdf_hash_unique|dupes=2,NO_GOLD,criminal,OFFLINE_CLIENT_PROJECTION,,,
sha:948db353eb26c2ebf0c0ff886529678a4a472be2ea9705a261a84d88f3af9946,PDF-948db353eb26,CB-TB-702_Merritt,CB-TB-702_Merritt.pdf,948db353eb26c2ebf0c0ff886529678a4a472be2ea9705a261a84d88f3af9946,C:\Users\gduff\Downloads\cb-tb-701-800-v5\pdfs\CB-TB-702_Merritt.pdf,pdf_inventory_criminal,pdf_hash_unique|dupes=1,NO_GOLD,criminal,OFFLINE_CLIENT_PROJECTION,,,
sha:94aa4c4941a33d8995226183032c8f082b301ebd1e68a616c769b82c8401934b,PDF-94aa4c4941a3,CB-TB-1738_Glover,CB-TB-1738_Glover.pdf,94aa4c4941a33d8995226183032c8f082b301ebd1e68a616c769b82c8401934b,C:\Users\gduff\Downloads\cb-tb-1601-2200-v5-factory-run\pdfs\CB-TB-1738_Glover.pdf,pdf_inventory_criminal,pdf_hash_unique|dupes=2,NO_GOLD,criminal,OFFLINE_CLIENT_PROJECTION,,,
sha:94b36e02544182f7981a1bb9e4b72ab9962ae2638230a67fa4b251967e11f55a,PDF-94b36e025441,CB-TB-484_Pike,CB-TB-484_Pike.pdf,94b36e02544182f7981a1bb9e4b72ab9962ae2638230a67fa4b251967e11f55a,C:\Users\gduff\Downloads\cb-tb-401-500-v5\pdfs\CB-TB-484_Pike.pdf,pdf_inventory_criminal,pdf_hash_unique|dupes=2,NO_GOLD,criminal,OFFLINE_CLIENT_PROJECTION,,,
sha:94dd5f1ffcd652ec30cdc3bf2a88991f6ed70e354ffdf5ec7ac15c850cde14ff,PDF-94dd5f1ffcd6,CB-TB-1941_Armitage,CB-TB-1941_Armitage.pdf,94dd5f1ffcd652ec30cdc3bf2a88991f6ed70e354ffdf5ec7ac15c850cde14ff,C:\Users\gduff\Downloads\cb-tb-1601-2200-v5-factory-run\pdfs\CB-TB-1941_Armitage.pdf,pdf_inventory_criminal,pdf_hash_unique|dupes=2,NO_GOLD,criminal,OFFLINE_CLIENT_PROJECTION,,,
sha:94ed870f2e3bc940d1115d2582d55c5320550062409949c576e5f34cdc8c88d7,PDF-94ed870f2e3b,CB-TB-054_Shaw,CB-TB-054_Shaw.pdf,94ed870f2e3bc940d1115d2582d55c5320550062409949c576e5f34cdc8c88d7,C:\Users\gduff\Downloads\cb-tb-031-100-v4\pdfs\CB-TB-054_Shaw.pdf,pdf_inventory_criminal,pdf_hash_unique|dupes=1,NO_GOLD,criminal,OFFLINE_CLIENT_PROJECTION,,,
sha:951126cf38014467108b02e6b136db515692d33a72282c7ce976adbc52b7a8ee,PDF-951126cf3801,CB-TB-113_Lloyd,CB-TB-113_Lloyd.pdf,951126cf38014467108b02e6b136db515692d33a72282c7ce976adbc52b7a8ee,C:\Users\gduff\Downloads\cb-tb-101-200-v4\pdfs\CB-TB-113_Lloyd.pdf,pdf_inventory_criminal,pdf_hash_unique|dupes=1,NO_GOLD,criminal,OFFLINE_CLIENT_PROJECTION,,,
sha:9516c69fda174738fe53e772840b96fb62aeae55d4ae36d808eae1f8f470a1b6,PDF-9516c69fda17,CB-TB-1277_Doyle,CB-TB-1277_Doyle.pdf,9516c69fda174738fe53e772840b96fb62aeae55d4ae36d808eae1f8f470a1b6,C:\Users\gduff\Downloads\cb-tb-1201-1300-v5\pdfs\CB-TB-1277_Doyle.pdf,pdf_inventory_criminal,pdf_hash_unique|dupes=2,NO_GOLD,criminal,OFFLINE_CLIENT_PROJECTION,,,
sha:95357912f666521b21fe50cd55f5d1fba8750dd6bd3ef1a95abb813cda6326f6,PDF-95357912f666,CB-TB-1142_Marsh,CB-TB-1142_Marsh.pdf,95357912f666521b21fe50cd55f5d1fba8750dd6bd3ef1a95abb813cda6326f6,C:\Users\gduff\Downloads\cb-tb-1101-1400-v5\pdfs\CB-TB-1142_Marsh.pdf,pdf_inventory_criminal,pdf_hash_unique|dupes=2,NO_GOLD,criminal,OFFLINE_CLIENT_PROJECTION,,,
sha:954d00b395f7e64fc72b30a89fdbce82f63ae4e97d5feaa8baa42281bc9be86e,PDF-954d00b395f7,CB-TB-852_Bennett,CB-TB-852_Bennett.pdf,954d00b395f7e64fc72b30a89fdbce82f63ae4e97d5feaa8baa42281bc9be86e,C:\Users\gduff\Downloads\cb-tb-801-900-v5\pdfs\CB-TB-852_Bennett.pdf,pdf_inventory_criminal,pdf_hash_unique|dupes=1,NO_GOLD,criminal,OFFLINE_CLIENT_PROJECTION,,,
sha:95626fae50d2afbb696a07e19ede725fb5ffaf31bae80eaab5ecc349f709df70,PDF-95626fae50d2,CB-TB-402_Murphy,CB-TB-402_Murphy.pdf,95626fae50d2afbb696a07e19ede725fb5ffaf31bae80eaab5ecc349f709df70,C:\Users\gduff\Downloads\cb-tb-401-500-v5\pdfs\CB-TB-402_Murphy.pdf,pdf_inventory_criminal,pdf_hash_unique|dupes=2,NO_GOLD,criminal,OFFLINE_CLIENT_PROJECTION,,,
sha:9569c68419e26cbd14407553954a2c79677ec2f707e71f874e490aa0ca9caa30,PDF-9569c68419e2,CB-TB-1015_Shaw,CB-TB-1015_Shaw.pdf,9569c68419e26cbd14407553954a2c79677ec2f707e71f874e490aa0ca9caa30,C:\Users\gduff\Downloads\cb-tb-901-1100-v5\pdfs\CB-TB-1015_Shaw.pdf,pdf_inventory_criminal,pdf_hash_unique|dupes=2,NO_GOLD,criminal,OFFLINE_CLIENT_PROJECTION,,,
sha:958d89c88c29a4938c4280c4c61664a02446d0b5bb6edc713b107ec93fe00f75,PDF-958d89c88c29,CB-TB-1885_Slater,CB-TB-1885_Slater.pdf,958d89c88c29a4938c4280c4c61664a02446d0b5bb6edc713b107ec93fe00f75,C:\Users\gduff\Downloads\cb-tb-1601-2200-v5-factory-run\pdfs\CB-TB-1885_Slater.pdf,pdf_inventory_criminal,pdf_hash_unique|dupes=2,NO_GOLD,criminal,OFFLINE_CLIENT_PROJECTION,,,
sha:958e3ef55d24dd3f9dd29d51d40c39611639c50a281a3d3bb1be9b59ba1a04ef,PDF-958e3ef55d24,CB-TB-814_Turner,CB-TB-814_Turner.pdf,958e3ef55d24dd3f9dd29d51d40c39611639c50a281a3d3bb1be9b59ba1a04ef,C:\Users\gduff\Downloads\cb-tb-801-900-v5\pdfs\CB-TB-814_Turner.pdf,pdf_inventory_criminal,pdf_hash_unique|dupes=1,NO_GOLD,criminal,OFFLINE_CLIENT_PROJECTION,,,
sha:95af68e1a51bba2a165344ec16031276bd4c53640ca91bf6767649d27cdcde41,PDF-95af68e1a51b,CB-TB-1287_Carter,CB-TB-1287_Carter.pdf,95af68e1a51bba2a165344ec16031276bd4c53640ca91bf6767649d27cdcde41,C:\Users\gduff\Downloads\cb-tb-1201-1300-v5\pdfs\CB-TB-1287_Carter.pdf,pdf_inventory_criminal,pdf_hash_unique|dupes=2,NO_GOLD,criminal,OFFLINE_CLIENT_PROJECTION,,,
sha:95b453cbf5485acacea18728bcf298feed085630eedd2f17aebf2fb54c6f4ed0,PDF-95b453cbf548,CB-TB-1943_Ellis,CB-TB-1943_Ellis.pdf,95b453cbf5485acacea18728bcf298feed085630eedd2f17aebf2fb54c6f4ed0,C:\Users\gduff\Downloads\cb-tb-1601-2200-v5-factory-run\pdfs\CB-TB-1943_Ellis.pdf,pdf_inventory_criminal,pdf_hash_unique|dupes=2,NO_GOLD,criminal,OFFLINE_CLIENT_PROJECTION,,,
sha:95f7cc0727547525b4490eca68a7cd3bd4fe5faac37b5de0111a9f97865ac35e,PDF-95f7cc072754,CB-TB-1839_Foster,CB-TB-1839_Foster.pdf,95f7cc0727547525b4490eca68a7cd3bd4fe5faac37b5de0111a9f97865ac35e,C:\Users\gduff\Downloads\cb-tb-1601-2200-v5-factory-run\pdfs\CB-TB-1839_Foster.pdf,pdf_inventory_criminal,pdf_hash_unique|dupes=2,NO_GOLD,criminal,OFFLINE_CLIENT_PROJECTION,,,
sha:9611f5fed7791a49505e9d2eae583503ca49d4c78eafc0b0a4277972b69c9b2c,PDF-9611f5fed779,CB-TB-1149_Cole,CB-TB-1149_Cole.pdf,9611f5fed7791a49505e9d2eae583503ca49d4c78eafc0b0a4277972b69c9b2c,C:\Users\gduff\Downloads\cb-tb-1101-1400-v5\pdfs\CB-TB-1149_Cole.pdf,pdf_inventory_criminal,pdf_hash_unique|dupes=2,NO_GOLD,criminal,OFFLINE_CLIENT_PROJECTION,,,
sha:9625bc65d580012c44499aea70fa1a40025c4ca251ef189aaab5d0d48b8f65be,PDF-9625bc65d580,CB-TB-1550_Rowe,CB-TB-1550_Rowe.pdf,9625bc65d580012c44499aea70fa1a40025c4ca251ef189aaab5d0d48b8f65be,C:\Users\gduff\Downloads\cb-tb-1501-1600-v5-factory-run\pdfs\CB-TB-1550_Rowe.pdf,pdf_inventory_criminal,pdf_hash_unique|dupes=2,NO_GOLD,criminal,OFFLINE_CLIENT_PROJECTION,,,
sha:964a50523d8c9cb25cd4e47f92f69acb27169c38ce8125623d6c75533ad2ee94,PDF-964a50523d8c,CB-TB-1333_Walsh,CB-TB-1333_Walsh.pdf,964a50523d8c9cb25cd4e47f92f69acb27169c38ce8125623d6c75533ad2ee94,C:\Users\gduff\Downloads\cb-tb-1301-1400-v5\pdfs\CB-TB-1333_Walsh.pdf,pdf_inventory_criminal,pdf_hash_unique|dupes=2,NO_GOLD,criminal,OFFLINE_CLIENT_PROJECTION,,,
sha:964fc9a7c0f78a31b5483ffd834513f9d00e605bd2c7cd474aa2922ed6ff8e96,PDF-964fc9a7c0f7,CB-TB-948_Pike,CB-TB-948_Pike.pdf,964fc9a7c0f78a31b5483ffd834513f9d00e605bd2c7cd474aa2922ed6ff8e96,C:\Users\gduff\Downloads\cb-tb-901-1100-v5\pdfs\CB-TB-948_Pike.pdf,pdf_inventory_criminal,pdf_hash_unique|dupes=2,NO_GOLD,criminal,OFFLINE_CLIENT_PROJECTION,,,
sha:9660bcbbcf3c34d2b690c63fa5dd2a173cc9baca2b2907c12d56efae06e03b88,PDF-9660bcbbcf3c,CB-TB-470_Thornton,CB-TB-470_Thornton.pdf,9660bcbbcf3c34d2b690c63fa5dd2a173cc9baca2b2907c12d56efae06e03b88,C:\Users\gduff\Downloads\cb-tb-401-500-v5\pdfs\CB-TB-470_Thornton.pdf,pdf_inventory_criminal,pdf_hash_unique|dupes=2,NO_GOLD,criminal,OFFLINE_CLIENT_PROJECTION,,,
sha:966387d36ef0a2f148d4b81e7dc842382bbe0e2572174177fe79be831852e109,PDF-966387d36ef0,CB-TB-798_Merritt,CB-TB-798_Merritt.pdf,966387d36ef0a2f148d4b81e7dc842382bbe0e2572174177fe79be831852e109,C:\Users\gduff\Downloads\cb-tb-701-800-v5\pdfs\CB-TB-798_Merritt.pdf,pdf_inventory_criminal,pdf_hash_unique|dupes=1,NO_GOLD,criminal,OFFLINE_CLIENT_PROJECTION,,,
sha:9665ee53b74f3b21dbb5c83cb2e6f835e27109aaf09eb2fc2f0d9d73e6add446,PDF-9665ee53b74f,CB-TB-1895_Dale,CB-TB-1895_Dale.pdf,9665ee53b74f3b21dbb5c83cb2e6f835e27109aaf09eb2fc2f0d9d73e6add446,C:\Users\gduff\Downloads\cb-tb-1601-2200-v5-factory-run\pdfs\CB-TB-1895_Dale.pdf,pdf_inventory_criminal,pdf_hash_unique|dupes=2,NO_GOLD,criminal,OFFLINE_CLIENT_PROJECTION,,,
sha:96666068e7f989f70ba540811c31ab9fe08c464fb7b2b23d60884d62083df821,PDF-96666068e7f9,CB-TB-1481_Reed,CB-TB-1481_Reed.pdf,96666068e7f989f70ba540811c31ab9fe08c464fb7b2b23d60884d62083df821,C:\Users\gduff\Downloads\cb-tb-1401-1500-v5-tmp\pdfs\CB-TB-1481_Reed.pdf,pdf_inventory_criminal,pdf_hash_unique|dupes=1,NO_GOLD,criminal,OFFLINE_CLIENT_PROJECTION,,,
sha:967b1dcc0b82c6d3ad0b9a810ed83b3213467991914539728c2617a79eb48297,PDF-967b1dcc0b82,CB-TB-476_Hayes,CB-TB-476_Hayes.pdf,967b1dcc0b82c6d3ad0b9a810ed83b3213467991914539728c2617a79eb48297,C:\Users\gduff\Downloads\cb-tb-401-500-v5\pdfs\CB-TB-476_Hayes.pdf,pdf_inventory_criminal,pdf_hash_unique|dupes=2,NO_GOLD,criminal,OFFLINE_CLIENT_PROJECTION,,,
sha:96c03b50882e9f892e0322e827144cd9bcece208c7df695081c3dcfaf0cc33fb,PDF-96c03b50882e,CB-TB-1192_Vale,CB-TB-1192_Vale.pdf,96c03b50882e9f892e0322e827144cd9bcece208c7df695081c3dcfaf0cc33fb,C:\Users\gduff\Downloads\cb-tb-1101-1400-v5\pdfs\CB-TB-1192_Vale.pdf,pdf_inventory_criminal,pdf_hash_unique|dupes=2,NO_GOLD,criminal,OFFLINE_CLIENT_PROJECTION,,,
sha:96e30d133f69ec33745bc954e011f23da18f9c246350bf43051c36f80dbbbc3c,PDF-96e30d133f69,CB-TB-1576_Barker,CB-TB-1576_Barker.pdf,96e30d133f69ec33745bc954e011f23da18f9c246350bf43051c36f80dbbbc3c,C:\Users\gduff\Downloads\cb-tb-1501-1600-v5-factory-run\pdfs\CB-TB-1576_Barker.pdf,pdf_inventory_criminal,pdf_hash_unique|dupes=2,NO_GOLD,criminal,OFFLINE_CLIENT_PROJECTION,,,
sha:96e9186d4ccb4d6986a17d282a30b40075572d7e2ed003c6b18808e999b047ad,PDF-96e9186d4ccb,CB-TB-737_Mitchell,CB-TB-737_Mitchell.pdf,96e9186d4ccb4d6986a17d282a30b40075572d7e2ed003c6b18808e999b047ad,C:\Users\gduff\Downloads\cb-tb-701-800-v5\pdfs\CB-TB-737_Mitchell.pdf,pdf_inventory_criminal,pdf_hash_unique|dupes=1,NO_GOLD,criminal,OFFLINE_CLIENT_PROJECTION,,,
sha:96f43b1b952cbc03ea7c38c38380c7fdbb1e1cc110d945c75f1f08a27b96d4a2,PDF-96f43b1b952c,CB-TB-009_Vincent_Coates,CB-TB-009_Vincent_Coates.pdf,96f43b1b952cbc03ea7c38c38380c7fdbb1e1cc110d945c75f1f08a27b96d4a2,C:\Users\gduff\Downloads\CaseBrain_Blind_Bundle_Factory_v2_30_bundles (1)\pdfs\CB-TB-009_Vincent_Coates.pdf,pdf_inventory_criminal,pdf_hash_unique|dupes=2,NO_GOLD,criminal,OFFLINE_CLIENT_PROJECTION,,,
sha:972c7366f5382c2fc33fde87f71f8b35777f851415d77fbb7d3d7b13f4ee6d50,PDF-972c7366f538,CB-TB-723_Foster,CB-TB-723_Foster.pdf,972c7366f5382c2fc33fde87f71f8b35777f851415d77fbb7d3d7b13f4ee6d50,C:\Users\gduff\Downloads\cb-tb-701-800-v5\pdfs\CB-TB-723_Foster.pdf,pdf_inventory_criminal,pdf_hash_unique|dupes=1,NO_GOLD,criminal,OFFLINE_CLIENT_PROJECTION,,,
sha:9731ff2d3a7dde1dd83d8453fd01ad342e0480a72400458ace4a103a564ceba7,PDF-9731ff2d3a7d,CB-TB-086_Khan,CB-TB-086_Khan.pdf,9731ff2d3a7dde1dd83d8453fd01ad342e0480a72400458ace4a103a564ceba7,C:\Users\gduff\Downloads\cb-tb-031-100-v4\pdfs\CB-TB-086_Khan.pdf,pdf_inventory_criminal,pdf_hash_unique|dupes=1,NO_GOLD,criminal,OFFLINE_CLIENT_PROJECTION,,,
sha:97581572c858891476089ff4a9b1cc9abe0bcf0016fc17badf4f20578e51b54b,PDF-97581572c858,CB-TB-1377_Ross,CB-TB-1377_Ross.pdf,97581572c858891476089ff4a9b1cc9abe0bcf0016fc17badf4f20578e51b54b,C:\Users\gduff\Downloads\cb-tb-1301-1400-v5\pdfs\CB-TB-1377_Ross.pdf,pdf_inventory_criminal,pdf_hash_unique|dupes=2,NO_GOLD,criminal,OFFLINE_CLIENT_PROJECTION,,,
sha:977402b82d00a6fe8c974e00136f12def6911a05ec384ea81e64b198bde86287,PDF-977402b82d00,CB-TB-1363_Rowe,CB-TB-1363_Rowe.pdf,977402b82d00a6fe8c974e00136f12def6911a05ec384ea81e64b198bde86287,C:\Users\gduff\Downloads\cb-tb-1301-1400-v5\pdfs\CB-TB-1363_Rowe.pdf,pdf_inventory_criminal,pdf_hash_unique|dupes=2,NO_GOLD,criminal,OFFLINE_CLIENT_PROJECTION,,,
sha:9780a230cea56aae92e0639d9281930ddd3c2063de6e7ef3009b4e82ec4fb00f,PDF-9780a230cea5,CB-TB-1258_Flynn,CB-TB-1258_Flynn.pdf,9780a230cea56aae92e0639d9281930ddd3c2063de6e7ef3009b4e82ec4fb00f,C:\Users\gduff\Downloads\cb-tb-1201-1300-v5\pdfs\CB-TB-1258_Flynn.pdf,pdf_inventory_criminal,pdf_hash_unique|dupes=2,NO_GOLD,criminal,OFFLINE_CLIENT_PROJECTION,,,
sha:97a8bf4a78b0aa61e36bdabff310a3973fb96ad3b9f0a735f3116f4cace93e36,PDF-97a8bf4a78b0,CB-TB-506_Rees,CB-TB-506_Rees.pdf,97a8bf4a78b0aa61e36bdabff310a3973fb96ad3b9f0a735f3116f4cace93e36,C:\Users\gduff\Downloads\cb-tb-501-600-v5-extract\pdfs\CB-TB-506_Rees.pdf,pdf_inventory_criminal,pdf_hash_unique|dupes=3,NO_GOLD,criminal,OFFLINE_CLIENT_PROJECTION,,,
sha:97c9dd9cecc094764f7cdf7036871a20967c42c30570779eb4cf135145c99413,PDF-97c9dd9cecc0,CB-TB-088_Cole,CB-TB-088_Cole.pdf,97c9dd9cecc094764f7cdf7036871a20967c42c30570779eb4cf135145c99413,C:\Users\gduff\Downloads\cb-tb-031-100-v4\pdfs\CB-TB-088_Cole.pdf,pdf_inventory_criminal,pdf_hash_unique|dupes=1,NO_GOLD,criminal,OFFLINE_CLIENT_PROJECTION,,,
sha:97e79dabc053ac7449615ab88e957581580b1b1ef65f5634cc55d207ec90ce74,PDF-97e79dabc053,CB-TB-1509_Hughes,CB-TB-1509_Hughes.pdf,97e79dabc053ac7449615ab88e957581580b1b1ef65f5634cc55d207ec90ce74,C:\Users\gduff\Downloads\cb-tb-1501-1600-v5-factory-run\pdfs\CB-TB-1509_Hughes.pdf,pdf_inventory_criminal,pdf_hash_unique|dupes=2,NO_GOLD,criminal,OFFLINE_CLIENT_PROJECTION,,,
sha:9811f9a6797084a37bf8f7cca262e3130f36880574b7b3fe15914ff239ebadb2,PDF-9811f9a67970,CB-TB-1321_Doyle,CB-TB-1321_Doyle.pdf,9811f9a6797084a37bf8f7cca262e3130f36880574b7b3fe15914ff239ebadb2,C:\Users\gduff\Downloads\cb-tb-1301-1400-v5\pdfs\CB-TB-1321_Doyle.pdf,pdf_inventory_criminal,pdf_hash_unique|dupes=2,NO_GOLD,criminal,OFFLINE_CLIENT_PROJECTION,,,
sha:9853c8c49a9a400615c0c93d65069f6448d457638359448fcac2c960bf07d651,PDF-9853c8c49a9a,CB-TB-005_Paige_Clark,CB-TB-005_Paige_Clark.pdf,9853c8c49a9a400615c0c93d65069f6448d457638359448fcac2c960bf07d651,C:\Users\gduff\Downloads\CaseBrain_Blind_Bundle_Factory_v2_30_bundles (1)\pdfs\CB-TB-005_Paige_Clark.pdf,pdf_inventory_criminal,pdf_hash_unique|dupes=2,NO_GOLD,criminal,OFFLINE_CLIENT_PROJECTION,,,
sha:987ae9e3d5f7ad1f6a610b7c310e38212c18c3225d685c161634e3b4702c6c18,PDF-987ae9e3d5f7,CB-TB-564_Marsh,CB-TB-564_Marsh.pdf,987ae9e3d5f7ad1f6a610b7c310e38212c18c3225d685c161634e3b4702c6c18,C:\Users\gduff\Downloads\cb-tb-501-600-v5-extract\pdfs\CB-TB-564_Marsh.pdf,pdf_inventory_criminal,pdf_hash_unique|dupes=3,NO_GOLD,criminal,OFFLINE_CLIENT_PROJECTION,,,
sha:989100a4acb7fa1f5e2ac9e1f739a207b1326295661c0fc5895374523e36b4ff,PDF-989100a4acb7,CB-TB-1795_Carter,CB-TB-1795_Carter.pdf,989100a4acb7fa1f5e2ac9e1f739a207b1326295661c0fc5895374523e36b4ff,C:\Users\gduff\Downloads\cb-tb-1601-2200-v5-factory-run\pdfs\CB-TB-1795_Carter.pdf,pdf_inventory_criminal,pdf_hash_unique|dupes=2,NO_GOLD,criminal,OFFLINE_CLIENT_PROJECTION,,,
sha:98aa5b71883ced92051b8645ece6d34f545afcc2c961d50d185618b514f57484,PDF-98aa5b71883c,CB-TB-538_Walsh,CB-TB-538_Walsh.pdf,98aa5b71883ced92051b8645ece6d34f545afcc2c961d50d185618b514f57484,C:\Users\gduff\Downloads\cb-tb-501-600-v5-extract\pdfs\CB-TB-538_Walsh.pdf,pdf_inventory_criminal,pdf_hash_unique|dupes=3,NO_GOLD,criminal,OFFLINE_CLIENT_PROJECTION,,,
sha:98b341273a0c67986373206355ff6d937f8dcc33d9cbd52d2915842db1993dd5,PDF-98b341273a0c,CB-TB-097_Price,CB-TB-097_Price.pdf,98b341273a0c67986373206355ff6d937f8dcc33d9cbd52d2915842db1993dd5,C:\Users\gduff\Downloads\cb-tb-031-100-v4\pdfs\CB-TB-097_Price.pdf,pdf_inventory_criminal,pdf_hash_unique|dupes=1,NO_GOLD,criminal,OFFLINE_CLIENT_PROJECTION,,,
sha:98d047fa94691d42528ae5187ebc2f9ab798b9670b69b382d4cca66759c189ae,PDF-98d047fa9469,CB-TB-1608_Mason,CB-TB-1608_Mason.pdf,98d047fa94691d42528ae5187ebc2f9ab798b9670b69b382d4cca66759c189ae,C:\Users\gduff\Downloads\cb-tb-1601-2200-v5-factory-run\pdfs\CB-TB-1608_Mason.pdf,pdf_inventory_criminal,pdf_hash_unique|dupes=4,NO_GOLD,criminal,OFFLINE_CLIENT_PROJECTION,,,
sha:9902aa7c10ffbc497ac674ebc27b0cb3208e983765fab9a16d1ce127654e7fc1,PDF-9902aa7c10ff,CB-TB-537_Brooks,CB-TB-537_Brooks.pdf,9902aa7c10ffbc497ac674ebc27b0cb3208e983765fab9a16d1ce127654e7fc1,C:\Users\gduff\Downloads\cb-tb-501-600-v5-extract\pdfs\CB-TB-537_Brooks.pdf,pdf_inventory_criminal,pdf_hash_unique|dupes=3,NO_GOLD,criminal,OFFLINE_CLIENT_PROJECTION,,,
sha:991148cc25d16cca3a7e5bb0095adaf929c7081d70af43d6fd0520a800a6542d,PDF-991148cc25d1,CB-TB-558_Doyle,CB-TB-558_Doyle.pdf,991148cc25d16cca3a7e5bb0095adaf929c7081d70af43d6fd0520a800a6542d,C:\Users\gduff\Downloads\cb-tb-501-600-v5-extract\pdfs\CB-TB-558_Doyle.pdf,pdf_inventory_criminal,pdf_hash_unique|dupes=3,NO_GOLD,criminal,OFFLINE_CLIENT_PROJECTION,,,
sha:99421067bd210b383198482d31000355fc3352de81390d93c421247a9058870c,PDF-99421067bd21,CB-TB-1653_Ali,CB-TB-1653_Ali.pdf,99421067bd210b383198482d31000355fc3352de81390d93c421247a9058870c,C:\Users\gduff\Downloads\cb-tb-1601-2200-v5-factory-run\pdfs\CB-TB-1653_Ali.pdf,pdf_inventory_criminal,pdf_hash_unique|dupes=4,NO_GOLD,criminal,OFFLINE_CLIENT_PROJECTION,,,
sha:9954bd8e74bad034395593fcb532018b69e6b5fd99222d3c39d26b9d3f4bbf5b,PDF-9954bd8e74ba,CB-TB-1133_Lark,CB-TB-1133_Lark.pdf,9954bd8e74bad034395593fcb532018b69e6b5fd99222d3c39d26b9d3f4bbf5b,C:\Users\gduff\Downloads\cb-tb-1101-1400-v5\pdfs\CB-TB-1133_Lark.pdf,pdf_inventory_criminal,pdf_hash_unique|dupes=2,NO_GOLD,criminal,OFFLINE_CLIENT_PROJECTION,,,
sha:995670efcd9c57a1e7ca2463d6f337b6b1dfa96934c3ad0f1ef4ec416416a64e,PDF-995670efcd9c,CB-TB-732_Parker,CB-TB-732_Parker.pdf,995670efcd9c57a1e7ca2463d6f337b6b1dfa96934c3ad0f1ef4ec416416a64e,C:\Users\gduff\Downloads\cb-tb-701-800-v5\pdfs\CB-TB-732_Parker.pdf,pdf_inventory_criminal,pdf_hash_unique|dupes=1,NO_GOLD,criminal,OFFLINE_CLIENT_PROJECTION,,,
sha:99715b4f91b5260fb1953caec72be6865c8629ca52e86134d74dfff844577ad8,PDF-99715b4f91b5,CB-TB-1930_Lowry,CB-TB-1930_Lowry.pdf,99715b4f91b5260fb1953caec72be6865c8629ca52e86134d74dfff844577ad8,C:\Users\gduff\Downloads\cb-tb-1601-2200-v5-factory-run\pdfs\CB-TB-1930_Lowry.pdf,pdf_inventory_criminal,pdf_hash_unique|dupes=2,NO_GOLD,criminal,OFFLINE_CLIENT_PROJECTION,,,
sha:99b4de98f6674d4b6d9759c3e7809fe74b872dd8b875f604f46885e800a4931f,PDF-99b4de98f667,CB-TB-252_Wright,CB-TB-252_Wright.pdf,99b4de98f6674d4b6d9759c3e7809fe74b872dd8b875f604f46885e800a4931f,C:\Users\gduff\Downloads\cb-tb-201-300-v4\pdfs\CB-TB-252_Wright.pdf,pdf_inventory_criminal,pdf_hash_unique|dupes=1,NO_GOLD,criminal,OFFLINE_CLIENT_PROJECTION,,,
sha:99b5049a05aa0ec3fffe60a136620b897b98a4f846988958f694e8930bcd4590,PDF-99b5049a05aa,CB-TB-148_Mitchell,CB-TB-148_Mitchell.pdf,99b5049a05aa0ec3fffe60a136620b897b98a4f846988958f694e8930bcd4590,C:\Users\gduff\Downloads\cb-tb-101-200-v4\pdfs\CB-TB-148_Mitchell.pdf,pdf_inventory_criminal,pdf_hash_unique|dupes=1,NO_GOLD,criminal,OFFLINE_CLIENT_PROJECTION,,,
sha:9a1d482039ae1ed663467e199cf93e786f15ba0ccff4f23de118a44f64aabbb4,PDF-9a1d482039ae,CB-TB-241_Mason,CB-TB-241_Mason.pdf,9a1d482039ae1ed663467e199cf93e786f15ba0ccff4f23de118a44f64aabbb4,C:\Users\gduff\Downloads\cb-tb-201-300-v4\pdfs\CB-TB-241_Mason.pdf,pdf_inventory_criminal,pdf_hash_unique|dupes=1,NO_GOLD,criminal,OFFLINE_CLIENT_PROJECTION,,,
sha:9a271ba429f6ea201ba186acbdf7cfae67917262bc8efc698597e2c432de5ead,PDF-9a271ba429f6,CB-TB-073_Barker,CB-TB-073_Barker.pdf,9a271ba429f6ea201ba186acbdf7cfae67917262bc8efc698597e2c432de5ead,C:\Users\gduff\Downloads\cb-tb-031-100-v4\pdfs\CB-TB-073_Barker.pdf,pdf_inventory_criminal,pdf_hash_unique|dupes=1,NO_GOLD,criminal,OFFLINE_CLIENT_PROJECTION,,,
sha:9a34c57ce725d7387732e3eef97bb11b62bafc35721fb6c332274752e66aebf5,PDF-9a34c57ce725,CB-TB-460_Singh,CB-TB-460_Singh.pdf,9a34c57ce725d7387732e3eef97bb11b62bafc35721fb6c332274752e66aebf5,C:\Users\gduff\Downloads\cb-tb-401-500-v5\pdfs\CB-TB-460_Singh.pdf,pdf_inventory_criminal,pdf_hash_unique|dupes=2,NO_GOLD,criminal,OFFLINE_CLIENT_PROJECTION,,,
sha:9a6408cc0098abd153a67c3a4e04915d62fa77297cf80f7dd37c724fe060475c,PDF-9a6408cc0098,CB-TB-1701_Rowley,CB-TB-1701_Rowley.pdf,9a6408cc0098abd153a67c3a4e04915d62fa77297cf80f7dd37c724fe060475c,C:\Users\gduff\Downloads\cb-tb-1601-2200-v5-factory-run\pdfs\CB-TB-1701_Rowley.pdf,pdf_inventory_criminal,pdf_hash_unique|dupes=2,NO_GOLD,criminal,OFFLINE_CLIENT_PROJECTION,,,
sha:9aa04d0ec07d85faff360f6b6d743b6841fff8e6a84dd5f6aad831de950ad325,PDF-9aa04d0ec07d,CB-TB-2117_Rees,CB-TB-2117_Rees.pdf,9aa04d0ec07d85faff360f6b6d743b6841fff8e6a84dd5f6aad831de950ad325,C:\Users\gduff\Downloads\cb-tb-1601-2200-v5-factory-run\pdfs\CB-TB-2117_Rees.pdf,pdf_inventory_criminal,pdf_hash_unique|dupes=2,NO_GOLD,criminal,OFFLINE_CLIENT_PROJECTION,,,
sha:9ab7a7e0cb455fce23a3bcf1e1dc8f9ed0dca720d9e3ebd8ed26292e565a3025,PDF-9ab7a7e0cb45,CB-TB-808_Bell,CB-TB-808_Bell.pdf,9ab7a7e0cb455fce23a3bcf1e1dc8f9ed0dca720d9e3ebd8ed26292e565a3025,C:\Users\gduff\Downloads\cb-tb-801-900-v5\pdfs\CB-TB-808_Bell.pdf,pdf_inventory_criminal,pdf_hash_unique|dupes=1,NO_GOLD,criminal,OFFLINE_CLIENT_PROJECTION,,,
sha:9ac29c7d43ada63c10760928e67164c19e7aad1d008d91ad68eb7f6af6c31dc2,PDF-9ac29c7d43ad,CB-TB-611_Stone,CB-TB-611_Stone.pdf,9ac29c7d43ada63c10760928e67164c19e7aad1d008d91ad68eb7f6af6c31dc2,C:\Users\gduff\Downloads\cb-tb-601-700-v5\pdfs\CB-TB-611_Stone.pdf,pdf_inventory_criminal,pdf_hash_unique|dupes=1,NO_GOLD,criminal,OFFLINE_CLIENT_PROJECTION,,,
sha:9acf9729cb2e96ade2deae9564d77530a14c8eac75a0f757f24e2a884a314e5f,PDF-9acf9729cb2e,CB-TB-044_Lennox,CB-TB-044_Lennox.pdf,9acf9729cb2e96ade2deae9564d77530a14c8eac75a0f757f24e2a884a314e5f,C:\Users\gduff\Downloads\cb-tb-001-050-v3\pdfs\CB-TB-044_Lennox.pdf,pdf_inventory_criminal,pdf_hash_unique|dupes=2,NO_GOLD,criminal,OFFLINE_CLIENT_PROJECTION,,,
sha:9aedb3b49a6f830ee7bee6497c7d35da1a16bd873937a2827ceb278da893b452,PDF-9aedb3b49a6f,CB-TB-012_Bell,CB-TB-012_Bell.pdf,9aedb3b49a6f830ee7bee6497c7d35da1a16bd873937a2827ceb278da893b452,C:\Users\gduff\Downloads\cb-tb-001-030-v4\pdfs\CB-TB-012_Bell.pdf,pdf_inventory_criminal,pdf_hash_unique|dupes=1,NO_GOLD,criminal,OFFLINE_CLIENT_PROJECTION,,,
sha:9b0bfeea4b2f18c3faf77828f3f75a1c6afca232236baa77911ac360e8963cec,PDF-9b0bfeea4b2f,CB-TB-1540_Grant,CB-TB-1540_Grant.pdf,9b0bfeea4b2f18c3faf77828f3f75a1c6afca232236baa77911ac360e8963cec,C:\Users\gduff\Downloads\cb-tb-1501-1600-v5-factory-run\pdfs\CB-TB-1540_Grant.pdf,pdf_inventory_criminal,pdf_hash_unique|dupes=2,NO_GOLD,criminal,OFFLINE_CLIENT_PROJECTION,,,
sha:9b1d6f062b5761217420e082e9d6430df2e7aa09beeb0cbc4dc1e17ca7d4ee5b,PDF-9b1d6f062b57,CB-TB-1283_Stone,CB-TB-1283_Stone.pdf,9b1d6f062b5761217420e082e9d6430df2e7aa09beeb0cbc4dc1e17ca7d4ee5b,C:\Users\gduff\Downloads\cb-tb-1201-1300-v5\pdfs\CB-TB-1283_Stone.pdf,pdf_inventory_criminal,pdf_hash_unique|dupes=2,NO_GOLD,criminal,OFFLINE_CLIENT_PROJECTION,,,
sha:9b355ac50ca3307c751cd6f46a40a92791943e2fc2471afe73557e510a26d776,PDF-9b355ac50ca3,CB-TB-976_Carter,CB-TB-976_Carter.pdf,9b355ac50ca3307c751cd6f46a40a92791943e2fc2471afe73557e510a26d776,C:\Users\gduff\Downloads\cb-tb-901-1100-v5\pdfs\CB-TB-976_Carter.pdf,pdf_inventory_criminal,pdf_hash_unique|dupes=2,NO_GOLD,criminal,OFFLINE_CLIENT_PROJECTION,,,
sha:9b823116c36aee798d2a7f223c87ea5e3ab6d7e51503d74dde45672f94a94363,PDF-9b823116c36a,CB-TB-1933_Doyle,CB-TB-1933_Doyle.pdf,9b823116c36aee798d2a7f223c87ea5e3ab6d7e51503d74dde45672f94a94363,C:\Users\gduff\Downloads\cb-tb-1601-2200-v5-factory-run\pdfs\CB-TB-1933_Doyle.pdf,pdf_inventory_criminal,pdf_hash_unique|dupes=2,NO_GOLD,criminal,OFFLINE_CLIENT_PROJECTION,,,
sha:9b8ab91816789c9e3ec49af4e4588d8089418c34a741930fb92357dd767f06b9,PDF-9b8ab9181678,CB-TB-1442_Carver,CB-TB-1442_Carver.pdf,9b8ab91816789c9e3ec49af4e4588d8089418c34a741930fb92357dd767f06b9,C:\Users\gduff\Downloads\cb-tb-1401-1500-v5-tmp\pdfs\CB-TB-1442_Carver.pdf,pdf_inventory_criminal,pdf_hash_unique|dupes=1,NO_GOLD,criminal,OFFLINE_CLIENT_PROJECTION,,,
sha:9ba314e3d1264910ab14f70281d2c3d28df45ca337da2710dec21f28c5a27356,PDF-9ba314e3d126,CB-TB-014_Moss,CB-TB-014_Moss.pdf,9ba314e3d1264910ab14f70281d2c3d28df45ca337da2710dec21f28c5a27356,C:\Users\gduff\Downloads\cb-tb-001-050-v3\pdfs\CB-TB-014_Moss.pdf,pdf_inventory_criminal,pdf_hash_unique|dupes=2,NO_GOLD,criminal,OFFLINE_CLIENT_PROJECTION,,,
sha:9bb30ed69d724cd0aac82824dada4323ffccfba3888247d2d7ea57427f52bc79,PDF-9bb30ed69d72,CB-TB-146_Burns,CB-TB-146_Burns.pdf,9bb30ed69d724cd0aac82824dada4323ffccfba3888247d2d7ea57427f52bc79,C:\Users\gduff\Downloads\cb-tb-101-200-v4\pdfs\CB-TB-146_Burns.pdf,pdf_inventory_criminal,pdf_hash_unique|dupes=1,NO_GOLD,criminal,OFFLINE_CLIENT_PROJECTION,,,
sha:9bbaa141842733c6499606959a05500e68aca3201aab046d318701a973920c96,PDF-9bbaa1418427,CB-TB-1866_Denton,CB-TB-1866_Denton.pdf,9bbaa141842733c6499606959a05500e68aca3201aab046d318701a973920c96,C:\Users\gduff\Downloads\cb-tb-1601-2200-v5-factory-run\pdfs\CB-TB-1866_Denton.pdf,pdf_inventory_criminal,pdf_hash_unique|dupes=2,NO_GOLD,criminal,OFFLINE_CLIENT_PROJECTION,,,
sha:9bbca1728c076651a0a45545c549644d63ff8078e268a0a321356bf75a044991,PDF-9bbca1728c07,CB-TB-677_Reed,CB-TB-677_Reed.pdf,9bbca1728c076651a0a45545c549644d63ff8078e268a0a321356bf75a044991,C:\Users\gduff\Downloads\cb-tb-601-700-v5\pdfs\CB-TB-677_Reed.pdf,pdf_inventory_criminal,pdf_hash_unique|dupes=1,NO_GOLD,criminal,OFFLINE_CLIENT_PROJECTION,,,
sha:9bd50cc0b112b7b298d5a49cbe82fb3baa1844ea8afa6709c33662c61108a10c,PDF-9bd50cc0b112,CB-TB-636_Turner,CB-TB-636_Turner.pdf,9bd50cc0b112b7b298d5a49cbe82fb3baa1844ea8afa6709c33662c61108a10c,C:\Users\gduff\Downloads\cb-tb-601-700-v5\pdfs\CB-TB-636_Turner.pdf,pdf_inventory_criminal,pdf_hash_unique|dupes=1,NO_GOLD,criminal,OFFLINE_CLIENT_PROJECTION,,,
sha:9bf51c0c39f7f747ca71d6e93782d95191fc909697fb57d0bf0b433e534d3e57,PDF-9bf51c0c39f7,CB-TB-1390_Holt,CB-TB-1390_Holt.pdf,9bf51c0c39f7f747ca71d6e93782d95191fc909697fb57d0bf0b433e534d3e57,C:\Users\gduff\Downloads\cb-tb-1301-1400-v5\pdfs\CB-TB-1390_Holt.pdf,pdf_inventory_criminal,pdf_hash_unique|dupes=2,NO_GOLD,criminal,OFFLINE_CLIENT_PROJECTION,,,
sha:9c5eee48b839079478960ed864455464abb0110ff440215577d5b296d7a838ee,PDF-9c5eee48b839,CB-TB-401_Stone,CB-TB-401_Stone.pdf,9c5eee48b839079478960ed864455464abb0110ff440215577d5b296d7a838ee,C:\Users\gduff\Downloads\cb-tb-401-500-v5\pdfs\CB-TB-401_Stone.pdf,pdf_inventory_criminal,pdf_hash_unique|dupes=2,NO_GOLD,criminal,OFFLINE_CLIENT_PROJECTION,,,
sha:9c66f530f35c6b0469b4c86962aca3d7d1c060769863c28726fc57c5eb210b6d,PDF-9c66f530f35c,CB-TB-2033_Nolan,CB-TB-2033_Nolan.pdf,9c66f530f35c6b0469b4c86962aca3d7d1c060769863c28726fc57c5eb210b6d,C:\Users\gduff\Downloads\cb-tb-1601-2200-v5-factory-run\pdfs\CB-TB-2033_Nolan.pdf,pdf_inventory_criminal,pdf_hash_unique|dupes=2,NO_GOLD,criminal,OFFLINE_CLIENT_PROJECTION,,,
sha:9c8738a9032b3e7d9cfa6018c460bd0f3c8f1a6aaabe554b4498b8247166046a,PDF-9c8738a9032b,CB-TB-385_Holt,CB-TB-385_Holt.pdf,9c8738a9032b3e7d9cfa6018c460bd0f3c8f1a6aaabe554b4498b8247166046a,C:\Users\gduff\Downloads\cb-tb-301-400-v4\pdfs\CB-TB-385_Holt.pdf,pdf_inventory_criminal,pdf_hash_unique|dupes=2,NO_GOLD,criminal,OFFLINE_CLIENT_PROJECTION,,,
sha:9cb983f17dfbfc927c8848be60210104821443213f0e5ffc99870d3efeeba486,PDF-9cb983f17dfb,CB-TB-840_Dawson,CB-TB-840_Dawson.pdf,9cb983f17dfbfc927c8848be60210104821443213f0e5ffc99870d3efeeba486,C:\Users\gduff\Downloads\cb-tb-801-900-v5\pdfs\CB-TB-840_Dawson.pdf,pdf_inventory_criminal,pdf_hash_unique|dupes=1,NO_GOLD,criminal,OFFLINE_CLIENT_PROJECTION,,,
sha:9cca59fe4d54a3ad90e9e005f85900420c634b41b6556a678b2cb0e52b59bc7e,PDF-9cca59fe4d54,CB-TB-1000_Price,CB-TB-1000_Price.pdf,9cca59fe4d54a3ad90e9e005f85900420c634b41b6556a678b2cb0e52b59bc7e,C:\Users\gduff\Downloads\cb-tb-901-1100-v5\pdfs\CB-TB-1000_Price.pdf,pdf_inventory_criminal,pdf_hash_unique|dupes=2,NO_GOLD,criminal,OFFLINE_CLIENT_PROJECTION,,,
sha:9cf48b50804a79bed9c4749071bc251633215ced68c949aa3258b5d74a7c649a,PDF-9cf48b50804a,CB-TB-224_Carver,CB-TB-224_Carver.pdf,9cf48b50804a79bed9c4749071bc251633215ced68c949aa3258b5d74a7c649a,C:\Users\gduff\Downloads\cb-tb-201-300-v4\pdfs\CB-TB-224_Carver.pdf,pdf_inventory_criminal,pdf_hash_unique|dupes=1,NO_GOLD,criminal,OFFLINE_CLIENT_PROJECTION,,,
sha:9d256a8150f865d3fdf6ebb9d75b43a7bbcc71d27841d5796ce437c091c4b90f,PDF-9d256a8150f8,CB-TB-1438_Foster,CB-TB-1438_Foster.pdf,9d256a8150f865d3fdf6ebb9d75b43a7bbcc71d27841d5796ce437c091c4b90f,C:\Users\gduff\Downloads\cb-tb-1401-1500-v5-tmp\pdfs\CB-TB-1438_Foster.pdf,pdf_inventory_criminal,pdf_hash_unique|dupes=1,NO_GOLD,criminal,OFFLINE_CLIENT_PROJECTION,,,
sha:9d35a9f787446425ed627663537493b5af5113413ab3e2c1a5449fe71120d147,PDF-9d35a9f78744,CB-TB-1496_Walsh,CB-TB-1496_Walsh.pdf,9d35a9f787446425ed627663537493b5af5113413ab3e2c1a5449fe71120d147,C:\Users\gduff\Downloads\cb-tb-1401-1500-v5-tmp\pdfs\CB-TB-1496_Walsh.pdf,pdf_inventory_criminal,pdf_hash_unique|dupes=1,NO_GOLD,criminal,OFFLINE_CLIENT_PROJECTION,,,
sha:9d3f361ad002b63a1505e33f2e724d2ebed66a46a6bc66868d2443d3f697d4b5,PDF-9d3f361ad002,CB-TB-675_Khan,CB-TB-675_Khan.pdf,9d3f361ad002b63a1505e33f2e724d2ebed66a46a6bc66868d2443d3f697d4b5,C:\Users\gduff\Downloads\cb-tb-601-700-v5\pdfs\CB-TB-675_Khan.pdf,pdf_inventory_criminal,pdf_hash_unique|dupes=1,NO_GOLD,criminal,OFFLINE_CLIENT_PROJECTION,,,
sha:9d5ab65444a8c620415389079cbfd6cf6e30f2567e890aef8b4934bb51c896f0,PDF-9d5ab65444a8,CB-TB-1452_Patterson,CB-TB-1452_Patterson.pdf,9d5ab65444a8c620415389079cbfd6cf6e30f2567e890aef8b4934bb51c896f0,C:\Users\gduff\Downloads\cb-tb-1401-1500-v5-tmp\pdfs\CB-TB-1452_Patterson.pdf,pdf_inventory_criminal,pdf_hash_unique|dupes=1,NO_GOLD,criminal,OFFLINE_CLIENT_PROJECTION,,,
sha:9d6541e685c41aa2a48c12e7c216f8eb8f9cbda8d826c59c6f753faded05d75e,PDF-9d6541e685c4,CB-TB-1927_Kellett,CB-TB-1927_Kellett.pdf,9d6541e685c41aa2a48c12e7c216f8eb8f9cbda8d826c59c6f753faded05d75e,C:\Users\gduff\Downloads\cb-tb-1601-2200-v5-factory-run\pdfs\CB-TB-1927_Kellett.pdf,pdf_inventory_criminal,pdf_hash_unique|dupes=2,NO_GOLD,criminal,OFFLINE_CLIENT_PROJECTION,,,
sha:9d6c239255f6a5a4f8eadbdce435dd178495c165b1b48bdcda3f2b597beb2d93,PDF-9d6c239255f6,CB-TB-1254_Akhtar,CB-TB-1254_Akhtar.pdf,9d6c239255f6a5a4f8eadbdce435dd178495c165b1b48bdcda3f2b597beb2d93,C:\Users\gduff\Downloads\cb-tb-1201-1300-v5\pdfs\CB-TB-1254_Akhtar.pdf,pdf_inventory_criminal,pdf_hash_unique|dupes=2,NO_GOLD,criminal,OFFLINE_CLIENT_PROJECTION,,,
sha:9d8d208cf3c333194f8f1fe9b0a3a435996fb5edcf1f8e124449079841e9a634,PDF-9d8d208cf3c3,CB-TB-1314_Baines,CB-TB-1314_Baines.pdf,9d8d208cf3c333194f8f1fe9b0a3a435996fb5edcf1f8e124449079841e9a634,C:\Users\gduff\Downloads\cb-tb-1301-1400-v5\pdfs\CB-TB-1314_Baines.pdf,pdf_inventory_criminal,pdf_hash_unique|dupes=2,NO_GOLD,criminal,OFFLINE_CLIENT_PROJECTION,,,
sha:9d929220d88e62ef9dbca5578e284b22dbfc8d5dce9b455293a640b8566eb981,PDF-9d929220d88e,CB-TB-125_Barker,CB-TB-125_Barker.pdf,9d929220d88e62ef9dbca5578e284b22dbfc8d5dce9b455293a640b8566eb981,C:\Users\gduff\Downloads\cb-tb-101-200-v4\pdfs\CB-TB-125_Barker.pdf,pdf_inventory_criminal,pdf_hash_unique|dupes=1,NO_GOLD,criminal,OFFLINE_CLIENT_PROJECTION,,,
sha:9dbe93281f50d0ff16036362e72f010f6049fb179b6617d61ff4734f81c71aac,PDF-9dbe93281f50,CB-TB-1475_Mitchell,CB-TB-1475_Mitchell.pdf,9dbe93281f50d0ff16036362e72f010f6049fb179b6617d61ff4734f81c71aac,C:\Users\gduff\Downloads\cb-tb-1401-1500-v5-tmp\pdfs\CB-TB-1475_Mitchell.pdf,pdf_inventory_criminal,pdf_hash_unique|dupes=1,NO_GOLD,criminal,OFFLINE_CLIENT_PROJECTION,,,
sha:9dda50c177b36267a07514a5800c8a3c1949dc45629e6bf5470821b7d077c728,PDF-9dda50c177b3,CB-TB-010_Neil_Mitchell,CB-TB-010_Neil_Mitchell.pdf,9dda50c177b36267a07514a5800c8a3c1949dc45629e6bf5470821b7d077c728,C:\Users\gduff\Downloads\CaseBrain_Blind_Bundle_Factory_v2_30_bundles (1)\pdfs\CB-TB-010_Neil_Mitchell.pdf,pdf_inventory_criminal,pdf_hash_unique|dupes=2,NO_GOLD,criminal,OFFLINE_CLIENT_PROJECTION,,,
sha:9df310801542a6f4b607bbad82e20b98c30f31bca0a6e68f58bec39d653715af,PDF-9df310801542,CB-TB-2114_Nolan,CB-TB-2114_Nolan.pdf,9df310801542a6f4b607bbad82e20b98c30f31bca0a6e68f58bec39d653715af,C:\Users\gduff\Downloads\cb-tb-1601-2200-v5-factory-run\pdfs\CB-TB-2114_Nolan.pdf,pdf_inventory_criminal,pdf_hash_unique|dupes=2,NO_GOLD,criminal,OFFLINE_CLIENT_PROJECTION,,,
sha:9e0e0aacda9036ffbd57f435711c029f16d00eecb4b34724886348481ff8bfc3,PDF-9e0e0aacda90,CB-TB-838_Ford,CB-TB-838_Ford.pdf,9e0e0aacda9036ffbd57f435711c029f16d00eecb4b34724886348481ff8bfc3,C:\Users\gduff\Downloads\cb-tb-801-900-v5\pdfs\CB-TB-838_Ford.pdf,pdf_inventory_criminal,pdf_hash_unique|dupes=1,NO_GOLD,criminal,OFFLINE_CLIENT_PROJECTION,,,
sha:9e14295a4fc12d58994f152b4985b9ca682d8edd32880f2b278df5cd70f4b4be,PDF-9e14295a4fc1,CB-TB-605_Patterson,CB-TB-605_Patterson.pdf,9e14295a4fc12d58994f152b4985b9ca682d8edd32880f2b278df5cd70f4b4be,C:\Users\gduff\Downloads\cb-tb-601-700-v5\pdfs\CB-TB-605_Patterson.pdf,pdf_inventory_criminal,pdf_hash_unique|dupes=1,NO_GOLD,criminal,OFFLINE_CLIENT_PROJECTION,,,
sha:9e1f370696fb5590c93543e7fd2e4742b21b1f1afbe3bb139c6f895da3cfdec1,PDF-9e1f370696fb,CB-TB-438_Miah,CB-TB-438_Miah.pdf,9e1f370696fb5590c93543e7fd2e4742b21b1f1afbe3bb139c6f895da3cfdec1,C:\Users\gduff\Downloads\cb-tb-401-500-v5\pdfs\CB-TB-438_Miah.pdf,pdf_inventory_criminal,pdf_hash_unique|dupes=2,NO_GOLD,criminal,OFFLINE_CLIENT_PROJECTION,,,
sha:9e2d2f4c9bb2be36636ef6bad8a878b52986c4ecacdf10b97b0df9dc6a0979f4,PDF-9e2d2f4c9bb2,CB-TB-1053_Ellis,CB-TB-1053_Ellis.pdf,9e2d2f4c9bb2be36636ef6bad8a878b52986c4ecacdf10b97b0df9dc6a0979f4,C:\Users\gduff\Downloads\cb-tb-901-1100-v5\pdfs\CB-TB-1053_Ellis.pdf,pdf_inventory_criminal,pdf_hash_unique|dupes=2,NO_GOLD,criminal,OFFLINE_CLIENT_PROJECTION,,,
sha:9e311b53f7bb9771d5034a5023f5038ede0342e2eda7074a5db0795d94af766f,PDF-9e311b53f7bb,CB-TB-1045_Foster,CB-TB-1045_Foster.pdf,9e311b53f7bb9771d5034a5023f5038ede0342e2eda7074a5db0795d94af766f,C:\Users\gduff\Downloads\cb-tb-901-1100-v5\pdfs\CB-TB-1045_Foster.pdf,pdf_inventory_criminal,pdf_hash_unique|dupes=2,NO_GOLD,criminal,OFFLINE_CLIENT_PROJECTION,,,
sha:9e48e513085bf4dcabf01684f20fc07d562d048ea7db18ef2d82f70c239a165a,PDF-9e48e513085b,CB-TB-1276_Nolan,CB-TB-1276_Nolan.pdf,9e48e513085bf4dcabf01684f20fc07d562d048ea7db18ef2d82f70c239a165a,C:\Users\gduff\Downloads\cb-tb-1201-1300-v5\pdfs\CB-TB-1276_Nolan.pdf,pdf_inventory_criminal,pdf_hash_unique|dupes=2,NO_GOLD,criminal,OFFLINE_CLIENT_PROJECTION,,,
sha:9e6d7fc435dc25b79d5529a6a745a868f4fa48cbfa1fc6e2b3ed72b8023f0a94,PDF-9e6d7fc435dc,CB-TB-659_Quinn,CB-TB-659_Quinn.pdf,9e6d7fc435dc25b79d5529a6a745a868f4fa48cbfa1fc6e2b3ed72b8023f0a94,C:\Users\gduff\Downloads\cb-tb-601-700-v5\pdfs\CB-TB-659_Quinn.pdf,pdf_inventory_criminal,pdf_hash_unique|dupes=1,NO_GOLD,criminal,OFFLINE_CLIENT_PROJECTION,,,
sha:9eb16fa23843e847a28277fb628b403aec1c79073912eb2c46022bc408b42765,PDF-9eb16fa23843,CB-TB-1823_Mercer,CB-TB-1823_Mercer.pdf,9eb16fa23843e847a28277fb628b403aec1c79073912eb2c46022bc408b42765,C:\Users\gduff\Downloads\cb-tb-1601-2200-v5-factory-run\pdfs\CB-TB-1823_Mercer.pdf,pdf_inventory_criminal,pdf_hash_unique|dupes=2,NO_GOLD,criminal,OFFLINE_CLIENT_PROJECTION,,,
sha:9eba557c0453445e987ed496aa8f946fadd8ef958a5dd1f579dc7adb05967cf4,PDF-9eba557c0453,CB-TB-008_Aaron_Ross,CB-TB-008_Aaron_Ross.pdf,9eba557c0453445e987ed496aa8f946fadd8ef958a5dd1f579dc7adb05967cf4,C:\Users\gduff\Downloads\CaseBrain_Blind_Bundle_Factory_v2_30_bundles (1)\pdfs\CB-TB-008_Aaron_Ross.pdf,pdf_inventory_criminal,pdf_hash_unique|dupes=2,NO_GOLD,criminal,OFFLINE_CLIENT_PROJECTION,,,
sha:9f0cebc645e2aa9370298d816281a8e092261569ae09da09b670772c018326cb,PDF-9f0cebc645e2,CB-TB-1735_Marlow,CB-TB-1735_Marlow.pdf,9f0cebc645e2aa9370298d816281a8e092261569ae09da09b670772c018326cb,C:\Users\gduff\Downloads\cb-tb-1601-2200-v5-factory-run\pdfs\CB-TB-1735_Marlow.pdf,pdf_inventory_criminal,pdf_hash_unique|dupes=2,NO_GOLD,criminal,OFFLINE_CLIENT_PROJECTION,,,
sha:9f175404120e548fd979bdd858b0c3c41f91918219868bc29e4a23efb60727c6,PDF-9f175404120e,CB-TB-990_Blake,CB-TB-990_Blake.pdf,9f175404120e548fd979bdd858b0c3c41f91918219868bc29e4a23efb60727c6,C:\Users\gduff\Downloads\cb-tb-901-1100-v5\pdfs\CB-TB-990_Blake.pdf,pdf_inventory_criminal,pdf_hash_unique|dupes=2,NO_GOLD,criminal,OFFLINE_CLIENT_PROJECTION,,,
sha:9f412b9e0eb138de633dec70e993855ab7d0ff6637cdbebd53dd0255f0d2e5a2,PDF-9f412b9e0eb1,CB-TB-243_Webb,CB-TB-243_Webb.pdf,9f412b9e0eb138de633dec70e993855ab7d0ff6637cdbebd53dd0255f0d2e5a2,C:\Users\gduff\Downloads\cb-tb-201-300-v4\pdfs\CB-TB-243_Webb.pdf,pdf_inventory_criminal,pdf_hash_unique|dupes=1,NO_GOLD,criminal,OFFLINE_CLIENT_PROJECTION,,,
sha:9f70e8f5aad8d52d46fe4c44ffc0387d16f56ae91857c49265a2ce5f02815b99,PDF-9f70e8f5aad8,CB-TB-1246_Foster,CB-TB-1246_Foster.pdf,9f70e8f5aad8d52d46fe4c44ffc0387d16f56ae91857c49265a2ce5f02815b99,C:\Users\gduff\Downloads\cb-tb-1201-1300-v5\pdfs\CB-TB-1246_Foster.pdf,pdf_inventory_criminal,pdf_hash_unique|dupes=2,NO_GOLD,criminal,OFFLINE_CLIENT_PROJECTION,,,
sha:9f80971e7fc9f82e4b796adf72ccef32aaa46a50d952549f77d1ea31b47466f0,PDF-9f80971e7fc9,CB-TB-2069_Doyle,CB-TB-2069_Doyle.pdf,9f80971e7fc9f82e4b796adf72ccef32aaa46a50d952549f77d1ea31b47466f0,C:\Users\gduff\Downloads\cb-tb-1601-2200-v5-factory-run\pdfs\CB-TB-2069_Doyle.pdf,pdf_inventory_criminal,pdf_hash_unique|dupes=2,NO_GOLD,criminal,OFFLINE_CLIENT_PROJECTION,,,
sha:9f8c983752c7781e5fb4d6428f9208aeebc7d7d5e00aaa959c117d5f93d476a4,PDF-9f8c983752c7,CB-TB-149_Stone,CB-TB-149_Stone.pdf,9f8c983752c7781e5fb4d6428f9208aeebc7d7d5e00aaa959c117d5f93d476a4,C:\Users\gduff\Downloads\cb-tb-101-200-v4\pdfs\CB-TB-149_Stone.pdf,pdf_inventory_criminal,pdf_hash_unique|dupes=1,NO_GOLD,criminal,OFFLINE_CLIENT_PROJECTION,,,
sha:9f9040279e0a8cb6c2fc908cd1068c2d666210c5d60986a5231f9927ba959c2e,PDF-9f9040279e0a,CB-TB-708_Mitchell,CB-TB-708_Mitchell.pdf,9f9040279e0a8cb6c2fc908cd1068c2d666210c5d60986a5231f9927ba959c2e,C:\Users\gduff\Downloads\cb-tb-701-800-v5\pdfs\CB-TB-708_Mitchell.pdf,pdf_inventory_criminal,pdf_hash_unique|dupes=1,NO_GOLD,criminal,OFFLINE_CLIENT_PROJECTION,,,
sha:9fd27d878beb51445bebb408b619b406f2841b0939f7e37298fa96d6e2773d03,PDF-9fd27d878beb,CB-TB-1521_Wright,CB-TB-1521_Wright.pdf,9fd27d878beb51445bebb408b619b406f2841b0939f7e37298fa96d6e2773d03,C:\Users\gduff\Downloads\cb-tb-1501-1600-v5-factory-run\pdfs\CB-TB-1521_Wright.pdf,pdf_inventory_criminal,pdf_hash_unique|dupes=2,NO_GOLD,criminal,OFFLINE_CLIENT_PROJECTION,,,
sha:9fd7e353c5f511afb1f8fef117f25ed88e728c1e2b5517e40909c2795e3739e5,PDF-9fd7e353c5f5,CB-TB-047_Okonkwo,CB-TB-047_Okonkwo.pdf,9fd7e353c5f511afb1f8fef117f25ed88e728c1e2b5517e40909c2795e3739e5,C:\Users\gduff\Downloads\cb-tb-001-050-v3\pdfs\CB-TB-047_Okonkwo.pdf,pdf_inventory_criminal,pdf_hash_unique|dupes=2,NO_GOLD,criminal,OFFLINE_CLIENT_PROJECTION,,,
sha:9fe7b4aa9a22e5ba599a86cf455d7f26030b1b60c866839aba85fcd00d2f96f8,PDF-9fe7b4aa9a22,CB-TB-843_Patterson,CB-TB-843_Patterson.pdf,9fe7b4aa9a22e5ba599a86cf455d7f26030b1b60c866839aba85fcd00d2f96f8,C:\Users\gduff\Downloads\cb-tb-801-900-v5\pdfs\CB-TB-843_Patterson.pdf,pdf_inventory_criminal,pdf_hash_unique|dupes=1,NO_GOLD,criminal,OFFLINE_CLIENT_PROJECTION,,,
sha:9ffcab01008f08e727581d369ca93cca4eec07c5ee993140f37b9f0cab2b937b,PDF-9ffcab01008f,CB-TB-1235_Ashton,CB-TB-1235_Ashton.pdf,9ffcab01008f08e727581d369ca93cca4eec07c5ee993140f37b9f0cab2b937b,C:\Users\gduff\Downloads\cb-tb-1201-1300-v5\pdfs\CB-TB-1235_Ashton.pdf,pdf_inventory_criminal,pdf_hash_unique|dupes=2,NO_GOLD,criminal,OFFLINE_CLIENT_PROJECTION,,,
sha:a0357601dce1dcb8355f3648540760389ffa9c742a03ba7cfe8213b504e47af7,PDF-a0357601dce1,CB-TB-074_Finch,CB-TB-074_Finch.pdf,a0357601dce1dcb8355f3648540760389ffa9c742a03ba7cfe8213b504e47af7,C:\Users\gduff\Downloads\cb-tb-031-100-v4\pdfs\CB-TB-074_Finch.pdf,pdf_inventory_criminal,pdf_hash_unique|dupes=1,NO_GOLD,criminal,OFFLINE_CLIENT_PROJECTION,,,
sha:a03e760b974610c80277218e305bfc461b1bd77894a1b692c8cbcf12d2fbe0eb,PDF-a03e760b9746,CB-TB-1288_Shaw,CB-TB-1288_Shaw.pdf,a03e760b974610c80277218e305bfc461b1bd77894a1b692c8cbcf12d2fbe0eb,C:\Users\gduff\Downloads\cb-tb-1201-1300-v5\pdfs\CB-TB-1288_Shaw.pdf,pdf_inventory_criminal,pdf_hash_unique|dupes=2,NO_GOLD,criminal,OFFLINE_CLIENT_PROJECTION,,,
sha:a049084d2eb0ad56f8992acaffe44c095078264105fbddace51199272253c5f6,PDF-a049084d2eb0,CB-TB-312_Marsh,CB-TB-312_Marsh.pdf,a049084d2eb0ad56f8992acaffe44c095078264105fbddace51199272253c5f6,C:\Users\gduff\Downloads\cb-tb-301-400-v4\pdfs\CB-TB-312_Marsh.pdf,pdf_inventory_criminal,pdf_hash_unique|dupes=2,NO_GOLD,criminal,OFFLINE_CLIENT_PROJECTION,,,
sha:a04ab778d49b8e9c607a4927c2d4bf6933a2c25d3185e0b1a5b407d547901983,PDF-a04ab778d49b,CB-TB-930_Fletcher,CB-TB-930_Fletcher.pdf,a04ab778d49b8e9c607a4927c2d4bf6933a2c25d3185e0b1a5b407d547901983,C:\Users\gduff\Downloads\cb-tb-901-1100-v5\pdfs\CB-TB-930_Fletcher.pdf,pdf_inventory_criminal,pdf_hash_unique|dupes=2,NO_GOLD,criminal,OFFLINE_CLIENT_PROJECTION,,,
sha:a067f021657a02245728a035a6d2576e4525364d86eff9dd184bcb3b41455c62,PDF-a067f021657a,CB-TB-1354_Walsh,CB-TB-1354_Walsh.pdf,a067f021657a02245728a035a6d2576e4525364d86eff9dd184bcb3b41455c62,C:\Users\gduff\Downloads\cb-tb-1301-1400-v5\pdfs\CB-TB-1354_Walsh.pdf,pdf_inventory_criminal,pdf_hash_unique|dupes=2,NO_GOLD,criminal,OFFLINE_CLIENT_PROJECTION,,,
sha:a074534aafe0f06449f9272b62aab5213b96d3ce131e100e985c6b7f5c49e331,PDF-a074534aafe0,CB-TB-1335_Bell,CB-TB-1335_Bell.pdf,a074534aafe0f06449f9272b62aab5213b96d3ce131e100e985c6b7f5c49e331,C:\Users\gduff\Downloads\cb-tb-1301-1400-v5\pdfs\CB-TB-1335_Bell.pdf,pdf_inventory_criminal,pdf_hash_unique|dupes=2,NO_GOLD,criminal,OFFLINE_CLIENT_PROJECTION,,,
sha:a08211ae991a57a7d2b67174164b2b42d306f8380d6d3772a746fb32b4d77d9b,PDF-a08211ae991a,CB-TB-736_Morgan,CB-TB-736_Morgan.pdf,a08211ae991a57a7d2b67174164b2b42d306f8380d6d3772a746fb32b4d77d9b,C:\Users\gduff\Downloads\cb-tb-701-800-v5\pdfs\CB-TB-736_Morgan.pdf,pdf_inventory_criminal,pdf_hash_unique|dupes=1,NO_GOLD,criminal,OFFLINE_CLIENT_PROJECTION,,,
sha:a09ded893cd3a328ee011e316aa9bf3f0ed68d4427a7348f2acf69230c3bd311,PDF-a09ded893cd3,CB-TB-335_Dacre,CB-TB-335_Dacre.pdf,a09ded893cd3a328ee011e316aa9bf3f0ed68d4427a7348f2acf69230c3bd311,C:\Users\gduff\Downloads\cb-tb-301-400-v4\pdfs\CB-TB-335_Dacre.pdf,pdf_inventory_criminal,pdf_hash_unique|dupes=2,NO_GOLD,criminal,OFFLINE_CLIENT_PROJECTION,,,
sha:a0b005ac9af72250e98f5794a63de6c848b4673621ef7ad5fc8040a90905e84d,PDF-a0b005ac9af7,CB-TB-1169_Dacre,CB-TB-1169_Dacre.pdf,a0b005ac9af72250e98f5794a63de6c848b4673621ef7ad5fc8040a90905e84d,C:\Users\gduff\Downloads\cb-tb-1101-1400-v5\pdfs\CB-TB-1169_Dacre.pdf,pdf_inventory_criminal,pdf_hash_unique|dupes=2,NO_GOLD,criminal,OFFLINE_CLIENT_PROJECTION,,,
sha:a0d80b5b07e03095d25126eb371181c362084137f396d3a9411fc41ec9ac2f7c,PDF-a0d80b5b07e0,CB-TB-008_Patterson,CB-TB-008_Patterson.pdf,a0d80b5b07e03095d25126eb371181c362084137f396d3a9411fc41ec9ac2f7c,C:\Users\gduff\Downloads\cb-tb-001-030-v4\pdfs\CB-TB-008_Patterson.pdf,pdf_inventory_criminal,pdf_hash_unique|dupes=1,NO_GOLD,criminal,OFFLINE_CLIENT_PROJECTION,,,
sha:a0dfe8d8ca146583a84a898d46071f0713698a8f9f523bdd36724fb06aeae860,PDF-a0dfe8d8ca14,CB-TB-2000_Pike,CB-TB-2000_Pike.pdf,a0dfe8d8ca146583a84a898d46071f0713698a8f9f523bdd36724fb06aeae860,C:\Users\gduff\Downloads\cb-tb-1601-2200-v5-factory-run\pdfs\CB-TB-2000_Pike.pdf,pdf_inventory_criminal,pdf_hash_unique|dupes=2,NO_GOLD,criminal,OFFLINE_CLIENT_PROJECTION,,,
sha:a151c70b58e9aa2cb0165715202c0a9a61b71662334005d1595c7ee51c570b66,PDF-a151c70b58e9,CB-TB-2061_West,CB-TB-2061_West.pdf,a151c70b58e9aa2cb0165715202c0a9a61b71662334005d1595c7ee51c570b66,C:\Users\gduff\Downloads\cb-tb-1601-2200-v5-factory-run\pdfs\CB-TB-2061_West.pdf,pdf_inventory_criminal,pdf_hash_unique|dupes=2,NO_GOLD,criminal,OFFLINE_CLIENT_PROJECTION,,,
sha:a1630111ff7bd5693f39003a447822311fa4f922be3a2c356954f841a5028938,PDF-a1630111ff7b,CB-TB-746_Coleman,CB-TB-746_Coleman.pdf,a1630111ff7bd5693f39003a447822311fa4f922be3a2c356954f841a5028938,C:\Users\gduff\Downloads\cb-tb-701-800-v5\pdfs\CB-TB-746_Coleman.pdf,pdf_inventory_criminal,pdf_hash_unique|dupes=1,NO_GOLD,criminal,OFFLINE_CLIENT_PROJECTION,,,
sha:a1648f7191a7cd0abdbd814bf5cef41b99cc853d00b0fdced5ae0cae70632d7f,PDF-a1648f7191a7,CB-TB-1911_Keane,CB-TB-1911_Keane.pdf,a1648f7191a7cd0abdbd814bf5cef41b99cc853d00b0fdced5ae0cae70632d7f,C:\Users\gduff\Downloads\cb-tb-1601-2200-v5-factory-run\pdfs\CB-TB-1911_Keane.pdf,pdf_inventory_criminal,pdf_hash_unique|dupes=2,NO_GOLD,criminal,OFFLINE_CLIENT_PROJECTION,,,
sha:a1a8a032b3db80dc923af5dfe2eafc67cef75cee76817c19c4bd9532c8349f5e,PDF-a1a8a032b3db,CB-TB-1175_Greene,CB-TB-1175_Greene.pdf,a1a8a032b3db80dc923af5dfe2eafc67cef75cee76817c19c4bd9532c8349f5e,C:\Users\gduff\Downloads\cb-tb-1101-1400-v5\pdfs\CB-TB-1175_Greene.pdf,pdf_inventory_criminal,pdf_hash_unique|dupes=2,NO_GOLD,criminal,OFFLINE_CLIENT_PROJECTION,,,
sha:a201dbb044409189904db32f4623e818b81d9baf32781f0a8ffbe155fb1da342,PDF-a201dbb04440,CB-TB-782_Parker,CB-TB-782_Parker.pdf,a201dbb044409189904db32f4623e818b81d9baf32781f0a8ffbe155fb1da342,C:\Users\gduff\Downloads\cb-tb-701-800-v5\pdfs\CB-TB-782_Parker.pdf,pdf_inventory_criminal,pdf_hash_unique|dupes=1,NO_GOLD,criminal,OFFLINE_CLIENT_PROJECTION,,,
sha:a236fb19b597c307c112aee77a888c7a11ce8cd8ecb5b06a9536b44c3cb5c4dd,PDF-a236fb19b597,CB-TB-481_Singh,CB-TB-481_Singh.pdf,a236fb19b597c307c112aee77a888c7a11ce8cd8ecb5b06a9536b44c3cb5c4dd,C:\Users\gduff\Downloads\cb-tb-401-500-v5\pdfs\CB-TB-481_Singh.pdf,pdf_inventory_criminal,pdf_hash_unique|dupes=2,NO_GOLD,criminal,OFFLINE_CLIENT_PROJECTION,,,
sha:a2371019338b26304c8333c80d36f437fec71f47026e7962957f4c7db71a163d,PDF-a2371019338b,CB-TB-2003_Okonkwo,CB-TB-2003_Okonkwo.pdf,a2371019338b26304c8333c80d36f437fec71f47026e7962957f4c7db71a163d,C:\Users\gduff\Downloads\cb-tb-1601-2200-v5-factory-run\pdfs\CB-TB-2003_Okonkwo.pdf,pdf_inventory_criminal,pdf_hash_unique|dupes=2,NO_GOLD,criminal,OFFLINE_CLIENT_PROJECTION,,,
sha:a24b26290e8a382bd4ad28259790b3f60d85bb5d91cd4d073d6e68bd49983832,PDF-a24b26290e8a,CB-TB-007_Rook,CB-TB-007_Rook.pdf,a24b26290e8a382bd4ad28259790b3f60d85bb5d91cd4d073d6e68bd49983832,C:\Users\gduff\Downloads\cb-tb-001-050-v3\pdfs\CB-TB-007_Rook.pdf,pdf_inventory_criminal,pdf_hash_unique|dupes=2,NO_GOLD,criminal,OFFLINE_CLIENT_PROJECTION,,,
sha:a2823b29bdfea850db2ab6af78dc172c12ff6452e3ca925fc29db22d2e9c6f10,PDF-a2823b29bdfe,CB-TB-041_Okafor,CB-TB-041_Okafor.pdf,a2823b29bdfea850db2ab6af78dc172c12ff6452e3ca925fc29db22d2e9c6f10,C:\Users\gduff\Downloads\cb-tb-001-050-v3\pdfs\CB-TB-041_Okafor.pdf,pdf_inventory_criminal,pdf_hash_unique|dupes=2,NO_GOLD,criminal,OFFLINE_CLIENT_PROJECTION,,,
sha:a285546802861c01ea47721237ac8fa217b94d4973b8c0ec52f24ec65e558d30,PDF-a28554680286,CB-TB-016_Kian_Doyle,CB-TB-016_Kian_Doyle.pdf,a285546802861c01ea47721237ac8fa217b94d4973b8c0ec52f24ec65e558d30,C:\Users\gduff\Downloads\CaseBrain_Blind_Bundle_Factory_v2_30_bundles (1)\pdfs\CB-TB-016_Kian_Doyle.pdf,pdf_inventory_criminal,pdf_hash_unique|dupes=2,NO_GOLD,criminal,OFFLINE_CLIENT_PROJECTION,,,
sha:a2948f774531df1f05e170d804fde1a4d4d88111c0cded51694d98bd4233c42c,PDF-a2948f774531,CB-TB-259_Spencer,CB-TB-259_Spencer.pdf,a2948f774531df1f05e170d804fde1a4d4d88111c0cded51694d98bd4233c42c,C:\Users\gduff\Downloads\cb-tb-201-300-v4\pdfs\CB-TB-259_Spencer.pdf,pdf_inventory_criminal,pdf_hash_unique|dupes=1,NO_GOLD,criminal,OFFLINE_CLIENT_PROJECTION,,,
sha:a2acda691ea9c6542b1c965f0cb3f56f9d0b037531ac58d981b01d9254ea59e2,PDF-a2acda691ea9,CB-TB-1513_Hayes,CB-TB-1513_Hayes.pdf,a2acda691ea9c6542b1c965f0cb3f56f9d0b037531ac58d981b01d9254ea59e2,C:\Users\gduff\Downloads\cb-tb-1501-1600-v5-factory-run\pdfs\CB-TB-1513_Hayes.pdf,pdf_inventory_criminal,pdf_hash_unique|dupes=2,NO_GOLD,criminal,OFFLINE_CLIENT_PROJECTION,,,
sha:a2e4429423259dca25680b15cc7e4093e8dfd1f79a8b1f5e4de60c68daeadf98,PDF-a2e442942325,CB-TB-427_Brennan,CB-TB-427_Brennan.pdf,a2e4429423259dca25680b15cc7e4093e8dfd1f79a8b1f5e4de60c68daeadf98,C:\Users\gduff\Downloads\cb-tb-401-500-v5\pdfs\CB-TB-427_Brennan.pdf,pdf_inventory_criminal,pdf_hash_unique|dupes=2,NO_GOLD,criminal,OFFLINE_CLIENT_PROJECTION,,,
sha:a2eee44ac04d2769c9578a3307dedfd85f3902f404993580bf52b9a8dc534e64,PDF-a2eee44ac04d,CB-TB-2134_Hughes,CB-TB-2134_Hughes.pdf,a2eee44ac04d2769c9578a3307dedfd85f3902f404993580bf52b9a8dc534e64,C:\Users\gduff\Downloads\cb-tb-1601-2200-v5-factory-run\pdfs\CB-TB-2134_Hughes.pdf,pdf_inventory_criminal,pdf_hash_unique|dupes=2,NO_GOLD,criminal,OFFLINE_CLIENT_PROJECTION,,,
sha:a35884e37345b2ebf80529e995a951b60849e48d080d5c29d003ad2203215b71,PDF-a35884e37345,NS-CPS-2026-0432 - Copy (2),NS-CPS-2026-0432 - Copy (2).pdf,a35884e37345b2ebf80529e995a951b60849e48d080d5c29d003ad2203215b71,C:\Users\gduff\Downloads\NS-CPS-2026-0432 - Copy (2).pdf,pdf_inventory,pdf_hash_unique|dupes=2,NO_GOLD,criminal,OFFLINE_CLIENT_PROJECTION,,,
sha:a398ce4da28370a7825aa3f03a91678f398f3736076576edfe14b59711cfa45f,PDF-a398ce4da283,CB-TB-1402_Lark,CB-TB-1402_Lark.pdf,a398ce4da28370a7825aa3f03a91678f398f3736076576edfe14b59711cfa45f,C:\Users\gduff\Downloads\cb-tb-1401-1500-v5-tmp\pdfs\CB-TB-1402_Lark.pdf,pdf_inventory_criminal,pdf_hash_unique|dupes=1,NO_GOLD,criminal,OFFLINE_CLIENT_PROJECTION,,,
sha:a3aa33e8050f3dc8d1d8bad991acec8a9f194f624841d807f9130046e7173f68,PDF-a3aa33e8050f,CB-TB-434_Brennan,CB-TB-434_Brennan.pdf,a3aa33e8050f3dc8d1d8bad991acec8a9f194f624841d807f9130046e7173f68,C:\Users\gduff\Downloads\cb-tb-401-500-v5\pdfs\CB-TB-434_Brennan.pdf,pdf_inventory_criminal,pdf_hash_unique|dupes=2,NO_GOLD,criminal,OFFLINE_CLIENT_PROJECTION,,,
sha:a3ac95e8dd5714fc22172cb3e132acf9c4c8f008ad21199ab926ee7dde771f6f,PDF-a3ac95e8dd57,CB-TB-1136_Forrest,CB-TB-1136_Forrest.pdf,a3ac95e8dd5714fc22172cb3e132acf9c4c8f008ad21199ab926ee7dde771f6f,C:\Users\gduff\Downloads\cb-tb-1101-1400-v5\pdfs\CB-TB-1136_Forrest.pdf,pdf_inventory_criminal,pdf_hash_unique|dupes=2,NO_GOLD,criminal,OFFLINE_CLIENT_PROJECTION,,,
sha:a42fbb3996318530d4660fd13fb81858b11e7e9015feb17aff60b92480315f55,PDF-a42fbb399631,CB-TB-891_Rees,CB-TB-891_Rees.pdf,a42fbb3996318530d4660fd13fb81858b11e7e9015feb17aff60b92480315f55,C:\Users\gduff\Downloads\cb-tb-801-900-v5\pdfs\CB-TB-891_Rees.pdf,pdf_inventory_criminal,pdf_hash_unique|dupes=1,NO_GOLD,criminal,OFFLINE_CLIENT_PROJECTION,,,
sha:a4314da7634e60bee9c8901e85abd57b914f01b32b0081209cf3da4f551d530b,PDF-a4314da7634e,CB-TB-1773_Marlow,CB-TB-1773_Marlow.pdf,a4314da7634e60bee9c8901e85abd57b914f01b32b0081209cf3da4f551d530b,C:\Users\gduff\Downloads\cb-tb-1601-2200-v5-factory-run\pdfs\CB-TB-1773_Marlow.pdf,pdf_inventory_criminal,pdf_hash_unique|dupes=2,NO_GOLD,criminal,OFFLINE_CLIENT_PROJECTION,,,
sha:a44dc2b1229bfa719481e541d2137e6d6d552143cf842a5da71b75f4ab7d9e5a,PDF-a44dc2b1229b,CB-TB-1202_Baines,CB-TB-1202_Baines.pdf,a44dc2b1229bfa719481e541d2137e6d6d552143cf842a5da71b75f4ab7d9e5a,C:\Users\gduff\Downloads\cb-tb-1201-1300-v5\pdfs\CB-TB-1202_Baines.pdf,pdf_inventory_criminal,pdf_hash_unique|dupes=2,NO_GOLD,criminal,OFFLINE_CLIENT_PROJECTION,,,
sha:a4c535e55cc02afec4388bb3bb10cd5b529e38eee1f5f8e7e87c2b8009ee1da8,PDF-a4c535e55cc0,CB-TB-993_Patel,CB-TB-993_Patel.pdf,a4c535e55cc02afec4388bb3bb10cd5b529e38eee1f5f8e7e87c2b8009ee1da8,C:\Users\gduff\Downloads\cb-tb-901-1100-v5\pdfs\CB-TB-993_Patel.pdf,pdf_inventory_criminal,pdf_hash_unique|dupes=2,NO_GOLD,criminal,OFFLINE_CLIENT_PROJECTION,,,
sha:a50fc3f5ae1fba7d6080873d7f8e4743d49e9c7da94858e95a27e0b6fb1171ae,PDF-a50fc3f5ae1f,CB-TB-414_Davies,CB-TB-414_Davies.pdf,a50fc3f5ae1fba7d6080873d7f8e4743d49e9c7da94858e95a27e0b6fb1171ae,C:\Users\gduff\Downloads\cb-tb-401-500-v5\pdfs\CB-TB-414_Davies.pdf,pdf_inventory_criminal,pdf_hash_unique|dupes=2,NO_GOLD,criminal,OFFLINE_CLIENT_PROJECTION,,,
sha:a5135613b5f5aa7a1ed8982e3af598214b5d5910e80391d6304b7ed5944329b8,PDF-a5135613b5f5,CB-TB-1296_Rees,CB-TB-1296_Rees.pdf,a5135613b5f5aa7a1ed8982e3af598214b5d5910e80391d6304b7ed5944329b8,C:\Users\gduff\Downloads\cb-tb-1201-1300-v5\pdfs\CB-TB-1296_Rees.pdf,pdf_inventory_criminal,pdf_hash_unique|dupes=2,NO_GOLD,criminal,OFFLINE_CLIENT_PROJECTION,,,
sha:a5247ab7bf893e2b36e724a8525fa7c9c72614a3f9bf6e8f69993782749a219f,PDF-a5247ab7bf89,CB-TB-866_Marsh,CB-TB-866_Marsh.pdf,a5247ab7bf893e2b36e724a8525fa7c9c72614a3f9bf6e8f69993782749a219f,C:\Users\gduff\Downloads\cb-tb-801-900-v5\pdfs\CB-TB-866_Marsh.pdf,pdf_inventory_criminal,pdf_hash_unique|dupes=1,NO_GOLD,criminal,OFFLINE_CLIENT_PROJECTION,,,
sha:a543c89216e85664bb9af8c039facd5c184c4d56c9727f59105d5bf4c5d0459d,PDF-a543c89216e8,CB-TB-684_Hale,CB-TB-684_Hale.pdf,a543c89216e85664bb9af8c039facd5c184c4d56c9727f59105d5bf4c5d0459d,C:\Users\gduff\Downloads\cb-tb-601-700-v5\pdfs\CB-TB-684_Hale.pdf,pdf_inventory_criminal,pdf_hash_unique|dupes=1,NO_GOLD,criminal,OFFLINE_CLIENT_PROJECTION,,,
sha:a59ead66aa27566dea94d3c02e3decf16760b3d37c1ae1e4557582fa5bcc3b5d,PDF-a59ead66aa27,CB-TB-1886_Keighley,CB-TB-1886_Keighley.pdf,a59ead66aa27566dea94d3c02e3decf16760b3d37c1ae1e4557582fa5bcc3b5d,C:\Users\gduff\Downloads\cb-tb-1601-2200-v5-factory-run\pdfs\CB-TB-1886_Keighley.pdf,pdf_inventory_criminal,pdf_hash_unique|dupes=2,NO_GOLD,criminal,OFFLINE_CLIENT_PROJECTION,,,
sha:a5a50480a1a07632e04452ec1875f9547a531be9520d23278ef6844b3a7cf38a,PDF-a5a50480a1a0,CB-TB-1898_Nolan,CB-TB-1898_Nolan.pdf,a5a50480a1a07632e04452ec1875f9547a531be9520d23278ef6844b3a7cf38a,C:\Users\gduff\Downloads\cb-tb-1601-2200-v5-factory-run\pdfs\CB-TB-1898_Nolan.pdf,pdf_inventory_criminal,pdf_hash_unique|dupes=2,NO_GOLD,criminal,OFFLINE_CLIENT_PROJECTION,,,
sha:a5ac29f70dd4b5453cd5868d0bcb19500818e2fc73206903541de929567531cd,PDF-a5ac29f70dd4,CB-TB-011_Kent,CB-TB-011_Kent.pdf,a5ac29f70dd4b5453cd5868d0bcb19500818e2fc73206903541de929567531cd,C:\Users\gduff\Downloads\cb-tb-001-050-v3\pdfs\CB-TB-011_Kent.pdf,pdf_inventory_criminal,pdf_hash_unique|dupes=2,NO_GOLD,criminal,OFFLINE_CLIENT_PROJECTION,,,
sha:a5b3e8c1b0d1f79212a9ed9e1f0f8f03557515ecbc0cde3c48580055bcd22aa9,PDF-a5b3e8c1b0d1,CB-TB-1252_Rowe,CB-TB-1252_Rowe.pdf,a5b3e8c1b0d1f79212a9ed9e1f0f8f03557515ecbc0cde3c48580055bcd22aa9,C:\Users\gduff\Downloads\cb-tb-1201-1300-v5\pdfs\CB-TB-1252_Rowe.pdf,pdf_inventory_criminal,pdf_hash_unique|dupes=2,NO_GOLD,criminal,OFFLINE_CLIENT_PROJECTION,,,
sha:a5e0bd0f7e332a55af6b4626a54270cc37e330cc7b8c47adcb0af3542bc66583,PDF-a5e0bd0f7e33,CB-TB-1764_Byrne,CB-TB-1764_Byrne.pdf,a5e0bd0f7e332a55af6b4626a54270cc37e330cc7b8c47adcb0af3542bc66583,C:\Users\gduff\Downloads\cb-tb-1601-2200-v5-factory-run\pdfs\CB-TB-1764_Byrne.pdf,pdf_inventory_criminal,pdf_hash_unique|dupes=2,NO_GOLD,criminal,OFFLINE_CLIENT_PROJECTION,,,
sha:a663b294b26dbe39e772426d480e328aa2973a837576d880249aca1c839fe87a,PDF-a663b294b26d,CB-TB-539_Ross,CB-TB-539_Ross.pdf,a663b294b26dbe39e772426d480e328aa2973a837576d880249aca1c839fe87a,C:\Users\gduff\Downloads\cb-tb-501-600-v5-extract\pdfs\CB-TB-539_Ross.pdf,pdf_inventory_criminal,pdf_hash_unique|dupes=3,NO_GOLD,criminal,OFFLINE_CLIENT_PROJECTION,,,
sha:a67176ef5bc23472f8f946b73ae0430a03b81065b05569c759b6e0c472acfc03,PDF-a67176ef5bc2,CB-TB-1585_Francis,CB-TB-1585_Francis.pdf,a67176ef5bc23472f8f946b73ae0430a03b81065b05569c759b6e0c472acfc03,C:\Users\gduff\Downloads\cb-tb-1501-1600-v5-factory-run\pdfs\CB-TB-1585_Francis.pdf,pdf_inventory_criminal,pdf_hash_unique|dupes=2,NO_GOLD,criminal,OFFLINE_CLIENT_PROJECTION,,,
sha:a68fcef4dd0bc790e04e4f0cd929c39305f08b75635ba0c061a01acc33f23f6f,PDF-a68fcef4dd0b,CB-TB-020_Baines,CB-TB-020_Baines.pdf,a68fcef4dd0bc790e04e4f0cd929c39305f08b75635ba0c061a01acc33f23f6f,C:\Users\gduff\Downloads\cb-tb-001-050-v3\pdfs\CB-TB-020_Baines.pdf,pdf_inventory_criminal,pdf_hash_unique|dupes=2,NO_GOLD,criminal,OFFLINE_CLIENT_PROJECTION,,,
sha:a6a9ac3d32578ccba3084138a0e7c66d260cb7d34b9427f7d56bcd770553e418,PDF-a6a9ac3d3257,CB-TB-556_Wright,CB-TB-556_Wright.pdf,a6a9ac3d32578ccba3084138a0e7c66d260cb7d34b9427f7d56bcd770553e418,C:\Users\gduff\Downloads\cb-tb-501-600-v5-extract\pdfs\CB-TB-556_Wright.pdf,pdf_inventory_criminal,pdf_hash_unique|dupes=3,NO_GOLD,criminal,OFFLINE_CLIENT_PROJECTION,,,
sha:a6e61144e9b2ee8cd24d5698e7f3bdc2ac7518eae88a19f89adea050fe5a465f,PDF-a6e61144e9b2,CB-TB-671_Ross,CB-TB-671_Ross.pdf,a6e61144e9b2ee8cd24d5698e7f3bdc2ac7518eae88a19f89adea050fe5a465f,C:\Users\gduff\Downloads\cb-tb-601-700-v5\pdfs\CB-TB-671_Ross.pdf,pdf_inventory_criminal,pdf_hash_unique|dupes=1,NO_GOLD,criminal,OFFLINE_CLIENT_PROJECTION,,,
sha:a6ebed83771a11e83250f3786770534eff4a55875464c261aab4c4f7570cd1b8,PDF-a6ebed83771a,CB-TB-1985_Shaw,CB-TB-1985_Shaw.pdf,a6ebed83771a11e83250f3786770534eff4a55875464c261aab4c4f7570cd1b8,C:\Users\gduff\Downloads\cb-tb-1601-2200-v5-factory-run\pdfs\CB-TB-1985_Shaw.pdf,pdf_inventory_criminal,pdf_hash_unique|dupes=2,NO_GOLD,criminal,OFFLINE_CLIENT_PROJECTION,,,
sha:a6f36778e49b593852334e2464a948b87c5e4dbd470d626d7fb9cb94724c1e80,PDF-a6f36778e49b,CB-TB-545_Thornton,CB-TB-545_Thornton.pdf,a6f36778e49b593852334e2464a948b87c5e4dbd470d626d7fb9cb94724c1e80,C:\Users\gduff\Downloads\cb-tb-501-600-v5-extract\pdfs\CB-TB-545_Thornton.pdf,pdf_inventory_criminal,pdf_hash_unique|dupes=3,NO_GOLD,criminal,OFFLINE_CLIENT_PROJECTION,,,
sha:a6fc95634505c144694d90eca76bf8d11f8d2136ed87d50cc1dd0d55d7090ce7,PDF-a6fc95634505,CB-TB-1986_Quinn,CB-TB-1986_Quinn.pdf,a6fc95634505c144694d90eca76bf8d11f8d2136ed87d50cc1dd0d55d7090ce7,C:\Users\gduff\Downloads\cb-tb-1601-2200-v5-factory-run\pdfs\CB-TB-1986_Quinn.pdf,pdf_inventory_criminal,pdf_hash_unique|dupes=2,NO_GOLD,criminal,OFFLINE_CLIENT_PROJECTION,,,
sha:a72236fb7116e9d9d780fa2039f199b48338de6e43f1b9ab71309f440aad3680,PDF-a72236fb7116,CB-TB-824_Evans,CB-TB-824_Evans.pdf,a72236fb7116e9d9d780fa2039f199b48338de6e43f1b9ab71309f440aad3680,C:\Users\gduff\Downloads\cb-tb-801-900-v5\pdfs\CB-TB-824_Evans.pdf,pdf_inventory_criminal,pdf_hash_unique|dupes=1,NO_GOLD,criminal,OFFLINE_CLIENT_PROJECTION,,,
sha:a734e89564f5e44a83ac1049d9fc2633dd26b7fa0922e29a4d9be942848f3b95,PDF-a734e89564f5,CB-TB-1690_Coates,CB-TB-1690_Coates.pdf,a734e89564f5e44a83ac1049d9fc2633dd26b7fa0922e29a4d9be942848f3b95,C:\Users\gduff\Downloads\cb-tb-1601-2200-v5-factory-run\pdfs\CB-TB-1690_Coates.pdf,pdf_inventory_criminal,pdf_hash_unique|dupes=4,NO_GOLD,criminal,OFFLINE_CLIENT_PROJECTION,,,
sha:a735625cba10d685d20d3f174fb07629099075fe131636790c4119dbbb6f2790,PDF-a735625cba10,CB-TB-813_Coates,CB-TB-813_Coates.pdf,a735625cba10d685d20d3f174fb07629099075fe131636790c4119dbbb6f2790,C:\Users\gduff\Downloads\cb-tb-801-900-v5\pdfs\CB-TB-813_Coates.pdf,pdf_inventory_criminal,pdf_hash_unique|dupes=1,NO_GOLD,criminal,OFFLINE_CLIENT_PROJECTION,,,
sha:a73c493624a3989b84a873ed23691bcc61f09c3adb8b6a1036873b5589ea1f76,PDF-a73c493624a3,CB-TB-1562_White,CB-TB-1562_White.pdf,a73c493624a3989b84a873ed23691bcc61f09c3adb8b6a1036873b5589ea1f76,C:\Users\gduff\Downloads\cb-tb-1501-1600-v5-factory-run\pdfs\CB-TB-1562_White.pdf,pdf_inventory_criminal,pdf_hash_unique|dupes=2,NO_GOLD,criminal,OFFLINE_CLIENT_PROJECTION,,,
sha:a74c00c7ba29dc5e3b75b2cbd4c3348892bd4b9283ff14aac98aa5f3a3e35b11,PDF-a74c00c7ba29,CB-TB-1455_Ross,CB-TB-1455_Ross.pdf,a74c00c7ba29dc5e3b75b2cbd4c3348892bd4b9283ff14aac98aa5f3a3e35b11,C:\Users\gduff\Downloads\cb-tb-1401-1500-v5-tmp\pdfs\CB-TB-1455_Ross.pdf,pdf_inventory_criminal,pdf_hash_unique|dupes=1,NO_GOLD,criminal,OFFLINE_CLIENT_PROJECTION,,,
sha:a74e679c3653a30b09d92057b4c30de1f15eb989d2e8bfc16f15e38a80efb740,PDF-a74e679c3653,CB-TB-1984_Denton,CB-TB-1984_Denton.pdf,a74e679c3653a30b09d92057b4c30de1f15eb989d2e8bfc16f15e38a80efb740,C:\Users\gduff\Downloads\cb-tb-1601-2200-v5-factory-run\pdfs\CB-TB-1984_Denton.pdf,pdf_inventory_criminal,pdf_hash_unique|dupes=2,NO_GOLD,criminal,OFFLINE_CLIENT_PROJECTION,,,
sha:a751ae1c1ee9b9d7e209cfe135030f0c2e13ddb17df006b285a0a08033145910,PDF-a751ae1c1ee9,CB-TB-1158_Thornton,CB-TB-1158_Thornton.pdf,a751ae1c1ee9b9d7e209cfe135030f0c2e13ddb17df006b285a0a08033145910,C:\Users\gduff\Downloads\cb-tb-1101-1400-v5\pdfs\CB-TB-1158_Thornton.pdf,pdf_inventory_criminal,pdf_hash_unique|dupes=2,NO_GOLD,criminal,OFFLINE_CLIENT_PROJECTION,,,
sha:a764d082ab4d01128c3f725d74a4ca35ac400090e29c7927d9028604ce08d803,PDF-a764d082ab4d,CB-TB-835_Grant,CB-TB-835_Grant.pdf,a764d082ab4d01128c3f725d74a4ca35ac400090e29c7927d9028604ce08d803,C:\Users\gduff\Downloads\cb-tb-801-900-v5\pdfs\CB-TB-835_Grant.pdf,pdf_inventory_criminal,pdf_hash_unique|dupes=1,NO_GOLD,criminal,OFFLINE_CLIENT_PROJECTION,,,
sha:a7b7490c5e4ea47a4811f405a55b5a6c504a9f81cd6c60e58b5f73a51558a154,PDF-a7b7490c5e4e,CB-TB-010_Ross,CB-TB-010_Ross.pdf,a7b7490c5e4ea47a4811f405a55b5a6c504a9f81cd6c60e58b5f73a51558a154,C:\Users\gduff\Downloads\cb-tb-001-030-v4\pdfs\CB-TB-010_Ross.pdf,pdf_inventory_criminal,pdf_hash_unique|dupes=1,NO_GOLD,criminal,OFFLINE_CLIENT_PROJECTION,,,
sha:a81116bd440a0419d12b7bdbf2e89bb58dba7b26ecf5f16c4501c5c890b17e71,PDF-a81116bd440a,CB-TB-1530_Boyle,CB-TB-1530_Boyle.pdf,a81116bd440a0419d12b7bdbf2e89bb58dba7b26ecf5f16c4501c5c890b17e71,C:\Users\gduff\Downloads\cb-tb-1501-1600-v5-factory-run\pdfs\CB-TB-1530_Boyle.pdf,pdf_inventory_criminal,pdf_hash_unique|dupes=2,NO_GOLD,criminal,OFFLINE_CLIENT_PROJECTION,,,
sha:a8212b59135e7160a06fd948acf7ac158542565077ac4224bafa06a09cf284ea,PDF-a8212b59135e,CB-TB-2018_Doyle,CB-TB-2018_Doyle.pdf,a8212b59135e7160a06fd948acf7ac158542565077ac4224bafa06a09cf284ea,C:\Users\gduff\Downloads\cb-tb-1601-2200-v5-factory-run\pdfs\CB-TB-2018_Doyle.pdf,pdf_inventory_criminal,pdf_hash_unique|dupes=2,NO_GOLD,criminal,OFFLINE_CLIENT_PROJECTION,,,
sha:a82d607b0310460d808eb2ab3b9d881c4543fdf5a4393e070b39beb8404e6d99,PDF-a82d607b0310,CB-TB-683_Merritt,CB-TB-683_Merritt.pdf,a82d607b0310460d808eb2ab3b9d881c4543fdf5a4393e070b39beb8404e6d99,C:\Users\gduff\Downloads\cb-tb-601-700-v5\pdfs\CB-TB-683_Merritt.pdf,pdf_inventory_criminal,pdf_hash_unique|dupes=1,NO_GOLD,criminal,OFFLINE_CLIENT_PROJECTION,,,
sha:a8313e3823736a350da7528fe1891448ba7dc96c908977fd2ad655f81e1b02ed,PDF-a8313e382373,CB-TB-1634_Nolan,CB-TB-1634_Nolan.pdf,a8313e3823736a350da7528fe1891448ba7dc96c908977fd2ad655f81e1b02ed,C:\Users\gduff\Downloads\cb-tb-1601-2200-v5-factory-run\pdfs\CB-TB-1634_Nolan.pdf,pdf_inventory_criminal,pdf_hash_unique|dupes=4,NO_GOLD,criminal,OFFLINE_CLIENT_PROJECTION,,,
sha:a8ad81fa39ece1f5f798bd078805df000fe2d7b12293800de7337a1def587fdb,PDF-a8ad81fa39ec,CB-TB-1317_Vale,CB-TB-1317_Vale.pdf,a8ad81fa39ece1f5f798bd078805df000fe2d7b12293800de7337a1def587fdb,C:\Users\gduff\Downloads\cb-tb-1301-1400-v5\pdfs\CB-TB-1317_Vale.pdf,pdf_inventory_criminal,pdf_hash_unique|dupes=2,NO_GOLD,criminal,OFFLINE_CLIENT_PROJECTION,,,
sha:a8f0172f4c9b7383acce4e034f846ba14a893ce141488b462d41c1a748546ce4,PDF-a8f0172f4c9b,CB-TB-1649_Mitchell,CB-TB-1649_Mitchell.pdf,a8f0172f4c9b7383acce4e034f846ba14a893ce141488b462d41c1a748546ce4,C:\Users\gduff\Downloads\cb-tb-1601-2200-v5-factory-run\pdfs\CB-TB-1649_Mitchell.pdf,pdf_inventory_criminal,pdf_hash_unique|dupes=4,NO_GOLD,criminal,OFFLINE_CLIENT_PROJECTION,,,
sha:a8fda26e4ec5fc5b12e95ebd2a67c0a20821c457ffa1c753ef70e4c1679e005c,PDF-a8fda26e4ec5,CB-TB-1732_Quinn,CB-TB-1732_Quinn.pdf,a8fda26e4ec5fc5b12e95ebd2a67c0a20821c457ffa1c753ef70e4c1679e005c,C:\Users\gduff\Downloads\cb-tb-1601-2200-v5-factory-run\pdfs\CB-TB-1732_Quinn.pdf,pdf_inventory_criminal,pdf_hash_unique|dupes=2,NO_GOLD,criminal,OFFLINE_CLIENT_PROJECTION,,,
sha:a9126a5faa0eaa0c090e4791efe060a0e40c300aacf71b887e4ec5da71dfea79,PDF-a9126a5faa0e,CB-TB-1641_Mason,CB-TB-1641_Mason.pdf,a9126a5faa0eaa0c090e4791efe060a0e40c300aacf71b887e4ec5da71dfea79,C:\Users\gduff\Downloads\cb-tb-1601-2200-v5-factory-run\pdfs\CB-TB-1641_Mason.pdf,pdf_inventory_criminal,pdf_hash_unique|dupes=4,NO_GOLD,criminal,OFFLINE_CLIENT_PROJECTION,,,
sha:a931237ad8330e8cceeebc3a9dce8d921630831f840bc43bd54e4ffbbd049118,PDF-a931237ad833,CB-TB-102_Rowe,CB-TB-102_Rowe.pdf,a931237ad8330e8cceeebc3a9dce8d921630831f840bc43bd54e4ffbbd049118,C:\Users\gduff\Downloads\cb-tb-101-200-v4\pdfs\CB-TB-102_Rowe.pdf,pdf_inventory_criminal,pdf_hash_unique|dupes=1,NO_GOLD,criminal,OFFLINE_CLIENT_PROJECTION,,,
sha:a94845cacec48b3f0151d64a69b29256dcf9b83e6f9f64647ccb96aacb2ef84e,PDF-a94845cacec4,CB-TB-1837_Fielding,CB-TB-1837_Fielding.pdf,a94845cacec48b3f0151d64a69b29256dcf9b83e6f9f64647ccb96aacb2ef84e,C:\Users\gduff\Downloads\cb-tb-1601-2200-v5-factory-run\pdfs\CB-TB-1837_Fielding.pdf,pdf_inventory_criminal,pdf_hash_unique|dupes=2,NO_GOLD,criminal,OFFLINE_CLIENT_PROJECTION,,,
sha:a95ed4ea59a83c31189156473aae56d87dec9dc66f1d8c2db6a884a26151e716,PDF-a95ed4ea59a8,CB-TB-551_Parker,CB-TB-551_Parker.pdf,a95ed4ea59a83c31189156473aae56d87dec9dc66f1d8c2db6a884a26151e716,C:\Users\gduff\Downloads\cb-tb-501-600-v5-extract\pdfs\CB-TB-551_Parker.pdf,pdf_inventory_criminal,pdf_hash_unique|dupes=3,NO_GOLD,criminal,OFFLINE_CLIENT_PROJECTION,,,
sha:a979a9427f5613f6296802419457aec8a773edf2764140b9a864a87ecda6baab,PDF-a979a9427f56,CB-TB-187_Morley,CB-TB-187_Morley.pdf,a979a9427f5613f6296802419457aec8a773edf2764140b9a864a87ecda6baab,C:\Users\gduff\Downloads\cb-tb-101-200-v4\pdfs\CB-TB-187_Morley.pdf,pdf_inventory_criminal,pdf_hash_unique|dupes=1,NO_GOLD,criminal,OFFLINE_CLIENT_PROJECTION,,,
sha:a9900dcbe8d8fcbc08198ac090e1e1d697e3c62f7d2c6aa731559734efde3457,PDF-a9900dcbe8d8,CB-TB-167_Coates,CB-TB-167_Coates.pdf,a9900dcbe8d8fcbc08198ac090e1e1d697e3c62f7d2c6aa731559734efde3457,C:\Users\gduff\Downloads\cb-tb-101-200-v4\pdfs\CB-TB-167_Coates.pdf,pdf_inventory_criminal,pdf_hash_unique|dupes=1,NO_GOLD,criminal,OFFLINE_CLIENT_PROJECTION,,,
sha:a9a6937cf786ab30bed62dd98c0de507114f272e56b6aad01e14d40dfa2b8f72,PDF-a9a6937cf786,CB-TB-1034_Dawson,CB-TB-1034_Dawson.pdf,a9a6937cf786ab30bed62dd98c0de507114f272e56b6aad01e14d40dfa2b8f72,C:\Users\gduff\Downloads\cb-tb-901-1100-v5\pdfs\CB-TB-1034_Dawson.pdf,pdf_inventory_criminal,pdf_hash_unique|dupes=2,NO_GOLD,criminal,OFFLINE_CLIENT_PROJECTION,,,
sha:a9a76a8e577d92ec1be87f49c50d339314e18f22601643d8ca1ed847afdd2fa4,PDF-a9a76a8e577d,CB-TB-518_Walsh,CB-TB-518_Walsh.pdf,a9a76a8e577d92ec1be87f49c50d339314e18f22601643d8ca1ed847afdd2fa4,C:\Users\gduff\Downloads\cb-tb-501-600-v5-extract\pdfs\CB-TB-518_Walsh.pdf,pdf_inventory_criminal,pdf_hash_unique|dupes=3,NO_GOLD,criminal,OFFLINE_CLIENT_PROJECTION,,,
sha:a9b52aed8db57c277af6cccbc672b1ddd467cb01cb5c010105617502144cdecc,PDF-a9b52aed8db5,CB-TB-861_Khan,CB-TB-861_Khan.pdf,a9b52aed8db57c277af6cccbc672b1ddd467cb01cb5c010105617502144cdecc,C:\Users\gduff\Downloads\cb-tb-801-900-v5\pdfs\CB-TB-861_Khan.pdf,pdf_inventory_criminal,pdf_hash_unique|dupes=1,NO_GOLD,criminal,OFFLINE_CLIENT_PROJECTION,,,
sha:a9b6847aa2bbf971a976c354dc479bca1f5e3fbc7480f1f7e94553b5614b455a,PDF-a9b6847aa2bb,gauntlet-01-thin-charge,gauntlet-01-thin-charge.pdf,a9b6847aa2bbf971a976c354dc479bca1f5e3fbc7480f1f7e94553b5614b455a,C:\Users\gduff\Downloads\test casess\gauntlet-01-thin-charge.pdf,pdf_inventory,pdf_hash_unique|dupes=2,NO_GOLD,criminal,OFFLINE_CLIENT_PROJECTION,,,
sha:a9c5d676bf890b55f6bb83b2a21bee9eac2dd7f4b401c905a03c2fd463d5e446,PDF-a9c5d676bf89,CB-TB-1693_Khan,CB-TB-1693_Khan.pdf,a9c5d676bf890b55f6bb83b2a21bee9eac2dd7f4b401c905a03c2fd463d5e446,C:\Users\gduff\Downloads\cb-tb-1601-2200-v5-factory-run\pdfs\CB-TB-1693_Khan.pdf,pdf_inventory_criminal,pdf_hash_unique|dupes=4,NO_GOLD,criminal,OFFLINE_CLIENT_PROJECTION,,,
sha:a9cddd3546c2e68e312b5d9019e6e7a97d6b5101f0ee5bdb2d9433ad90d15de9,PDF-a9cddd3546c2,CB-TB-065_Ross,CB-TB-065_Ross.pdf,a9cddd3546c2e68e312b5d9019e6e7a97d6b5101f0ee5bdb2d9433ad90d15de9,C:\Users\gduff\Downloads\cb-tb-031-100-v4\pdfs\CB-TB-065_Ross.pdf,pdf_inventory_criminal,pdf_hash_unique|dupes=1,NO_GOLD,criminal,OFFLINE_CLIENT_PROJECTION,,,
sha:a9f4d03b0b030477bfafc5514b9b82d9e09f4235475561796389a967b7de8bca,PDF-a9f4d03b0b03,CB-TB-2183_Mason,CB-TB-2183_Mason.pdf,a9f4d03b0b030477bfafc5514b9b82d9e09f4235475561796389a967b7de8bca,C:\Users\gduff\Downloads\cb-tb-1601-2200-v5-factory-run\pdfs\CB-TB-2183_Mason.pdf,pdf_inventory_criminal,pdf_hash_unique|dupes=2,NO_GOLD,criminal,OFFLINE_CLIENT_PROJECTION,,,
sha:aa1ad6cc1a9dbcecd7cd276904165f81bf6ddccecde767a0d3e97a30dc0b1573,PDF-aa1ad6cc1a9d,CB-TB-709_Marsh,CB-TB-709_Marsh.pdf,aa1ad6cc1a9dbcecd7cd276904165f81bf6ddccecde767a0d3e97a30dc0b1573,C:\Users\gduff\Downloads\cb-tb-701-800-v5\pdfs\CB-TB-709_Marsh.pdf,pdf_inventory_criminal,pdf_hash_unique|dupes=1,NO_GOLD,criminal,OFFLINE_CLIENT_PROJECTION,,,
sha:aa6df44a2918a0ea4dfe59abae97d0c8adc6526e23acabc22b2f81aff720efc7,PDF-aa6df44a2918,CB-TB-810_Brooks,CB-TB-810_Brooks.pdf,aa6df44a2918a0ea4dfe59abae97d0c8adc6526e23acabc22b2f81aff720efc7,C:\Users\gduff\Downloads\cb-tb-801-900-v5\pdfs\CB-TB-810_Brooks.pdf,pdf_inventory_criminal,pdf_hash_unique|dupes=1,NO_GOLD,criminal,OFFLINE_CLIENT_PROJECTION,,,
sha:aa721d359c77e5ef690947a0b6edf4bc86fc471763c6917cd932e9e6bb28ec5f,PDF-aa721d359c77,CB-TB-221_Dunn,CB-TB-221_Dunn.pdf,aa721d359c77e5ef690947a0b6edf4bc86fc471763c6917cd932e9e6bb28ec5f,C:\Users\gduff\Downloads\cb-tb-201-300-v4\pdfs\CB-TB-221_Dunn.pdf,pdf_inventory_criminal,pdf_hash_unique|dupes=1,NO_GOLD,criminal,OFFLINE_CLIENT_PROJECTION,,,
sha:aaa12a2ed64a45e4542d236094e1fc72d54f2e4ff27f71ffcc153a38f7f79c48,PDF-aaa12a2ed64a,CB-TB-520_Reed,CB-TB-520_Reed.pdf,aaa12a2ed64a45e4542d236094e1fc72d54f2e4ff27f71ffcc153a38f7f79c48,C:\Users\gduff\Downloads\cb-tb-501-600-v5-extract\pdfs\CB-TB-520_Reed.pdf,pdf_inventory_criminal,pdf_hash_unique|dupes=3,NO_GOLD,criminal,OFFLINE_CLIENT_PROJECTION,,,
sha:aac614ec2ef30fe09e3081a55841f672fde9c402abce34bf6d96d1d7bec0da77,PDF-aac614ec2ef3,CB-TB-956_Okonkwo,CB-TB-956_Okonkwo.pdf,aac614ec2ef30fe09e3081a55841f672fde9c402abce34bf6d96d1d7bec0da77,C:\Users\gduff\Downloads\cb-tb-901-1100-v5\pdfs\CB-TB-956_Okonkwo.pdf,pdf_inventory_criminal,pdf_hash_unique|dupes=2,NO_GOLD,criminal,OFFLINE_CLIENT_PROJECTION,,,
sha:aac73c92cb75a160a9bd71ef4bc5c03c36bc0851f83ab4569eaa25e393adc1aa,PDF-aac73c92cb75,CB-TB-1658_Okonkwo,CB-TB-1658_Okonkwo.pdf,aac73c92cb75a160a9bd71ef4bc5c03c36bc0851f83ab4569eaa25e393adc1aa,C:\Users\gduff\Downloads\cb-tb-1601-2200-v5-factory-run\pdfs\CB-TB-1658_Okonkwo.pdf,pdf_inventory_criminal,pdf_hash_unique|dupes=4,NO_GOLD,criminal,OFFLINE_CLIENT_PROJECTION,,,
sha:aad048a047ecb37bd0fd4b7d03e9ff609cb693e2d7b69ed466a35144defe7195,PDF-aad048a047ec,MG5.PDF,MG5.PDF.pdf,aad048a047ecb37bd0fd4b7d03e9ff609cb693e2d7b69ed466a35144defe7195,C:\Users\gduff\Downloads\MG5.PDF.pdf,pdf_inventory,pdf_hash_unique|dupes=1,NO_GOLD,criminal,OFFLINE_CLIENT_PROJECTION,,,
sha:aaea244af1bd5525d054b9c1135715732a8b02202645743bda40f868f715c8f6,PDF-aaea244af1bd,CB-TB-1745_Knowles,CB-TB-1745_Knowles.pdf,aaea244af1bd5525d054b9c1135715732a8b02202645743bda40f868f715c8f6,C:\Users\gduff\Downloads\cb-tb-1601-2200-v5-factory-run\pdfs\CB-TB-1745_Knowles.pdf,pdf_inventory_criminal,pdf_hash_unique|dupes=2,NO_GOLD,criminal,OFFLINE_CLIENT_PROJECTION,,,
sha:aaed80b0363c675a3e0fdb160f32a37508eb3578880caba538c7e248c0b85b19,PDF-aaed80b0363c,CB-TB-030_Marcus_Dalen,CB-TB-030_Marcus_Dalen.pdf,aaed80b0363c675a3e0fdb160f32a37508eb3578880caba538c7e248c0b85b19,C:\Users\gduff\Downloads\CaseBrain_Blind_Bundle_Factory_v2_30_bundles (1)\pdfs\CB-TB-030_Marcus_Dalen.pdf,pdf_inventory_criminal,pdf_hash_unique|dupes=2,NO_GOLD,criminal,OFFLINE_CLIENT_PROJECTION,,,
sha:aafa683a2d10e8a5543a791c4276047e09e46c11c6b0f8db3c023b39d3ece0e4,PDF-aafa683a2d10,CB-TB-437_Wright,CB-TB-437_Wright.pdf,aafa683a2d10e8a5543a791c4276047e09e46c11c6b0f8db3c023b39d3ece0e4,C:\Users\gduff\Downloads\cb-tb-401-500-v5\pdfs\CB-TB-437_Wright.pdf,pdf_inventory_criminal,pdf_hash_unique|dupes=2,NO_GOLD,criminal,OFFLINE_CLIENT_PROJECTION,,,
sha:ab130ab2f85cad02a518364d1fb31c0912f1bb7e87349ccb2212f9252e6fe490,PDF-ab130ab2f85c,CB-TB-1267_Wright,CB-TB-1267_Wright.pdf,ab130ab2f85cad02a518364d1fb31c0912f1bb7e87349ccb2212f9252e6fe490,C:\Users\gduff\Downloads\cb-tb-1201-1300-v5\pdfs\CB-TB-1267_Wright.pdf,pdf_inventory_criminal,pdf_hash_unique|dupes=2,NO_GOLD,criminal,OFFLINE_CLIENT_PROJECTION,,,
sha:ab149b586219bd0844108d6db4d8a19dc46a0e7bb5e6392f319aa062a6fac2f9,PDF-ab149b586219,CB-TB-631_Marsh,CB-TB-631_Marsh.pdf,ab149b586219bd0844108d6db4d8a19dc46a0e7bb5e6392f319aa062a6fac2f9,C:\Users\gduff\Downloads\cb-tb-601-700-v5\pdfs\CB-TB-631_Marsh.pdf,pdf_inventory_criminal,pdf_hash_unique|dupes=1,NO_GOLD,criminal,OFFLINE_CLIENT_PROJECTION,,,
sha:ab4527fd6c6ce84945157acc6b117eb370274734f549dab5ccfc7aaf281a1885,PDF-ab4527fd6c6c,CB-TB-1758_Pike,CB-TB-1758_Pike.pdf,ab4527fd6c6ce84945157acc6b117eb370274734f549dab5ccfc7aaf281a1885,C:\Users\gduff\Downloads\cb-tb-1601-2200-v5-factory-run\pdfs\CB-TB-1758_Pike.pdf,pdf_inventory_criminal,pdf_hash_unique|dupes=2,NO_GOLD,criminal,OFFLINE_CLIENT_PROJECTION,,,
sha:ab46f3b8d7f6889a529ca0f2305048e5c5d6d8129b1256b6ce793d41a8248d04,PDF-ab46f3b8d7f6,CB-TB-1534_Price,CB-TB-1534_Price.pdf,ab46f3b8d7f6889a529ca0f2305048e5c5d6d8129b1256b6ce793d41a8248d04,C:\Users\gduff\Downloads\cb-tb-1501-1600-v5-factory-run\pdfs\CB-TB-1534_Price.pdf,pdf_inventory_criminal,pdf_hash_unique|dupes=2,NO_GOLD,criminal,OFFLINE_CLIENT_PROJECTION,,,
sha:ab5e51e2cc37dd88a44c116427b9fdea73e482d2b0039ce79acdf7c8045eb863,PDF-ab5e51e2cc37,CB-TB-057_Baines,CB-TB-057_Baines.pdf,ab5e51e2cc37dd88a44c116427b9fdea73e482d2b0039ce79acdf7c8045eb863,C:\Users\gduff\Downloads\cb-tb-031-100-v4\pdfs\CB-TB-057_Baines.pdf,pdf_inventory_criminal,pdf_hash_unique|dupes=1,NO_GOLD,criminal,OFFLINE_CLIENT_PROJECTION,,,
sha:ab7adbe9f02e93c15583b99cc56a529c829424c5770d5265c682872b80c5bf03,PDF-ab7adbe9f02e,CB-TB-1060_Porter,CB-TB-1060_Porter.pdf,ab7adbe9f02e93c15583b99cc56a529c829424c5770d5265c682872b80c5bf03,C:\Users\gduff\Downloads\cb-tb-901-1100-v5\pdfs\CB-TB-1060_Porter.pdf,pdf_inventory_criminal,pdf_hash_unique|dupes=2,NO_GOLD,criminal,OFFLINE_CLIENT_PROJECTION,,,
sha:ab8f59d554512319ce78c9adaf88ae618b91a4409d50d6f5bc2644e4c0eb7f4e,PDF-ab8f59d55451,CB-TB-2150_Hughes,CB-TB-2150_Hughes.pdf,ab8f59d554512319ce78c9adaf88ae618b91a4409d50d6f5bc2644e4c0eb7f4e,C:\Users\gduff\Downloads\cb-tb-1601-2200-v5-factory-run\pdfs\CB-TB-2150_Hughes.pdf,pdf_inventory_criminal,pdf_hash_unique|dupes=2,NO_GOLD,criminal,OFFLINE_CLIENT_PROJECTION,,,
sha:abf54951ea4b35c70ff90ddd07b9189ad616ab32e7b3382e1fcd3ea180f8fb68,PDF-abf54951ea4b,CB-TB-570_Okonkwo,CB-TB-570_Okonkwo.pdf,abf54951ea4b35c70ff90ddd07b9189ad616ab32e7b3382e1fcd3ea180f8fb68,C:\Users\gduff\Downloads\cb-tb-501-600-v5-extract\pdfs\CB-TB-570_Okonkwo.pdf,pdf_inventory_criminal,pdf_hash_unique|dupes=3,NO_GOLD,criminal,OFFLINE_CLIENT_PROJECTION,,,
sha:ac3d3660bcfca9f53349a9f049c8923e321f438c6730a6370cebc69cc7cc2282,PDF-ac3d3660bcfc,CB-TB-1711_Keane,CB-TB-1711_Keane.pdf,ac3d3660bcfca9f53349a9f049c8923e321f438c6730a6370cebc69cc7cc2282,C:\Users\gduff\Downloads\cb-tb-1601-2200-v5-factory-run\pdfs\CB-TB-1711_Keane.pdf,pdf_inventory_criminal,pdf_hash_unique|dupes=2,NO_GOLD,criminal,OFFLINE_CLIENT_PROJECTION,,,
sha:ac3e97f7d56bd9b55163056aab6e0026847cc22eb986b7dcb707e40f07e3ac20,PDF-ac3e97f7d56b,CB-TB-712_Mitchell,CB-TB-712_Mitchell.pdf,ac3e97f7d56bd9b55163056aab6e0026847cc22eb986b7dcb707e40f07e3ac20,C:\Users\gduff\Downloads\cb-tb-701-800-v5\pdfs\CB-TB-712_Mitchell.pdf,pdf_inventory_criminal,pdf_hash_unique|dupes=1,NO_GOLD,criminal,OFFLINE_CLIENT_PROJECTION,,,
sha:ac49fb2cf0c2fa1edf2de24fa4d88e53b012e396dcf3190c8264c19cda65b24b,PDF-ac49fb2cf0c2,CB-TB-944_Khan,CB-TB-944_Khan.pdf,ac49fb2cf0c2fa1edf2de24fa4d88e53b012e396dcf3190c8264c19cda65b24b,C:\Users\gduff\Downloads\cb-tb-901-1100-v5\pdfs\CB-TB-944_Khan.pdf,pdf_inventory_criminal,pdf_hash_unique|dupes=2,NO_GOLD,criminal,OFFLINE_CLIENT_PROJECTION,,,
sha:ac5dc8c840118fe1dc4aeab92681843ff744cecaa7d490aeade165d9ddf9b34b,PDF-ac5dc8c84011,CB-TB-799_Parker,CB-TB-799_Parker.pdf,ac5dc8c840118fe1dc4aeab92681843ff744cecaa7d490aeade165d9ddf9b34b,C:\Users\gduff\Downloads\cb-tb-701-800-v5\pdfs\CB-TB-799_Parker.pdf,pdf_inventory_criminal,pdf_hash_unique|dupes=1,NO_GOLD,criminal,OFFLINE_CLIENT_PROJECTION,,,
sha:ac63ec9bc93b371288567d024062793771e3e3c123fee0ee663547827bd2200a,PDF-ac63ec9bc93b,CB-TB-1266_Patterson,CB-TB-1266_Patterson.pdf,ac63ec9bc93b371288567d024062793771e3e3c123fee0ee663547827bd2200a,C:\Users\gduff\Downloads\cb-tb-1201-1300-v5\pdfs\CB-TB-1266_Patterson.pdf,pdf_inventory_criminal,pdf_hash_unique|dupes=2,NO_GOLD,criminal,OFFLINE_CLIENT_PROJECTION,,,
sha:ac698005cd5c9b26de1e258359d8207795afa27e7025d89a97e5fc41cb6a0ccf,PDF-ac698005cd5c,CB-TB-1647_Cole,CB-TB-1647_Cole.pdf,ac698005cd5c9b26de1e258359d8207795afa27e7025d89a97e5fc41cb6a0ccf,C:\Users\gduff\Downloads\cb-tb-1601-2200-v5-factory-run\pdfs\CB-TB-1647_Cole.pdf,pdf_inventory_criminal,pdf_hash_unique|dupes=4,NO_GOLD,criminal,OFFLINE_CLIENT_PROJECTION,,,
sha:ac7e434b0de2d84e9866bd618213cd8cfc884f84f2b6903795af3feca51a096c,PDF-ac7e434b0de2,CB-TB-1967_Kaur,CB-TB-1967_Kaur.pdf,ac7e434b0de2d84e9866bd618213cd8cfc884f84f2b6903795af3feca51a096c,C:\Users\gduff\Downloads\cb-tb-1601-2200-v5-factory-run\pdfs\CB-TB-1967_Kaur.pdf,pdf_inventory_criminal,pdf_hash_unique|dupes=2,NO_GOLD,criminal,OFFLINE_CLIENT_PROJECTION,,,
sha:ac82dca1db1768c37704849188ffbe7e8280a3af4f528285a27d12e74d8a80a2,PDF-ac82dca1db17,CB-TB-966_Hughes,CB-TB-966_Hughes.pdf,ac82dca1db1768c37704849188ffbe7e8280a3af4f528285a27d12e74d8a80a2,C:\Users\gduff\Downloads\cb-tb-901-1100-v5\pdfs\CB-TB-966_Hughes.pdf,pdf_inventory_criminal,pdf_hash_unique|dupes=2,NO_GOLD,criminal,OFFLINE_CLIENT_PROJECTION,,,
sha:ac9b9f7481e66195bb5d6d038f5c516b5e1b1759fccfafd477a82c3136f4e69e,PDF-ac9b9f7481e6,CB-TB-1323_West,CB-TB-1323_West.pdf,ac9b9f7481e66195bb5d6d038f5c516b5e1b1759fccfafd477a82c3136f4e69e,C:\Users\gduff\Downloads\cb-tb-1301-1400-v5\pdfs\CB-TB-1323_West.pdf,pdf_inventory_criminal,pdf_hash_unique|dupes=2,NO_GOLD,criminal,OFFLINE_CLIENT_PROJECTION,,,
sha:acc8df05413960b7665986c52cfbdda601da02ce89f5cae22e10d7cdc465fe5f,PDF-acc8df054139,CB-TB-1178_Merritt,CB-TB-1178_Merritt.pdf,acc8df05413960b7665986c52cfbdda601da02ce89f5cae22e10d7cdc465fe5f,C:\Users\gduff\Downloads\cb-tb-1101-1400-v5\pdfs\CB-TB-1178_Merritt.pdf,pdf_inventory_criminal,pdf_hash_unique|dupes=2,NO_GOLD,criminal,OFFLINE_CLIENT_PROJECTION,,,
sha:ace24dd17118a2129ee7d2320e9cec452b9f01331b5c0674657f20fb036866fa,PDF-ace24dd17118,CB-TB-803_Patterson,CB-TB-803_Patterson.pdf,ace24dd17118a2129ee7d2320e9cec452b9f01331b5c0674657f20fb036866fa,C:\Users\gduff\Downloads\cb-tb-801-900-v5\pdfs\CB-TB-803_Patterson.pdf,pdf_inventory_criminal,pdf_hash_unique|dupes=1,NO_GOLD,criminal,OFFLINE_CLIENT_PROJECTION,,,
sha:ad30242551afb239bab9eb3470bbd5f6f6cbc6fe8497a84ec0e5c8f28d008dca,PDF-ad30242551af,CB-TB-2044_Thornton,CB-TB-2044_Thornton.pdf,ad30242551afb239bab9eb3470bbd5f6f6cbc6fe8497a84ec0e5c8f28d008dca,C:\Users\gduff\Downloads\cb-tb-1601-2200-v5-factory-run\pdfs\CB-TB-2044_Thornton.pdf,pdf_inventory_criminal,pdf_hash_unique|dupes=2,NO_GOLD,criminal,OFFLINE_CLIENT_PROJECTION,,,
sha:ad3bb4631d2431a45bc3efc95cc4f533305f6abfb9460b6019ca7f3e2eaf3c8e,PDF-ad3bb4631d24,CB-TB-384_Vale,CB-TB-384_Vale.pdf,ad3bb4631d2431a45bc3efc95cc4f533305f6abfb9460b6019ca7f3e2eaf3c8e,C:\Users\gduff\Downloads\cb-tb-301-400-v4\pdfs\CB-TB-384_Vale.pdf,pdf_inventory_criminal,pdf_hash_unique|dupes=2,NO_GOLD,criminal,OFFLINE_CLIENT_PROJECTION,,,
sha:ad5c09201e25f73cab13a51cb7dbc53c930d1ce14fd272016f36f7ac176d4489,PDF-ad5c09201e25,CB-TB-1463_Hale,CB-TB-1463_Hale.pdf,ad5c09201e25f73cab13a51cb7dbc53c930d1ce14fd272016f36f7ac176d4489,C:\Users\gduff\Downloads\cb-tb-1401-1500-v5-tmp\pdfs\CB-TB-1463_Hale.pdf,pdf_inventory_criminal,pdf_hash_unique|dupes=1,NO_GOLD,criminal,OFFLINE_CLIENT_PROJECTION,,,
sha:ad708433ce7361c36f9d047fef18200f8b0d3239873775bdb4f0d48db120845d,PDF-ad708433ce73,CB-TB-654_Parker,CB-TB-654_Parker.pdf,ad708433ce7361c36f9d047fef18200f8b0d3239873775bdb4f0d48db120845d,C:\Users\gduff\Downloads\cb-tb-601-700-v5\pdfs\CB-TB-654_Parker.pdf,pdf_inventory_criminal,pdf_hash_unique|dupes=1,NO_GOLD,criminal,OFFLINE_CLIENT_PROJECTION,,,
sha:adc1d2db6081bb33a08f7f7b959a74650e8310783a5b645f8974dd2352bb8af8,PDF-adc1d2db6081,CB-TB-2194_Sutton,CB-TB-2194_Sutton.pdf,adc1d2db6081bb33a08f7f7b959a74650e8310783a5b645f8974dd2352bb8af8,C:\Users\gduff\Downloads\cb-tb-1601-2200-v5-factory-run\pdfs\CB-TB-2194_Sutton.pdf,pdf_inventory_criminal,pdf_hash_unique|dupes=2,NO_GOLD,criminal,OFFLINE_CLIENT_PROJECTION,,,
sha:ade440b3e1647e24e1262da174c22cd2e901e76f84b09222fd188c53425d2ad8,PDF-ade440b3e164,CB-TB-836_Hayes,CB-TB-836_Hayes.pdf,ade440b3e1647e24e1262da174c22cd2e901e76f84b09222fd188c53425d2ad8,C:\Users\gduff\Downloads\cb-tb-801-900-v5\pdfs\CB-TB-836_Hayes.pdf,pdf_inventory_criminal,pdf_hash_unique|dupes=1,NO_GOLD,criminal,OFFLINE_CLIENT_PROJECTION,,,
sha:adf157639a41248ac682906343181fc62fdd2d31978ef0312a8545c401e9fbb7,PDF-adf157639a41,CB-TB-472_Nolan,CB-TB-472_Nolan.pdf,adf157639a41248ac682906343181fc62fdd2d31978ef0312a8545c401e9fbb7,C:\Users\gduff\Downloads\cb-tb-401-500-v5\pdfs\CB-TB-472_Nolan.pdf,pdf_inventory_criminal,pdf_hash_unique|dupes=2,NO_GOLD,criminal,OFFLINE_CLIENT_PROJECTION,,,
sha:adf1f893c13b206b33257dce693f5d7d94e869b6fe7c1d9da70ff81266fa339c,PDF-adf1f893c13b,CB-TB-104_Ross,CB-TB-104_Ross.pdf,adf1f893c13b206b33257dce693f5d7d94e869b6fe7c1d9da70ff81266fa339c,C:\Users\gduff\Downloads\cb-tb-101-200-v4\pdfs\CB-TB-104_Ross.pdf,pdf_inventory_criminal,pdf_hash_unique|dupes=1,NO_GOLD,criminal,OFFLINE_CLIENT_PROJECTION,,,
sha:adf49c9787e45e459f7659cf86153459d4417de531196ab3a85756656fc95483,PDF-adf49c9787e4,CB-TB-337_Gibbs,CB-TB-337_Gibbs.pdf,adf49c9787e45e459f7659cf86153459d4417de531196ab3a85756656fc95483,C:\Users\gduff\Downloads\cb-tb-301-400-v4\pdfs\CB-TB-337_Gibbs.pdf,pdf_inventory_criminal,pdf_hash_unique|dupes=2,NO_GOLD,criminal,OFFLINE_CLIENT_PROJECTION,,,
sha:ae021b3947b90f060326d798191624de39d8a0ed727913dc534667da54497123,PDF-ae021b3947b9,CB-TB-2128_Mason,CB-TB-2128_Mason.pdf,ae021b3947b90f060326d798191624de39d8a0ed727913dc534667da54497123,C:\Users\gduff\Downloads\cb-tb-1601-2200-v5-factory-run\pdfs\CB-TB-2128_Mason.pdf,pdf_inventory_criminal,pdf_hash_unique|dupes=2,NO_GOLD,criminal,OFFLINE_CLIENT_PROJECTION,,,
sha:ae0e8d3115e202f88f26004000bf3c6ab6a1e9c36f3e64b0d2af5c91d5e343b1,PDF-ae0e8d3115e2,CB-TB-1946_Denton,CB-TB-1946_Denton.pdf,ae0e8d3115e202f88f26004000bf3c6ab6a1e9c36f3e64b0d2af5c91d5e343b1,C:\Users\gduff\Downloads\cb-tb-1601-2200-v5-factory-run\pdfs\CB-TB-1946_Denton.pdf,pdf_inventory_criminal,pdf_hash_unique|dupes=2,NO_GOLD,criminal,OFFLINE_CLIENT_PROJECTION,,,
sha:ae29b9729e26b4de6c04005962413cf0c26cb49b8e6ed11ff189dcab1a383aec,PDF-ae29b9729e26,CB-TB-1473_Hale,CB-TB-1473_Hale.pdf,ae29b9729e26b4de6c04005962413cf0c26cb49b8e6ed11ff189dcab1a383aec,C:\Users\gduff\Downloads\cb-tb-1401-1500-v5-tmp\pdfs\CB-TB-1473_Hale.pdf,pdf_inventory_criminal,pdf_hash_unique|dupes=1,NO_GOLD,criminal,OFFLINE_CLIENT_PROJECTION,,,
sha:ae39b2f411e2f32b8dac53f5cd6a6d38f2de8f03dbce914ad6b608d6d95466ba,PDF-ae39b2f411e2,CB-TB-2168_West,CB-TB-2168_West.pdf,ae39b2f411e2f32b8dac53f5cd6a6d38f2de8f03dbce914ad6b608d6d95466ba,C:\Users\gduff\Downloads\cb-tb-1601-2200-v5-factory-run\pdfs\CB-TB-2168_West.pdf,pdf_inventory_criminal,pdf_hash_unique|dupes=2,NO_GOLD,criminal,OFFLINE_CLIENT_PROJECTION,,,
sha:ae6c22b4f6e6e09d2453a3d063617a5ebe2afb76f05e804e8ca5ed2802464767,PDF-ae6c22b4f6e6,CB-TB-043_Morley,CB-TB-043_Morley.pdf,ae6c22b4f6e6e09d2453a3d063617a5ebe2afb76f05e804e8ca5ed2802464767,C:\Users\gduff\Downloads\cb-tb-001-050-v3\pdfs\CB-TB-043_Morley.pdf,pdf_inventory_criminal,pdf_hash_unique|dupes=2,NO_GOLD,criminal,OFFLINE_CLIENT_PROJECTION,,,
sha:ae6e68d3acb5f566193571f7124b78d69eabd2f2f5d883744eae98621fcfe307,PDF-ae6e68d3acb5,CB-TB-133_Knight,CB-TB-133_Knight.pdf,ae6e68d3acb5f566193571f7124b78d69eabd2f2f5d883744eae98621fcfe307,C:\Users\gduff\Downloads\cb-tb-101-200-v4\pdfs\CB-TB-133_Knight.pdf,pdf_inventory_criminal,pdf_hash_unique|dupes=1,NO_GOLD,criminal,OFFLINE_CLIENT_PROJECTION,,,
sha:ae7b7edaf7ad5d6fc8b3d468af4085847852c9a755cd0241e1914ba74401fbad,PDF-ae7b7edaf7ad,CB-TB-1275_Ashton,CB-TB-1275_Ashton.pdf,ae7b7edaf7ad5d6fc8b3d468af4085847852c9a755cd0241e1914ba74401fbad,C:\Users\gduff\Downloads\cb-tb-1201-1300-v5\pdfs\CB-TB-1275_Ashton.pdf,pdf_inventory_criminal,pdf_hash_unique|dupes=2,NO_GOLD,criminal,OFFLINE_CLIENT_PROJECTION,,,
sha:aed99790b486b87bec9ae071d98e1ae7146f22b3e5059f11e13f0b103b6776c9,PDF-aed99790b486,CB-TB-642_Walsh,CB-TB-642_Walsh.pdf,aed99790b486b87bec9ae071d98e1ae7146f22b3e5059f11e13f0b103b6776c9,C:\Users\gduff\Downloads\cb-tb-601-700-v5\pdfs\CB-TB-642_Walsh.pdf,pdf_inventory_criminal,pdf_hash_unique|dupes=1,NO_GOLD,criminal,OFFLINE_CLIENT_PROJECTION,,,
sha:aee743dbea54d0a23b5dff872444f82f86b67e21afce0e1075bd548cc631acd2,PDF-aee743dbea54,CB-TB-157_Marsh,CB-TB-157_Marsh.pdf,aee743dbea54d0a23b5dff872444f82f86b67e21afce0e1075bd548cc631acd2,C:\Users\gduff\Downloads\cb-tb-101-200-v4\pdfs\CB-TB-157_Marsh.pdf,pdf_inventory_criminal,pdf_hash_unique|dupes=1,NO_GOLD,criminal,OFFLINE_CLIENT_PROJECTION,,,
sha:aee815a3b291b070ba66bf84299f15a91a580cd87d30422b4b2186ea83851c8d,PDF-aee815a3b291,CB-TB-1970_Mercer,CB-TB-1970_Mercer.pdf,aee815a3b291b070ba66bf84299f15a91a580cd87d30422b4b2186ea83851c8d,C:\Users\gduff\Downloads\cb-tb-1601-2200-v5-factory-run\pdfs\CB-TB-1970_Mercer.pdf,pdf_inventory_criminal,pdf_hash_unique|dupes=2,NO_GOLD,criminal,OFFLINE_CLIENT_PROJECTION,,,
sha:af139649e7fb8663bd4aff6b1ddec6c591feb094d2be336a5fbdcd6044aa8399,PDF-af139649e7fb,CB-TB-1247_Carter,CB-TB-1247_Carter.pdf,af139649e7fb8663bd4aff6b1ddec6c591feb094d2be336a5fbdcd6044aa8399,C:\Users\gduff\Downloads\cb-tb-1201-1300-v5\pdfs\CB-TB-1247_Carter.pdf,pdf_inventory_criminal,pdf_hash_unique|dupes=2,NO_GOLD,criminal,OFFLINE_CLIENT_PROJECTION,,,
sha:af320d7265309597ebcdc8009861c03f924723080f20a0fb427868b9081156d7,PDF-af320d726530,CB-TB-1750_Morris,CB-TB-1750_Morris.pdf,af320d7265309597ebcdc8009861c03f924723080f20a0fb427868b9081156d7,C:\Users\gduff\Downloads\cb-tb-1601-2200-v5-factory-run\pdfs\CB-TB-1750_Morris.pdf,pdf_inventory_criminal,pdf_hash_unique|dupes=2,NO_GOLD,criminal,OFFLINE_CLIENT_PROJECTION,,,
sha:af39df05ae799f04df3b73d2270df99d4282c0c973198da5084b315345d2d83a,PDF-af39df05ae79,CB-TB-1974_Blythe,CB-TB-1974_Blythe.pdf,af39df05ae799f04df3b73d2270df99d4282c0c973198da5084b315345d2d83a,C:\Users\gduff\Downloads\cb-tb-1601-2200-v5-factory-run\pdfs\CB-TB-1974_Blythe.pdf,pdf_inventory_criminal,pdf_hash_unique|dupes=2,NO_GOLD,criminal,OFFLINE_CLIENT_PROJECTION,,,
sha:af3c9f75f5da92c8fc2c6ac8ad6f377c56c56a75685ac5603ee701552280adf3,PDF-af3c9f75f5da,CB-TB-303_Grant,CB-TB-303_Grant.pdf,af3c9f75f5da92c8fc2c6ac8ad6f377c56c56a75685ac5603ee701552280adf3,C:\Users\gduff\Downloads\cb-tb-301-400-v4\pdfs\CB-TB-303_Grant.pdf,pdf_inventory_criminal,pdf_hash_unique|dupes=2,NO_GOLD,criminal,OFFLINE_CLIENT_PROJECTION,,,
sha:af4a0d1cc92f532596131e2975784863d6535a9fb3548eaae97d194d7f41ed3c,PDF-af4a0d1cc92f,CB-TB-1934_Arden,CB-TB-1934_Arden.pdf,af4a0d1cc92f532596131e2975784863d6535a9fb3548eaae97d194d7f41ed3c,C:\Users\gduff\Downloads\cb-tb-1601-2200-v5-factory-run\pdfs\CB-TB-1934_Arden.pdf,pdf_inventory_criminal,pdf_hash_unique|dupes=2,NO_GOLD,criminal,OFFLINE_CLIENT_PROJECTION,,,
sha:afb173082cd930c2ff3f8b2ec80be5a3f8a6c638c59d6a999fc46646050b9bc0,PDF-afb173082cd9,CB-TB-017_Maya_Osei,CB-TB-017_Maya_Osei.pdf,afb173082cd930c2ff3f8b2ec80be5a3f8a6c638c59d6a999fc46646050b9bc0,C:\Users\gduff\Downloads\CaseBrain_Blind_Bundle_Factory_v2_30_bundles (1)\pdfs\CB-TB-017_Maya_Osei.pdf,pdf_inventory_criminal,pdf_hash_unique|dupes=2,NO_GOLD,criminal,OFFLINE_CLIENT_PROJECTION,,,
sha:afc7ecab5f4c09c5d180ccec005f65ce77cffc860f3eaa7569c70b41aaf7882d,PDF-afc7ecab5f4c,CB-TB-571_Walsh,CB-TB-571_Walsh.pdf,afc7ecab5f4c09c5d180ccec005f65ce77cffc860f3eaa7569c70b41aaf7882d,C:\Users\gduff\Downloads\cb-tb-501-600-v5-extract\pdfs\CB-TB-571_Walsh.pdf,pdf_inventory_criminal,pdf_hash_unique|dupes=3,NO_GOLD,criminal,OFFLINE_CLIENT_PROJECTION,,,
sha:afd2bbb71256fd81cc916a454e3efe8cdf420ad62ca4318be9fd6b8e895a3b73,PDF-afd2bbb71256,CB-TB-225_Singh,CB-TB-225_Singh.pdf,afd2bbb71256fd81cc916a454e3efe8cdf420ad62ca4318be9fd6b8e895a3b73,C:\Users\gduff\Downloads\cb-tb-201-300-v4\pdfs\CB-TB-225_Singh.pdf,pdf_inventory_criminal,pdf_hash_unique|dupes=1,NO_GOLD,criminal,OFFLINE_CLIENT_PROJECTION,,,
sha:aff8f630988344e9f3c27fc2949fd7af6960ca2d55cc3e58ff7aaf26b28effbd,PDF-aff8f6309883,CB-TB-339_Shaw,CB-TB-339_Shaw.pdf,aff8f630988344e9f3c27fc2949fd7af6960ca2d55cc3e58ff7aaf26b28effbd,C:\Users\gduff\Downloads\cb-tb-301-400-v4\pdfs\CB-TB-339_Shaw.pdf,pdf_inventory_criminal,pdf_hash_unique|dupes=2,NO_GOLD,criminal,OFFLINE_CLIENT_PROJECTION,,,
sha:b064b6ec41af670e1c9db1d7abe2ac3ea037b21e0b52dd26ffbc52b1b70e358d,PDF-b064b6ec41af,CB-TB-1572_Brennan,CB-TB-1572_Brennan.pdf,b064b6ec41af670e1c9db1d7abe2ac3ea037b21e0b52dd26ffbc52b1b70e358d,C:\Users\gduff\Downloads\cb-tb-1501-1600-v5-factory-run\pdfs\CB-TB-1572_Brennan.pdf,pdf_inventory_criminal,pdf_hash_unique|dupes=2,NO_GOLD,criminal,OFFLINE_CLIENT_PROJECTION,,,
sha:b0710afbddecbe48734d285b0af7365bf7fb6ad05574717ca8af12ea9b6e6108,PDF-b0710afbddec,CB-TB-839_Noble,CB-TB-839_Noble.pdf,b0710afbddecbe48734d285b0af7365bf7fb6ad05574717ca8af12ea9b6e6108,C:\Users\gduff\Downloads\cb-tb-801-900-v5\pdfs\CB-TB-839_Noble.pdf,pdf_inventory_criminal,pdf_hash_unique|dupes=1,NO_GOLD,criminal,OFFLINE_CLIENT_PROJECTION,,,
sha:b08de8c834320acdd7dbf02a6079721adf85d9c7f3ac055e4e22134965f82268,PDF-b08de8c83432,CB-TB-1010_Thornton,CB-TB-1010_Thornton.pdf,b08de8c834320acdd7dbf02a6079721adf85d9c7f3ac055e4e22134965f82268,C:\Users\gduff\Downloads\cb-tb-901-1100-v5\pdfs\CB-TB-1010_Thornton.pdf,pdf_inventory_criminal,pdf_hash_unique|dupes=2,NO_GOLD,criminal,OFFLINE_CLIENT_PROJECTION,,,
sha:b0aa866779d633bcf22dcafb399656ac8d5a9b022087c3999a41d2915ad343f8,PDF-b0aa866779d6,CB-TB-152_West,CB-TB-152_West.pdf,b0aa866779d633bcf22dcafb399656ac8d5a9b022087c3999a41d2915ad343f8,C:\Users\gduff\Downloads\cb-tb-101-200-v4\pdfs\CB-TB-152_West.pdf,pdf_inventory_criminal,pdf_hash_unique|dupes=1,NO_GOLD,criminal,OFFLINE_CLIENT_PROJECTION,,,
sha:b0b43b3869d6ee07a4e90e2d819127a7616efecc714b41f6c90f3a61f89bd908,PDF-b0b43b3869d6,CB-TB-724_Morley,CB-TB-724_Morley.pdf,b0b43b3869d6ee07a4e90e2d819127a7616efecc714b41f6c90f3a61f89bd908,C:\Users\gduff\Downloads\cb-tb-701-800-v5\pdfs\CB-TB-724_Morley.pdf,pdf_inventory_criminal,pdf_hash_unique|dupes=1,NO_GOLD,criminal,OFFLINE_CLIENT_PROJECTION,,,
sha:b0b62ca3a7e8dc68e8e533ad6d69ff999e2ba0f8b1642ef59e81560328f8cdfd,PDF-b0b62ca3a7e8,CB-TB-205_Roberts,CB-TB-205_Roberts.pdf,b0b62ca3a7e8dc68e8e533ad6d69ff999e2ba0f8b1642ef59e81560328f8cdfd,C:\Users\gduff\Downloads\cb-tb-201-300-v4\pdfs\CB-TB-205_Roberts.pdf,pdf_inventory_criminal,pdf_hash_unique|dupes=1,NO_GOLD,criminal,OFFLINE_CLIENT_PROJECTION,,,
sha:b0d2bd4ddfc3fd56e1ac50533ed9651762f64d47aa7b524dbf2037b1c250c51c,PDF-b0d2bd4ddfc3,CB-TB-707_Merritt,CB-TB-707_Merritt.pdf,b0d2bd4ddfc3fd56e1ac50533ed9651762f64d47aa7b524dbf2037b1c250c51c,C:\Users\gduff\Downloads\cb-tb-701-800-v5\pdfs\CB-TB-707_Merritt.pdf,pdf_inventory_criminal,pdf_hash_unique|dupes=1,NO_GOLD,criminal,OFFLINE_CLIENT_PROJECTION,,,
sha:b1003c0caa81bd4344595ef887bf1d308ce1bf42eef0baaa7ded7c789b6ac1bc,PDF-b1003c0caa81,CB-TB-2095_Riley,CB-TB-2095_Riley.pdf,b1003c0caa81bd4344595ef887bf1d308ce1bf42eef0baaa7ded7c789b6ac1bc,C:\Users\gduff\Downloads\cb-tb-1601-2200-v5-factory-run\pdfs\CB-TB-2095_Riley.pdf,pdf_inventory_criminal,pdf_hash_unique|dupes=2,NO_GOLD,criminal,OFFLINE_CLIENT_PROJECTION,,,
sha:b10ee4ba9dea8c9e08698870ae862b1ec7eccd3e421fcae569c947094da433d7,PDF-b10ee4ba9dea,CB-TB-1728_Hughes,CB-TB-1728_Hughes.pdf,b10ee4ba9dea8c9e08698870ae862b1ec7eccd3e421fcae569c947094da433d7,C:\Users\gduff\Downloads\cb-tb-1601-2200-v5-factory-run\pdfs\CB-TB-1728_Hughes.pdf,pdf_inventory_criminal,pdf_hash_unique|dupes=2,NO_GOLD,criminal,OFFLINE_CLIENT_PROJECTION,,,
sha:b13fc11143bd4c50b2c838955f6f42ae7f16d8570c1f4d288942afc8ca70d32a,PDF-b13fc11143bd,CB-TB-1959_Akhtar,CB-TB-1959_Akhtar.pdf,b13fc11143bd4c50b2c838955f6f42ae7f16d8570c1f4d288942afc8ca70d32a,C:\Users\gduff\Downloads\cb-tb-1601-2200-v5-factory-run\pdfs\CB-TB-1959_Akhtar.pdf,pdf_inventory_criminal,pdf_hash_unique|dupes=2,NO_GOLD,criminal,OFFLINE_CLIENT_PROJECTION,,,
sha:b142df952756fc065083968b03b82c7d7c9d5fb6d9e592b3b52f063424e873d9,PDF-b142df952756,CB-TB-578_Patel,CB-TB-578_Patel.pdf,b142df952756fc065083968b03b82c7d7c9d5fb6d9e592b3b52f063424e873d9,C:\Users\gduff\Downloads\cb-tb-501-600-v5-extract\pdfs\CB-TB-578_Patel.pdf,pdf_inventory_criminal,pdf_hash_unique|dupes=3,NO_GOLD,criminal,OFFLINE_CLIENT_PROJECTION,,,
sha:b149f6d9c12a44d9a84e96d7e93df85034625c6d03298904cc188631dbb0b644,PDF-b149f6d9c12a,CB-TB-143_Iqbal,CB-TB-143_Iqbal.pdf,b149f6d9c12a44d9a84e96d7e93df85034625c6d03298904cc188631dbb0b644,C:\Users\gduff\Downloads\cb-tb-101-200-v4\pdfs\CB-TB-143_Iqbal.pdf,pdf_inventory_criminal,pdf_hash_unique|dupes=1,NO_GOLD,criminal,OFFLINE_CLIENT_PROJECTION,,,
sha:b14d86cdae81d9504a7f2a3be9e0a651e88037c3ab4cb06079956bf9d5070291,PDF-b14d86cdae81,CB-TB-1073_Cross,CB-TB-1073_Cross.pdf,b14d86cdae81d9504a7f2a3be9e0a651e88037c3ab4cb06079956bf9d5070291,C:\Users\gduff\Downloads\cb-tb-901-1100-v5\pdfs\CB-TB-1073_Cross.pdf,pdf_inventory_criminal,pdf_hash_unique|dupes=2,NO_GOLD,criminal,OFFLINE_CLIENT_PROJECTION,,,
sha:b15109aa2c2b6d000278db72dab271871d7a68a47033b02efe871c27d2b8ff86,PDF-b15109aa2c2b,CB-TB-028_Fraser,CB-TB-028_Fraser.pdf,b15109aa2c2b6d000278db72dab271871d7a68a47033b02efe871c27d2b8ff86,C:\Users\gduff\Downloads\cb-tb-001-030-v4\pdfs\CB-TB-028_Fraser.pdf,pdf_inventory_criminal,pdf_hash_unique|dupes=1,NO_GOLD,criminal,OFFLINE_CLIENT_PROJECTION,,,
sha:b18061fd6ad5e8448885949c4de235dda0873280a86c2ef8d66533549f3aa652,PDF-b18061fd6ad5,CB-TB-1002_Mitchell,CB-TB-1002_Mitchell.pdf,b18061fd6ad5e8448885949c4de235dda0873280a86c2ef8d66533549f3aa652,C:\Users\gduff\Downloads\cb-tb-901-1100-v5\pdfs\CB-TB-1002_Mitchell.pdf,pdf_inventory_criminal,pdf_hash_unique|dupes=2,NO_GOLD,criminal,OFFLINE_CLIENT_PROJECTION,,,
sha:b1a21896fa220b31c3b99ddd812277d89b49306d5e68bd356d901659df2ee71e,PDF-b1a21896fa22,CB-TB-2082_Ross,CB-TB-2082_Ross.pdf,b1a21896fa220b31c3b99ddd812277d89b49306d5e68bd356d901659df2ee71e,C:\Users\gduff\Downloads\cb-tb-1601-2200-v5-factory-run\pdfs\CB-TB-2082_Ross.pdf,pdf_inventory_criminal,pdf_hash_unique|dupes=2,NO_GOLD,criminal,OFFLINE_CLIENT_PROJECTION,,,
sha:b1a296653d8ff87d849275ebe0313a882a5852fbc6239a0e4c8b399637319924,PDF-b1a296653d8f,CB-TB-026_Luca_Marino,CB-TB-026_Luca_Marino.pdf,b1a296653d8ff87d849275ebe0313a882a5852fbc6239a0e4c8b399637319924,C:\Users\gduff\Downloads\CaseBrain_Blind_Bundle_Factory_v2_30_bundles (1)\pdfs\CB-TB-026_Luca_Marino.pdf,pdf_inventory_criminal,pdf_hash_unique|dupes=2,NO_GOLD,criminal,OFFLINE_CLIENT_PROJECTION,,,
sha:b1a8369d1812392b84299f26a89dc7286dc54d3ae06e614338198eeb48505339,PDF-b1a8369d1812,CB-TB-1713_Byrom,CB-TB-1713_Byrom.pdf,b1a8369d1812392b84299f26a89dc7286dc54d3ae06e614338198eeb48505339,C:\Users\gduff\Downloads\cb-tb-1601-2200-v5-factory-run\pdfs\CB-TB-1713_Byrom.pdf,pdf_inventory_criminal,pdf_hash_unique|dupes=2,NO_GOLD,criminal,OFFLINE_CLIENT_PROJECTION,,,
sha:b1a900474385c527685087b8f6aaa6c866ef186ff53723afcb003a04c483bd60,PDF-b1a900474385,CB-TB-1909_Huxley,CB-TB-1909_Huxley.pdf,b1a900474385c527685087b8f6aaa6c866ef186ff53723afcb003a04c483bd60,C:\Users\gduff\Downloads\cb-tb-1601-2200-v5-factory-run\pdfs\CB-TB-1909_Huxley.pdf,pdf_inventory_criminal,pdf_hash_unique|dupes=2,NO_GOLD,criminal,OFFLINE_CLIENT_PROJECTION,,,
sha:b1c8d0b7c19659b8ce5a6cb0ebfbe994c3c9900404fb452c96719fb6dd9227c0,PDF-b1c8d0b7c196,CB-TB-037_Foster,CB-TB-037_Foster.pdf,b1c8d0b7c19659b8ce5a6cb0ebfbe994c3c9900404fb452c96719fb6dd9227c0,C:\Users\gduff\Downloads\cb-tb-001-050-v3\pdfs\CB-TB-037_Foster.pdf,pdf_inventory_criminal,pdf_hash_unique|dupes=2,NO_GOLD,criminal,OFFLINE_CLIENT_PROJECTION,,,
sha:b1ce41c00da666c5ace2f64f1fad077125008211a14f89f7bd29f6f9eaed259e,PDF-b1ce41c00da6,CB-TB-1954_Lowry,CB-TB-1954_Lowry.pdf,b1ce41c00da666c5ace2f64f1fad077125008211a14f89f7bd29f6f9eaed259e,C:\Users\gduff\Downloads\cb-tb-1601-2200-v5-factory-run\pdfs\CB-TB-1954_Lowry.pdf,pdf_inventory_criminal,pdf_hash_unique|dupes=2,NO_GOLD,criminal,OFFLINE_CLIENT_PROJECTION,,,
sha:b1d687a5ec20e1436f37490911461c19108f1a3bc88adeeba1b2d8ab584a564d,PDF-b1d687a5ec20,CB-TB-1405_Patel,CB-TB-1405_Patel.pdf,b1d687a5ec20e1436f37490911461c19108f1a3bc88adeeba1b2d8ab584a564d,C:\Users\gduff\Downloads\cb-tb-1401-1500-v5-tmp\pdfs\CB-TB-1405_Patel.pdf,pdf_inventory_criminal,pdf_hash_unique|dupes=1,NO_GOLD,criminal,OFFLINE_CLIENT_PROJECTION,,,
sha:b1fbb47b19979e36e64f1c6f8242325b48052d4d6044d62e8a97d607348eec7e,PDF-b1fbb47b1997,CB-TB-1620_Nolan,CB-TB-1620_Nolan.pdf,b1fbb47b19979e36e64f1c6f8242325b48052d4d6044d62e8a97d607348eec7e,C:\Users\gduff\Downloads\cb-tb-1601-2200-v5-factory-run\pdfs\CB-TB-1620_Nolan.pdf,pdf_inventory_criminal,pdf_hash_unique|dupes=4,NO_GOLD,criminal,OFFLINE_CLIENT_PROJECTION,,,
sha:b20f281977704bb8ccdec2994a3873419b6bc6ffc9cc41cf9211fb1294664000,PDF-b20f28197770,CB-TB-1168_Doyle,CB-TB-1168_Doyle.pdf,b20f281977704bb8ccdec2994a3873419b6bc6ffc9cc41cf9211fb1294664000,C:\Users\gduff\Downloads\cb-tb-1101-1400-v5\pdfs\CB-TB-1168_Doyle.pdf,pdf_inventory_criminal,pdf_hash_unique|dupes=2,NO_GOLD,criminal,OFFLINE_CLIENT_PROJECTION,,,
sha:b23d6e220601d27ce5c20d81933d001543188e9782168045b3e19656ba42624f,PDF-b23d6e220601,CB-TB-1305_Lark,CB-TB-1305_Lark.pdf,b23d6e220601d27ce5c20d81933d001543188e9782168045b3e19656ba42624f,C:\Users\gduff\Downloads\cb-tb-1301-1400-v5\pdfs\CB-TB-1305_Lark.pdf,pdf_inventory_criminal,pdf_hash_unique|dupes=2,NO_GOLD,criminal,OFFLINE_CLIENT_PROJECTION,,,
sha:b25a1d0bf8495ff834a93d513353dc3baa5c785c3c632563433191f9a541986d,PDF-b25a1d0bf849,CB-TB-1008_Blake,CB-TB-1008_Blake.pdf,b25a1d0bf8495ff834a93d513353dc3baa5c785c3c632563433191f9a541986d,C:\Users\gduff\Downloads\cb-tb-901-1100-v5\pdfs\CB-TB-1008_Blake.pdf,pdf_inventory_criminal,pdf_hash_unique|dupes=2,NO_GOLD,criminal,OFFLINE_CLIENT_PROJECTION,,,
sha:b266a8a4cecf01f255d7fdc44b6cdbe47a059c4a383629cc905f0ca86b0b9a76,PDF-b266a8a4cecf,CB-TB-1403_Shaw,CB-TB-1403_Shaw.pdf,b266a8a4cecf01f255d7fdc44b6cdbe47a059c4a383629cc905f0ca86b0b9a76,C:\Users\gduff\Downloads\cb-tb-1401-1500-v5-tmp\pdfs\CB-TB-1403_Shaw.pdf,pdf_inventory_criminal,pdf_hash_unique|dupes=1,NO_GOLD,criminal,OFFLINE_CLIENT_PROJECTION,,,
sha:b28057a4ae5b335b74357f75a0e4fa8318db89bf48fa801afd91bd47ebc4ee33,PDF-b28057a4ae5b,CB-TB-1626_Merritt,CB-TB-1626_Merritt.pdf,b28057a4ae5b335b74357f75a0e4fa8318db89bf48fa801afd91bd47ebc4ee33,C:\Users\gduff\Downloads\cb-tb-1601-2200-v5-factory-run\pdfs\CB-TB-1626_Merritt.pdf,pdf_inventory_criminal,pdf_hash_unique|dupes=4,NO_GOLD,criminal,OFFLINE_CLIENT_PROJECTION,,,
sha:b2c863c8e814c5896073b642848e137919e03d3e74b41308113900a7a413c611,PDF-b2c863c8e814,CB-TB-1167_Thornton,CB-TB-1167_Thornton.pdf,b2c863c8e814c5896073b642848e137919e03d3e74b41308113900a7a413c611,C:\Users\gduff\Downloads\cb-tb-1101-1400-v5\pdfs\CB-TB-1167_Thornton.pdf,pdf_inventory_criminal,pdf_hash_unique|dupes=2,NO_GOLD,criminal,OFFLINE_CLIENT_PROJECTION,,,
sha:b2d86470567d92a3ed45bc7f3a91c5024998b459f8e5771a675fab9ffae13b04,PDF-b2d86470567d,CB-TB-1507_Dale,CB-TB-1507_Dale.pdf,b2d86470567d92a3ed45bc7f3a91c5024998b459f8e5771a675fab9ffae13b04,C:\Users\gduff\Downloads\cb-tb-1501-1600-v5-factory-run\pdfs\CB-TB-1507_Dale.pdf,pdf_inventory_criminal,pdf_hash_unique|dupes=2,NO_GOLD,criminal,OFFLINE_CLIENT_PROJECTION,,,
sha:b2f43391b3b5b619c4862d2b0b9119bab088ad65d96729c62f2d624d9eb21f49,PDF-b2f43391b3b5,CB-TB-1115_Bell,CB-TB-1115_Bell.pdf,b2f43391b3b5b619c4862d2b0b9119bab088ad65d96729c62f2d624d9eb21f49,C:\Users\gduff\Downloads\cb-tb-1101-1400-v5\pdfs\CB-TB-1115_Bell.pdf,pdf_inventory_criminal,pdf_hash_unique|dupes=2,NO_GOLD,criminal,OFFLINE_CLIENT_PROJECTION,,,
sha:b2f4415610ec0f389d4def0e0c31645cb498e7565ecff0c6584bbccea93d4699,PDF-b2f4415610ec,CB-TB-1914_Rourke,CB-TB-1914_Rourke.pdf,b2f4415610ec0f389d4def0e0c31645cb498e7565ecff0c6584bbccea93d4699,C:\Users\gduff\Downloads\cb-tb-1601-2200-v5-factory-run\pdfs\CB-TB-1914_Rourke.pdf,pdf_inventory_criminal,pdf_hash_unique|dupes=2,NO_GOLD,criminal,OFFLINE_CLIENT_PROJECTION,,,
sha:b3556373b825a1de778613d1899e8cdd0265ebbe51710501a23ec490243f38c4,PDF-b3556373b825,CB-TB-038_Sutton,CB-TB-038_Sutton.pdf,b3556373b825a1de778613d1899e8cdd0265ebbe51710501a23ec490243f38c4,C:\Users\gduff\Downloads\cb-tb-031-100-v4\pdfs\CB-TB-038_Sutton.pdf,pdf_inventory_criminal,pdf_hash_unique|dupes=1,NO_GOLD,criminal,OFFLINE_CLIENT_PROJECTION,,,
sha:b35e560120ddd86bbd92aa5b7413202491de984055d51cb462955073cbd51103,PDF-b35e560120dd,CB-TB-415_Crawford,CB-TB-415_Crawford.pdf,b35e560120ddd86bbd92aa5b7413202491de984055d51cb462955073cbd51103,C:\Users\gduff\Downloads\cb-tb-401-500-v5\pdfs\CB-TB-415_Crawford.pdf,pdf_inventory_criminal,pdf_hash_unique|dupes=2,NO_GOLD,criminal,OFFLINE_CLIENT_PROJECTION,,,
sha:b36f613385c8d59facc9d41a2c09507f5694cc970ddc0f393531e619fbdff0d5,PDF-b36f613385c8,CB-TB-1226_Patterson,CB-TB-1226_Patterson.pdf,b36f613385c8d59facc9d41a2c09507f5694cc970ddc0f393531e619fbdff0d5,C:\Users\gduff\Downloads\cb-tb-1201-1300-v5\pdfs\CB-TB-1226_Patterson.pdf,pdf_inventory_criminal,pdf_hash_unique|dupes=2,NO_GOLD,criminal,OFFLINE_CLIENT_PROJECTION,,,
sha:b39c700a3e448d6c1885f1c2d504e43c5b5b5c1c12426de87e038ff3df71efd8,PDF-b39c700a3e44,CB-TB-1157_Reed,CB-TB-1157_Reed.pdf,b39c700a3e448d6c1885f1c2d504e43c5b5b5c1c12426de87e038ff3df71efd8,C:\Users\gduff\Downloads\cb-tb-1101-1400-v5\pdfs\CB-TB-1157_Reed.pdf,pdf_inventory_criminal,pdf_hash_unique|dupes=2,NO_GOLD,criminal,OFFLINE_CLIENT_PROJECTION,,,
sha:b3ab1a22e5a4c0c7fef5ef98129bbd89750d4de8f406913551bf40f194a3ade7,PDF-b3ab1a22e5a4,CB-TB-1642_Fletcher,CB-TB-1642_Fletcher.pdf,b3ab1a22e5a4c0c7fef5ef98129bbd89750d4de8f406913551bf40f194a3ade7,C:\Users\gduff\Downloads\cb-tb-1601-2200-v5-factory-run\pdfs\CB-TB-1642_Fletcher.pdf,pdf_inventory_criminal,pdf_hash_unique|dupes=4,NO_GOLD,criminal,OFFLINE_CLIENT_PROJECTION,,,
sha:b3ab82c406b504e69f7b5d220c308961c68add333313c62b5e1ac7f8c4bc74c7,PDF-b3ab82c406b5,CB-TB-1548_Foster,CB-TB-1548_Foster.pdf,b3ab82c406b504e69f7b5d220c308961c68add333313c62b5e1ac7f8c4bc74c7,C:\Users\gduff\Downloads\cb-tb-1501-1600-v5-factory-run\pdfs\CB-TB-1548_Foster.pdf,pdf_inventory_criminal,pdf_hash_unique|dupes=2,NO_GOLD,criminal,OFFLINE_CLIENT_PROJECTION,,,
sha:b3af7fe1a3036e1108e28a7d71cf7fc6ab93145156261c845dc81843eb349fce,PDF-b3af7fe1a303,CB-TB-019_Santos,CB-TB-019_Santos.pdf,b3af7fe1a3036e1108e28a7d71cf7fc6ab93145156261c845dc81843eb349fce,C:\Users\gduff\Downloads\cb-tb-001-050-v3\pdfs\CB-TB-019_Santos.pdf,pdf_inventory_criminal,pdf_hash_unique|dupes=2,NO_GOLD,criminal,OFFLINE_CLIENT_PROJECTION,,,
sha:b3c8b69c4ca349a7e05c7f9a45b7ba7b2d251462ebe1f05dfb9b4490f8813a70,PDF-b3c8b69c4ca3,CB-TB-817_Shaw,CB-TB-817_Shaw.pdf,b3c8b69c4ca349a7e05c7f9a45b7ba7b2d251462ebe1f05dfb9b4490f8813a70,C:\Users\gduff\Downloads\cb-tb-801-900-v5\pdfs\CB-TB-817_Shaw.pdf,pdf_inventory_criminal,pdf_hash_unique|dupes=1,NO_GOLD,criminal,OFFLINE_CLIENT_PROJECTION,,,
sha:b3d2dbde2c12875238d1a4415aa1c55dc851a71c524557aa9bac8ed92976beaf,PDF-b3d2dbde2c12,CB-TB-212_Clarke,CB-TB-212_Clarke.pdf,b3d2dbde2c12875238d1a4415aa1c55dc851a71c524557aa9bac8ed92976beaf,C:\Users\gduff\Downloads\cb-tb-201-300-v4\pdfs\CB-TB-212_Clarke.pdf,pdf_inventory_criminal,pdf_hash_unique|dupes=1,NO_GOLD,criminal,OFFLINE_CLIENT_PROJECTION,,,
sha:b3e60df4b485dc2ef289fb5a2adf71602267211efc5fa0324bf5af2397d1d2a4,PDF-b3e60df4b485,CB-TB-1016_Griffiths,CB-TB-1016_Griffiths.pdf,b3e60df4b485dc2ef289fb5a2adf71602267211efc5fa0324bf5af2397d1d2a4,C:\Users\gduff\Downloads\cb-tb-901-1100-v5\pdfs\CB-TB-1016_Griffiths.pdf,pdf_inventory_criminal,pdf_hash_unique|dupes=2,NO_GOLD,criminal,OFFLINE_CLIENT_PROJECTION,,,
sha:b3eb71eeb5d802eff57fe66c7caf647ded096a6b9b8a80dabda9a25b0b038648,PDF-b3eb71eeb5d8,CB-TB-010_Patterson,CB-TB-010_Patterson.pdf,b3eb71eeb5d802eff57fe66c7caf647ded096a6b9b8a80dabda9a25b0b038648,C:\Users\gduff\Downloads\cb-tb-001-050-v3\pdfs\CB-TB-010_Patterson.pdf,pdf_inventory_criminal,pdf_hash_unique|dupes=2,NO_GOLD,criminal,OFFLINE_CLIENT_PROJECTION,,,
sha:b3f8eee524e73ecef9e374086ee540ed7dffb4f43b94176e3b14e8b62d8ff3f9,PDF-b3f8eee524e7,CB-TB-1989_Vale,CB-TB-1989_Vale.pdf,b3f8eee524e73ecef9e374086ee540ed7dffb4f43b94176e3b14e8b62d8ff3f9,C:\Users\gduff\Downloads\cb-tb-1601-2200-v5-factory-run\pdfs\CB-TB-1989_Vale.pdf,pdf_inventory_criminal,pdf_hash_unique|dupes=2,NO_GOLD,criminal,OFFLINE_CLIENT_PROJECTION,,,
sha:b3fdb38dab111910c80fb94ddbbaa841cadd50850c7a666134549e6619944071,PDF-b3fdb38dab11,CB-TB-1119_Walsh,CB-TB-1119_Walsh.pdf,b3fdb38dab111910c80fb94ddbbaa841cadd50850c7a666134549e6619944071,C:\Users\gduff\Downloads\cb-tb-1101-1400-v5\pdfs\CB-TB-1119_Walsh.pdf,pdf_inventory_criminal,pdf_hash_unique|dupes=2,NO_GOLD,criminal,OFFLINE_CLIENT_PROJECTION,,,
sha:b3ff22f1f9ee0d4726838a2d9c5045df11f0100127d3bfcc9c89aa0ebcfe3033,PDF-b3ff22f1f9ee,CB-TB-1414_Merritt,CB-TB-1414_Merritt.pdf,b3ff22f1f9ee0d4726838a2d9c5045df11f0100127d3bfcc9c89aa0ebcfe3033,C:\Users\gduff\Downloads\cb-tb-1401-1500-v5-tmp\pdfs\CB-TB-1414_Merritt.pdf,pdf_inventory_criminal,pdf_hash_unique|dupes=1,NO_GOLD,criminal,OFFLINE_CLIENT_PROJECTION,,,
sha:b406eaac7d4e1bc320b8e92b350307a57e4df6fd616b32b4e03b7aec9f09baeb,PDF-b406eaac7d4e,CB-TB-1388_Ash,CB-TB-1388_Ash.pdf,b406eaac7d4e1bc320b8e92b350307a57e4df6fd616b32b4e03b7aec9f09baeb,C:\Users\gduff\Downloads\cb-tb-1301-1400-v5\pdfs\CB-TB-1388_Ash.pdf,pdf_inventory_criminal,pdf_hash_unique|dupes=2,NO_GOLD,criminal,OFFLINE_CLIENT_PROJECTION,,,
sha:b42b357dfc553ad2ffc515be74b622a1718878c340e48bcf36b55bc7dc4f74f6,PDF-b42b357dfc55,CB-TB-190_Casey,CB-TB-190_Casey.pdf,b42b357dfc553ad2ffc515be74b622a1718878c340e48bcf36b55bc7dc4f74f6,C:\Users\gduff\Downloads\cb-tb-101-200-v4\pdfs\CB-TB-190_Casey.pdf,pdf_inventory_criminal,pdf_hash_unique|dupes=1,NO_GOLD,criminal,OFFLINE_CLIENT_PROJECTION,,,
sha:b4590a6e40ae8fb0a8f8b3468eecc5804cec30f2f74d7954f3dedccb6c305c6e,PDF-b4590a6e40ae,CB-TB-2126_Archer,CB-TB-2126_Archer.pdf,b4590a6e40ae8fb0a8f8b3468eecc5804cec30f2f74d7954f3dedccb6c305c6e,C:\Users\gduff\Downloads\cb-tb-1601-2200-v5-factory-run\pdfs\CB-TB-2126_Archer.pdf,pdf_inventory_criminal,pdf_hash_unique|dupes=2,NO_GOLD,criminal,OFFLINE_CLIENT_PROJECTION,,,
sha:b4764009323c30d4f1c2e4cbdc86cff907a33c9d8118e14e705df2cbb4359489,PDF-b4764009323c,CB-TB-1940_Tobin,CB-TB-1940_Tobin.pdf,b4764009323c30d4f1c2e4cbdc86cff907a33c9d8118e14e705df2cbb4359489,C:\Users\gduff\Downloads\cb-tb-1601-2200-v5-factory-run\pdfs\CB-TB-1940_Tobin.pdf,pdf_inventory_criminal,pdf_hash_unique|dupes=2,NO_GOLD,criminal,OFFLINE_CLIENT_PROJECTION,,,
sha:b48571ee80be791f5e2cd9372377857cad4c2c0ee111350eb7cf663e123395ec,PDF-b48571ee80be,CB-TB-2072_Okonkwo,CB-TB-2072_Okonkwo.pdf,b48571ee80be791f5e2cd9372377857cad4c2c0ee111350eb7cf663e123395ec,C:\Users\gduff\Downloads\cb-tb-1601-2200-v5-factory-run\pdfs\CB-TB-2072_Okonkwo.pdf,pdf_inventory_criminal,pdf_hash_unique|dupes=2,NO_GOLD,criminal,OFFLINE_CLIENT_PROJECTION,,,
sha:b48e5014201abc88c81b917fb11d75eaaa931ea95fb293e081bd1255a7ef973f,PDF-b48e5014201a,CB-TB-1852_Glover,CB-TB-1852_Glover.pdf,b48e5014201abc88c81b917fb11d75eaaa931ea95fb293e081bd1255a7ef973f,C:\Users\gduff\Downloads\cb-tb-1601-2200-v5-factory-run\pdfs\CB-TB-1852_Glover.pdf,pdf_inventory_criminal,pdf_hash_unique|dupes=2,NO_GOLD,criminal,OFFLINE_CLIENT_PROJECTION,,,
sha:b4a69704af0235e0c7a94293b330b926f6f63da7cf9320e027887bc0d665d73e,PDF-b4a69704af02,CB-TB-770_Ali,CB-TB-770_Ali.pdf,b4a69704af0235e0c7a94293b330b926f6f63da7cf9320e027887bc0d665d73e,C:\Users\gduff\Downloads\cb-tb-701-800-v5\pdfs\CB-TB-770_Ali.pdf,pdf_inventory_criminal,pdf_hash_unique|dupes=1,NO_GOLD,criminal,OFFLINE_CLIENT_PROJECTION,,,
sha:b4b7809e482c8d9cf339ddf311c941c009159960f0b7e29f8d67f9341a741f65,PDF-b4b7809e482c,CB-TB-860_Clarke,CB-TB-860_Clarke.pdf,b4b7809e482c8d9cf339ddf311c941c009159960f0b7e29f8d67f9341a741f65,C:\Users\gduff\Downloads\cb-tb-801-900-v5\pdfs\CB-TB-860_Clarke.pdf,pdf_inventory_criminal,pdf_hash_unique|dupes=1,NO_GOLD,criminal,OFFLINE_CLIENT_PROJECTION,,,
sha:b4d7ece89530fd975cf49042d634ef8799256a21db0cdd547ac020783ebb11f4,PDF-b4d7ece89530,CB-TB-1398_Turner,CB-TB-1398_Turner.pdf,b4d7ece89530fd975cf49042d634ef8799256a21db0cdd547ac020783ebb11f4,C:\Users\gduff\Downloads\cb-tb-1301-1400-v5\pdfs\CB-TB-1398_Turner.pdf,pdf_inventory_criminal,pdf_hash_unique|dupes=2,NO_GOLD,criminal,OFFLINE_CLIENT_PROJECTION,,,
sha:b4db5bf6fd22f25a407fb05fa4c206271b3a74d407303cc37158c6d5290260b3,PDF-b4db5bf6fd22,CB-TB-043_Hayes,CB-TB-043_Hayes.pdf,b4db5bf6fd22f25a407fb05fa4c206271b3a74d407303cc37158c6d5290260b3,C:\Users\gduff\Downloads\cb-tb-031-100-v4\pdfs\CB-TB-043_Hayes.pdf,pdf_inventory_criminal,pdf_hash_unique|dupes=1,NO_GOLD,criminal,OFFLINE_CLIENT_PROJECTION,,,
sha:b4e3e5b05e578263b58ec8fcae9a6288e9d761f194183c2bbfbda47e4ba2188e,PDF-b4e3e5b05e57,CB-TB-1937_Rahman,CB-TB-1937_Rahman.pdf,b4e3e5b05e578263b58ec8fcae9a6288e9d761f194183c2bbfbda47e4ba2188e,C:\Users\gduff\Downloads\cb-tb-1601-2200-v5-factory-run\pdfs\CB-TB-1937_Rahman.pdf,pdf_inventory_criminal,pdf_hash_unique|dupes=2,NO_GOLD,criminal,OFFLINE_CLIENT_PROJECTION,,,
sha:b4ec7d2ef2d89c6ea9cfc920623e4583692972e3d53a8f50fc262b12b3688d6a,PDF-b4ec7d2ef2d8,CB-TB-896_Mitchell,CB-TB-896_Mitchell.pdf,b4ec7d2ef2d89c6ea9cfc920623e4583692972e3d53a8f50fc262b12b3688d6a,C:\Users\gduff\Downloads\cb-tb-801-900-v5\pdfs\CB-TB-896_Mitchell.pdf,pdf_inventory_criminal,pdf_hash_unique|dupes=1,NO_GOLD,criminal,OFFLINE_CLIENT_PROJECTION,,,
sha:b4f390786931cf79e40bd7f251f58a8e40ccb21f29f157e7ebfa2e50442bdab7,PDF-b4f390786931,CB-TB-1378_Morris,CB-TB-1378_Morris.pdf,b4f390786931cf79e40bd7f251f58a8e40ccb21f29f157e7ebfa2e50442bdab7,C:\Users\gduff\Downloads\cb-tb-1301-1400-v5\pdfs\CB-TB-1378_Morris.pdf,pdf_inventory_criminal,pdf_hash_unique|dupes=2,NO_GOLD,criminal,OFFLINE_CLIENT_PROJECTION,,,
sha:b4f625b0f73407941a7ebddca7ecb4e21e2e9e0ed5a8a946c7278a42c3f6360f,PDF-b4f625b0f734,CB-TB-108_Hayes,CB-TB-108_Hayes.pdf,b4f625b0f73407941a7ebddca7ecb4e21e2e9e0ed5a8a946c7278a42c3f6360f,C:\Users\gduff\Downloads\cb-tb-101-200-v4\pdfs\CB-TB-108_Hayes.pdf,pdf_inventory_criminal,pdf_hash_unique|dupes=1,NO_GOLD,criminal,OFFLINE_CLIENT_PROJECTION,,,
sha:b4fd437eba44d2231dcf05ddb4e51cf5ad9cf257e7e11673dabf273a0c4709c1,PDF-b4fd437eba44,CB-TB-1132_Morris,CB-TB-1132_Morris.pdf,b4fd437eba44d2231dcf05ddb4e51cf5ad9cf257e7e11673dabf273a0c4709c1,C:\Users\gduff\Downloads\cb-tb-1101-1400-v5\pdfs\CB-TB-1132_Morris.pdf,pdf_inventory_criminal,pdf_hash_unique|dupes=2,NO_GOLD,criminal,OFFLINE_CLIENT_PROJECTION,,,
sha:b5070cb74fb198a0bd61ccdedaaebf7ab4f07f820e4d6138b2c5f001bac8710b,PDF-b5070cb74fb1,CB-TB-036_West,CB-TB-036_West.pdf,b5070cb74fb198a0bd61ccdedaaebf7ab4f07f820e4d6138b2c5f001bac8710b,C:\Users\gduff\Downloads\cb-tb-001-050-v3\pdfs\CB-TB-036_West.pdf,pdf_inventory_criminal,pdf_hash_unique|dupes=2,NO_GOLD,criminal,OFFLINE_CLIENT_PROJECTION,,,
sha:b51105dc3a8434dbff76d76d562d912257624e19ec0a09c1f9de17ccf61a47ed,PDF-b51105dc3a84,CB-TB-1506_Stephens,CB-TB-1506_Stephens.pdf,b51105dc3a8434dbff76d76d562d912257624e19ec0a09c1f9de17ccf61a47ed,C:\Users\gduff\Downloads\cb-tb-1501-1600-v5-factory-run\pdfs\CB-TB-1506_Stephens.pdf,pdf_inventory_criminal,pdf_hash_unique|dupes=2,NO_GOLD,criminal,OFFLINE_CLIENT_PROJECTION,,,
sha:b55c481f0090eec55973e0fafb2ab4d85f38d9fb8f87a0bdc2da378144913eaa,PDF-b55c481f0090,CB-TB-822_Mason,CB-TB-822_Mason.pdf,b55c481f0090eec55973e0fafb2ab4d85f38d9fb8f87a0bdc2da378144913eaa,C:\Users\gduff\Downloads\cb-tb-801-900-v5\pdfs\CB-TB-822_Mason.pdf,pdf_inventory_criminal,pdf_hash_unique|dupes=1,NO_GOLD,criminal,OFFLINE_CLIENT_PROJECTION,,,
sha:b55ca91bcebc689906725762221ae6512c6d2380db565e1e15789c75c4f1e5f0,PDF-b55ca91bcebc,CB-TB-1413_Patel,CB-TB-1413_Patel.pdf,b55ca91bcebc689906725762221ae6512c6d2380db565e1e15789c75c4f1e5f0,C:\Users\gduff\Downloads\cb-tb-1401-1500-v5-tmp\pdfs\CB-TB-1413_Patel.pdf,pdf_inventory_criminal,pdf_hash_unique|dupes=1,NO_GOLD,criminal,OFFLINE_CLIENT_PROJECTION,,,
sha:b569949a488c7b776e779c471b636aea8d39782764ca6359b3717fdf83c7493f,PDF-b569949a488c,CB-TB-1062_Reynolds,CB-TB-1062_Reynolds.pdf,b569949a488c7b776e779c471b636aea8d39782764ca6359b3717fdf83c7493f,C:\Users\gduff\Downloads\cb-tb-901-1100-v5\pdfs\CB-TB-1062_Reynolds.pdf,pdf_inventory_criminal,pdf_hash_unique|dupes=2,NO_GOLD,criminal,OFFLINE_CLIENT_PROJECTION,,,
sha:b57415a7c36e4b09317d4fe64f4e117d7dd4becea4a799def17d05f0311dfc30,PDF-b57415a7c36e,NS-CPS-2026-0440 - Copy (2),NS-CPS-2026-0440 - Copy (2).pdf,b57415a7c36e4b09317d4fe64f4e117d7dd4becea4a799def17d05f0311dfc30,C:\Users\gduff\Downloads\NS-CPS-2026-0440 - Copy (2).pdf,pdf_inventory,pdf_hash_unique|dupes=2,NO_GOLD,criminal,OFFLINE_CLIENT_PROJECTION,,,
sha:b5a18ab7c87f395d1ed163bb22cf179de418c7d34440f4d602427838ef0bf936,PDF-b5a18ab7c87f,CB-TB-1392_Forrest,CB-TB-1392_Forrest.pdf,b5a18ab7c87f395d1ed163bb22cf179de418c7d34440f4d602427838ef0bf936,C:\Users\gduff\Downloads\cb-tb-1301-1400-v5\pdfs\CB-TB-1392_Forrest.pdf,pdf_inventory_criminal,pdf_hash_unique|dupes=2,NO_GOLD,criminal,OFFLINE_CLIENT_PROJECTION,,,
sha:b5a195f15f3ef7e17b68560fe05f307f89850eeec7457af14801a53a43bc8754,PDF-b5a195f15f3e,CB-TB-270_Nolan,CB-TB-270_Nolan.pdf,b5a195f15f3ef7e17b68560fe05f307f89850eeec7457af14801a53a43bc8754,C:\Users\gduff\Downloads\cb-tb-201-300-v4\pdfs\CB-TB-270_Nolan.pdf,pdf_inventory_criminal,pdf_hash_unique|dupes=1,NO_GOLD,criminal,OFFLINE_CLIENT_PROJECTION,,,
sha:b5c45108e7b0bec3a9a4135d30a02f0ff79387b69f09f054119b38655dbbb586,PDF-b5c45108e7b0,CB-TB-1449_Stone,CB-TB-1449_Stone.pdf,b5c45108e7b0bec3a9a4135d30a02f0ff79387b69f09f054119b38655dbbb586,C:\Users\gduff\Downloads\cb-tb-1401-1500-v5-tmp\pdfs\CB-TB-1449_Stone.pdf,pdf_inventory_criminal,pdf_hash_unique|dupes=1,NO_GOLD,criminal,OFFLINE_CLIENT_PROJECTION,,,
sha:b5ff5f68aea2a82d0e38932cc88c51b06b6c87c1bca2079eda396bde7372f488,PDF-b5ff5f68aea2,CB-TB-1401_Parker,CB-TB-1401_Parker.pdf,b5ff5f68aea2a82d0e38932cc88c51b06b6c87c1bca2079eda396bde7372f488,C:\Users\gduff\Downloads\cb-tb-1401-1500-v5-tmp\pdfs\CB-TB-1401_Parker.pdf,pdf_inventory_criminal,pdf_hash_unique|dupes=1,NO_GOLD,criminal,OFFLINE_CLIENT_PROJECTION,,,
sha:b60b0446a6a4cd2919ad8d3cf998e33d676512e1327ac6970389794dd85c3bb3,PDF-b60b0446a6a4,CB-TB-1740_Holt,CB-TB-1740_Holt.pdf,b60b0446a6a4cd2919ad8d3cf998e33d676512e1327ac6970389794dd85c3bb3,C:\Users\gduff\Downloads\cb-tb-1601-2200-v5-factory-run\pdfs\CB-TB-1740_Holt.pdf,pdf_inventory_criminal,pdf_hash_unique|dupes=2,NO_GOLD,criminal,OFFLINE_CLIENT_PROJECTION,,,
sha:b611668ff47de75c7a1cd38935f60fe2e8359ff92104142b9dad566a37373121,PDF-b611668ff47d,CB-TB-1672_Barlow,CB-TB-1672_Barlow.pdf,b611668ff47de75c7a1cd38935f60fe2e8359ff92104142b9dad566a37373121,C:\Users\gduff\Downloads\cb-tb-1601-2200-v5-factory-run\pdfs\CB-TB-1672_Barlow.pdf,pdf_inventory_criminal,pdf_hash_unique|dupes=4,NO_GOLD,criminal,OFFLINE_CLIENT_PROJECTION,,,
sha:b626549716466ffae714afaabc3f2c3509b63319b657b1a5023882e151bad7e4,PDF-b62654971646,CB-TB-1998_Keane,CB-TB-1998_Keane.pdf,b626549716466ffae714afaabc3f2c3509b63319b657b1a5023882e151bad7e4,C:\Users\gduff\Downloads\cb-tb-1601-2200-v5-factory-run\pdfs\CB-TB-1998_Keane.pdf,pdf_inventory_criminal,pdf_hash_unique|dupes=2,NO_GOLD,criminal,OFFLINE_CLIENT_PROJECTION,,,
sha:b62afb4b65d3fb814b93a15387d69c8bae58463068fa2c74ddac673752930764,PDF-b62afb4b65d3,CB-TB-601_Grant,CB-TB-601_Grant.pdf,b62afb4b65d3fb814b93a15387d69c8bae58463068fa2c74ddac673752930764,C:\Users\gduff\Downloads\cb-tb-601-700-v5\pdfs\CB-TB-601_Grant.pdf,pdf_inventory_criminal,pdf_hash_unique|dupes=1,NO_GOLD,criminal,OFFLINE_CLIENT_PROJECTION,,,
sha:b62c8751e0d777147f2249b73d4d0a54f6c5b8701d8ae7d16f5b2592d0ad8827,PDF-b62c8751e0d7,CB-TB-383_Ross,CB-TB-383_Ross.pdf,b62c8751e0d777147f2249b73d4d0a54f6c5b8701d8ae7d16f5b2592d0ad8827,C:\Users\gduff\Downloads\cb-tb-301-400-v4\pdfs\CB-TB-383_Ross.pdf,pdf_inventory_criminal,pdf_hash_unique|dupes=2,NO_GOLD,criminal,OFFLINE_CLIENT_PROJECTION,,,
sha:b633fb6a20e2a50aa5ed4509d34e1b04fdc40ebafd8bea9b2660e617806d9196,PDF-b633fb6a20e2,CB-TB-265_Ward,CB-TB-265_Ward.pdf,b633fb6a20e2a50aa5ed4509d34e1b04fdc40ebafd8bea9b2660e617806d9196,C:\Users\gduff\Downloads\cb-tb-201-300-v4\pdfs\CB-TB-265_Ward.pdf,pdf_inventory_criminal,pdf_hash_unique|dupes=1,NO_GOLD,criminal,OFFLINE_CLIENT_PROJECTION,,,
sha:b636179cf608fac86eebc9ffc852b5378a15dc0803e575b75a5ea27e92ae4e87,PDF-b636179cf608,CB-TB-1768_Walsh,CB-TB-1768_Walsh.pdf,b636179cf608fac86eebc9ffc852b5378a15dc0803e575b75a5ea27e92ae4e87,C:\Users\gduff\Downloads\cb-tb-1601-2200-v5-factory-run\pdfs\CB-TB-1768_Walsh.pdf,pdf_inventory_criminal,pdf_hash_unique|dupes=2,NO_GOLD,criminal,OFFLINE_CLIENT_PROJECTION,,,
sha:b6633c86ce49a2c5377e8c539efc9eb0fb7b6562a489d1bdefcf51df769af112,PDF-b6633c86ce49,CB-TB-218_Hart,CB-TB-218_Hart.pdf,b6633c86ce49a2c5377e8c539efc9eb0fb7b6562a489d1bdefcf51df769af112,C:\Users\gduff\Downloads\cb-tb-201-300-v4\pdfs\CB-TB-218_Hart.pdf,pdf_inventory_criminal,pdf_hash_unique|dupes=1,NO_GOLD,criminal,OFFLINE_CLIENT_PROJECTION,,,
sha:b66ef5497d8b0e7eb234662f638192622e3f805d0821e4a5ef7d2995369159e2,PDF-b66ef5497d8b,CB-TB-926_Ellis,CB-TB-926_Ellis.pdf,b66ef5497d8b0e7eb234662f638192622e3f805d0821e4a5ef7d2995369159e2,C:\Users\gduff\Downloads\cb-tb-901-1100-v5\pdfs\CB-TB-926_Ellis.pdf,pdf_inventory_criminal,pdf_hash_unique|dupes=2,NO_GOLD,criminal,OFFLINE_CLIENT_PROJECTION,,,
sha:b696f2e50d972ab8d811e2c2a46687b01afa173ff4c7074d6da8d6f961b9bda1,PDF-b696f2e50d97,CB-TB-1997_Naylor,CB-TB-1997_Naylor.pdf,b696f2e50d972ab8d811e2c2a46687b01afa173ff4c7074d6da8d6f961b9bda1,C:\Users\gduff\Downloads\cb-tb-1601-2200-v5-factory-run\pdfs\CB-TB-1997_Naylor.pdf,pdf_inventory_criminal,pdf_hash_unique|dupes=2,NO_GOLD,criminal,OFFLINE_CLIENT_PROJECTION,,,
sha:b69ad96bd8a0648a7816fdb041b4a8feae90ed611a4985cfe9b249f130ef8753,PDF-b69ad96bd8a0,CB-TB-2173_Okonkwo,CB-TB-2173_Okonkwo.pdf,b69ad96bd8a0648a7816fdb041b4a8feae90ed611a4985cfe9b249f130ef8753,C:\Users\gduff\Downloads\cb-tb-1601-2200-v5-factory-run\pdfs\CB-TB-2173_Okonkwo.pdf,pdf_inventory_criminal,pdf_hash_unique|dupes=2,NO_GOLD,criminal,OFFLINE_CLIENT_PROJECTION,,,
sha:b6c63785bb46a0b2d4be65022bed1b182e643a926e18188d9d11139597f383ca,PDF-b6c63785bb46,CB-TB-586_Nair,CB-TB-586_Nair.pdf,b6c63785bb46a0b2d4be65022bed1b182e643a926e18188d9d11139597f383ca,C:\Users\gduff\Downloads\cb-tb-501-600-v5-extract\pdfs\CB-TB-586_Nair.pdf,pdf_inventory_criminal,pdf_hash_unique|dupes=3,NO_GOLD,criminal,OFFLINE_CLIENT_PROJECTION,,,
sha:b6dea1752d4ab480ff47064677fa52831e85b94e3695be7efc3ceb8324564a03,PDF-b6dea1752d4a,CB-TB-1224_Mason,CB-TB-1224_Mason.pdf,b6dea1752d4ab480ff47064677fa52831e85b94e3695be7efc3ceb8324564a03,C:\Users\gduff\Downloads\cb-tb-1201-1300-v5\pdfs\CB-TB-1224_Mason.pdf,pdf_inventory_criminal,pdf_hash_unique|dupes=2,NO_GOLD,criminal,OFFLINE_CLIENT_PROJECTION,,,
sha:b744e28fbf0967b7d3d3810f2e49cebb6580329be4f8b9df3a30f1e05302b28c,PDF-b744e28fbf09,CB-TB-062_Dacre,CB-TB-062_Dacre.pdf,b744e28fbf0967b7d3d3810f2e49cebb6580329be4f8b9df3a30f1e05302b28c,C:\Users\gduff\Downloads\cb-tb-031-100-v4\pdfs\CB-TB-062_Dacre.pdf,pdf_inventory_criminal,pdf_hash_unique|dupes=1,NO_GOLD,criminal,OFFLINE_CLIENT_PROJECTION,,,
sha:b773f5e891ea3b4af805f50c78cdb803056a47c0d7a5d2c5db08b3ea000de29c,PDF-b773f5e891ea,CB-TB-315_Bennett,CB-TB-315_Bennett.pdf,b773f5e891ea3b4af805f50c78cdb803056a47c0d7a5d2c5db08b3ea000de29c,C:\Users\gduff\Downloads\cb-tb-301-400-v4\pdfs\CB-TB-315_Bennett.pdf,pdf_inventory_criminal,pdf_hash_unique|dupes=2,NO_GOLD,criminal,OFFLINE_CLIENT_PROJECTION,,,
sha:b78d06ec997d032fa06da625af632696568c9423f294b5e8f51a921fee7ef16c,PDF-b78d06ec997d,CB-TB-1269_Price,CB-TB-1269_Price.pdf,b78d06ec997d032fa06da625af632696568c9423f294b5e8f51a921fee7ef16c,C:\Users\gduff\Downloads\cb-tb-1201-1300-v5\pdfs\CB-TB-1269_Price.pdf,pdf_inventory_criminal,pdf_hash_unique|dupes=2,NO_GOLD,criminal,OFFLINE_CLIENT_PROJECTION,,,
sha:b7bdff5b304cda01515e1e7e51941e1e3a4e91b61d8c34184fce56af0fdaa887,PDF-b7bdff5b304c,CB-TB-1467_Merritt,CB-TB-1467_Merritt.pdf,b7bdff5b304cda01515e1e7e51941e1e3a4e91b61d8c34184fce56af0fdaa887,C:\Users\gduff\Downloads\cb-tb-1401-1500-v5-tmp\pdfs\CB-TB-1467_Merritt.pdf,pdf_inventory_criminal,pdf_hash_unique|dupes=1,NO_GOLD,criminal,OFFLINE_CLIENT_PROJECTION,,,
sha:b7cf24975cf82eb40e680f0571412121793db02d7535c8889fc03592d814023f,PDF-b7cf24975cf8,CB-TB-1783_Knowles,CB-TB-1783_Knowles.pdf,b7cf24975cf82eb40e680f0571412121793db02d7535c8889fc03592d814023f,C:\Users\gduff\Downloads\cb-tb-1601-2200-v5-factory-run\pdfs\CB-TB-1783_Knowles.pdf,pdf_inventory_criminal,pdf_hash_unique|dupes=2,NO_GOLD,criminal,OFFLINE_CLIENT_PROJECTION,,,
sha:b7e2c1718d1ec5d1db561cbed415216e7be771e2ebc07516f20000e20ac5f653,PDF-b7e2c1718d1e,CB-TB-549_Hale,CB-TB-549_Hale.pdf,b7e2c1718d1ec5d1db561cbed415216e7be771e2ebc07516f20000e20ac5f653,C:\Users\gduff\Downloads\cb-tb-501-600-v5-extract\pdfs\CB-TB-549_Hale.pdf,pdf_inventory_criminal,pdf_hash_unique|dupes=3,NO_GOLD,criminal,OFFLINE_CLIENT_PROJECTION,,,
sha:b7e34d40487649503d8639ce07d2985dff4dc3987fc89658902a5de440eb64b9,PDF-b7e34d404876,CB-TB-1450_Ross,CB-TB-1450_Ross.pdf,b7e34d40487649503d8639ce07d2985dff4dc3987fc89658902a5de440eb64b9,C:\Users\gduff\Downloads\cb-tb-1401-1500-v5-tmp\pdfs\CB-TB-1450_Ross.pdf,pdf_inventory_criminal,pdf_hash_unique|dupes=1,NO_GOLD,criminal,OFFLINE_CLIENT_PROJECTION,,,
sha:b817d8be9f55a30b477800eef0a0c64ceb7f350d337560371c155ce9f642c715,PDF-b817d8be9f55,CB-TB-1971_Quinn,CB-TB-1971_Quinn.pdf,b817d8be9f55a30b477800eef0a0c64ceb7f350d337560371c155ce9f642c715,C:\Users\gduff\Downloads\cb-tb-1601-2200-v5-factory-run\pdfs\CB-TB-1971_Quinn.pdf,pdf_inventory_criminal,pdf_hash_unique|dupes=2,NO_GOLD,criminal,OFFLINE_CLIENT_PROJECTION,,,
sha:b83f7a8742d536936d1b9152d9a88e79a324bd455d949b3f8ff3b4be984d60dc,PDF-b83f7a8742d5,CB-TB-981_Khan,CB-TB-981_Khan.pdf,b83f7a8742d536936d1b9152d9a88e79a324bd455d949b3f8ff3b4be984d60dc,C:\Users\gduff\Downloads\cb-tb-901-1100-v5\pdfs\CB-TB-981_Khan.pdf,pdf_inventory_criminal,pdf_hash_unique|dupes=2,NO_GOLD,criminal,OFFLINE_CLIENT_PROJECTION,,,
sha:b8472793e10bc0273c10d5cbe6994908cca94af801e3f221bc43cd63415032a0,PDF-b8472793e10b,CB-TB-1830_Booth,CB-TB-1830_Booth.pdf,b8472793e10bc0273c10d5cbe6994908cca94af801e3f221bc43cd63415032a0,C:\Users\gduff\Downloads\cb-tb-1601-2200-v5-factory-run\pdfs\CB-TB-1830_Booth.pdf,pdf_inventory_criminal,pdf_hash_unique|dupes=2,NO_GOLD,criminal,OFFLINE_CLIENT_PROJECTION,,,
sha:b8537d730a6ae499adbb02cc0dbd64ff650487314e689d8503df33249d4c202f,PDF-b8537d730a6a,CB-TB-013_Vale,CB-TB-013_Vale.pdf,b8537d730a6ae499adbb02cc0dbd64ff650487314e689d8503df33249d4c202f,C:\Users\gduff\Downloads\cb-tb-001-030-v4\pdfs\CB-TB-013_Vale.pdf,pdf_inventory_criminal,pdf_hash_unique|dupes=1,NO_GOLD,criminal,OFFLINE_CLIENT_PROJECTION,,,
sha:b88be069622c20e149db8b92c022afd45ae77315b7a3b43e393608669dd9725d,PDF-b88be069622c,mg11-homeowner statment,mg11-homeowner statment.pdf,b88be069622c20e149db8b92c022afd45ae77315b7a3b43e393608669dd9725d,C:\Users\gduff\Downloads\mg11-homeowner statment.pdf,pdf_inventory,pdf_hash_unique|dupes=1,NO_GOLD,criminal,OFFLINE_CLIENT_PROJECTION,,,
sha:b91c5880a2bde199e063d593e580c818d7dcedb2bb56ffcb7e21ed697e8ec784,PDF-b91c5880a2bd,CB-TB-711_Stone,CB-TB-711_Stone.pdf,b91c5880a2bde199e063d593e580c818d7dcedb2bb56ffcb7e21ed697e8ec784,C:\Users\gduff\Downloads\cb-tb-701-800-v5\pdfs\CB-TB-711_Stone.pdf,pdf_inventory_criminal,pdf_hash_unique|dupes=1,NO_GOLD,criminal,OFFLINE_CLIENT_PROJECTION,,,
sha:b92ec00fb6ff4dd381444976e77ab19d12fc644724df58260ee1f34ef08e87bf,PDF-b92ec00fb6ff,NS-CPS-2026-0439 - Copy (2),NS-CPS-2026-0439 - Copy (2).pdf,b92ec00fb6ff4dd381444976e77ab19d12fc644724df58260ee1f34ef08e87bf,C:\Users\gduff\Downloads\NS-CPS-2026-0439 - Copy (2).pdf,pdf_inventory,pdf_hash_unique|dupes=2,NO_GOLD,criminal,OFFLINE_CLIENT_PROJECTION,,,
sha:b95f5e9e72de0080fd6b4804ef04fe096f5dccb289e22e61e74bffb72b8720d6,PDF-b95f5e9e72de,CB-TB-298_Foster,CB-TB-298_Foster.pdf,b95f5e9e72de0080fd6b4804ef04fe096f5dccb289e22e61e74bffb72b8720d6,C:\Users\gduff\Downloads\cb-tb-201-300-v4\pdfs\CB-TB-298_Foster.pdf,pdf_inventory_criminal,pdf_hash_unique|dupes=1,NO_GOLD,criminal,OFFLINE_CLIENT_PROJECTION,,,
sha:b96efc508078f592aec543c7d46a21bfb427b61c22c8ee32e65bc9338efc299b,PDF-b96efc508078,CB-TB-289_Doyle,CB-TB-289_Doyle.pdf,b96efc508078f592aec543c7d46a21bfb427b61c22c8ee32e65bc9338efc299b,C:\Users\gduff\Downloads\cb-tb-201-300-v4\pdfs\CB-TB-289_Doyle.pdf,pdf_inventory_criminal,pdf_hash_unique|dupes=1,NO_GOLD,criminal,OFFLINE_CLIENT_PROJECTION,,,
sha:b9d541cf1f5cc4fa8c6ef3900bb3f824fc1e9bc9c1043ff974b7c1fdad056991,PDF-b9d541cf1f5c,CB-TB-2170_Kerr,CB-TB-2170_Kerr.pdf,b9d541cf1f5cc4fa8c6ef3900bb3f824fc1e9bc9c1043ff974b7c1fdad056991,C:\Users\gduff\Downloads\cb-tb-1601-2200-v5-factory-run\pdfs\CB-TB-2170_Kerr.pdf,pdf_inventory_criminal,pdf_hash_unique|dupes=2,NO_GOLD,criminal,OFFLINE_CLIENT_PROJECTION,,,
sha:b9ed34c4b2832801aa321f1b954ebf0b6e8571016515bbb56461fe63dd476053,PDF-b9ed34c4b283,CB-TB-536_Foster,CB-TB-536_Foster.pdf,b9ed34c4b2832801aa321f1b954ebf0b6e8571016515bbb56461fe63dd476053,C:\Users\gduff\Downloads\cb-tb-501-600-v5-extract\pdfs\CB-TB-536_Foster.pdf,pdf_inventory_criminal,pdf_hash_unique|dupes=3,NO_GOLD,criminal,OFFLINE_CLIENT_PROJECTION,,,
sha:b9f77ac55b3455063dea4416169993c5ddb5ee8b7aae6ca12eb6f5047531d180,PDF-b9f77ac55b34,CB-TB-1947_Finch,CB-TB-1947_Finch.pdf,b9f77ac55b3455063dea4416169993c5ddb5ee8b7aae6ca12eb6f5047531d180,C:\Users\gduff\Downloads\cb-tb-1601-2200-v5-factory-run\pdfs\CB-TB-1947_Finch.pdf,pdf_inventory_criminal,pdf_hash_unique|dupes=2,NO_GOLD,criminal,OFFLINE_CLIENT_PROJECTION,,,
sha:ba1de2019abd567a626358b82ad651806037c381de7ba6dccebb9266f55e7078,PDF-ba1de2019abd,CB-TB-647_Patel,CB-TB-647_Patel.pdf,ba1de2019abd567a626358b82ad651806037c381de7ba6dccebb9266f55e7078,C:\Users\gduff\Downloads\cb-tb-601-700-v5\pdfs\CB-TB-647_Patel.pdf,pdf_inventory_criminal,pdf_hash_unique|dupes=1,NO_GOLD,criminal,OFFLINE_CLIENT_PROJECTION,,,
sha:ba48be4e4e9fbce4f65df84058c856a9e250f8d014b42e9485cec4a12983a54d,PDF-ba48be4e4e9f,CB-TB-1669_Okonkwo,CB-TB-1669_Okonkwo.pdf,ba48be4e4e9fbce4f65df84058c856a9e250f8d014b42e9485cec4a12983a54d,C:\Users\gduff\Downloads\cb-tb-1601-2200-v5-factory-run\pdfs\CB-TB-1669_Okonkwo.pdf,pdf_inventory_criminal,pdf_hash_unique|dupes=4,NO_GOLD,criminal,OFFLINE_CLIENT_PROJECTION,,,
sha:ba59e2b54ad260b3b45b71aa57d73dc3abcc56bbbf07e922ecea63da20f4fcdf,PDF-ba59e2b54ad2,CB-TB-828_Parker,CB-TB-828_Parker.pdf,ba59e2b54ad260b3b45b71aa57d73dc3abcc56bbbf07e922ecea63da20f4fcdf,C:\Users\gduff\Downloads\cb-tb-801-900-v5\pdfs\CB-TB-828_Parker.pdf,pdf_inventory_criminal,pdf_hash_unique|dupes=1,NO_GOLD,criminal,OFFLINE_CLIENT_PROJECTION,,,
sha:ba5ebe73ebc5d6f4ec6f69349653cbd6dabeb3eefb201cecaf7772fec83f457d,PDF-ba5ebe73ebc5,CB-TB-2196_Hughes,CB-TB-2196_Hughes.pdf,ba5ebe73ebc5d6f4ec6f69349653cbd6dabeb3eefb201cecaf7772fec83f457d,C:\Users\gduff\Downloads\cb-tb-1601-2200-v5-factory-run\pdfs\CB-TB-2196_Hughes.pdf,pdf_inventory_criminal,pdf_hash_unique|dupes=2,NO_GOLD,criminal,OFFLINE_CLIENT_PROJECTION,,,
sha:ba8bc190f08927a832ed830d011e92172f0379693f01e2a1166b2227344f84a8,PDF-ba8bc190f089,CB-TB-1551_Turner,CB-TB-1551_Turner.pdf,ba8bc190f08927a832ed830d011e92172f0379693f01e2a1166b2227344f84a8,C:\Users\gduff\Downloads\cb-tb-1501-1600-v5-factory-run\pdfs\CB-TB-1551_Turner.pdf,pdf_inventory_criminal,pdf_hash_unique|dupes=2,NO_GOLD,criminal,OFFLINE_CLIENT_PROJECTION,,,
sha:ba99ab943ab36e9598385e28ced82160b001622f93535d97338da3ca571713e5,PDF-ba99ab943ab3,CB-TB-826_Marsh,CB-TB-826_Marsh.pdf,ba99ab943ab36e9598385e28ced82160b001622f93535d97338da3ca571713e5,C:\Users\gduff\Downloads\cb-tb-801-900-v5\pdfs\CB-TB-826_Marsh.pdf,pdf_inventory_criminal,pdf_hash_unique|dupes=1,NO_GOLD,criminal,OFFLINE_CLIENT_PROJECTION,,,
sha:ba9b4c56e95c791b049447b09ad0ac4286d3d8c58b08bf86f828a17aea04e4e7,PDF-ba9b4c56e95c,CB-TB-049_Barton,CB-TB-049_Barton.pdf,ba9b4c56e95c791b049447b09ad0ac4286d3d8c58b08bf86f828a17aea04e4e7,C:\Users\gduff\Downloads\cb-tb-001-050-v3\pdfs\CB-TB-049_Barton.pdf,pdf_inventory_criminal,pdf_hash_unique|dupes=2,NO_GOLD,criminal,OFFLINE_CLIENT_PROJECTION,,,
sha:babbc74bcf8d6cf7d4a8a39bfc6859361edf211533c797e54455e212299e7743,PDF-babbc74bcf8d,CB-TB-2035_Nolan,CB-TB-2035_Nolan.pdf,babbc74bcf8d6cf7d4a8a39bfc6859361edf211533c797e54455e212299e7743,C:\Users\gduff\Downloads\cb-tb-1601-2200-v5-factory-run\pdfs\CB-TB-2035_Nolan.pdf,pdf_inventory_criminal,pdf_hash_unique|dupes=2,NO_GOLD,criminal,OFFLINE_CLIENT_PROJECTION,,,
sha:bac80b1e5ea1b4b731880f7d8e0190dacdd48d721955e3b16e2101f7bc4b2ca6,PDF-bac80b1e5ea1,CB-TB-1604_Ali,CB-TB-1604_Ali.pdf,bac80b1e5ea1b4b731880f7d8e0190dacdd48d721955e3b16e2101f7bc4b2ca6,C:\Users\gduff\Downloads\cb-tb-1601-2200-v5-factory-run\pdfs\CB-TB-1604_Ali.pdf,pdf_inventory_criminal,pdf_hash_unique|dupes=4,NO_GOLD,criminal,OFFLINE_CLIENT_PROJECTION,,,
sha:bb0de04967459a058fa3191374a4e5846238fee1f6216c540c5d879d0a930579,PDF-bb0de0496745,CB-TB-2141_Ross,CB-TB-2141_Ross.pdf,bb0de04967459a058fa3191374a4e5846238fee1f6216c540c5d879d0a930579,C:\Users\gduff\Downloads\cb-tb-1601-2200-v5-factory-run\pdfs\CB-TB-2141_Ross.pdf,pdf_inventory_criminal,pdf_hash_unique|dupes=2,NO_GOLD,criminal,OFFLINE_CLIENT_PROJECTION,,,
sha:bb1064f04e2a91e8637461ca93fd9b190e5cc89ffdca6daf9be1eeae45420349,PDF-bb1064f04e2a,CB-TB-1488_Mitchell,CB-TB-1488_Mitchell.pdf,bb1064f04e2a91e8637461ca93fd9b190e5cc89ffdca6daf9be1eeae45420349,C:\Users\gduff\Downloads\cb-tb-1401-1500-v5-tmp\pdfs\CB-TB-1488_Mitchell.pdf,pdf_inventory_criminal,pdf_hash_unique|dupes=1,NO_GOLD,criminal,OFFLINE_CLIENT_PROJECTION,,,
sha:bb2b958b7d0efdcb6a46dd877fa0e7baaae4eadb4170a4e8a6c29ca52119b98a,PDF-bb2b958b7d0e,CB-TB-552_Clarke,CB-TB-552_Clarke.pdf,bb2b958b7d0efdcb6a46dd877fa0e7baaae4eadb4170a4e8a6c29ca52119b98a,C:\Users\gduff\Downloads\cb-tb-501-600-v5-extract\pdfs\CB-TB-552_Clarke.pdf,pdf_inventory_criminal,pdf_hash_unique|dupes=3,NO_GOLD,criminal,OFFLINE_CLIENT_PROJECTION,,,
sha:bb45c110f44e6f3a5ce6a2102f0525d9ff868cbe474fa1b47243c7a72d3be4e8,PDF-bb45c110f44e,CB-TB-1892_Holt,CB-TB-1892_Holt.pdf,bb45c110f44e6f3a5ce6a2102f0525d9ff868cbe474fa1b47243c7a72d3be4e8,C:\Users\gduff\Downloads\cb-tb-1601-2200-v5-factory-run\pdfs\CB-TB-1892_Holt.pdf,pdf_inventory_criminal,pdf_hash_unique|dupes=2,NO_GOLD,criminal,OFFLINE_CLIENT_PROJECTION,,,
sha:bb5fc487b8dcbe7d579cc009e75fb87556bee6ac64871a7c21acd4ab04b8376e,PDF-bb5fc487b8dc,CB-TB-1882_Walsh,CB-TB-1882_Walsh.pdf,bb5fc487b8dcbe7d579cc009e75fb87556bee6ac64871a7c21acd4ab04b8376e,C:\Users\gduff\Downloads\cb-tb-1601-2200-v5-factory-run\pdfs\CB-TB-1882_Walsh.pdf,pdf_inventory_criminal,pdf_hash_unique|dupes=2,NO_GOLD,criminal,OFFLINE_CLIENT_PROJECTION,,,
sha:bb94993e542f39f1d457c192772d4c26296b7c54adeee007079295f78755e954,PDF-bb94993e542f,CB-TB-487_Merritt,CB-TB-487_Merritt.pdf,bb94993e542f39f1d457c192772d4c26296b7c54adeee007079295f78755e954,C:\Users\gduff\Downloads\cb-tb-401-500-v5\pdfs\CB-TB-487_Merritt.pdf,pdf_inventory_criminal,pdf_hash_unique|dupes=2,NO_GOLD,criminal,OFFLINE_CLIENT_PROJECTION,,,
sha:bb959e4ea1699db914bc6442794aff189793dbf37e72b0142c65b9d9f8037027,PDF-bb959e4ea169,CB-TB-562_Thornton,CB-TB-562_Thornton.pdf,bb959e4ea1699db914bc6442794aff189793dbf37e72b0142c65b9d9f8037027,C:\Users\gduff\Downloads\cb-tb-501-600-v5-extract\pdfs\CB-TB-562_Thornton.pdf,pdf_inventory_criminal,pdf_hash_unique|dupes=3,NO_GOLD,criminal,OFFLINE_CLIENT_PROJECTION,,,
sha:bbf9db082ac02f162c3dc4905871904660929d03d507d94abcf13a5468ef3bef,PDF-bbf9db082ac0,CB-TB-1225_Ward,CB-TB-1225_Ward.pdf,bbf9db082ac02f162c3dc4905871904660929d03d507d94abcf13a5468ef3bef,C:\Users\gduff\Downloads\cb-tb-1201-1300-v5\pdfs\CB-TB-1225_Ward.pdf,pdf_inventory_criminal,pdf_hash_unique|dupes=2,NO_GOLD,criminal,OFFLINE_CLIENT_PROJECTION,,,
sha:bc05f6637b62d96020b9824a1aa75f858e660fbbed8ae07ab7c9d2e857018937,PDF-bc05f6637b62,CB-TB-1206_Foster,CB-TB-1206_Foster.pdf,bc05f6637b62d96020b9824a1aa75f858e660fbbed8ae07ab7c9d2e857018937,C:\Users\gduff\Downloads\cb-tb-1201-1300-v5\pdfs\CB-TB-1206_Foster.pdf,pdf_inventory_criminal,pdf_hash_unique|dupes=2,NO_GOLD,criminal,OFFLINE_CLIENT_PROJECTION,,,
sha:bc0bf6f64e6cd2044cdedfff7ee1d441fc0ef53b0574e0294642642ee807d58b,PDF-bc0bf6f64e6c,CB-TB-1907_Mills,CB-TB-1907_Mills.pdf,bc0bf6f64e6cd2044cdedfff7ee1d441fc0ef53b0574e0294642642ee807d58b,C:\Users\gduff\Downloads\cb-tb-1601-2200-v5-factory-run\pdfs\CB-TB-1907_Mills.pdf,pdf_inventory_criminal,pdf_hash_unique|dupes=2,NO_GOLD,criminal,OFFLINE_CLIENT_PROJECTION,,,
sha:bc159f47c1a9c30eb4b78f0e2bc687ed4220a9c4cf8ab01b149d425ef1e90a5d,PDF-bc159f47c1a9,CB-TB-508_Price,CB-TB-508_Price.pdf,bc159f47c1a9c30eb4b78f0e2bc687ed4220a9c4cf8ab01b149d425ef1e90a5d,C:\Users\gduff\Downloads\cb-tb-501-600-v5-extract\pdfs\CB-TB-508_Price.pdf,pdf_inventory_criminal,pdf_hash_unique|dupes=3,NO_GOLD,criminal,OFFLINE_CLIENT_PROJECTION,,,
sha:bca87966851fa6a2b3fbdbc8237176c374cac338aae764aaeaf2b98f2ac99fdd,PDF-bca87966851f,CB-TB-1152_Okonkwo,CB-TB-1152_Okonkwo.pdf,bca87966851fa6a2b3fbdbc8237176c374cac338aae764aaeaf2b98f2ac99fdd,C:\Users\gduff\Downloads\cb-tb-1101-1400-v5\pdfs\CB-TB-1152_Okonkwo.pdf,pdf_inventory_criminal,pdf_hash_unique|dupes=2,NO_GOLD,criminal,OFFLINE_CLIENT_PROJECTION,,,
sha:bcb38d0439e3324cc1b05775b3c86a0e1498205caacee5ecd71f826b7bc2ba10,PDF-bcb38d0439e3,CB-TB-2138_Okonkwo,CB-TB-2138_Okonkwo.pdf,bcb38d0439e3324cc1b05775b3c86a0e1498205caacee5ecd71f826b7bc2ba10,C:\Users\gduff\Downloads\cb-tb-1601-2200-v5-factory-run\pdfs\CB-TB-2138_Okonkwo.pdf,pdf_inventory_criminal,pdf_hash_unique|dupes=2,NO_GOLD,criminal,OFFLINE_CLIENT_PROJECTION,,,
sha:bcb81660fbf7b57290d713edf698a61ada79bb4558ccd921de86ecd9efc4e4e1,PDF-bcb81660fbf7,CB-TB-034_Ross,CB-TB-034_Ross.pdf,bcb81660fbf7b57290d713edf698a61ada79bb4558ccd921de86ecd9efc4e4e1,C:\Users\gduff\Downloads\cb-tb-001-050-v3\pdfs\CB-TB-034_Ross.pdf,pdf_inventory_criminal,pdf_hash_unique|dupes=2,NO_GOLD,criminal,OFFLINE_CLIENT_PROJECTION,,,
sha:bd06bb34eb72fc9455e0e92ee73721ee7752c4dcdcfc0a183abd965cb355fd56,PDF-bd06bb34eb72,CB-TB-818_Coleman,CB-TB-818_Coleman.pdf,bd06bb34eb72fc9455e0e92ee73721ee7752c4dcdcfc0a183abd965cb355fd56,C:\Users\gduff\Downloads\cb-tb-801-900-v5\pdfs\CB-TB-818_Coleman.pdf,pdf_inventory_criminal,pdf_hash_unique|dupes=1,NO_GOLD,criminal,OFFLINE_CLIENT_PROJECTION,,,
sha:bd28054c194c6fad0f7b6c7d0ca18a737d4fbf3fdbf6caca4295e4d231acb30a,PDF-bd28054c194c,CB-TB-1565_Morris,CB-TB-1565_Morris.pdf,bd28054c194c6fad0f7b6c7d0ca18a737d4fbf3fdbf6caca4295e4d231acb30a,C:\Users\gduff\Downloads\cb-tb-1501-1600-v5-factory-run\pdfs\CB-TB-1565_Morris.pdf,pdf_inventory_criminal,pdf_hash_unique|dupes=2,NO_GOLD,criminal,OFFLINE_CLIENT_PROJECTION,,,
sha:bd73cc2d4300a3d76e31bdafbfb73c6eaf4b111ea46c5c7686ed349591cfb4a4,PDF-bd73cc2d4300,CB-TB-1353_Okonkwo,CB-TB-1353_Okonkwo.pdf,bd73cc2d4300a3d76e31bdafbfb73c6eaf4b111ea46c5c7686ed349591cfb4a4,C:\Users\gduff\Downloads\cb-tb-1301-1400-v5\pdfs\CB-TB-1353_Okonkwo.pdf,pdf_inventory_criminal,pdf_hash_unique|dupes=2,NO_GOLD,criminal,OFFLINE_CLIENT_PROJECTION,,,
sha:bd75deaee8a2821ff66885a1288cf75d9114bbbcde4d5c8dec9cfade2800c1c2,PDF-bd75deaee8a2,CB-TB-1385_Stone,CB-TB-1385_Stone.pdf,bd75deaee8a2821ff66885a1288cf75d9114bbbcde4d5c8dec9cfade2800c1c2,C:\Users\gduff\Downloads\cb-tb-1301-1400-v5\pdfs\CB-TB-1385_Stone.pdf,pdf_inventory_criminal,pdf_hash_unique|dupes=2,NO_GOLD,criminal,OFFLINE_CLIENT_PROJECTION,,,
sha:bdbc03f162ca4cc02f9b17cce1e7ebdec0c6183b7fe51ff3d32bafc4ea265a7b,PDF-bdbc03f162ca,CB-TB-1761_Fielding,CB-TB-1761_Fielding.pdf,bdbc03f162ca4cc02f9b17cce1e7ebdec0c6183b7fe51ff3d32bafc4ea265a7b,C:\Users\gduff\Downloads\cb-tb-1601-2200-v5-factory-run\pdfs\CB-TB-1761_Fielding.pdf,pdf_inventory_criminal,pdf_hash_unique|dupes=2,NO_GOLD,criminal,OFFLINE_CLIENT_PROJECTION,,,
sha:be281d8de2ee39f705951eb44ebee0abec18682f70f4358682c635068c5e7556,PDF-be281d8de2ee,CB-TB-1874_Marsden,CB-TB-1874_Marsden.pdf,be281d8de2ee39f705951eb44ebee0abec18682f70f4358682c635068c5e7556,C:\Users\gduff\Downloads\cb-tb-1601-2200-v5-factory-run\pdfs\CB-TB-1874_Marsden.pdf,pdf_inventory_criminal,pdf_hash_unique|dupes=2,NO_GOLD,criminal,OFFLINE_CLIENT_PROJECTION,,,
sha:be2cf493c2cfb43dafd531ccdb993b8be0c8406558a02975abfc5672c6ded2c6,PDF-be2cf493c2cf,CB-TB-141_Reed,CB-TB-141_Reed.pdf,be2cf493c2cfb43dafd531ccdb993b8be0c8406558a02975abfc5672c6ded2c6,C:\Users\gduff\Downloads\cb-tb-101-200-v4\pdfs\CB-TB-141_Reed.pdf,pdf_inventory_criminal,pdf_hash_unique|dupes=1,NO_GOLD,criminal,OFFLINE_CLIENT_PROJECTION,,,
sha:be3086d1c95e157c4db4b516f97f362db6ab2eef2a0b9fc6b58d58d66249ab46,PDF-be3086d1c95e,CB-TB-1869_Holland,CB-TB-1869_Holland.pdf,be3086d1c95e157c4db4b516f97f362db6ab2eef2a0b9fc6b58d58d66249ab46,C:\Users\gduff\Downloads\cb-tb-1601-2200-v5-factory-run\pdfs\CB-TB-1869_Holland.pdf,pdf_inventory_criminal,pdf_hash_unique|dupes=2,NO_GOLD,criminal,OFFLINE_CLIENT_PROJECTION,,,
sha:be35ddcb6eca7727bd6ed578b38c9f871f0496d2298e9ac815055b4a9bebbcac,PDF-be35ddcb6eca,CB-TB-1815_Rowley,CB-TB-1815_Rowley.pdf,be35ddcb6eca7727bd6ed578b38c9f871f0496d2298e9ac815055b4a9bebbcac,C:\Users\gduff\Downloads\cb-tb-1601-2200-v5-factory-run\pdfs\CB-TB-1815_Rowley.pdf,pdf_inventory_criminal,pdf_hash_unique|dupes=2,NO_GOLD,criminal,OFFLINE_CLIENT_PROJECTION,,,
sha:be718ba6a40947282328bba48be058797dc856ecf71fd04acb452dd1c49f5229,PDF-be718ba6a409,CB-TB-1425_Carver,CB-TB-1425_Carver.pdf,be718ba6a40947282328bba48be058797dc856ecf71fd04acb452dd1c49f5229,C:\Users\gduff\Downloads\cb-tb-1401-1500-v5-tmp\pdfs\CB-TB-1425_Carver.pdf,pdf_inventory_criminal,pdf_hash_unique|dupes=1,NO_GOLD,criminal,OFFLINE_CLIENT_PROJECTION,,,
sha:be806396c66dec6e4d99594483409de1a63e6d99214b06f7427d460385e0417e,PDF-be806396c66d,CB-TB-1003_Blake,CB-TB-1003_Blake.pdf,be806396c66dec6e4d99594483409de1a63e6d99214b06f7427d460385e0417e,C:\Users\gduff\Downloads\cb-tb-901-1100-v5\pdfs\CB-TB-1003_Blake.pdf,pdf_inventory_criminal,pdf_hash_unique|dupes=2,NO_GOLD,criminal,OFFLINE_CLIENT_PROJECTION,,,
sha:bec2a3d30c532891e60a51ce4a21847fd3d49a983763d4b3662920da03724fa3,PDF-bec2a3d30c53,CB-TB-103_Greene,CB-TB-103_Greene.pdf,bec2a3d30c532891e60a51ce4a21847fd3d49a983763d4b3662920da03724fa3,C:\Users\gduff\Downloads\cb-tb-101-200-v4\pdfs\CB-TB-103_Greene.pdf,pdf_inventory_criminal,pdf_hash_unique|dupes=1,NO_GOLD,criminal,OFFLINE_CLIENT_PROJECTION,,,
sha:bed5041ff4df10e9d99d0033439b08516047c5baface2fbbbf6b94d71c8ba19f,PDF-bed5041ff4df,CB-TB-202_Holt,CB-TB-202_Holt.pdf,bed5041ff4df10e9d99d0033439b08516047c5baface2fbbbf6b94d71c8ba19f,C:\Users\gduff\Downloads\cb-tb-201-300-v4\pdfs\CB-TB-202_Holt.pdf,pdf_inventory_criminal,pdf_hash_unique|dupes=1,NO_GOLD,criminal,OFFLINE_CLIENT_PROJECTION,,,
sha:bed8d7e795af8a40425a969e2acac5a9ec4518dd1db08ecc7db1cd9feb4411e7,PDF-bed8d7e795af,CB-TB-1929_Forrest,CB-TB-1929_Forrest.pdf,bed8d7e795af8a40425a969e2acac5a9ec4518dd1db08ecc7db1cd9feb4411e7,C:\Users\gduff\Downloads\cb-tb-1601-2200-v5-factory-run\pdfs\CB-TB-1929_Forrest.pdf,pdf_inventory_criminal,pdf_hash_unique|dupes=2,NO_GOLD,criminal,OFFLINE_CLIENT_PROJECTION,,,
sha:bed943d806a788ea23e16b89c243087ce16bfc94c1de6f7258c8479db863f44f,PDF-bed943d806a7,CB-TB-2059_Hughes,CB-TB-2059_Hughes.pdf,bed943d806a788ea23e16b89c243087ce16bfc94c1de6f7258c8479db863f44f,C:\Users\gduff\Downloads\cb-tb-1601-2200-v5-factory-run\pdfs\CB-TB-2059_Hughes.pdf,pdf_inventory_criminal,pdf_hash_unique|dupes=2,NO_GOLD,criminal,OFFLINE_CLIENT_PROJECTION,,,
sha:bee42d9479cf16dc941f19a2c5a5451ab8fec1d0ba42803b66327429d05d8692,PDF-bee42d9479cf,CB-TB-1161_Greene,CB-TB-1161_Greene.pdf,bee42d9479cf16dc941f19a2c5a5451ab8fec1d0ba42803b66327429d05d8692,C:\Users\gduff\Downloads\cb-tb-1101-1400-v5\pdfs\CB-TB-1161_Greene.pdf,pdf_inventory_criminal,pdf_hash_unique|dupes=2,NO_GOLD,criminal,OFFLINE_CLIENT_PROJECTION,,,
sha:bef46d81df0064c08addc32eb46e1ebcc9b20641275c2eb79a3c283779cb7155,PDF-bef46d81df00,CB-TB-250_Mitchell,CB-TB-250_Mitchell.pdf,bef46d81df0064c08addc32eb46e1ebcc9b20641275c2eb79a3c283779cb7155,C:\Users\gduff\Downloads\cb-tb-201-300-v4\pdfs\CB-TB-250_Mitchell.pdf,pdf_inventory_criminal,pdf_hash_unique|dupes=1,NO_GOLD,criminal,OFFLINE_CLIENT_PROJECTION,,,
sha:bf7219c98ecc1c82c5b00470049d5d094cb872ff030156eebf6c98cf0a694129,PDF-bf7219c98ecc,CB-TB-1182_Kent,CB-TB-1182_Kent.pdf,bf7219c98ecc1c82c5b00470049d5d094cb872ff030156eebf6c98cf0a694129,C:\Users\gduff\Downloads\cb-tb-1101-1400-v5\pdfs\CB-TB-1182_Kent.pdf,pdf_inventory_criminal,pdf_hash_unique|dupes=2,NO_GOLD,criminal,OFFLINE_CLIENT_PROJECTION,,,
sha:bf73e78b3b3c2b1bb21f3053826264a0eaa3f66bb46e002bbdca2e637f55e438,PDF-bf73e78b3b3c,CB-TB-533_Price,CB-TB-533_Price.pdf,bf73e78b3b3c2b1bb21f3053826264a0eaa3f66bb46e002bbdca2e637f55e438,C:\Users\gduff\Downloads\cb-tb-501-600-v5-extract\pdfs\CB-TB-533_Price.pdf,pdf_inventory_criminal,pdf_hash_unique|dupes=3,NO_GOLD,criminal,OFFLINE_CLIENT_PROJECTION,,,
sha:bf9194c86654dbfe569c144fb776689c838b75465d40f0607cd3f340a9b2b0af,PDF-bf9194c86654,CB-TB-1599_Nolan,CB-TB-1599_Nolan.pdf,bf9194c86654dbfe569c144fb776689c838b75465d40f0607cd3f340a9b2b0af,C:\Users\gduff\Downloads\cb-tb-1501-1600-v5-factory-run\pdfs\CB-TB-1599_Nolan.pdf,pdf_inventory_criminal,pdf_hash_unique|dupes=2,NO_GOLD,criminal,OFFLINE_CLIENT_PROJECTION,,,
sha:bf9cfcc23627bde76f5d65c2d1043d84bb09e9588c75035f3cbd32c834088923,PDF-bf9cfcc23627,CB-TB-1635_Fletcher,CB-TB-1635_Fletcher.pdf,bf9cfcc23627bde76f5d65c2d1043d84bb09e9588c75035f3cbd32c834088923,C:\Users\gduff\Downloads\cb-tb-1601-2200-v5-factory-run\pdfs\CB-TB-1635_Fletcher.pdf,pdf_inventory_criminal,pdf_hash_unique|dupes=4,NO_GOLD,criminal,OFFLINE_CLIENT_PROJECTION,,,
sha:bfc5983e942df13b4a8b921d0c0f10b42b179a6dc5ec3a48527dd93df0e76944,PDF-bfc5983e942d,CB-TB-512_Hale,CB-TB-512_Hale.pdf,bfc5983e942df13b4a8b921d0c0f10b42b179a6dc5ec3a48527dd93df0e76944,C:\Users\gduff\Downloads\cb-tb-501-600-v5-extract\pdfs\CB-TB-512_Hale.pdf,pdf_inventory_criminal,pdf_hash_unique|dupes=3,NO_GOLD,criminal,OFFLINE_CLIENT_PROJECTION,,,
sha:bfce925cc39caa76f77fb87878dc0c15bca7eb657549392aa132afee0659858f,PDF-bfce925cc39c,CB-TB-2011_Mitchell,CB-TB-2011_Mitchell.pdf,bfce925cc39caa76f77fb87878dc0c15bca7eb657549392aa132afee0659858f,C:\Users\gduff\Downloads\cb-tb-1601-2200-v5-factory-run\pdfs\CB-TB-2011_Mitchell.pdf,pdf_inventory_criminal,pdf_hash_unique|dupes=2,NO_GOLD,criminal,OFFLINE_CLIENT_PROJECTION,,,
sha:bfdf625deca35ccc3914e0b6bf110862c12a1322b0303222e9bbcbea710db70f,PDF-bfdf625deca3,CB-TB-1380_Khan,CB-TB-1380_Khan.pdf,bfdf625deca35ccc3914e0b6bf110862c12a1322b0303222e9bbcbea710db70f,C:\Users\gduff\Downloads\cb-tb-1301-1400-v5\pdfs\CB-TB-1380_Khan.pdf,pdf_inventory_criminal,pdf_hash_unique|dupes=2,NO_GOLD,criminal,OFFLINE_CLIENT_PROJECTION,,,
sha:c01b52327dc568b722bd1938db83184927ece042531fb4de0bf52e17f838f8a4,PDF-c01b52327dc5,CB-TB-1292_Rowe,CB-TB-1292_Rowe.pdf,c01b52327dc568b722bd1938db83184927ece042531fb4de0bf52e17f838f8a4,C:\Users\gduff\Downloads\cb-tb-1201-1300-v5\pdfs\CB-TB-1292_Rowe.pdf,pdf_inventory_criminal,pdf_hash_unique|dupes=2,NO_GOLD,criminal,OFFLINE_CLIENT_PROJECTION,,,
sha:c0618de08b8942d674daa0eaed9538dbeb342b18decfd7c2165e8c647b572002,PDF-c0618de08b89,CB-TB-652_Rees,CB-TB-652_Rees.pdf,c0618de08b8942d674daa0eaed9538dbeb342b18decfd7c2165e8c647b572002,C:\Users\gduff\Downloads\cb-tb-601-700-v5\pdfs\CB-TB-652_Rees.pdf,pdf_inventory_criminal,pdf_hash_unique|dupes=1,NO_GOLD,criminal,OFFLINE_CLIENT_PROJECTION,,,
sha:c0618fb06a0b7c245272d66cfee25323f37d51a180ef6ece3819bf46c4e9c73d,PDF-c0618fb06a0b,CB-TB-1904_Rahman,CB-TB-1904_Rahman.pdf,c0618fb06a0b7c245272d66cfee25323f37d51a180ef6ece3819bf46c4e9c73d,C:\Users\gduff\Downloads\cb-tb-1601-2200-v5-factory-run\pdfs\CB-TB-1904_Rahman.pdf,pdf_inventory_criminal,pdf_hash_unique|dupes=2,NO_GOLD,criminal,OFFLINE_CLIENT_PROJECTION,,,
sha:c08b7aacece88da4ad5973c58adf2d14f0ff826242a05a1379629d6af63f1866,PDF-c08b7aacece8,CB-TB-1281_Pike,CB-TB-1281_Pike.pdf,c08b7aacece88da4ad5973c58adf2d14f0ff826242a05a1379629d6af63f1866,C:\Users\gduff\Downloads\cb-tb-1201-1300-v5\pdfs\CB-TB-1281_Pike.pdf,pdf_inventory_criminal,pdf_hash_unique|dupes=2,NO_GOLD,criminal,OFFLINE_CLIENT_PROJECTION,,,
sha:c0a113c3e59cd5e97576bfa6c01eee1f48a7c3a8cb42c17ac5c265c06ec9f643,PDF-c0a113c3e59c,CB-TB-1343_Vale,CB-TB-1343_Vale.pdf,c0a113c3e59cd5e97576bfa6c01eee1f48a7c3a8cb42c17ac5c265c06ec9f643,C:\Users\gduff\Downloads\cb-tb-1301-1400-v5\pdfs\CB-TB-1343_Vale.pdf,pdf_inventory_criminal,pdf_hash_unique|dupes=2,NO_GOLD,criminal,OFFLINE_CLIENT_PROJECTION,,,
sha:c0a6a03efc1c1c84cb03483b625477db8e3ad8e194f605d54bb507c5c84eb773,PDF-c0a6a03efc1c,CB-TB-820_Clarke,CB-TB-820_Clarke.pdf,c0a6a03efc1c1c84cb03483b625477db8e3ad8e194f605d54bb507c5c84eb773,C:\Users\gduff\Downloads\cb-tb-801-900-v5\pdfs\CB-TB-820_Clarke.pdf,pdf_inventory_criminal,pdf_hash_unique|dupes=1,NO_GOLD,criminal,OFFLINE_CLIENT_PROJECTION,,,
sha:c0b5a16709c66bc37a9f1a3249c8193d44220d88b4fffa25143bd63271519e15,PDF-c0b5a16709c6,CB-TB-1047_Pearson,CB-TB-1047_Pearson.pdf,c0b5a16709c66bc37a9f1a3249c8193d44220d88b4fffa25143bd63271519e15,C:\Users\gduff\Downloads\cb-tb-901-1100-v5\pdfs\CB-TB-1047_Pearson.pdf,pdf_inventory_criminal,pdf_hash_unique|dupes=2,NO_GOLD,criminal,OFFLINE_CLIENT_PROJECTION,,,
sha:c105cdd20430a6e10f3c064340b1da183c6bebeaf11dbb9cc7e8b985325af39c,PDF-c105cdd20430,CB-TB-305_Hale,CB-TB-305_Hale.pdf,c105cdd20430a6e10f3c064340b1da183c6bebeaf11dbb9cc7e8b985325af39c,C:\Users\gduff\Downloads\cb-tb-301-400-v4\pdfs\CB-TB-305_Hale.pdf,pdf_inventory_criminal,pdf_hash_unique|dupes=2,NO_GOLD,criminal,OFFLINE_CLIENT_PROJECTION,,,
sha:c13b119796e1d0b813cfe3c5598797d963527352f0524b6b326df84a3c2bbacd,PDF-c13b119796e1,CB-TB-2129_Parker,CB-TB-2129_Parker.pdf,c13b119796e1d0b813cfe3c5598797d963527352f0524b6b326df84a3c2bbacd,C:\Users\gduff\Downloads\cb-tb-1601-2200-v5-factory-run\pdfs\CB-TB-2129_Parker.pdf,pdf_inventory_criminal,pdf_hash_unique|dupes=2,NO_GOLD,criminal,OFFLINE_CLIENT_PROJECTION,,,
sha:c13c2a8b9483a74e66d6001f86dff5a730a1b31f34cb40ea43cdce53cb5ea8ec,PDF-c13c2a8b9483,CB-TB-121_Hartley,CB-TB-121_Hartley.pdf,c13c2a8b9483a74e66d6001f86dff5a730a1b31f34cb40ea43cdce53cb5ea8ec,C:\Users\gduff\Downloads\cb-tb-101-200-v4\pdfs\CB-TB-121_Hartley.pdf,pdf_inventory_criminal,pdf_hash_unique|dupes=1,NO_GOLD,criminal,OFFLINE_CLIENT_PROJECTION,,,
sha:c14e1ff2205be9dce961b8684a6de40693c7421ad8252fdc9ed005689b1a8cfc,PDF-c14e1ff2205b,CB-TB-565_Flint,CB-TB-565_Flint.pdf,c14e1ff2205be9dce961b8684a6de40693c7421ad8252fdc9ed005689b1a8cfc,C:\Users\gduff\Downloads\cb-tb-501-600-v5-extract\pdfs\CB-TB-565_Flint.pdf,pdf_inventory_criminal,pdf_hash_unique|dupes=3,NO_GOLD,criminal,OFFLINE_CLIENT_PROJECTION,,,
sha:c1579d4304cb371ced7a160613187babbc8eae92d20396c82b80c91beba97a96,PDF-c1579d4304cb,CB-TB-1416_Marsh,CB-TB-1416_Marsh.pdf,c1579d4304cb371ced7a160613187babbc8eae92d20396c82b80c91beba97a96,C:\Users\gduff\Downloads\cb-tb-1401-1500-v5-tmp\pdfs\CB-TB-1416_Marsh.pdf,pdf_inventory_criminal,pdf_hash_unique|dupes=1,NO_GOLD,criminal,OFFLINE_CLIENT_PROJECTION,,,
sha:c16fc7880ac39eb85884bc2914fc6f28859202846a7cc009d113644603c7e4e5,PDF-c16fc7880ac3,CB-TB-1587_Carter,CB-TB-1587_Carter.pdf,c16fc7880ac39eb85884bc2914fc6f28859202846a7cc009d113644603c7e4e5,C:\Users\gduff\Downloads\cb-tb-1501-1600-v5-factory-run\pdfs\CB-TB-1587_Carter.pdf,pdf_inventory_criminal,pdf_hash_unique|dupes=2,NO_GOLD,criminal,OFFLINE_CLIENT_PROJECTION,,,
sha:c1852b3e348273dd89a327035088c465f7a0a34f63c8d9648ed29c479221b87e,PDF-c1852b3e3482,CB-TB-980_Blake,CB-TB-980_Blake.pdf,c1852b3e348273dd89a327035088c465f7a0a34f63c8d9648ed29c479221b87e,C:\Users\gduff\Downloads\cb-tb-901-1100-v5\pdfs\CB-TB-980_Blake.pdf,pdf_inventory_criminal,pdf_hash_unique|dupes=2,NO_GOLD,criminal,OFFLINE_CLIENT_PROJECTION,,,
sha:c187aeeba2b664ee1de06847d9487b0c1e8ca38f58f232ea07d236bcab20486a,PDF-c187aeeba2b6,CB-TB-1362_Clarke,CB-TB-1362_Clarke.pdf,c187aeeba2b664ee1de06847d9487b0c1e8ca38f58f232ea07d236bcab20486a,C:\Users\gduff\Downloads\cb-tb-1301-1400-v5\pdfs\CB-TB-1362_Clarke.pdf,pdf_inventory_criminal,pdf_hash_unique|dupes=2,NO_GOLD,criminal,OFFLINE_CLIENT_PROJECTION,,,
sha:c1c78eadba973d48796240eaa749d809bfcfe494cc3209b5c87b5e39f9667aad,PDF-c1c78eadba97,CB-TB-527_Mitchell,CB-TB-527_Mitchell.pdf,c1c78eadba973d48796240eaa749d809bfcfe494cc3209b5c87b5e39f9667aad,C:\Users\gduff\Downloads\cb-tb-501-600-v5-extract\pdfs\CB-TB-527_Mitchell.pdf,pdf_inventory_criminal,pdf_hash_unique|dupes=3,NO_GOLD,criminal,OFFLINE_CLIENT_PROJECTION,,,
sha:c1d1f6824d37327bb547c383decde370f7906126d3fde8e5553c0446b5de7f1b,PDF-c1d1f6824d37,CB-TB-1050_Richards,CB-TB-1050_Richards.pdf,c1d1f6824d37327bb547c383decde370f7906126d3fde8e5553c0446b5de7f1b,C:\Users\gduff\Downloads\cb-tb-901-1100-v5\pdfs\CB-TB-1050_Richards.pdf,pdf_inventory_criminal,pdf_hash_unique|dupes=2,NO_GOLD,criminal,OFFLINE_CLIENT_PROJECTION,,,
sha:c21d7a85399b23ceeb08406fd9edaf797395145127ef323782223ed445646116,PDF-c21d7a85399b,CB-TB-2092_Barlow,CB-TB-2092_Barlow.pdf,c21d7a85399b23ceeb08406fd9edaf797395145127ef323782223ed445646116,C:\Users\gduff\Downloads\cb-tb-1601-2200-v5-factory-run\pdfs\CB-TB-2092_Barlow.pdf,pdf_inventory_criminal,pdf_hash_unique|dupes=2,NO_GOLD,criminal,OFFLINE_CLIENT_PROJECTION,,,
sha:c25de219fd1fbedaf8c7ab053bf0e1e09316c6945d39113647329cc89f0e4fef,PDF-c25de219fd1f,CB-TB-1873_Baxter,CB-TB-1873_Baxter.pdf,c25de219fd1fbedaf8c7ab053bf0e1e09316c6945d39113647329cc89f0e4fef,C:\Users\gduff\Downloads\cb-tb-1601-2200-v5-factory-run\pdfs\CB-TB-1873_Baxter.pdf,pdf_inventory_criminal,pdf_hash_unique|dupes=2,NO_GOLD,criminal,OFFLINE_CLIENT_PROJECTION,,,
sha:c27876f0fa47f6ca7e4a5e6e2944ce0938bf1d774e3701d9f76d79c49dfd5fab,PDF-c27876f0fa47,CB-TB-701_Wright,CB-TB-701_Wright.pdf,c27876f0fa47f6ca7e4a5e6e2944ce0938bf1d774e3701d9f76d79c49dfd5fab,C:\Users\gduff\Downloads\cb-tb-701-800-v5\pdfs\CB-TB-701_Wright.pdf,pdf_inventory_criminal,pdf_hash_unique|dupes=1,NO_GOLD,criminal,OFFLINE_CLIENT_PROJECTION,,,
sha:c28228485a9a0778f5f8d4fd4d64335a07ceaa8f3d0bc6701ae1ab3bbc9650cb,PDF-c28228485a9a,CB-TB-216_Miles,CB-TB-216_Miles.pdf,c28228485a9a0778f5f8d4fd4d64335a07ceaa8f3d0bc6701ae1ab3bbc9650cb,C:\Users\gduff\Downloads\cb-tb-201-300-v4\pdfs\CB-TB-216_Miles.pdf,pdf_inventory_criminal,pdf_hash_unique|dupes=1,NO_GOLD,criminal,OFFLINE_CLIENT_PROJECTION,,,
sha:c2ec11a5e17f150f7ac79184a999386544bc0292a168c5406c9d21b2ae8cac48,PDF-c2ec11a5e17f,CB-TB-360_Rafiq,CB-TB-360_Rafiq.pdf,c2ec11a5e17f150f7ac79184a999386544bc0292a168c5406c9d21b2ae8cac48,C:\Users\gduff\Downloads\cb-tb-301-400-v4\pdfs\CB-TB-360_Rafiq.pdf,pdf_inventory_criminal,pdf_hash_unique|dupes=2,NO_GOLD,criminal,OFFLINE_CLIENT_PROJECTION,,,
sha:c300e8925ef0476d22cb59c746dd86b0353c5b9fe41e6ef419682e48936a579c,PDF-c300e8925ef0,CB-TB-2137_Kerr,CB-TB-2137_Kerr.pdf,c300e8925ef0476d22cb59c746dd86b0353c5b9fe41e6ef419682e48936a579c,C:\Users\gduff\Downloads\cb-tb-1601-2200-v5-factory-run\pdfs\CB-TB-2137_Kerr.pdf,pdf_inventory_criminal,pdf_hash_unique|dupes=2,NO_GOLD,criminal,OFFLINE_CLIENT_PROJECTION,,,
sha:c3277b6fa0f26c414ab4c0dd2063dd34b28c051361fc85ddccd5eb049c773969,PDF-c3277b6fa0f2,CB-TB-827_Blake,CB-TB-827_Blake.pdf,c3277b6fa0f26c414ab4c0dd2063dd34b28c051361fc85ddccd5eb049c773969,C:\Users\gduff\Downloads\cb-tb-801-900-v5\pdfs\CB-TB-827_Blake.pdf,pdf_inventory_criminal,pdf_hash_unique|dupes=1,NO_GOLD,criminal,OFFLINE_CLIENT_PROJECTION,,,
sha:c3288503cdfbcaecf80ceaf29ad3d28b6ea1424b688011a9bd164460e5ecd6fa,PDF-c3288503cdfb,CB-TB-644_Walsh,CB-TB-644_Walsh.pdf,c3288503cdfbcaecf80ceaf29ad3d28b6ea1424b688011a9bd164460e5ecd6fa,C:\Users\gduff\Downloads\cb-tb-601-700-v5\pdfs\CB-TB-644_Walsh.pdf,pdf_inventory_criminal,pdf_hash_unique|dupes=1,NO_GOLD,criminal,OFFLINE_CLIENT_PROJECTION,,,
sha:c33c528169bbf923cc2112836f3b01423a5bd4c9f6bc90274160a5b49b10149c,PDF-c33c528169bb,CB-TB-1502_Barnes,CB-TB-1502_Barnes.pdf,c33c528169bbf923cc2112836f3b01423a5bd4c9f6bc90274160a5b49b10149c,C:\Users\gduff\Downloads\cb-tb-1501-1600-v5-factory-run\pdfs\CB-TB-1502_Barnes.pdf,pdf_inventory_criminal,pdf_hash_unique|dupes=2,NO_GOLD,criminal,OFFLINE_CLIENT_PROJECTION,,,
sha:c33d1ea7927ce8be1343f707df9ae54518c516a0892648177178a1ba8417866e,PDF-c33d1ea7927c,CB-TB-1879_Talbot,CB-TB-1879_Talbot.pdf,c33d1ea7927ce8be1343f707df9ae54518c516a0892648177178a1ba8417866e,C:\Users\gduff\Downloads\cb-tb-1601-2200-v5-factory-run\pdfs\CB-TB-1879_Talbot.pdf,pdf_inventory_criminal,pdf_hash_unique|dupes=2,NO_GOLD,criminal,OFFLINE_CLIENT_PROJECTION,,,
sha:c342282bb4cf766ce34a18dd3b10433e171e09119aa264b0f000311d48348485,PDF-c342282bb4cf,CB-TB-2013_Nolan,CB-TB-2013_Nolan.pdf,c342282bb4cf766ce34a18dd3b10433e171e09119aa264b0f000311d48348485,C:\Users\gduff\Downloads\cb-tb-1601-2200-v5-factory-run\pdfs\CB-TB-2013_Nolan.pdf,pdf_inventory_criminal,pdf_hash_unique|dupes=2,NO_GOLD,criminal,OFFLINE_CLIENT_PROJECTION,,,
sha:c3694fe3e02f4fd45806fdb0c249b324bad1f08934b17a4923677e1fe8a85f15,PDF-c3694fe3e02f,CB-TB-1789_Byrom,CB-TB-1789_Byrom.pdf,c3694fe3e02f4fd45806fdb0c249b324bad1f08934b17a4923677e1fe8a85f15,C:\Users\gduff\Downloads\cb-tb-1601-2200-v5-factory-run\pdfs\CB-TB-1789_Byrom.pdf,pdf_inventory_criminal,pdf_hash_unique|dupes=2,NO_GOLD,criminal,OFFLINE_CLIENT_PROJECTION,,,
sha:c388fba017dbd8d0505e787b730c72ee69acbc97d285a5c0f385bbece90daafc,PDF-c388fba017db,CB-TB-844_Okonkwo,CB-TB-844_Okonkwo.pdf,c388fba017dbd8d0505e787b730c72ee69acbc97d285a5c0f385bbece90daafc,C:\Users\gduff\Downloads\cb-tb-801-900-v5\pdfs\CB-TB-844_Okonkwo.pdf,pdf_inventory_criminal,pdf_hash_unique|dupes=1,NO_GOLD,criminal,OFFLINE_CLIENT_PROJECTION,,,
sha:c3c7ae8a4b632a64830b939a4b0ee45607d5df6c1bb6d2fe455a1b6d22c2120c,PDF-c3c7ae8a4b63,CB-TB-338_Miles,CB-TB-338_Miles.pdf,c3c7ae8a4b632a64830b939a4b0ee45607d5df6c1bb6d2fe455a1b6d22c2120c,C:\Users\gduff\Downloads\cb-tb-301-400-v4\pdfs\CB-TB-338_Miles.pdf,pdf_inventory_criminal,pdf_hash_unique|dupes=2,NO_GOLD,criminal,OFFLINE_CLIENT_PROJECTION,,,
sha:c3f6cb2200f6798476d7d3d7b295130b95fdf13a2437648d4de1aa5dfc8cea6e,PDF-c3f6cb2200f6,CB-TB-2146_Rees,CB-TB-2146_Rees.pdf,c3f6cb2200f6798476d7d3d7b295130b95fdf13a2437648d4de1aa5dfc8cea6e,C:\Users\gduff\Downloads\cb-tb-1601-2200-v5-factory-run\pdfs\CB-TB-2146_Rees.pdf,pdf_inventory_criminal,pdf_hash_unique|dupes=2,NO_GOLD,criminal,OFFLINE_CLIENT_PROJECTION,,,
sha:c3f8bb52de0b232a3d689648146a79d27a77007bfc8a549b15fe2634a03e6f23,PDF-c3f8bb52de0b,CB-TB-2143_Kerr,CB-TB-2143_Kerr.pdf,c3f8bb52de0b232a3d689648146a79d27a77007bfc8a549b15fe2634a03e6f23,C:\Users\gduff\Downloads\cb-tb-1601-2200-v5-factory-run\pdfs\CB-TB-2143_Kerr.pdf,pdf_inventory_criminal,pdf_hash_unique|dupes=2,NO_GOLD,criminal,OFFLINE_CLIENT_PROJECTION,,,
sha:c411c7aabc439736d4d24872bc401fd88921a4604802c055ad66e75ed6740eb8,PDF-c411c7aabc43,CB-TB-070_Shaw,CB-TB-070_Shaw.pdf,c411c7aabc439736d4d24872bc401fd88921a4604802c055ad66e75ed6740eb8,C:\Users\gduff\Downloads\cb-tb-031-100-v4\pdfs\CB-TB-070_Shaw.pdf,pdf_inventory_criminal,pdf_hash_unique|dupes=1,NO_GOLD,criminal,OFFLINE_CLIENT_PROJECTION,,,
sha:c4259d90e845925f287db6e5e64d49d0ab9c5029d8a8cb9b14f84508cfdf2b39,PDF-c4259d90e845,CB-TB-1245_Kent,CB-TB-1245_Kent.pdf,c4259d90e845925f287db6e5e64d49d0ab9c5029d8a8cb9b14f84508cfdf2b39,C:\Users\gduff\Downloads\cb-tb-1201-1300-v5\pdfs\CB-TB-1245_Kent.pdf,pdf_inventory_criminal,pdf_hash_unique|dupes=2,NO_GOLD,criminal,OFFLINE_CLIENT_PROJECTION,,,
sha:c42dbe9e1275f3843bb656be39a0aa7ed6464c57094578bbb7636c283ddb2bbb,PDF-c42dbe9e1275,CB-TB-1931_Baines,CB-TB-1931_Baines.pdf,c42dbe9e1275f3843bb656be39a0aa7ed6464c57094578bbb7636c283ddb2bbb,C:\Users\gduff\Downloads\cb-tb-1601-2200-v5-factory-run\pdfs\CB-TB-1931_Baines.pdf,pdf_inventory_criminal,pdf_hash_unique|dupes=2,NO_GOLD,criminal,OFFLINE_CLIENT_PROJECTION,,,
sha:c44399e2b4df1d99fce490137f59f4a099d5dc1c6f61d414f7252ce1108f85e4,PDF-c44399e2b4df,CB-TB-579_Hale,CB-TB-579_Hale.pdf,c44399e2b4df1d99fce490137f59f4a099d5dc1c6f61d414f7252ce1108f85e4,C:\Users\gduff\Downloads\cb-tb-501-600-v5-extract\pdfs\CB-TB-579_Hale.pdf,pdf_inventory_criminal,pdf_hash_unique|dupes=3,NO_GOLD,criminal,OFFLINE_CLIENT_PROJECTION,,,
sha:c453d050c5ac12f9a1582b461c700e0123a76e31f99734c22b9fcc43910d3362,PDF-c453d050c5ac,CB-TB-2142_Ford,CB-TB-2142_Ford.pdf,c453d050c5ac12f9a1582b461c700e0123a76e31f99734c22b9fcc43910d3362,C:\Users\gduff\Downloads\cb-tb-1601-2200-v5-factory-run\pdfs\CB-TB-2142_Ford.pdf,pdf_inventory_criminal,pdf_hash_unique|dupes=2,NO_GOLD,criminal,OFFLINE_CLIENT_PROJECTION,,,
sha:c457da49f8a81243f00bce2f171eebd39f6d6b926569b5bafdd86260ea66b220,PDF-c457da49f8a8,CB-TB-591_Evans,CB-TB-591_Evans.pdf,c457da49f8a81243f00bce2f171eebd39f6d6b926569b5bafdd86260ea66b220,C:\Users\gduff\Downloads\cb-tb-501-600-v5-extract\pdfs\CB-TB-591_Evans.pdf,pdf_inventory_criminal,pdf_hash_unique|dupes=3,NO_GOLD,criminal,OFFLINE_CLIENT_PROJECTION,,,
sha:c46f24909f2b4f1dbd2d6b38907da9ee37a800728d94ab814045e829cc5b6326,PDF-c46f24909f2b,CB-TB-812_Bennett,CB-TB-812_Bennett.pdf,c46f24909f2b4f1dbd2d6b38907da9ee37a800728d94ab814045e829cc5b6326,C:\Users\gduff\Downloads\cb-tb-801-900-v5\pdfs\CB-TB-812_Bennett.pdf,pdf_inventory_criminal,pdf_hash_unique|dupes=1,NO_GOLD,criminal,OFFLINE_CLIENT_PROJECTION,,,
sha:c47b69c286f0d365ab99667b7567b4a305060aa459fb4d2a3c52fa207b55170f,PDF-c47b69c286f0,CB-TB-154_Parker,CB-TB-154_Parker.pdf,c47b69c286f0d365ab99667b7567b4a305060aa459fb4d2a3c52fa207b55170f,C:\Users\gduff\Downloads\cb-tb-101-200-v4\pdfs\CB-TB-154_Parker.pdf,pdf_inventory_criminal,pdf_hash_unique|dupes=1,NO_GOLD,criminal,OFFLINE_CLIENT_PROJECTION,,,
sha:c47dbef009832fedcb88611cd2f4dbe58b2139809efa97b8314ac23e6894ea8a,PDF-c47dbef00983,CB-TB-496_Howard,CB-TB-496_Howard.pdf,c47dbef009832fedcb88611cd2f4dbe58b2139809efa97b8314ac23e6894ea8a,C:\Users\gduff\Downloads\cb-tb-401-500-v5\pdfs\CB-TB-496_Howard.pdf,pdf_inventory_criminal,pdf_hash_unique|dupes=2,NO_GOLD,criminal,OFFLINE_CLIENT_PROJECTION,,,
sha:c47f40764bc71f785767ecfcde5644c4f895e6212155dd795802256ffd6b747a,PDF-c47f40764bc7,CB-TB-1631_Barlow,CB-TB-1631_Barlow.pdf,c47f40764bc71f785767ecfcde5644c4f895e6212155dd795802256ffd6b747a,C:\Users\gduff\Downloads\cb-tb-1601-2200-v5-factory-run\pdfs\CB-TB-1631_Barlow.pdf,pdf_inventory_criminal,pdf_hash_unique|dupes=4,NO_GOLD,criminal,OFFLINE_CLIENT_PROJECTION,,,
sha:c48b6700e810ab6d3fac005be09a18c146720b369b9c242c6882e539b572a007,PDF-c48b6700e810,CB-TB-1027_Bradley,CB-TB-1027_Bradley.pdf,c48b6700e810ab6d3fac005be09a18c146720b369b9c242c6882e539b572a007,C:\Users\gduff\Downloads\cb-tb-901-1100-v5\pdfs\CB-TB-1027_Bradley.pdf,pdf_inventory_criminal,pdf_hash_unique|dupes=2,NO_GOLD,criminal,OFFLINE_CLIENT_PROJECTION,,,
sha:c48fb5551de535c8cd4beccb7c3aec47a4b62edc1cd3a07d5a216be63e7c6cd5,PDF-c48fb5551de5,CB-TB-1746_Nolan,CB-TB-1746_Nolan.pdf,c48fb5551de535c8cd4beccb7c3aec47a4b62edc1cd3a07d5a216be63e7c6cd5,C:\Users\gduff\Downloads\cb-tb-1601-2200-v5-factory-run\pdfs\CB-TB-1746_Nolan.pdf,pdf_inventory_criminal,pdf_hash_unique|dupes=2,NO_GOLD,criminal,OFFLINE_CLIENT_PROJECTION,,,
sha:c49943eb572938fbd7d7bf496f95abea1c46f56e5fbc905eeb7ded10cb7576a6,PDF-c49943eb5729,CB-TB-2115_Price,CB-TB-2115_Price.pdf,c49943eb572938fbd7d7bf496f95abea1c46f56e5fbc905eeb7ded10cb7576a6,C:\Users\gduff\Downloads\cb-tb-1601-2200-v5-factory-run\pdfs\CB-TB-2115_Price.pdf,pdf_inventory_criminal,pdf_hash_unique|dupes=2,NO_GOLD,criminal,OFFLINE_CLIENT_PROJECTION,,,
sha:c4b0d475b8eca0ac3da5df6bd7125771f5e0b78cce35d711cef29ee0de495414,PDF-c4b0d475b8ec,CB-TB-387_Ward,CB-TB-387_Ward.pdf,c4b0d475b8eca0ac3da5df6bd7125771f5e0b78cce35d711cef29ee0de495414,C:\Users\gduff\Downloads\cb-tb-301-400-v4\pdfs\CB-TB-387_Ward.pdf,pdf_inventory_criminal,pdf_hash_unique|dupes=2,NO_GOLD,criminal,OFFLINE_CLIENT_PROJECTION,,,
sha:c4ccc209fd8dfd79699f1af16d2c91a73c9fb3d4b9d96bbd4286c5236c6e1673,PDF-c4ccc209fd8d,CB-TB-2107_Sutton,CB-TB-2107_Sutton.pdf,c4ccc209fd8dfd79699f1af16d2c91a73c9fb3d4b9d96bbd4286c5236c6e1673,C:\Users\gduff\Downloads\cb-tb-1601-2200-v5-factory-run\pdfs\CB-TB-2107_Sutton.pdf,pdf_inventory_criminal,pdf_hash_unique|dupes=2,NO_GOLD,criminal,OFFLINE_CLIENT_PROJECTION,,,
sha:c4d91d10ca43c7b26542589f6a8e7e820428b04b600f1daaa40f529d82c694e2,PDF-c4d91d10ca43,NS-CPS-2026-0504,NS-CPS-2026-0504.pdf,c4d91d10ca43c7b26542589f6a8e7e820428b04b600f1daaa40f529d82c694e2,C:\Users\gduff\Downloads\NS-CPS-2026-0504.pdf,pdf_inventory,pdf_hash_unique|dupes=1,NO_GOLD,criminal,OFFLINE_CLIENT_PROJECTION,,,
sha:c4dd09e52eb74a506bb4bdaeda5205564cbd3761ca312a00b94e64e0f7eb95ca,PDF-c4dd09e52eb7,CB-TB-452_Singh,CB-TB-452_Singh.pdf,c4dd09e52eb74a506bb4bdaeda5205564cbd3761ca312a00b94e64e0f7eb95ca,C:\Users\gduff\Downloads\cb-tb-401-500-v5\pdfs\CB-TB-452_Singh.pdf,pdf_inventory_criminal,pdf_hash_unique|dupes=2,NO_GOLD,criminal,OFFLINE_CLIENT_PROJECTION,,,
sha:c4e684c2a13184f7478e5b2200eb4e022f98b08eb79a7a4de2344f63d48c894e,PDF-c4e684c2a131,CB-TB-049_Lark,CB-TB-049_Lark.pdf,c4e684c2a13184f7478e5b2200eb4e022f98b08eb79a7a4de2344f63d48c894e,C:\Users\gduff\Downloads\cb-tb-031-100-v4\pdfs\CB-TB-049_Lark.pdf,pdf_inventory_criminal,pdf_hash_unique|dupes=1,NO_GOLD,criminal,OFFLINE_CLIENT_PROJECTION,,,
sha:c5349ac4cb57bc8b435db6ca7ad08caf7478286a5605bb47e2b36ff8e52e1be9,PDF-c5349ac4cb57,CB-TB-958_Coates,CB-TB-958_Coates.pdf,c5349ac4cb57bc8b435db6ca7ad08caf7478286a5605bb47e2b36ff8e52e1be9,C:\Users\gduff\Downloads\cb-tb-901-1100-v5\pdfs\CB-TB-958_Coates.pdf,pdf_inventory_criminal,pdf_hash_unique|dupes=2,NO_GOLD,criminal,OFFLINE_CLIENT_PROJECTION,,,
sha:c563a3b4f1fd948c6af99795f126369962e1ec578d57164c65493b058934dd68,PDF-c563a3b4f1fd,CB-TB-1798_Marsden,CB-TB-1798_Marsden.pdf,c563a3b4f1fd948c6af99795f126369962e1ec578d57164c65493b058934dd68,C:\Users\gduff\Downloads\cb-tb-1601-2200-v5-factory-run\pdfs\CB-TB-1798_Marsden.pdf,pdf_inventory_criminal,pdf_hash_unique|dupes=2,NO_GOLD,criminal,OFFLINE_CLIENT_PROJECTION,,,
sha:c57151ebc2786e6d241bee1180441432ad50ed898ad1cbf101112bb2bbea82c8,PDF-c57151ebc278,CB-TB-2012_Bennett,CB-TB-2012_Bennett.pdf,c57151ebc2786e6d241bee1180441432ad50ed898ad1cbf101112bb2bbea82c8,C:\Users\gduff\Downloads\cb-tb-1601-2200-v5-factory-run\pdfs\CB-TB-2012_Bennett.pdf,pdf_inventory_criminal,pdf_hash_unique|dupes=2,NO_GOLD,criminal,OFFLINE_CLIENT_PROJECTION,,,
sha:c597f8f1903361969a07d2ae27a5ea74b852f0b3f4630375dccef8ad53d8674f,PDF-c597f8f19033,CB-TB-407_Patel,CB-TB-407_Patel.pdf,c597f8f1903361969a07d2ae27a5ea74b852f0b3f4630375dccef8ad53d8674f,C:\Users\gduff\Downloads\cb-tb-401-500-v5\pdfs\CB-TB-407_Patel.pdf,pdf_inventory_criminal,pdf_hash_unique|dupes=2,NO_GOLD,criminal,OFFLINE_CLIENT_PROJECTION,,,
sha:c5aa3d42590bf61703c6abee1b745f6e5df4dbe2fb5a79b47d82f6672d231a77,PDF-c5aa3d42590b,CB-TB-413_Hale,CB-TB-413_Hale.pdf,c5aa3d42590bf61703c6abee1b745f6e5df4dbe2fb5a79b47d82f6672d231a77,C:\Users\gduff\Downloads\cb-tb-401-500-v5\pdfs\CB-TB-413_Hale.pdf,pdf_inventory_criminal,pdf_hash_unique|dupes=2,NO_GOLD,criminal,OFFLINE_CLIENT_PROJECTION,,,
sha:c5b9ef96229110b7b54b2b1a2466e8742a7f63124f492691b375a1c2f94ea318,PDF-c5b9ef962291,CB-TB-1387_Merritt,CB-TB-1387_Merritt.pdf,c5b9ef96229110b7b54b2b1a2466e8742a7f63124f492691b375a1c2f94ea318,C:\Users\gduff\Downloads\cb-tb-1301-1400-v5\pdfs\CB-TB-1387_Merritt.pdf,pdf_inventory_criminal,pdf_hash_unique|dupes=2,NO_GOLD,criminal,OFFLINE_CLIENT_PROJECTION,,,
sha:c5e985ab03a25775e1b06af8a11279bffb123f4a6f158ab86b3f9804b79e628b,PDF-c5e985ab03a2,CB-TB-1916_Mercer,CB-TB-1916_Mercer.pdf,c5e985ab03a25775e1b06af8a11279bffb123f4a6f158ab86b3f9804b79e628b,C:\Users\gduff\Downloads\cb-tb-1601-2200-v5-factory-run\pdfs\CB-TB-1916_Mercer.pdf,pdf_inventory_criminal,pdf_hash_unique|dupes=2,NO_GOLD,criminal,OFFLINE_CLIENT_PROJECTION,,,
sha:c5eb4af3f4f8f0bf9324f272a70e27e58913427d53897b69cd6c1b381f31387d,PDF-c5eb4af3f4f8,CB-TB-374_Wright,CB-TB-374_Wright.pdf,c5eb4af3f4f8f0bf9324f272a70e27e58913427d53897b69cd6c1b381f31387d,C:\Users\gduff\Downloads\cb-tb-301-400-v4\pdfs\CB-TB-374_Wright.pdf,pdf_inventory_criminal,pdf_hash_unique|dupes=2,NO_GOLD,criminal,OFFLINE_CLIENT_PROJECTION,,,
sha:c602ddb90b69360222561004b7e626d8b69e8e557baf38d77d61158cb1d4c81a,PDF-c602ddb90b69,CB-TB-704_Morley,CB-TB-704_Morley.pdf,c602ddb90b69360222561004b7e626d8b69e8e557baf38d77d61158cb1d4c81a,C:\Users\gduff\Downloads\cb-tb-701-800-v5\pdfs\CB-TB-704_Morley.pdf,pdf_inventory_criminal,pdf_hash_unique|dupes=1,NO_GOLD,criminal,OFFLINE_CLIENT_PROJECTION,,,
sha:c6106825c3d2d3344de2e9a929dba0e325f444c905e8f6efeac3c67ec4abaaad,PDF-c6106825c3d2,CB-TB-1462_Hale,CB-TB-1462_Hale.pdf,c6106825c3d2d3344de2e9a929dba0e325f444c905e8f6efeac3c67ec4abaaad,C:\Users\gduff\Downloads\cb-tb-1401-1500-v5-tmp\pdfs\CB-TB-1462_Hale.pdf,pdf_inventory_criminal,pdf_hash_unique|dupes=1,NO_GOLD,criminal,OFFLINE_CLIENT_PROJECTION,,,
sha:c6177c796532ca0dbe961b2282e1ce2eec756418429248f981409038d35a0f3f,PDF-c6177c796532,CB-TB-1526_Barker,CB-TB-1526_Barker.pdf,c6177c796532ca0dbe961b2282e1ce2eec756418429248f981409038d35a0f3f,C:\Users\gduff\Downloads\cb-tb-1501-1600-v5-factory-run\pdfs\CB-TB-1526_Barker.pdf,pdf_inventory_criminal,pdf_hash_unique|dupes=2,NO_GOLD,criminal,OFFLINE_CLIENT_PROJECTION,,,
sha:c647220c6feee10c1adad138db2c673c073e018eb73de8b66bfb756585c8d32e,PDF-c647220c6fee,CB-TB-325_Ali,CB-TB-325_Ali.pdf,c647220c6feee10c1adad138db2c673c073e018eb73de8b66bfb756585c8d32e,C:\Users\gduff\Downloads\cb-tb-301-400-v4\pdfs\CB-TB-325_Ali.pdf,pdf_inventory_criminal,pdf_hash_unique|dupes=2,NO_GOLD,criminal,OFFLINE_CLIENT_PROJECTION,,,
sha:c64b547ec868515e450575c4721afaa69f35cd92016924316d089ba875606e8f,PDF-c64b547ec868,CB-TB-451_Cross,CB-TB-451_Cross.pdf,c64b547ec868515e450575c4721afaa69f35cd92016924316d089ba875606e8f,C:\Users\gduff\Downloads\cb-tb-401-500-v5\pdfs\CB-TB-451_Cross.pdf,pdf_inventory_criminal,pdf_hash_unique|dupes=2,NO_GOLD,criminal,OFFLINE_CLIENT_PROJECTION,,,
sha:c6545e2f3c0cf5e18b76eb71a658f6d7d1e5be34d7f6c797f8872b30791c0584,PDF-c6545e2f3c0c,CB-TB-2051_Coates,CB-TB-2051_Coates.pdf,c6545e2f3c0cf5e18b76eb71a658f6d7d1e5be34d7f6c797f8872b30791c0584,C:\Users\gduff\Downloads\cb-tb-1601-2200-v5-factory-run\pdfs\CB-TB-2051_Coates.pdf,pdf_inventory_criminal,pdf_hash_unique|dupes=2,NO_GOLD,criminal,OFFLINE_CLIENT_PROJECTION,,,
sha:c6693b3025bf42ecf24173f8abe61328892e7a6d21e616d0f6d8dd95f0575633,PDF-c6693b3025bf,CB-TB-025_Evans,CB-TB-025_Evans.pdf,c6693b3025bf42ecf24173f8abe61328892e7a6d21e616d0f6d8dd95f0575633,C:\Users\gduff\Downloads\cb-tb-001-050-v3\pdfs\CB-TB-025_Evans.pdf,pdf_inventory_criminal,pdf_hash_unique|dupes=2,NO_GOLD,criminal,OFFLINE_CLIENT_PROJECTION,,,
sha:c697bc878105820cc7d138cc26d7e0e5cc068c26156303e68beb52863cf52e67,PDF-c697bc878105,CB-TB-1704_Griffiths,CB-TB-1704_Griffiths.pdf,c697bc878105820cc7d138cc26d7e0e5cc068c26156303e68beb52863cf52e67,C:\Users\gduff\Downloads\cb-tb-1601-2200-v5-factory-run\pdfs\CB-TB-1704_Griffiths.pdf,pdf_inventory_criminal,pdf_hash_unique|dupes=2,NO_GOLD,criminal,OFFLINE_CLIENT_PROJECTION,,,
sha:c6cb54a4480c6baf3bf2a440d4b73c3379b4be7533ffb6c0c773aa0d7dd102a3,PDF-c6cb54a4480c,CB-TB-1071_Clarke,CB-TB-1071_Clarke.pdf,c6cb54a4480c6baf3bf2a440d4b73c3379b4be7533ffb6c0c773aa0d7dd102a3,C:\Users\gduff\Downloads\cb-tb-901-1100-v5\pdfs\CB-TB-1071_Clarke.pdf,pdf_inventory_criminal,pdf_hash_unique|dupes=2,NO_GOLD,criminal,OFFLINE_CLIENT_PROJECTION,,,
sha:c6e3eb7913b3ee37284e335c4a20409720574867f5ef0a5052da1d0c5a18c046,PDF-c6e3eb7913b3,CB-TB-1685_Sutton,CB-TB-1685_Sutton.pdf,c6e3eb7913b3ee37284e335c4a20409720574867f5ef0a5052da1d0c5a18c046,C:\Users\gduff\Downloads\cb-tb-1601-2200-v5-factory-run\pdfs\CB-TB-1685_Sutton.pdf,pdf_inventory_criminal,pdf_hash_unique|dupes=4,NO_GOLD,criminal,OFFLINE_CLIENT_PROJECTION,,,
sha:c75e6e7ec018939064824db0264f8ccb6f46cbdd626fe41f1e9280f58227fde5,PDF-c75e6e7ec018,CB-TB-857_Shaw,CB-TB-857_Shaw.pdf,c75e6e7ec018939064824db0264f8ccb6f46cbdd626fe41f1e9280f58227fde5,C:\Users\gduff\Downloads\cb-tb-801-900-v5\pdfs\CB-TB-857_Shaw.pdf,pdf_inventory_criminal,pdf_hash_unique|dupes=1,NO_GOLD,criminal,OFFLINE_CLIENT_PROJECTION,,,
sha:c768d0ed6d0cc0bfde728e5497240ee3d39a0c90a31bccafaf1d1dc6d6caf6e1,PDF-c768d0ed6d0c,CB-TB-933_Hobbs,CB-TB-933_Hobbs.pdf,c768d0ed6d0cc0bfde728e5497240ee3d39a0c90a31bccafaf1d1dc6d6caf6e1,C:\Users\gduff\Downloads\cb-tb-901-1100-v5\pdfs\CB-TB-933_Hobbs.pdf,pdf_inventory_criminal,pdf_hash_unique|dupes=2,NO_GOLD,criminal,OFFLINE_CLIENT_PROJECTION,,,
sha:c769012bb20cbbf321ee91aff65d05ff500e3227acb2877c94260a662ffdae55,PDF-c769012bb20c,CB-TB-863_Patel,CB-TB-863_Patel.pdf,c769012bb20cbbf321ee91aff65d05ff500e3227acb2877c94260a662ffdae55,C:\Users\gduff\Downloads\cb-tb-801-900-v5\pdfs\CB-TB-863_Patel.pdf,pdf_inventory_criminal,pdf_hash_unique|dupes=1,NO_GOLD,criminal,OFFLINE_CLIENT_PROJECTION,,,
sha:c796b2e84ff007dd9d89875a569874b1723834e3c865971bf686c326671f6296,PDF-c796b2e84ff0,CB-TB-488_Merritt,CB-TB-488_Merritt.pdf,c796b2e84ff007dd9d89875a569874b1723834e3c865971bf686c326671f6296,C:\Users\gduff\Downloads\cb-tb-401-500-v5\pdfs\CB-TB-488_Merritt.pdf,pdf_inventory_criminal,pdf_hash_unique|dupes=2,NO_GOLD,criminal,OFFLINE_CLIENT_PROJECTION,,,
sha:c7bae027138588fa6fe8dab75d37b49a7948555b21956de3f001ef3f1eabf0c3,PDF-c7bae0271385,CB-TB-1238_Blake,CB-TB-1238_Blake.pdf,c7bae027138588fa6fe8dab75d37b49a7948555b21956de3f001ef3f1eabf0c3,C:\Users\gduff\Downloads\cb-tb-1201-1300-v5\pdfs\CB-TB-1238_Blake.pdf,pdf_inventory_criminal,pdf_hash_unique|dupes=2,NO_GOLD,criminal,OFFLINE_CLIENT_PROJECTION,,,
sha:c7ed288f03b8548fb6f7d932797a1019dbfbb176de347513cc8a217ddb370c77,PDF-c7ed288f03b8,CB-TB-1341_Kent,CB-TB-1341_Kent.pdf,c7ed288f03b8548fb6f7d932797a1019dbfbb176de347513cc8a217ddb370c77,C:\Users\gduff\Downloads\cb-tb-1301-1400-v5\pdfs\CB-TB-1341_Kent.pdf,pdf_inventory_criminal,pdf_hash_unique|dupes=2,NO_GOLD,criminal,OFFLINE_CLIENT_PROJECTION,,,
sha:c802993499264fa70b36d2888d949f4691c98c98d86458b8361f6bbf03cb56ae,PDF-c80299349926,CB-TB-127_Cole,CB-TB-127_Cole.pdf,c802993499264fa70b36d2888d949f4691c98c98d86458b8361f6bbf03cb56ae,C:\Users\gduff\Downloads\cb-tb-101-200-v4\pdfs\CB-TB-127_Cole.pdf,pdf_inventory_criminal,pdf_hash_unique|dupes=1,NO_GOLD,criminal,OFFLINE_CLIENT_PROJECTION,,,
sha:c802d30ae692478c30cdb9344596c0733296dbe0e546e648fd3d9d92b8937352,PDF-c802d30ae692,CB-TB-093_Fletcher,CB-TB-093_Fletcher.pdf,c802d30ae692478c30cdb9344596c0733296dbe0e546e648fd3d9d92b8937352,C:\Users\gduff\Downloads\cb-tb-031-100-v4\pdfs\CB-TB-093_Fletcher.pdf,pdf_inventory_criminal,pdf_hash_unique|dupes=1,NO_GOLD,criminal,OFFLINE_CLIENT_PROJECTION,,,
sha:c816f4de89edd8ca029cdedd2a8ddc17279ab9dc2de33edf2c4932cb3412cb8d,PDF-c816f4de89ed,CB-TB-1070_Lawson,CB-TB-1070_Lawson.pdf,c816f4de89edd8ca029cdedd2a8ddc17279ab9dc2de33edf2c4932cb3412cb8d,C:\Users\gduff\Downloads\cb-tb-901-1100-v5\pdfs\CB-TB-1070_Lawson.pdf,pdf_inventory_criminal,pdf_hash_unique|dupes=2,NO_GOLD,criminal,OFFLINE_CLIENT_PROJECTION,,,
sha:c84db456b8332751afa21da583f9414f864569a250fd782a7f4bc65fbb3cc018,PDF-c84db456b833,CB-TB-1364_Dacre,CB-TB-1364_Dacre.pdf,c84db456b8332751afa21da583f9414f864569a250fd782a7f4bc65fbb3cc018,C:\Users\gduff\Downloads\cb-tb-1301-1400-v5\pdfs\CB-TB-1364_Dacre.pdf,pdf_inventory_criminal,pdf_hash_unique|dupes=2,NO_GOLD,criminal,OFFLINE_CLIENT_PROJECTION,,,
sha:c8ad9b902893f2708393259a56d5e97e2f85f20e6d262014ec1086cfed0d7120,PDF-c8ad9b902893,CB-TB-902_Carter,CB-TB-902_Carter.pdf,c8ad9b902893f2708393259a56d5e97e2f85f20e6d262014ec1086cfed0d7120,C:\Users\gduff\Downloads\cb-tb-901-1100-v5\pdfs\CB-TB-902_Carter.pdf,pdf_inventory_criminal,pdf_hash_unique|dupes=2,NO_GOLD,criminal,OFFLINE_CLIENT_PROJECTION,,,
sha:c8d6193066ee4ad70430d9faf904e81b60977764ad11b5fa7472f89f8011cf67,PDF-c8d6193066ee,CB-TB-142_Patterson,CB-TB-142_Patterson.pdf,c8d6193066ee4ad70430d9faf904e81b60977764ad11b5fa7472f89f8011cf67,C:\Users\gduff\Downloads\cb-tb-101-200-v4\pdfs\CB-TB-142_Patterson.pdf,pdf_inventory_criminal,pdf_hash_unique|dupes=1,NO_GOLD,criminal,OFFLINE_CLIENT_PROJECTION,,,
sha:c8f2a2c0b450d310658bf6dd5b51d8ebe6da5aec7e666a2e0a8b8f95d36e2393,PDF-c8f2a2c0b450,CB-TB-1578_Harding,CB-TB-1578_Harding.pdf,c8f2a2c0b450d310658bf6dd5b51d8ebe6da5aec7e666a2e0a8b8f95d36e2393,C:\Users\gduff\Downloads\cb-tb-1501-1600-v5-factory-run\pdfs\CB-TB-1578_Harding.pdf,pdf_inventory_criminal,pdf_hash_unique|dupes=2,NO_GOLD,criminal,OFFLINE_CLIENT_PROJECTION,,,
sha:c90b43bf2ac5510c2b2698b533da1f45d6895216d0f5118f0a916afe3845bad6,PDF-c90b43bf2ac5,CB-TB-1897_Knowles,CB-TB-1897_Knowles.pdf,c90b43bf2ac5510c2b2698b533da1f45d6895216d0f5118f0a916afe3845bad6,C:\Users\gduff\Downloads\cb-tb-1601-2200-v5-factory-run\pdfs\CB-TB-1897_Knowles.pdf,pdf_inventory_criminal,pdf_hash_unique|dupes=2,NO_GOLD,criminal,OFFLINE_CLIENT_PROJECTION,,,
sha:c91245bf8d228125e2112f5e6436af7d95c66401de8bf589d86d97506cb793a8,PDF-c91245bf8d22,CB-TB-1248_Shaw,CB-TB-1248_Shaw.pdf,c91245bf8d228125e2112f5e6436af7d95c66401de8bf589d86d97506cb793a8,C:\Users\gduff\Downloads\cb-tb-1201-1300-v5\pdfs\CB-TB-1248_Shaw.pdf,pdf_inventory_criminal,pdf_hash_unique|dupes=2,NO_GOLD,criminal,OFFLINE_CLIENT_PROJECTION,,,
sha:c9394134d9cd5a011aa7c28808f00c86f07cf87436c1e1bbd2209d93597e5cbe,PDF-c9394134d9cd,CB-TB-1223_Reed,CB-TB-1223_Reed.pdf,c9394134d9cd5a011aa7c28808f00c86f07cf87436c1e1bbd2209d93597e5cbe,C:\Users\gduff\Downloads\cb-tb-1201-1300-v5\pdfs\CB-TB-1223_Reed.pdf,pdf_inventory_criminal,pdf_hash_unique|dupes=2,NO_GOLD,criminal,OFFLINE_CLIENT_PROJECTION,,,
sha:c95d8d943916058877d38af9b0a965090eded2536a5f0fc3bcf63637de1ae706,PDF-c95d8d943916,CB-TB-501_Shaw,CB-TB-501_Shaw.pdf,c95d8d943916058877d38af9b0a965090eded2536a5f0fc3bcf63637de1ae706,C:\Users\gduff\Downloads\cb-tb-501-600-v5-extract\pdfs\CB-TB-501_Shaw.pdf,pdf_inventory_criminal,pdf_hash_unique|dupes=3,NO_GOLD,criminal,OFFLINE_CLIENT_PROJECTION,,,
sha:c96ed6ea38aa1679df0544248fcb724226c54162c4c850deed83e0749edafefc,PDF-c96ed6ea38aa,CB-TB-029_Tariq_Evans,CB-TB-029_Tariq_Evans.pdf,c96ed6ea38aa1679df0544248fcb724226c54162c4c850deed83e0749edafefc,C:\Users\gduff\Downloads\CaseBrain_Blind_Bundle_Factory_v2_30_bundles (1)\pdfs\CB-TB-029_Tariq_Evans.pdf,pdf_inventory_criminal,pdf_hash_unique|dupes=2,NO_GOLD,criminal,OFFLINE_CLIENT_PROJECTION,,,
sha:c97534b01f505d437e85586a1c30a83d1232ee6f99dc5a4ca3d9e813882817fe,PDF-c97534b01f50,CB-TB-1109_Lark,CB-TB-1109_Lark.pdf,c97534b01f505d437e85586a1c30a83d1232ee6f99dc5a4ca3d9e813882817fe,C:\Users\gduff\Downloads\cb-tb-1101-1400-v5\pdfs\CB-TB-1109_Lark.pdf,pdf_inventory_criminal,pdf_hash_unique|dupes=2,NO_GOLD,criminal,OFFLINE_CLIENT_PROJECTION,,,
sha:c9970700a36afa6b98f13fad5b7152339404158872a533419be4a0d16b23cbe3,PDF-c9970700a36a,NS-CPS-2026-0434 - Copy (2),NS-CPS-2026-0434 - Copy (2).pdf,c9970700a36afa6b98f13fad5b7152339404158872a533419be4a0d16b23cbe3,C:\Users\gduff\Downloads\NS-CPS-2026-0434 - Copy (2).pdf,pdf_inventory,pdf_hash_unique|dupes=2,NO_GOLD,criminal,OFFLINE_CLIENT_PROJECTION,,,
sha:c99e03f203e482b1cfecfdfba184fad26e17e945d5a183da269b1eb2efc40f21,PDF-c99e03f203e4,CB-TB-1720_Pike,CB-TB-1720_Pike.pdf,c99e03f203e482b1cfecfdfba184fad26e17e945d5a183da269b1eb2efc40f21,C:\Users\gduff\Downloads\cb-tb-1601-2200-v5-factory-run\pdfs\CB-TB-1720_Pike.pdf,pdf_inventory_criminal,pdf_hash_unique|dupes=2,NO_GOLD,criminal,OFFLINE_CLIENT_PROJECTION,,,
sha:c9a81676cc0b47be8e302d6a3d85138213a8d659e80fa0afd880a89d0bde8d2c,PDF-c9a81676cc0b,CB-TB-1715_Hobbs,CB-TB-1715_Hobbs.pdf,c9a81676cc0b47be8e302d6a3d85138213a8d659e80fa0afd880a89d0bde8d2c,C:\Users\gduff\Downloads\cb-tb-1601-2200-v5-factory-run\pdfs\CB-TB-1715_Hobbs.pdf,pdf_inventory_criminal,pdf_hash_unique|dupes=2,NO_GOLD,criminal,OFFLINE_CLIENT_PROJECTION,,,
sha:c9b1668262eb2a556f256f5d45cbbea78af8bcc7a0fc6a85c6e9841c5ae9b1a4,PDF-c9b1668262eb,CB-TB-547_Ali,CB-TB-547_Ali.pdf,c9b1668262eb2a556f256f5d45cbbea78af8bcc7a0fc6a85c6e9841c5ae9b1a4,C:\Users\gduff\Downloads\cb-tb-501-600-v5-extract\pdfs\CB-TB-547_Ali.pdf,pdf_inventory_criminal,pdf_hash_unique|dupes=3,NO_GOLD,criminal,OFFLINE_CLIENT_PROJECTION,,,
sha:c9d7816f9578ef6d4d14f34f879c8adacb13f812ebfb89be344de52a9225466a,PDF-c9d7816f9578,CB-TB-1692_Shaw,CB-TB-1692_Shaw.pdf,c9d7816f9578ef6d4d14f34f879c8adacb13f812ebfb89be344de52a9225466a,C:\Users\gduff\Downloads\cb-tb-1601-2200-v5-factory-run\pdfs\CB-TB-1692_Shaw.pdf,pdf_inventory_criminal,pdf_hash_unique|dupes=4,NO_GOLD,criminal,OFFLINE_CLIENT_PROJECTION,,,
sha:c9ef425fd1ab848a26011d518cf6d5f5bb131b4e13466e2833408745809fbce6,PDF-c9ef425fd1ab,CB-TB-318_Greene,CB-TB-318_Greene.pdf,c9ef425fd1ab848a26011d518cf6d5f5bb131b4e13466e2833408745809fbce6,C:\Users\gduff\Downloads\cb-tb-301-400-v4\pdfs\CB-TB-318_Greene.pdf,pdf_inventory_criminal,pdf_hash_unique|dupes=2,NO_GOLD,criminal,OFFLINE_CLIENT_PROJECTION,,,
sha:c9f91ec71d1b5e55374195720f7e5c19d0d000f3ba81ba35a03842ccf6cfb7e9,PDF-c9f91ec71d1b,CB-TB-2160_Price,CB-TB-2160_Price.pdf,c9f91ec71d1b5e55374195720f7e5c19d0d000f3ba81ba35a03842ccf6cfb7e9,C:\Users\gduff\Downloads\cb-tb-1601-2200-v5-factory-run\pdfs\CB-TB-2160_Price.pdf,pdf_inventory_criminal,pdf_hash_unique|dupes=2,NO_GOLD,criminal,OFFLINE_CLIENT_PROJECTION,,,
sha:ca19208b94e5a11bdcf5b25fbb2e580c13196079fde1f45c0ea41f10f92bcc42,PDF-ca19208b94e5,CB-TB-842_Thornton,CB-TB-842_Thornton.pdf,ca19208b94e5a11bdcf5b25fbb2e580c13196079fde1f45c0ea41f10f92bcc42,C:\Users\gduff\Downloads\cb-tb-801-900-v5\pdfs\CB-TB-842_Thornton.pdf,pdf_inventory_criminal,pdf_hash_unique|dupes=1,NO_GOLD,criminal,OFFLINE_CLIENT_PROJECTION,,,
sha:caa789e62795e18add06e33e24327a04af38f891032db0a6efbf6ad50575390b,PDF-caa789e62795,CB-TB-1134_Reed,CB-TB-1134_Reed.pdf,caa789e62795e18add06e33e24327a04af38f891032db0a6efbf6ad50575390b,C:\Users\gduff\Downloads\cb-tb-1101-1400-v5\pdfs\CB-TB-1134_Reed.pdf,pdf_inventory_criminal,pdf_hash_unique|dupes=2,NO_GOLD,criminal,OFFLINE_CLIENT_PROJECTION,,,
sha:caa7f4d7fcf211866c55ad0408488270a9c6738e20f4992a733055c74074e054,PDF-caa7f4d7fcf2,CB-TB-1675_Ali,CB-TB-1675_Ali.pdf,caa7f4d7fcf211866c55ad0408488270a9c6738e20f4992a733055c74074e054,C:\Users\gduff\Downloads\cb-tb-1601-2200-v5-factory-run\pdfs\CB-TB-1675_Ali.pdf,pdf_inventory_criminal,pdf_hash_unique|dupes=4,NO_GOLD,criminal,OFFLINE_CLIENT_PROJECTION,,,
sha:cacc90cf79f4a36df52f57c5c4736948baec0c3d55a31278e11be5d4259c5e9d,PDF-cacc90cf79f4,CB-TB-908_Rees,CB-TB-908_Rees.pdf,cacc90cf79f4a36df52f57c5c4736948baec0c3d55a31278e11be5d4259c5e9d,C:\Users\gduff\Downloads\cb-tb-901-1100-v5\pdfs\CB-TB-908_Rees.pdf,pdf_inventory_criminal,pdf_hash_unique|dupes=2,NO_GOLD,criminal,OFFLINE_CLIENT_PROJECTION,,,
sha:cacfb379037b5b7956154ac839915f0b5034e6c04ab54bad1cfd703b81297aa1,PDF-cacfb379037b,CB-TB-1297_King,CB-TB-1297_King.pdf,cacfb379037b5b7956154ac839915f0b5034e6c04ab54bad1cfd703b81297aa1,C:\Users\gduff\Downloads\cb-tb-1201-1300-v5\pdfs\CB-TB-1297_King.pdf,pdf_inventory_criminal,pdf_hash_unique|dupes=2,NO_GOLD,criminal,OFFLINE_CLIENT_PROJECTION,,,
sha:cad6458db95fda180cd7e0aa9c9409f3d8693b8f1c58077db39ff01c5494370a,PDF-cad6458db95f,CB-TB-1080_Merritt,CB-TB-1080_Merritt.pdf,cad6458db95fda180cd7e0aa9c9409f3d8693b8f1c58077db39ff01c5494370a,C:\Users\gduff\Downloads\cb-tb-901-1100-v5\pdfs\CB-TB-1080_Merritt.pdf,pdf_inventory_criminal,pdf_hash_unique|dupes=2,NO_GOLD,criminal,OFFLINE_CLIENT_PROJECTION,,,
sha:caea5567d579ba5e3c4f7fd8eaa56136deb99c54f8f495275803326453be7f5f,PDF-caea5567d579,CB-TB-169_Price,CB-TB-169_Price.pdf,caea5567d579ba5e3c4f7fd8eaa56136deb99c54f8f495275803326453be7f5f,C:\Users\gduff\Downloads\cb-tb-101-200-v4\pdfs\CB-TB-169_Price.pdf,pdf_inventory_criminal,pdf_hash_unique|dupes=1,NO_GOLD,criminal,OFFLINE_CLIENT_PROJECTION,,,
sha:cb4af2035b02788285fa627690d636a93188c2803f8d79dc476894148538229d,PDF-cb4af2035b02,CB-TB-168_King,CB-TB-168_King.pdf,cb4af2035b02788285fa627690d636a93188c2803f8d79dc476894148538229d,C:\Users\gduff\Downloads\cb-tb-101-200-v4\pdfs\CB-TB-168_King.pdf,pdf_inventory_criminal,pdf_hash_unique|dupes=1,NO_GOLD,criminal,OFFLINE_CLIENT_PROJECTION,,,
sha:cb612a870f279c0edff1ae5c2d805e9690f9afd80e12b8e510afedb773c533fa,PDF-cb612a870f27,CB-TB-424_Patterson,CB-TB-424_Patterson.pdf,cb612a870f279c0edff1ae5c2d805e9690f9afd80e12b8e510afedb773c533fa,C:\Users\gduff\Downloads\cb-tb-401-500-v5\pdfs\CB-TB-424_Patterson.pdf,pdf_inventory_criminal,pdf_hash_unique|dupes=2,NO_GOLD,criminal,OFFLINE_CLIENT_PROJECTION,,,
sha:cb74d7f40adffd2590be266aafa158ad29ab65f24c56aff4f5251907e37864e8,PDF-cb74d7f40adf,CB-TB-650_Ali,CB-TB-650_Ali.pdf,cb74d7f40adffd2590be266aafa158ad29ab65f24c56aff4f5251907e37864e8,C:\Users\gduff\Downloads\cb-tb-601-700-v5\pdfs\CB-TB-650_Ali.pdf,pdf_inventory_criminal,pdf_hash_unique|dupes=1,NO_GOLD,criminal,OFFLINE_CLIENT_PROJECTION,,,
sha:cb9363bb53c3811c1eef0184fdd0020bdcf465154979c7e7ff60092646b35704,PDF-cb9363bb53c3,CB-TB-1532_Page,CB-TB-1532_Page.pdf,cb9363bb53c3811c1eef0184fdd0020bdcf465154979c7e7ff60092646b35704,C:\Users\gduff\Downloads\cb-tb-1501-1600-v5-factory-run\pdfs\CB-TB-1532_Page.pdf,pdf_inventory_criminal,pdf_hash_unique|dupes=2,NO_GOLD,criminal,OFFLINE_CLIENT_PROJECTION,,,
sha:cbba2e530d7a23bb914328ca1cac3d31cae3f56e54e0309bd2c830c5b773d77e,PDF-cbba2e530d7a,CB-TB-1474_West,CB-TB-1474_West.pdf,cbba2e530d7a23bb914328ca1cac3d31cae3f56e54e0309bd2c830c5b773d77e,C:\Users\gduff\Downloads\cb-tb-1401-1500-v5-tmp\pdfs\CB-TB-1474_West.pdf,pdf_inventory_criminal,pdf_hash_unique|dupes=1,NO_GOLD,criminal,OFFLINE_CLIENT_PROJECTION,,,
sha:cbcdfac940dfb226a4ef066186316ef34b83361d17863ca02670d16a5639783f,PDF-cbcdfac940df,CB-TB-1762_Price,CB-TB-1762_Price.pdf,cbcdfac940dfb226a4ef066186316ef34b83361d17863ca02670d16a5639783f,C:\Users\gduff\Downloads\cb-tb-1601-2200-v5-factory-run\pdfs\CB-TB-1762_Price.pdf,pdf_inventory_criminal,pdf_hash_unique|dupes=2,NO_GOLD,criminal,OFFLINE_CLIENT_PROJECTION,,,
sha:cbe67b0f668b95f7a73c7095767ae791d84f1954b2b6338ceb44c5d8573f1751,PDF-cbe67b0f668b,CB-TB-909_Lloyd,CB-TB-909_Lloyd.pdf,cbe67b0f668b95f7a73c7095767ae791d84f1954b2b6338ceb44c5d8573f1751,C:\Users\gduff\Downloads\cb-tb-901-1100-v5\pdfs\CB-TB-909_Lloyd.pdf,pdf_inventory_criminal,pdf_hash_unique|dupes=2,NO_GOLD,criminal,OFFLINE_CLIENT_PROJECTION,,,
sha:cc1e9575bdda2c56a3f16a7c7ddaad292c69541d24b859ae1fcb32d69b7a9418,PDF-cc1e9575bdda,CB-TB-1603_Mitchell,CB-TB-1603_Mitchell.pdf,cc1e9575bdda2c56a3f16a7c7ddaad292c69541d24b859ae1fcb32d69b7a9418,C:\Users\gduff\Downloads\cb-tb-1601-2200-v5-factory-run\pdfs\CB-TB-1603_Mitchell.pdf,pdf_inventory_criminal,pdf_hash_unique|dupes=4,NO_GOLD,criminal,OFFLINE_CLIENT_PROJECTION,,,
sha:cc442f681bb3cc7fd0d1b88862a2b9f8e03bc942dd17f3bc5f5d8eb37391ae95,PDF-cc442f681bb3,CB-TB-1032_Richards,CB-TB-1032_Richards.pdf,cc442f681bb3cc7fd0d1b88862a2b9f8e03bc942dd17f3bc5f5d8eb37391ae95,C:\Users\gduff\Downloads\cb-tb-901-1100-v5\pdfs\CB-TB-1032_Richards.pdf,pdf_inventory_criminal,pdf_hash_unique|dupes=2,NO_GOLD,criminal,OFFLINE_CLIENT_PROJECTION,,,
sha:cc8ea6e16344c3b2cfee7499b164d1c70d3448302271501acada94a7a2079b91,PDF-cc8ea6e16344,CB-TB-1638_Ali,CB-TB-1638_Ali.pdf,cc8ea6e16344c3b2cfee7499b164d1c70d3448302271501acada94a7a2079b91,C:\Users\gduff\Downloads\cb-tb-1601-2200-v5-factory-run\pdfs\CB-TB-1638_Ali.pdf,pdf_inventory_criminal,pdf_hash_unique|dupes=4,NO_GOLD,criminal,OFFLINE_CLIENT_PROJECTION,,,
sha:ccada6efbb1432cd7a9e0fffdb095e2769ea9e3abb8a6f9c6e9353a8ba65e472,PDF-ccada6efbb14,CB-TB-175_Singh,CB-TB-175_Singh.pdf,ccada6efbb1432cd7a9e0fffdb095e2769ea9e3abb8a6f9c6e9353a8ba65e472,C:\Users\gduff\Downloads\cb-tb-101-200-v4\pdfs\CB-TB-175_Singh.pdf,pdf_inventory_criminal,pdf_hash_unique|dupes=1,NO_GOLD,criminal,OFFLINE_CLIENT_PROJECTION,,,
sha:ccb7fb6c738488747f6349cadd158087bdda3a7a565f736801c0d7a61332fabf,PDF-ccb7fb6c7384,CB-TB-1141_Kent,CB-TB-1141_Kent.pdf,ccb7fb6c738488747f6349cadd158087bdda3a7a565f736801c0d7a61332fabf,C:\Users\gduff\Downloads\cb-tb-1101-1400-v5\pdfs\CB-TB-1141_Kent.pdf,pdf_inventory_criminal,pdf_hash_unique|dupes=2,NO_GOLD,criminal,OFFLINE_CLIENT_PROJECTION,,,
sha:ccbdd29b2761f466fd9d875c8cbc680dca38cb81ded20061bc542542211e4f29,PDF-ccbdd29b2761,CB-TB-1901_Lowe,CB-TB-1901_Lowe.pdf,ccbdd29b2761f466fd9d875c8cbc680dca38cb81ded20061bc542542211e4f29,C:\Users\gduff\Downloads\cb-tb-1601-2200-v5-factory-run\pdfs\CB-TB-1901_Lowe.pdf,pdf_inventory_criminal,pdf_hash_unique|dupes=2,NO_GOLD,criminal,OFFLINE_CLIENT_PROJECTION,,,
sha:ccc76b41381bbd2eee7a932a09537736373ec3d6f2187e3d8d9415bd4cb9f507,PDF-ccc76b41381b,CB-TB-2008_Barlow,CB-TB-2008_Barlow.pdf,ccc76b41381bbd2eee7a932a09537736373ec3d6f2187e3d8d9415bd4cb9f507,C:\Users\gduff\Downloads\cb-tb-1601-2200-v5-factory-run\pdfs\CB-TB-2008_Barlow.pdf,pdf_inventory_criminal,pdf_hash_unique|dupes=2,NO_GOLD,criminal,OFFLINE_CLIENT_PROJECTION,,,
sha:cd42a32a18edffb2948b062c5fda91bc3e64d5d7c297564d5bbb4e66c6780031,PDF-cd42a32a18ed,CB-TB-2144_Kerr,CB-TB-2144_Kerr.pdf,cd42a32a18edffb2948b062c5fda91bc3e64d5d7c297564d5bbb4e66c6780031,C:\Users\gduff\Downloads\cb-tb-1601-2200-v5-factory-run\pdfs\CB-TB-2144_Kerr.pdf,pdf_inventory_criminal,pdf_hash_unique|dupes=2,NO_GOLD,criminal,OFFLINE_CLIENT_PROJECTION,,,
sha:cd5ec107a7657f5cd80e1a9a1862db95c38aae4b4f5b638bc629010c93ec1db1,PDF-cd5ec107a765,CB-TB-1748_Barker,CB-TB-1748_Barker.pdf,cd5ec107a7657f5cd80e1a9a1862db95c38aae4b4f5b638bc629010c93ec1db1,C:\Users\gduff\Downloads\cb-tb-1601-2200-v5-factory-run\pdfs\CB-TB-1748_Barker.pdf,pdf_inventory_criminal,pdf_hash_unique|dupes=2,NO_GOLD,criminal,OFFLINE_CLIENT_PROJECTION,,,
sha:cd7c5de33fff9eb69ada01872ff50f041dc060a8e30406550a7ada84fac4f967,PDF-cd7c5de33fff,CB-TB-2067_Austin,CB-TB-2067_Austin.pdf,cd7c5de33fff9eb69ada01872ff50f041dc060a8e30406550a7ada84fac4f967,C:\Users\gduff\Downloads\cb-tb-1601-2200-v5-factory-run\pdfs\CB-TB-2067_Austin.pdf,pdf_inventory_criminal,pdf_hash_unique|dupes=2,NO_GOLD,criminal,OFFLINE_CLIENT_PROJECTION,,,
sha:cdd47f50d8b6ae7f0e2b8ef907bfed964166dffa0908b2c85a122166c98ce33f,PDF-cdd47f50d8b6,CB-TB-1312_Blake,CB-TB-1312_Blake.pdf,cdd47f50d8b6ae7f0e2b8ef907bfed964166dffa0908b2c85a122166c98ce33f,C:\Users\gduff\Downloads\cb-tb-1301-1400-v5\pdfs\CB-TB-1312_Blake.pdf,pdf_inventory_criminal,pdf_hash_unique|dupes=2,NO_GOLD,criminal,OFFLINE_CLIENT_PROJECTION,,,
sha:cdedb68f606613b1b34e8b8e4aab6a9358ae386b31da1c07cdd8e3d3c607f993,PDF-cdedb68f6066,CB-TB-979_Shaw,CB-TB-979_Shaw.pdf,cdedb68f606613b1b34e8b8e4aab6a9358ae386b31da1c07cdd8e3d3c607f993,C:\Users\gduff\Downloads\cb-tb-901-1100-v5\pdfs\CB-TB-979_Shaw.pdf,pdf_inventory_criminal,pdf_hash_unique|dupes=2,NO_GOLD,criminal,OFFLINE_CLIENT_PROJECTION,,,
sha:cdf5a6ef286d255c3ccfa9c23dff9bbcbcb61d80ee32c3272151341c8db7674a,PDF-cdf5a6ef286d,CB-TB-242_Grant,CB-TB-242_Grant.pdf,cdf5a6ef286d255c3ccfa9c23dff9bbcbcb61d80ee32c3272151341c8db7674a,C:\Users\gduff\Downloads\cb-tb-201-300-v4\pdfs\CB-TB-242_Grant.pdf,pdf_inventory_criminal,pdf_hash_unique|dupes=1,NO_GOLD,criminal,OFFLINE_CLIENT_PROJECTION,,,
sha:ce006080f16f1f5e959680cd2dd43d8f5c1fee4512af090f651a60b12d406331,PDF-ce006080f16f,CB-TB-505_Evans,CB-TB-505_Evans.pdf,ce006080f16f1f5e959680cd2dd43d8f5c1fee4512af090f651a60b12d406331,C:\Users\gduff\Downloads\cb-tb-501-600-v5-extract\pdfs\CB-TB-505_Evans.pdf,pdf_inventory_criminal,pdf_hash_unique|dupes=3,NO_GOLD,criminal,OFFLINE_CLIENT_PROJECTION,,,
sha:ce4d3c6e4f7e5ca7f88d28944360e6232762c323389ff4e0628f297bee5cea2f,PDF-ce4d3c6e4f7e,CB-TB-856_Mitchell,CB-TB-856_Mitchell.pdf,ce4d3c6e4f7e5ca7f88d28944360e6232762c323389ff4e0628f297bee5cea2f,C:\Users\gduff\Downloads\cb-tb-801-900-v5\pdfs\CB-TB-856_Mitchell.pdf,pdf_inventory_criminal,pdf_hash_unique|dupes=1,NO_GOLD,criminal,OFFLINE_CLIENT_PROJECTION,,,
sha:ce69d70a172c538e8fef115311de9fe889bfa5522432d10741008bea313109a2,PDF-ce69d70a172c,CB-TB-1648_Jennings,CB-TB-1648_Jennings.pdf,ce69d70a172c538e8fef115311de9fe889bfa5522432d10741008bea313109a2,C:\Users\gduff\Downloads\cb-tb-1601-2200-v5-factory-run\pdfs\CB-TB-1648_Jennings.pdf,pdf_inventory_criminal,pdf_hash_unique|dupes=4,NO_GOLD,criminal,OFFLINE_CLIENT_PROJECTION,,,
sha:ce7b8a2724e0574623a6b54179a7a044fb210186f3815591aba3ddb62949d2e0,PDF-ce7b8a2724e0,CB-TB-936_Parker,CB-TB-936_Parker.pdf,ce7b8a2724e0574623a6b54179a7a044fb210186f3815591aba3ddb62949d2e0,C:\Users\gduff\Downloads\cb-tb-901-1100-v5\pdfs\CB-TB-936_Parker.pdf,pdf_inventory_criminal,pdf_hash_unique|dupes=2,NO_GOLD,criminal,OFFLINE_CLIENT_PROJECTION,,,
sha:ce82464fae420eb3a935796665386edabec743a5bb19c17fc92348e06da82cd4,PDF-ce82464fae42,CB-TB-229_Rowe,CB-TB-229_Rowe.pdf,ce82464fae420eb3a935796665386edabec743a5bb19c17fc92348e06da82cd4,C:\Users\gduff\Downloads\cb-tb-201-300-v4\pdfs\CB-TB-229_Rowe.pdf,pdf_inventory_criminal,pdf_hash_unique|dupes=1,NO_GOLD,criminal,OFFLINE_CLIENT_PROJECTION,,,
sha:ce829e7cf091f4dd4012ad6bd8fa8eb8dce22d365839dc2e363acb41e139d389,PDF-ce829e7cf091,CB-TB-1518_Marsh,CB-TB-1518_Marsh.pdf,ce829e7cf091f4dd4012ad6bd8fa8eb8dce22d365839dc2e363acb41e139d389,C:\Users\gduff\Downloads\cb-tb-1501-1600-v5-factory-run\pdfs\CB-TB-1518_Marsh.pdf,pdf_inventory_criminal,pdf_hash_unique|dupes=2,NO_GOLD,criminal,OFFLINE_CLIENT_PROJECTION,,,
sha:ceb14731269885887a81a95a43cf6edb84fe9f1b70d118acd87fe902c9ac656e,PDF-ceb147312698,CB-TB-1172_Baines,CB-TB-1172_Baines.pdf,ceb14731269885887a81a95a43cf6edb84fe9f1b70d118acd87fe902c9ac656e,C:\Users\gduff\Downloads\cb-tb-1101-1400-v5\pdfs\CB-TB-1172_Baines.pdf,pdf_inventory_criminal,pdf_hash_unique|dupes=2,NO_GOLD,criminal,OFFLINE_CLIENT_PROJECTION,,,
sha:cef511a7967bd9c05e7486041920d3c53948c7fbdd92225008a94489499a20cc,PDF-cef511a7967b,CB-TB-392_Nolan,CB-TB-392_Nolan.pdf,cef511a7967bd9c05e7486041920d3c53948c7fbdd92225008a94489499a20cc,C:\Users\gduff\Downloads\cb-tb-301-400-v4\pdfs\CB-TB-392_Nolan.pdf,pdf_inventory_criminal,pdf_hash_unique|dupes=2,NO_GOLD,criminal,OFFLINE_CLIENT_PROJECTION,,,
sha:cef87014ba8f94f4bb53e8f2f2373050488dafee263c7556b2489280749fe3d6,PDF-cef87014ba8f,CB-TB-823_Patel,CB-TB-823_Patel.pdf,cef87014ba8f94f4bb53e8f2f2373050488dafee263c7556b2489280749fe3d6,C:\Users\gduff\Downloads\cb-tb-801-900-v5\pdfs\CB-TB-823_Patel.pdf,pdf_inventory_criminal,pdf_hash_unique|dupes=1,NO_GOLD,criminal,OFFLINE_CLIENT_PROJECTION,,,
sha:cf0dd04b06afe8813f73fb287b5093fc2d3b5b2c4f5cbf1c8ea3a3e3c6e6aec4,PDF-cf0dd04b06af,CB-TB-071_Okonkwo,CB-TB-071_Okonkwo.pdf,cf0dd04b06afe8813f73fb287b5093fc2d3b5b2c4f5cbf1c8ea3a3e3c6e6aec4,C:\Users\gduff\Downloads\cb-tb-031-100-v4\pdfs\CB-TB-071_Okonkwo.pdf,pdf_inventory_criminal,pdf_hash_unique|dupes=1,NO_GOLD,criminal,OFFLINE_CLIENT_PROJECTION,,,
sha:cf34197f0c61d6392ff5ce5832e169c00628e5bdd7a6eaf26dc6dc4f6d372ce5,PDF-cf34197f0c61,CB-TB-991_Archer,CB-TB-991_Archer.pdf,cf34197f0c61d6392ff5ce5832e169c00628e5bdd7a6eaf26dc6dc4f6d372ce5,C:\Users\gduff\Downloads\cb-tb-901-1100-v5\pdfs\CB-TB-991_Archer.pdf,pdf_inventory_criminal,pdf_hash_unique|dupes=2,NO_GOLD,criminal,OFFLINE_CLIENT_PROJECTION,,,
sha:cf51f904e539a4862016043ba2b296476faa53f6d01fab71d2829613ccf93459,PDF-cf51f904e539,CB-TB-1166_Clarke,CB-TB-1166_Clarke.pdf,cf51f904e539a4862016043ba2b296476faa53f6d01fab71d2829613ccf93459,C:\Users\gduff\Downloads\cb-tb-1101-1400-v5\pdfs\CB-TB-1166_Clarke.pdf,pdf_inventory_criminal,pdf_hash_unique|dupes=2,NO_GOLD,criminal,OFFLINE_CLIENT_PROJECTION,,,
sha:cfadafe68dab143d63e75610d369b9fda0a08d4e334297069f9d50b6089c13b7,PDF-cfadafe68dab,CB-TB-1546_Reid,CB-TB-1546_Reid.pdf,cfadafe68dab143d63e75610d369b9fda0a08d4e334297069f9d50b6089c13b7,C:\Users\gduff\Downloads\cb-tb-1501-1600-v5-factory-run\pdfs\CB-TB-1546_Reid.pdf,pdf_inventory_criminal,pdf_hash_unique|dupes=2,NO_GOLD,criminal,OFFLINE_CLIENT_PROJECTION,,,
sha:cfb2c24dc0de1aa2a89d86e36a92deffc4ed0cbca7ed841517548d8661707ce3,PDF-cfb2c24dc0de,CB-TB-916_Walsh,CB-TB-916_Walsh.pdf,cfb2c24dc0de1aa2a89d86e36a92deffc4ed0cbca7ed841517548d8661707ce3,C:\Users\gduff\Downloads\cb-tb-901-1100-v5\pdfs\CB-TB-916_Walsh.pdf,pdf_inventory_criminal,pdf_hash_unique|dupes=2,NO_GOLD,criminal,OFFLINE_CLIENT_PROJECTION,,,
sha:cfb4844667149f2dec7fec1d7137a261a68fc150694bfe294d272b08d647b4ff,PDF-cfb484466714,CB-TB-1286_Thomas,CB-TB-1286_Thomas.pdf,cfb4844667149f2dec7fec1d7137a261a68fc150694bfe294d272b08d647b4ff,C:\Users\gduff\Downloads\cb-tb-1201-1300-v5\pdfs\CB-TB-1286_Thomas.pdf,pdf_inventory_criminal,pdf_hash_unique|dupes=2,NO_GOLD,criminal,OFFLINE_CLIENT_PROJECTION,,,
sha:cfcbf8c15f6a6a57c3230f88d1b2c2cc945b791a222a021e41ff4f6ea3c8b1fe,PDF-cfcbf8c15f6a,CB-TB-845_Flint,CB-TB-845_Flint.pdf,cfcbf8c15f6a6a57c3230f88d1b2c2cc945b791a222a021e41ff4f6ea3c8b1fe,C:\Users\gduff\Downloads\cb-tb-801-900-v5\pdfs\CB-TB-845_Flint.pdf,pdf_inventory_criminal,pdf_hash_unique|dupes=1,NO_GOLD,criminal,OFFLINE_CLIENT_PROJECTION,,,
sha:cfdb69778c9de31c8e4fc952eceae2f9f070dd736ddf1882ae3140a8456b7ed8,PDF-cfdb69778c9d,CB-TB-042_Barlow,CB-TB-042_Barlow.pdf,cfdb69778c9de31c8e4fc952eceae2f9f070dd736ddf1882ae3140a8456b7ed8,C:\Users\gduff\Downloads\cb-tb-001-050-v3\pdfs\CB-TB-042_Barlow.pdf,pdf_inventory_criminal,pdf_hash_unique|dupes=2,NO_GOLD,criminal,OFFLINE_CLIENT_PROJECTION,,,
sha:d01e063b98db2ea6fe79dddb69631d383d236c3e108ad8ac81e4ff0404c65ed2,PDF-d01e063b98db,CB-TB-1250_Shah,CB-TB-1250_Shah.pdf,d01e063b98db2ea6fe79dddb69631d383d236c3e108ad8ac81e4ff0404c65ed2,C:\Users\gduff\Downloads\cb-tb-1201-1300-v5\pdfs\CB-TB-1250_Shah.pdf,pdf_inventory_criminal,pdf_hash_unique|dupes=2,NO_GOLD,criminal,OFFLINE_CLIENT_PROJECTION,,,
sha:d02be40395bb8ed5c5f4f5c79ccbbadd13d0ecb1ece066f4a686d4c856d862a0,PDF-d02be40395bb,CB-TB-429_Howard,CB-TB-429_Howard.pdf,d02be40395bb8ed5c5f4f5c79ccbbadd13d0ecb1ece066f4a686d4c856d862a0,C:\Users\gduff\Downloads\cb-tb-401-500-v5\pdfs\CB-TB-429_Howard.pdf,pdf_inventory_criminal,pdf_hash_unique|dupes=2,NO_GOLD,criminal,OFFLINE_CLIENT_PROJECTION,,,
sha:d0820ec2458ef9999e7a4c3e5dd8ff3613a1b0803254d92fb6721ab2d528cd31,PDF-d0820ec2458e,CB-TB-030_Price,CB-TB-030_Price.pdf,d0820ec2458ef9999e7a4c3e5dd8ff3613a1b0803254d92fb6721ab2d528cd31,C:\Users\gduff\Downloads\cb-tb-001-050-v3\pdfs\CB-TB-030_Price.pdf,pdf_inventory_criminal,pdf_hash_unique|dupes=2,NO_GOLD,criminal,OFFLINE_CLIENT_PROJECTION,,,
sha:d09dc65a240a1ada0cb0dc9bd41d1828521db5dfcc3d3e5bcdfb69f786c50aea,PDF-d09dc65a240a,CB-TB-109_Hughes,CB-TB-109_Hughes.pdf,d09dc65a240a1ada0cb0dc9bd41d1828521db5dfcc3d3e5bcdfb69f786c50aea,C:\Users\gduff\Downloads\cb-tb-101-200-v4\pdfs\CB-TB-109_Hughes.pdf,pdf_inventory_criminal,pdf_hash_unique|dupes=1,NO_GOLD,criminal,OFFLINE_CLIENT_PROJECTION,,,
sha:d0afd1e4828ae5eb25a1529a7772b5a6054829309fe2d7e7670f5c8268986d5f,PDF-d0afd1e4828a,CB-TB-1389_Greene,CB-TB-1389_Greene.pdf,d0afd1e4828ae5eb25a1529a7772b5a6054829309fe2d7e7670f5c8268986d5f,C:\Users\gduff\Downloads\cb-tb-1301-1400-v5\pdfs\CB-TB-1389_Greene.pdf,pdf_inventory_criminal,pdf_hash_unique|dupes=2,NO_GOLD,criminal,OFFLINE_CLIENT_PROJECTION,,,
sha:d0b4089ad40ddab60f584d3d1033bc8b5436e16bf70b5a695620868bfe744a33,PDF-d0b4089ad40d,CB-TB-2197_Price,CB-TB-2197_Price.pdf,d0b4089ad40ddab60f584d3d1033bc8b5436e16bf70b5a695620868bfe744a33,C:\Users\gduff\Downloads\cb-tb-1601-2200-v5-factory-run\pdfs\CB-TB-2197_Price.pdf,pdf_inventory_criminal,pdf_hash_unique|dupes=2,NO_GOLD,criminal,OFFLINE_CLIENT_PROJECTION,,,
sha:d0b7832aa14fad59b1dfb719b22176ae458f349c2b02a32621e0e4f3633a1734,PDF-d0b7832aa14f,CB-TB-232_Walsh,CB-TB-232_Walsh.pdf,d0b7832aa14fad59b1dfb719b22176ae458f349c2b02a32621e0e4f3633a1734,C:\Users\gduff\Downloads\cb-tb-201-300-v4\pdfs\CB-TB-232_Walsh.pdf,pdf_inventory_criminal,pdf_hash_unique|dupes=1,NO_GOLD,criminal,OFFLINE_CLIENT_PROJECTION,,,
sha:d0bfdb30cd93f22c3901391962b9f3036f2e5b7bd6935ae6d3efcdacb443f967,PDF-d0bfdb30cd93,CB-TB-277_Miles,CB-TB-277_Miles.pdf,d0bfdb30cd93f22c3901391962b9f3036f2e5b7bd6935ae6d3efcdacb443f967,C:\Users\gduff\Downloads\cb-tb-201-300-v4\pdfs\CB-TB-277_Miles.pdf,pdf_inventory_criminal,pdf_hash_unique|dupes=1,NO_GOLD,criminal,OFFLINE_CLIENT_PROJECTION,,,
sha:d0f1dc2091df72f643a867f568a3dd304454a56be32266881d26908fa35a1fc0,PDF-d0f1dc2091df,CB-TB-1112_Baines,CB-TB-1112_Baines.pdf,d0f1dc2091df72f643a867f568a3dd304454a56be32266881d26908fa35a1fc0,C:\Users\gduff\Downloads\cb-tb-1101-1400-v5\pdfs\CB-TB-1112_Baines.pdf,pdf_inventory_criminal,pdf_hash_unique|dupes=2,NO_GOLD,criminal,OFFLINE_CLIENT_PROJECTION,,,
sha:d104bd8b94493b1bcb49563eb59a81efe7312d0760f2871011104af3fb0a6250,PDF-d104bd8b9449,CB-TB-1847_Slater,CB-TB-1847_Slater.pdf,d104bd8b94493b1bcb49563eb59a81efe7312d0760f2871011104af3fb0a6250,C:\Users\gduff\Downloads\cb-tb-1601-2200-v5-factory-run\pdfs\CB-TB-1847_Slater.pdf,pdf_inventory_criminal,pdf_hash_unique|dupes=2,NO_GOLD,criminal,OFFLINE_CLIENT_PROJECTION,,,
sha:d104e73b105f4460e70bc88a62192461b90c056d2f675c7d7b3378e0c3476ffd,PDF-d104e73b105f,CB-TB-1064_Ward,CB-TB-1064_Ward.pdf,d104e73b105f4460e70bc88a62192461b90c056d2f675c7d7b3378e0c3476ffd,C:\Users\gduff\Downloads\cb-tb-901-1100-v5\pdfs\CB-TB-1064_Ward.pdf,pdf_inventory_criminal,pdf_hash_unique|dupes=2,NO_GOLD,criminal,OFFLINE_CLIENT_PROJECTION,,,
sha:d11b7fc19387bc747da31acd931558506f2001588ee89b958a6d9b689bc0a28e,PDF-d11b7fc19387,CB-TB-045_Abbott,CB-TB-045_Abbott.pdf,d11b7fc19387bc747da31acd931558506f2001588ee89b958a6d9b689bc0a28e,C:\Users\gduff\Downloads\cb-tb-031-100-v4\pdfs\CB-TB-045_Abbott.pdf,pdf_inventory_criminal,pdf_hash_unique|dupes=1,NO_GOLD,criminal,OFFLINE_CLIENT_PROJECTION,,,
sha:d143ec2a78b1f6dc8dc0a6787e59ba0aad6dadeaaf220d2426134bcb13892a69,PDF-d143ec2a78b1,CB-TB-1804_Hughes,CB-TB-1804_Hughes.pdf,d143ec2a78b1f6dc8dc0a6787e59ba0aad6dadeaaf220d2426134bcb13892a69,C:\Users\gduff\Downloads\cb-tb-1601-2200-v5-factory-run\pdfs\CB-TB-1804_Hughes.pdf,pdf_inventory_criminal,pdf_hash_unique|dupes=2,NO_GOLD,criminal,OFFLINE_CLIENT_PROJECTION,,,
sha:d15577d070f3410cb4e361c582bdaf329694b55ea5c2c437046852ec8dd84dc8,PDF-d15577d070f3,CB-TB-977_Carter,CB-TB-977_Carter.pdf,d15577d070f3410cb4e361c582bdaf329694b55ea5c2c437046852ec8dd84dc8,C:\Users\gduff\Downloads\cb-tb-901-1100-v5\pdfs\CB-TB-977_Carter.pdf,pdf_inventory_criminal,pdf_hash_unique|dupes=2,NO_GOLD,criminal,OFFLINE_CLIENT_PROJECTION,,,
sha:d15f8606e353094444d392786b64d290dae48e3b86b59c5f1d8a8b6a22dcd958,PDF-d15f8606e353,CB-TB-1331_Mitchell,CB-TB-1331_Mitchell.pdf,d15f8606e353094444d392786b64d290dae48e3b86b59c5f1d8a8b6a22dcd958,C:\Users\gduff\Downloads\cb-tb-1301-1400-v5\pdfs\CB-TB-1331_Mitchell.pdf,pdf_inventory_criminal,pdf_hash_unique|dupes=2,NO_GOLD,criminal,OFFLINE_CLIENT_PROJECTION,,,
sha:d16559ad8bafc79d0fc43169c3d7523acaad97d7809c9f998734d6fbffbf6f07,PDF-d16559ad8baf,CB-TB-1001_Wright,CB-TB-1001_Wright.pdf,d16559ad8bafc79d0fc43169c3d7523acaad97d7809c9f998734d6fbffbf6f07,C:\Users\gduff\Downloads\cb-tb-901-1100-v5\pdfs\CB-TB-1001_Wright.pdf,pdf_inventory_criminal,pdf_hash_unique|dupes=2,NO_GOLD,criminal,OFFLINE_CLIENT_PROJECTION,,,
sha:d17540aaa136dcfba2d27e96717d07879e8e17b1be7ad80256972cc9cb98254b,PDF-d17540aaa136,CB-TB-815_Merritt,CB-TB-815_Merritt.pdf,d17540aaa136dcfba2d27e96717d07879e8e17b1be7ad80256972cc9cb98254b,C:\Users\gduff\Downloads\cb-tb-801-900-v5\pdfs\CB-TB-815_Merritt.pdf,pdf_inventory_criminal,pdf_hash_unique|dupes=1,NO_GOLD,criminal,OFFLINE_CLIENT_PROJECTION,,,
sha:d17c6f97f2cc357b9576143e41d847b3474977cb3ae6618d9c9b731577ac8ad9,PDF-d17c6f97f2cc,CB-TB-621_Wright,CB-TB-621_Wright.pdf,d17c6f97f2cc357b9576143e41d847b3474977cb3ae6618d9c9b731577ac8ad9,C:\Users\gduff\Downloads\cb-tb-601-700-v5\pdfs\CB-TB-621_Wright.pdf,pdf_inventory_criminal,pdf_hash_unique|dupes=1,NO_GOLD,criminal,OFFLINE_CLIENT_PROJECTION,,,
sha:d183fd26e8430d986cafbfc9871cac08b37cf7c10215b0f194ed20c91752c2d1,PDF-d183fd26e843,CB-TB-1093_Bradley,CB-TB-1093_Bradley.pdf,d183fd26e8430d986cafbfc9871cac08b37cf7c10215b0f194ed20c91752c2d1,C:\Users\gduff\Downloads\cb-tb-901-1100-v5\pdfs\CB-TB-1093_Bradley.pdf,pdf_inventory_criminal,pdf_hash_unique|dupes=2,NO_GOLD,criminal,OFFLINE_CLIENT_PROJECTION,,,
sha:d1b29526d783d73324b8229d5e960ca0c452bc06504f7e693ba238df46d55bb3,PDF-d1b29526d783,CB-TB-1716_Booth,CB-TB-1716_Booth.pdf,d1b29526d783d73324b8229d5e960ca0c452bc06504f7e693ba238df46d55bb3,C:\Users\gduff\Downloads\cb-tb-1601-2200-v5-factory-run\pdfs\CB-TB-1716_Booth.pdf,pdf_inventory_criminal,pdf_hash_unique|dupes=2,NO_GOLD,criminal,OFFLINE_CLIENT_PROJECTION,,,
sha:d1bc0c529357555061cd6ba20b112d634e6031d3e84c6106dda4af74b3c8cc3e,PDF-d1bc0c529357,CB-TB-1138_Bell,CB-TB-1138_Bell.pdf,d1bc0c529357555061cd6ba20b112d634e6031d3e84c6106dda4af74b3c8cc3e,C:\Users\gduff\Downloads\cb-tb-1101-1400-v5\pdfs\CB-TB-1138_Bell.pdf,pdf_inventory_criminal,pdf_hash_unique|dupes=2,NO_GOLD,criminal,OFFLINE_CLIENT_PROJECTION,,,
sha:d1c653e2a4ea0c4f3f2a6ebf846f8b9fc36d8c3e62b2f8b7da3d6034f8caff7a,PDF-d1c653e2a4ea,CB-TB-011_Doyle,CB-TB-011_Doyle.pdf,d1c653e2a4ea0c4f3f2a6ebf846f8b9fc36d8c3e62b2f8b7da3d6034f8caff7a,C:\Users\gduff\Downloads\cb-tb-001-030-v4\pdfs\CB-TB-011_Doyle.pdf,pdf_inventory_criminal,pdf_hash_unique|dupes=1,NO_GOLD,criminal,OFFLINE_CLIENT_PROJECTION,,,
sha:d1e20f72b20ca0c7841a7d7e0ef8c50c9910711a47f61fd50df617abe615087c,PDF-d1e20f72b20c,CB-TB-282_Dunn,CB-TB-282_Dunn.pdf,d1e20f72b20ca0c7841a7d7e0ef8c50c9910711a47f61fd50df617abe615087c,C:\Users\gduff\Downloads\cb-tb-201-300-v4\pdfs\CB-TB-282_Dunn.pdf,pdf_inventory_criminal,pdf_hash_unique|dupes=1,NO_GOLD,criminal,OFFLINE_CLIENT_PROJECTION,,,
sha:d1e5e90b69c35b703fad379e964e9978c4ed4cdbf1fb5b4da0f1399ed6a085ac,PDF-d1e5e90b69c3,CB-TB-1836_Marsden,CB-TB-1836_Marsden.pdf,d1e5e90b69c35b703fad379e964e9978c4ed4cdbf1fb5b4da0f1399ed6a085ac,C:\Users\gduff\Downloads\cb-tb-1601-2200-v5-factory-run\pdfs\CB-TB-1836_Marsden.pdf,pdf_inventory_criminal,pdf_hash_unique|dupes=2,NO_GOLD,criminal,OFFLINE_CLIENT_PROJECTION,,,
sha:d1fe7ee93a3705ecbf6f6e32c48195e6e022a85cc0da81880db1bacf71128100,PDF-d1fe7ee93a37,CB-TB-358_Begum,CB-TB-358_Begum.pdf,d1fe7ee93a3705ecbf6f6e32c48195e6e022a85cc0da81880db1bacf71128100,C:\Users\gduff\Downloads\cb-tb-301-400-v4\pdfs\CB-TB-358_Begum.pdf,pdf_inventory_criminal,pdf_hash_unique|dupes=2,NO_GOLD,criminal,OFFLINE_CLIENT_PROJECTION,,,
sha:d206495a3fdfb777075279dea32ed3de20f355f154443d3a6dfdc10c5792d9fc,PDF-d206495a3fdf,CB-TB-399_Miles,CB-TB-399_Miles.pdf,d206495a3fdfb777075279dea32ed3de20f355f154443d3a6dfdc10c5792d9fc,C:\Users\gduff\Downloads\cb-tb-301-400-v4\pdfs\CB-TB-399_Miles.pdf,pdf_inventory_criminal,pdf_hash_unique|dupes=2,NO_GOLD,criminal,OFFLINE_CLIENT_PROJECTION,,,
sha:d20e389a893b882a2cbc52e45bc2263b44a52947fe8284a45a052ddc2147f0ed,PDF-d20e389a893b,CB-TB-1058_Dawson,CB-TB-1058_Dawson.pdf,d20e389a893b882a2cbc52e45bc2263b44a52947fe8284a45a052ddc2147f0ed,C:\Users\gduff\Downloads\cb-tb-901-1100-v5\pdfs\CB-TB-1058_Dawson.pdf,pdf_inventory_criminal,pdf_hash_unique|dupes=2,NO_GOLD,criminal,OFFLINE_CLIENT_PROJECTION,,,
sha:d2132e37cd05d6a445b4a1221d28cc0124e0e8d3f897dbd2a17d900ea0196e25,PDF-d2132e37cd05,CB-TB-1973_Saxon,CB-TB-1973_Saxon.pdf,d2132e37cd05d6a445b4a1221d28cc0124e0e8d3f897dbd2a17d900ea0196e25,C:\Users\gduff\Downloads\cb-tb-1601-2200-v5-factory-run\pdfs\CB-TB-1973_Saxon.pdf,pdf_inventory_criminal,pdf_hash_unique|dupes=2,NO_GOLD,criminal,OFFLINE_CLIENT_PROJECTION,,,
sha:d27401ecce148960ec1f73c7f7235195fe3f9753242ed745188189fa0f5a6a5e,PDF-d27401ecce14,CB-TB-2100_Doyle,CB-TB-2100_Doyle.pdf,d27401ecce148960ec1f73c7f7235195fe3f9753242ed745188189fa0f5a6a5e,C:\Users\gduff\Downloads\cb-tb-1601-2200-v5-factory-run\pdfs\CB-TB-2100_Doyle.pdf,pdf_inventory_criminal,pdf_hash_unique|dupes=2,NO_GOLD,criminal,OFFLINE_CLIENT_PROJECTION,,,
sha:d29a966fcbee179aafeb18449fe2357a3470e94825256614d998772def0a8c0a,PDF-d29a966fcbee,CB-TB-626_Okonkwo,CB-TB-626_Okonkwo.pdf,d29a966fcbee179aafeb18449fe2357a3470e94825256614d998772def0a8c0a,C:\Users\gduff\Downloads\cb-tb-601-700-v5\pdfs\CB-TB-626_Okonkwo.pdf,pdf_inventory_criminal,pdf_hash_unique|dupes=1,NO_GOLD,criminal,OFFLINE_CLIENT_PROJECTION,,,
sha:d2aaca873c43ec223159d4548213355db0b6db0ca7719ec55b30052d3b0506b8,PDF-d2aaca873c43,CB-TB-1366_Patterson,CB-TB-1366_Patterson.pdf,d2aaca873c43ec223159d4548213355db0b6db0ca7719ec55b30052d3b0506b8,C:\Users\gduff\Downloads\cb-tb-1301-1400-v5\pdfs\CB-TB-1366_Patterson.pdf,pdf_inventory_criminal,pdf_hash_unique|dupes=2,NO_GOLD,criminal,OFFLINE_CLIENT_PROJECTION,,,
sha:d2cc0f2bc41d707492b3da007d286a8d3db547417b1f78e7f92d9aa08f19239c,PDF-d2cc0f2bc41d,CB-TB-1637_Kerr,CB-TB-1637_Kerr.pdf,d2cc0f2bc41d707492b3da007d286a8d3db547417b1f78e7f92d9aa08f19239c,C:\Users\gduff\Downloads\cb-tb-1601-2200-v5-factory-run\pdfs\CB-TB-1637_Kerr.pdf,pdf_inventory_criminal,pdf_hash_unique|dupes=4,NO_GOLD,criminal,OFFLINE_CLIENT_PROJECTION,,,
sha:d38c8147b71728c1fb3bfb3863dd3906f0a1c30f21dd9948191db13e0e595cb0,PDF-d38c8147b717,CB-TB-1963_Stone,CB-TB-1963_Stone.pdf,d38c8147b71728c1fb3bfb3863dd3906f0a1c30f21dd9948191db13e0e595cb0,C:\Users\gduff\Downloads\cb-tb-1601-2200-v5-factory-run\pdfs\CB-TB-1963_Stone.pdf,pdf_inventory_criminal,pdf_hash_unique|dupes=2,NO_GOLD,criminal,OFFLINE_CLIENT_PROJECTION,,,
sha:d3990b6a768c4dc85286270b982dad24fe9fec9a6ab6ff333c699ff0729c803a,PDF-d3990b6a768c,CB-TB-023_Mitchell,CB-TB-023_Mitchell.pdf,d3990b6a768c4dc85286270b982dad24fe9fec9a6ab6ff333c699ff0729c803a,C:\Users\gduff\Downloads\cb-tb-001-050-v3\pdfs\CB-TB-023_Mitchell.pdf,pdf_inventory_criminal,pdf_hash_unique|dupes=2,NO_GOLD,criminal,OFFLINE_CLIENT_PROJECTION,,,
sha:d3b08fd08ecf4a7ad758d222242ae27759f52cd1fcb56519cab4aae19fed4a7e,PDF-d3b08fd08ecf,CB-TB-444_Murphy,CB-TB-444_Murphy.pdf,d3b08fd08ecf4a7ad758d222242ae27759f52cd1fcb56519cab4aae19fed4a7e,C:\Users\gduff\Downloads\cb-tb-401-500-v5\pdfs\CB-TB-444_Murphy.pdf,pdf_inventory_criminal,pdf_hash_unique|dupes=2,NO_GOLD,criminal,OFFLINE_CLIENT_PROJECTION,,,
sha:d3bf4044436c9ed248187dc11a21db4aa2db751871352cb5afd7bcbb9e42ec51,PDF-d3bf4044436c,CB-TB-295_Coates,CB-TB-295_Coates.pdf,d3bf4044436c9ed248187dc11a21db4aa2db751871352cb5afd7bcbb9e42ec51,C:\Users\gduff\Downloads\cb-tb-201-300-v4\pdfs\CB-TB-295_Coates.pdf,pdf_inventory_criminal,pdf_hash_unique|dupes=1,NO_GOLD,criminal,OFFLINE_CLIENT_PROJECTION,,,
sha:d3d4f09aabe571d915d8a8ff8533d2d64a1ca214b1a0966cebea3f2ff0da1f8d,PDF-d3d4f09aabe5,CB-TB-293_Walsh,CB-TB-293_Walsh.pdf,d3d4f09aabe571d915d8a8ff8533d2d64a1ca214b1a0966cebea3f2ff0da1f8d,C:\Users\gduff\Downloads\cb-tb-201-300-v4\pdfs\CB-TB-293_Walsh.pdf,pdf_inventory_criminal,pdf_hash_unique|dupes=1,NO_GOLD,criminal,OFFLINE_CLIENT_PROJECTION,,,
sha:d3d980393d55bf1091ced48f0b587d6e625f0d414148cb7c1c50405598ab3b7d,PDF-d3d980393d55,CB-TB-2050_Moran,CB-TB-2050_Moran.pdf,d3d980393d55bf1091ced48f0b587d6e625f0d414148cb7c1c50405598ab3b7d,C:\Users\gduff\Downloads\cb-tb-1601-2200-v5-factory-run\pdfs\CB-TB-2050_Moran.pdf,pdf_inventory_criminal,pdf_hash_unique|dupes=2,NO_GOLD,criminal,OFFLINE_CLIENT_PROJECTION,,,
sha:d3dfc9d9d8ae7f19580765513f61b082bfe23b008b4c50ee1ee2e4776b0583b1,PDF-d3dfc9d9d8ae,CB-TB-1431_Greene,CB-TB-1431_Greene.pdf,d3dfc9d9d8ae7f19580765513f61b082bfe23b008b4c50ee1ee2e4776b0583b1,C:\Users\gduff\Downloads\cb-tb-1401-1500-v5-tmp\pdfs\CB-TB-1431_Greene.pdf,pdf_inventory_criminal,pdf_hash_unique|dupes=1,NO_GOLD,criminal,OFFLINE_CLIENT_PROJECTION,,,
sha:d3e529f1d5c26fdcdf81ed7bba09830c7006aaa74489199b41fc96631675ff20,PDF-d3e529f1d5c2,CB-TB-497_Lloyd,CB-TB-497_Lloyd.pdf,d3e529f1d5c26fdcdf81ed7bba09830c7006aaa74489199b41fc96631675ff20,C:\Users\gduff\Downloads\cb-tb-401-500-v5\pdfs\CB-TB-497_Lloyd.pdf,pdf_inventory_criminal,pdf_hash_unique|dupes=2,NO_GOLD,criminal,OFFLINE_CLIENT_PROJECTION,,,
sha:d3e927da2fffe6e52fd01e698e2a2db42636c6954841a6dbc66e7e06030dbd2f,PDF-d3e927da2fff,CB-TB-878_Ford,CB-TB-878_Ford.pdf,d3e927da2fffe6e52fd01e698e2a2db42636c6954841a6dbc66e7e06030dbd2f,C:\Users\gduff\Downloads\cb-tb-801-900-v5\pdfs\CB-TB-878_Ford.pdf,pdf_inventory_criminal,pdf_hash_unique|dupes=1,NO_GOLD,criminal,OFFLINE_CLIENT_PROJECTION,,,
sha:d3f22d69bd5b4727523d0faaa13eaa728243f57fa8420fc470f0ccb6e2e7bbff,PDF-d3f22d69bd5b,CB-TB-974_Morgan,CB-TB-974_Morgan.pdf,d3f22d69bd5b4727523d0faaa13eaa728243f57fa8420fc470f0ccb6e2e7bbff,C:\Users\gduff\Downloads\cb-tb-901-1100-v5\pdfs\CB-TB-974_Morgan.pdf,pdf_inventory_criminal,pdf_hash_unique|dupes=2,NO_GOLD,criminal,OFFLINE_CLIENT_PROJECTION,,,
sha:d41899cfdefbf63cc36f1380c477d3b384e190423e41a94af220449ec6e8107b,PDF-d41899cfdefb,CB-TB-2102_Thornton,CB-TB-2102_Thornton.pdf,d41899cfdefbf63cc36f1380c477d3b384e190423e41a94af220449ec6e8107b,C:\Users\gduff\Downloads\cb-tb-1601-2200-v5-factory-run\pdfs\CB-TB-2102_Thornton.pdf,pdf_inventory_criminal,pdf_hash_unique|dupes=2,NO_GOLD,criminal,OFFLINE_CLIENT_PROJECTION,,,
sha:d42becb035b01b6950fef1ae9a388e9c28eb49920fb4807dc0e2ba5c9ddd8413,PDF-d42becb035b0,CB-TB-1517_Cole,CB-TB-1517_Cole.pdf,d42becb035b01b6950fef1ae9a388e9c28eb49920fb4807dc0e2ba5c9ddd8413,C:\Users\gduff\Downloads\cb-tb-1501-1600-v5-factory-run\pdfs\CB-TB-1517_Cole.pdf,pdf_inventory_criminal,pdf_hash_unique|dupes=2,NO_GOLD,criminal,OFFLINE_CLIENT_PROJECTION,,,
sha:d42ed31861e02226e49e8a16988891dfc5c24189e8b5f9fdeec1b8591e38629b,PDF-d42ed31861e0,CB-TB-1706_Lloyd,CB-TB-1706_Lloyd.pdf,d42ed31861e02226e49e8a16988891dfc5c24189e8b5f9fdeec1b8591e38629b,C:\Users\gduff\Downloads\cb-tb-1601-2200-v5-factory-run\pdfs\CB-TB-1706_Lloyd.pdf,pdf_inventory_criminal,pdf_hash_unique|dupes=2,NO_GOLD,criminal,OFFLINE_CLIENT_PROJECTION,,,
sha:d43b832642d0d99b97242685c24137cc6d71107859071d39f421af5437868bc0,PDF-d43b832642d0,CB-TB-1691_Hale,CB-TB-1691_Hale.pdf,d43b832642d0d99b97242685c24137cc6d71107859071d39f421af5437868bc0,C:\Users\gduff\Downloads\cb-tb-1601-2200-v5-factory-run\pdfs\CB-TB-1691_Hale.pdf,pdf_inventory_criminal,pdf_hash_unique|dupes=4,NO_GOLD,criminal,OFFLINE_CLIENT_PROJECTION,,,
sha:d46c41e264e197454ca7f6de6f42f353f8ae372ac1f119aae8cc8e7442465bb4,PDF-d46c41e264e1,CB-TB-026_Ahmed,CB-TB-026_Ahmed.pdf,d46c41e264e197454ca7f6de6f42f353f8ae372ac1f119aae8cc8e7442465bb4,C:\Users\gduff\Downloads\cb-tb-001-030-v4\pdfs\CB-TB-026_Ahmed.pdf,pdf_inventory_criminal,pdf_hash_unique|dupes=1,NO_GOLD,criminal,OFFLINE_CLIENT_PROJECTION,,,
sha:d48bfcf1a959d34809bac1e474e16b84e48a57c356176542507cefad34cfce0d,PDF-d48bfcf1a959,CB-TB-041_Frost,CB-TB-041_Frost.pdf,d48bfcf1a959d34809bac1e474e16b84e48a57c356176542507cefad34cfce0d,C:\Users\gduff\Downloads\cb-tb-031-100-v4\pdfs\CB-TB-041_Frost.pdf,pdf_inventory_criminal,pdf_hash_unique|dupes=1,NO_GOLD,criminal,OFFLINE_CLIENT_PROJECTION,,,
sha:d4ae4d6f345a08878b74174e858dba9664993fe5f0a4510451f36750c2e3a2ea,PDF-d4ae4d6f345a,CB-TB-2099_Booth,CB-TB-2099_Booth.pdf,d4ae4d6f345a08878b74174e858dba9664993fe5f0a4510451f36750c2e3a2ea,C:\Users\gduff\Downloads\cb-tb-1601-2200-v5-factory-run\pdfs\CB-TB-2099_Booth.pdf,pdf_inventory_criminal,pdf_hash_unique|dupes=2,NO_GOLD,criminal,OFFLINE_CLIENT_PROJECTION,,,
sha:d4b4128d2983d10711b077f9df843ec13873a0ad9567f07c4c71003c184bc1ee,PDF-d4b4128d2983,CB-TB-170_Ali,CB-TB-170_Ali.pdf,d4b4128d2983d10711b077f9df843ec13873a0ad9567f07c4c71003c184bc1ee,C:\Users\gduff\Downloads\cb-tb-101-200-v4\pdfs\CB-TB-170_Ali.pdf,pdf_inventory_criminal,pdf_hash_unique|dupes=1,NO_GOLD,criminal,OFFLINE_CLIENT_PROJECTION,,,
sha:d4b61762b00ca0e80d29c2453021d83d45fa1a2f8eb2c4d4f215f5a102f3b4f1,PDF-d4b61762b00c,NS-CPS-2026-0503,NS-CPS-2026-0503.pdf,d4b61762b00ca0e80d29c2453021d83d45fa1a2f8eb2c4d4f215f5a102f3b4f1,C:\Users\gduff\Downloads\NS-CPS-2026-0503.pdf,pdf_inventory,pdf_hash_unique|dupes=1,NO_GOLD,criminal,OFFLINE_CLIENT_PROJECTION,,,
sha:d4b85e03f039ea4b3aeee15799e22ce1e79c81611129c3d3b4e4886400de3a09,PDF-d4b85e03f039,CB-TB-018_Rowe,CB-TB-018_Rowe.pdf,d4b85e03f039ea4b3aeee15799e22ce1e79c81611129c3d3b4e4886400de3a09,C:\Users\gduff\Downloads\cb-tb-001-050-v3\pdfs\CB-TB-018_Rowe.pdf,pdf_inventory_criminal,pdf_hash_unique|dupes=2,NO_GOLD,criminal,OFFLINE_CLIENT_PROJECTION,,,
sha:d4ce855a12dab911071544afbc127571816440ecc69f2f9c40cab7eb9283a456,PDF-d4ce855a12da,CB-TB-021_Sophie_Marr,CB-TB-021_Sophie_Marr.pdf,d4ce855a12dab911071544afbc127571816440ecc69f2f9c40cab7eb9283a456,C:\Users\gduff\Downloads\CaseBrain_Blind_Bundle_Factory_v2_30_bundles (1)\pdfs\CB-TB-021_Sophie_Marr.pdf,pdf_inventory_criminal,pdf_hash_unique|dupes=2,NO_GOLD,criminal,OFFLINE_CLIENT_PROJECTION,,,
sha:d4e43bf1906449c8a191fa288fc8e2a56cb88e545fca5f20f614a814560c5bf0,PDF-d4e43bf19064,CB-TB-025_Reed,CB-TB-025_Reed.pdf,d4e43bf1906449c8a191fa288fc8e2a56cb88e545fca5f20f614a814560c5bf0,C:\Users\gduff\Downloads\cb-tb-001-030-v4\pdfs\CB-TB-025_Reed.pdf,pdf_inventory_criminal,pdf_hash_unique|dupes=1,NO_GOLD,criminal,OFFLINE_CLIENT_PROJECTION,,,
sha:d4f1d5886c96a27a6a918bc22d1dc7cc10c296cabda359b9f0c8da4f9889a455,PDF-d4f1d5886c96,CB-TB-1766_Hughes,CB-TB-1766_Hughes.pdf,d4f1d5886c96a27a6a918bc22d1dc7cc10c296cabda359b9f0c8da4f9889a455,C:\Users\gduff\Downloads\cb-tb-1601-2200-v5-factory-run\pdfs\CB-TB-1766_Hughes.pdf,pdf_inventory_criminal,pdf_hash_unique|dupes=2,NO_GOLD,criminal,OFFLINE_CLIENT_PROJECTION,,,
sha:d5429d3e4986ac0ce11182c88b5b3f6e530daf8f1095bb9fe332cd38b9cec88b,PDF-d5429d3e4986,CB-TB-598_Doyle,CB-TB-598_Doyle.pdf,d5429d3e4986ac0ce11182c88b5b3f6e530daf8f1095bb9fe332cd38b9cec88b,C:\Users\gduff\Downloads\cb-tb-501-600-v5-extract\pdfs\CB-TB-598_Doyle.pdf,pdf_inventory_criminal,pdf_hash_unique|dupes=3,NO_GOLD,criminal,OFFLINE_CLIENT_PROJECTION,,,
sha:d557017f7c5567f772d5399a3a2cf44a676683fc10c46f384d86abcb38ef6d69,PDF-d557017f7c55,CB-TB-370_Cole,CB-TB-370_Cole.pdf,d557017f7c5567f772d5399a3a2cf44a676683fc10c46f384d86abcb38ef6d69,C:\Users\gduff\Downloads\cb-tb-301-400-v4\pdfs\CB-TB-370_Cole.pdf,pdf_inventory_criminal,pdf_hash_unique|dupes=2,NO_GOLD,criminal,OFFLINE_CLIENT_PROJECTION,,,
sha:d55bc19678272098c0c68b0f00c7815a5d67b5cc1c70e7ab60b2826187fd59b3,PDF-d55bc1967827,CB-TB-1821_Knowles,CB-TB-1821_Knowles.pdf,d55bc19678272098c0c68b0f00c7815a5d67b5cc1c70e7ab60b2826187fd59b3,C:\Users\gduff\Downloads\cb-tb-1601-2200-v5-factory-run\pdfs\CB-TB-1821_Knowles.pdf,pdf_inventory_criminal,pdf_hash_unique|dupes=2,NO_GOLD,criminal,OFFLINE_CLIENT_PROJECTION,,,
sha:d56204d0c018f33f11b7d4e7e576ac6a82493e04acea02c57024e883c1866482,PDF-d56204d0c018,CB-TB-745_Quinn,CB-TB-745_Quinn.pdf,d56204d0c018f33f11b7d4e7e576ac6a82493e04acea02c57024e883c1866482,C:\Users\gduff\Downloads\cb-tb-701-800-v5\pdfs\CB-TB-745_Quinn.pdf,pdf_inventory_criminal,pdf_hash_unique|dupes=1,NO_GOLD,criminal,OFFLINE_CLIENT_PROJECTION,,,
sha:d574f02f01ffe5ab4d888ce021cb7ef06f2421b265da3b9ca8035f06bd700df1,PDF-d574f02f01ff,CB-TB-540_Coleman,CB-TB-540_Coleman.pdf,d574f02f01ffe5ab4d888ce021cb7ef06f2421b265da3b9ca8035f06bd700df1,C:\Users\gduff\Downloads\cb-tb-501-600-v5-extract\pdfs\CB-TB-540_Coleman.pdf,pdf_inventory_criminal,pdf_hash_unique|dupes=3,NO_GOLD,criminal,OFFLINE_CLIENT_PROJECTION,,,
sha:d57794cc7f9a8839f228b17f1f03338d339df2fc723d52fd9461acb3218df3d7,PDF-d57794cc7f9a,CB-TB-1524_Holden,CB-TB-1524_Holden.pdf,d57794cc7f9a8839f228b17f1f03338d339df2fc723d52fd9461acb3218df3d7,C:\Users\gduff\Downloads\cb-tb-1501-1600-v5-factory-run\pdfs\CB-TB-1524_Holden.pdf,pdf_inventory_criminal,pdf_hash_unique|dupes=2,NO_GOLD,criminal,OFFLINE_CLIENT_PROJECTION,,,
sha:d59a3f414bc213d4e06d5a010b1446123b3a57b1b338d8703a390c05eb7095bb,PDF-d59a3f414bc2,CB-TB-411_Evans,CB-TB-411_Evans.pdf,d59a3f414bc213d4e06d5a010b1446123b3a57b1b338d8703a390c05eb7095bb,C:\Users\gduff\Downloads\cb-tb-401-500-v5\pdfs\CB-TB-411_Evans.pdf,pdf_inventory_criminal,pdf_hash_unique|dupes=2,NO_GOLD,criminal,OFFLINE_CLIENT_PROJECTION,,,
sha:d5bbcd8b833ee5aebad0fd3d308666ddc514eac1540d12bd9e8ad6cdb3511b9a,PDF-d5bbcd8b833e,CB-TB-1121_Pike,CB-TB-1121_Pike.pdf,d5bbcd8b833ee5aebad0fd3d308666ddc514eac1540d12bd9e8ad6cdb3511b9a,C:\Users\gduff\Downloads\cb-tb-1101-1400-v5\pdfs\CB-TB-1121_Pike.pdf,pdf_inventory_criminal,pdf_hash_unique|dupes=2,NO_GOLD,criminal,OFFLINE_CLIENT_PROJECTION,,,
sha:d5bc81465ea13b1ca8bf54be2cee2744bae53221a5acab679124866511302b44,PDF-d5bc81465ea1,CB-TB-1057_Coleman,CB-TB-1057_Coleman.pdf,d5bc81465ea13b1ca8bf54be2cee2744bae53221a5acab679124866511302b44,C:\Users\gduff\Downloads\cb-tb-901-1100-v5\pdfs\CB-TB-1057_Coleman.pdf,pdf_inventory_criminal,pdf_hash_unique|dupes=2,NO_GOLD,criminal,OFFLINE_CLIENT_PROJECTION,,,
sha:d5c8e41df2acf930678115e6619b73c8f3e2b0974146237de64dfc8c999e3445,PDF-d5c8e41df2ac,CB-TB-1579_Fielding,CB-TB-1579_Fielding.pdf,d5c8e41df2acf930678115e6619b73c8f3e2b0974146237de64dfc8c999e3445,C:\Users\gduff\Downloads\cb-tb-1501-1600-v5-factory-run\pdfs\CB-TB-1579_Fielding.pdf,pdf_inventory_criminal,pdf_hash_unique|dupes=2,NO_GOLD,criminal,OFFLINE_CLIENT_PROJECTION,,,
sha:d5ee4c2ec15b6985b85a67057bddad57b84195ba579cf24f6750b453fd59b56f,PDF-d5ee4c2ec15b,CB-TB-776_Bennett,CB-TB-776_Bennett.pdf,d5ee4c2ec15b6985b85a67057bddad57b84195ba579cf24f6750b453fd59b56f,C:\Users\gduff\Downloads\cb-tb-701-800-v5\pdfs\CB-TB-776_Bennett.pdf,pdf_inventory_criminal,pdf_hash_unique|dupes=1,NO_GOLD,criminal,OFFLINE_CLIENT_PROJECTION,,,
sha:d6017ac303ad14cec344ab7c12d6067a43e1086de8864e9bd2707035a11b2e0c,PDF-d6017ac303ad,CB-TB-030_Fox,CB-TB-030_Fox.pdf,d6017ac303ad14cec344ab7c12d6067a43e1086de8864e9bd2707035a11b2e0c,C:\Users\gduff\Downloads\cb-tb-001-030-v4\pdfs\CB-TB-030_Fox.pdf,pdf_inventory_criminal,pdf_hash_unique|dupes=1,NO_GOLD,criminal,OFFLINE_CLIENT_PROJECTION,,,
sha:d607de118dd8de5bcc6c8629add8b67395805ae950b4edf3ac49ff99bbb00f8c,PDF-d607de118dd8,CB-TB-629_Lewis,CB-TB-629_Lewis.pdf,d607de118dd8de5bcc6c8629add8b67395805ae950b4edf3ac49ff99bbb00f8c,C:\Users\gduff\Downloads\cb-tb-601-700-v5\pdfs\CB-TB-629_Lewis.pdf,pdf_inventory_criminal,pdf_hash_unique|dupes=1,NO_GOLD,criminal,OFFLINE_CLIENT_PROJECTION,,,
sha:d60f3375eb4b43fb3d7dd0ce792b152e16811559014ebcba640a4d561e348643,PDF-d60f3375eb4b,NS-CPS-2026-0438 - Copy (2),NS-CPS-2026-0438 - Copy (2).pdf,d60f3375eb4b43fb3d7dd0ce792b152e16811559014ebcba640a4d561e348643,C:\Users\gduff\Downloads\NS-CPS-2026-0438 - Copy (2).pdf,pdf_inventory,pdf_hash_unique|dupes=2,NO_GOLD,criminal,OFFLINE_CLIENT_PROJECTION,,,
sha:d618808e21413d6d1cbe086f024379800c3b01e7e8552a83090bae85f8eadf1d,PDF-d618808e2141,CB-TB-2101_Doyle,CB-TB-2101_Doyle.pdf,d618808e21413d6d1cbe086f024379800c3b01e7e8552a83090bae85f8eadf1d,C:\Users\gduff\Downloads\cb-tb-1601-2200-v5-factory-run\pdfs\CB-TB-2101_Doyle.pdf,pdf_inventory_criminal,pdf_hash_unique|dupes=2,NO_GOLD,criminal,OFFLINE_CLIENT_PROJECTION,,,
sha:d63b6d767be4ac3a7db067e49304b69b7c887a998abd3e750c1fae749f31ec8a,PDF-d63b6d767be4,CB-TB-741_Patel,CB-TB-741_Patel.pdf,d63b6d767be4ac3a7db067e49304b69b7c887a998abd3e750c1fae749f31ec8a,C:\Users\gduff\Downloads\cb-tb-701-800-v5\pdfs\CB-TB-741_Patel.pdf,pdf_inventory_criminal,pdf_hash_unique|dupes=1,NO_GOLD,criminal,OFFLINE_CLIENT_PROJECTION,,,
sha:d69663a685c15eb07677776e98fa42733fbaec4befc6c2975a3d1f1f9ee6c06f,PDF-d69663a685c1,CB-TB-1411_Hale,CB-TB-1411_Hale.pdf,d69663a685c15eb07677776e98fa42733fbaec4befc6c2975a3d1f1f9ee6c06f,C:\Users\gduff\Downloads\cb-tb-1401-1500-v5-tmp\pdfs\CB-TB-1411_Hale.pdf,pdf_inventory_criminal,pdf_hash_unique|dupes=1,NO_GOLD,criminal,OFFLINE_CLIENT_PROJECTION,,,
sha:d6a00dbc9e80eb5ab19dd0db9e2f5394587cc96a331a59ee83175b19db879528,PDF-d6a00dbc9e80,CB-TB-1006_Mason,CB-TB-1006_Mason.pdf,d6a00dbc9e80eb5ab19dd0db9e2f5394587cc96a331a59ee83175b19db879528,C:\Users\gduff\Downloads\cb-tb-901-1100-v5\pdfs\CB-TB-1006_Mason.pdf,pdf_inventory_criminal,pdf_hash_unique|dupes=2,NO_GOLD,criminal,OFFLINE_CLIENT_PROJECTION,,,
sha:d6b5cc730ebef44574dfb9d911e069821da7b236d80faf203cfad2768f299892,PDF-d6b5cc730ebe,CB-TB-342_Hayes,CB-TB-342_Hayes.pdf,d6b5cc730ebef44574dfb9d911e069821da7b236d80faf203cfad2768f299892,C:\Users\gduff\Downloads\cb-tb-301-400-v4\pdfs\CB-TB-342_Hayes.pdf,pdf_inventory_criminal,pdf_hash_unique|dupes=2,NO_GOLD,criminal,OFFLINE_CLIENT_PROJECTION,,,
sha:d6d96027b158cae3a8013c8b0f1316c96035541de38f5653837e75da7e0063d9,PDF-d6d96027b158,CB-TB-1754_Booth,CB-TB-1754_Booth.pdf,d6d96027b158cae3a8013c8b0f1316c96035541de38f5653837e75da7e0063d9,C:\Users\gduff\Downloads\cb-tb-1601-2200-v5-factory-run\pdfs\CB-TB-1754_Booth.pdf,pdf_inventory_criminal,pdf_hash_unique|dupes=2,NO_GOLD,criminal,OFFLINE_CLIENT_PROJECTION,,,
sha:d70d297fd4caa500a68bb69e24560f7a8deebd10390cf1a1e0d41849e73a222a,PDF-d70d297fd4ca,CB-TB-480_Singh,CB-TB-480_Singh.pdf,d70d297fd4caa500a68bb69e24560f7a8deebd10390cf1a1e0d41849e73a222a,C:\Users\gduff\Downloads\cb-tb-401-500-v5\pdfs\CB-TB-480_Singh.pdf,pdf_inventory_criminal,pdf_hash_unique|dupes=2,NO_GOLD,criminal,OFFLINE_CLIENT_PROJECTION,,,
sha:d748c6104ced5bcf4a8fd471c7de4932791ace1a4c6aed7c247a0b20e9beb59f,PDF-d748c6104ced,CB-TB-600_Lewis,CB-TB-600_Lewis.pdf,d748c6104ced5bcf4a8fd471c7de4932791ace1a4c6aed7c247a0b20e9beb59f,C:\Users\gduff\Downloads\cb-tb-501-600-v5-extract\pdfs\CB-TB-600_Lewis.pdf,pdf_inventory_criminal,pdf_hash_unique|dupes=3,NO_GOLD,criminal,OFFLINE_CLIENT_PROJECTION,,,
sha:d76d46d5e17b307f24bbe73e91e45849a294cda03023cc92b908846d76f26c88,PDF-d76d46d5e17b,CB-TB-599_Flint,CB-TB-599_Flint.pdf,d76d46d5e17b307f24bbe73e91e45849a294cda03023cc92b908846d76f26c88,C:\Users\gduff\Downloads\cb-tb-501-600-v5-extract\pdfs\CB-TB-599_Flint.pdf,pdf_inventory_criminal,pdf_hash_unique|dupes=3,NO_GOLD,criminal,OFFLINE_CLIENT_PROJECTION,,,
sha:d7709f8ba67e686353a9e653e13967a12e2b8da3b54bcb6fbe459dddc101e0d6,PDF-d7709f8ba67e,CB-TB-10_Neil_Mitchell,CB-TB-10_Neil_Mitchell.pdf,d7709f8ba67e686353a9e653e13967a12e2b8da3b54bcb6fbe459dddc101e0d6,C:\Users\gduff\Downloads\CB-TB-10_Neil_Mitchell.pdf,pdf_inventory_criminal,pdf_hash_unique|dupes=2,NO_GOLD,criminal,BACKEND_LIVE,,563d6cda-88fb-425d-8a0c-0da2c56fc509,new cases for cursor — Case 6
sha:d781d548bc7a54d4746aa3a1e3c6716208d10a193c5c4f06e17df6a908fe500d,PDF-d781d548bc7a,CB-TB-1896_Lloyd,CB-TB-1896_Lloyd.pdf,d781d548bc7a54d4746aa3a1e3c6716208d10a193c5c4f06e17df6a908fe500d,C:\Users\gduff\Downloads\cb-tb-1601-2200-v5-factory-run\pdfs\CB-TB-1896_Lloyd.pdf,pdf_inventory_criminal,pdf_hash_unique|dupes=2,NO_GOLD,criminal,OFFLINE_CLIENT_PROJECTION,,,
sha:d784400938a6389f7f453d28d6305556b058360383ef3c5c17bf4e5a1e5d4ddf,PDF-d784400938a6,CB-TB-871_Reed,CB-TB-871_Reed.pdf,d784400938a6389f7f453d28d6305556b058360383ef3c5c17bf4e5a1e5d4ddf,C:\Users\gduff\Downloads\cb-tb-801-900-v5\pdfs\CB-TB-871_Reed.pdf,pdf_inventory_criminal,pdf_hash_unique|dupes=1,NO_GOLD,criminal,OFFLINE_CLIENT_PROJECTION,,,
sha:d7b72a7f77a0617a77a90050c3fe6d62e954c8e83385ca7e987f740d7ec83429,PDF-d7b72a7f77a0,CB-TB-458_Carter,CB-TB-458_Carter.pdf,d7b72a7f77a0617a77a90050c3fe6d62e954c8e83385ca7e987f740d7ec83429,C:\Users\gduff\Downloads\cb-tb-401-500-v5\pdfs\CB-TB-458_Carter.pdf,pdf_inventory_criminal,pdf_hash_unique|dupes=2,NO_GOLD,criminal,OFFLINE_CLIENT_PROJECTION,,,
sha:d7c835b3cb074ec273f410f9ae22e70cd5f0d8a2840a8eeb9450ddccf97a77dc,PDF-d7c835b3cb07,CB-TB-1334_Clarke,CB-TB-1334_Clarke.pdf,d7c835b3cb074ec273f410f9ae22e70cd5f0d8a2840a8eeb9450ddccf97a77dc,C:\Users\gduff\Downloads\cb-tb-1301-1400-v5\pdfs\CB-TB-1334_Clarke.pdf,pdf_inventory_criminal,pdf_hash_unique|dupes=2,NO_GOLD,criminal,OFFLINE_CLIENT_PROJECTION,,,
sha:d802b55ff8b9214c9a78bb9a56e1ed06a154fc3373a148c90e2c295ebc2cbfe6,PDF-d802b55ff8b9,CB-TB-165_Ford,CB-TB-165_Ford.pdf,d802b55ff8b9214c9a78bb9a56e1ed06a154fc3373a148c90e2c295ebc2cbfe6,C:\Users\gduff\Downloads\cb-tb-101-200-v4\pdfs\CB-TB-165_Ford.pdf,pdf_inventory_criminal,pdf_hash_unique|dupes=1,NO_GOLD,criminal,OFFLINE_CLIENT_PROJECTION,,,
sha:d818dfbfc749a7edc7223beeac113ad3b73fae7a51405e9ff772e0c1ea83bfdb,PDF-d818dfbfc749,CB-TB-280_Tanner,CB-TB-280_Tanner.pdf,d818dfbfc749a7edc7223beeac113ad3b73fae7a51405e9ff772e0c1ea83bfdb,C:\Users\gduff\Downloads\cb-tb-201-300-v4\pdfs\CB-TB-280_Tanner.pdf,pdf_inventory_criminal,pdf_hash_unique|dupes=1,NO_GOLD,criminal,OFFLINE_CLIENT_PROJECTION,,,
sha:d830842ce3e2a2b1420e76e769f5d91c115c1ae54803f393a73809a47dc7c978,PDF-d830842ce3e2,CB-TB-14_James_Patterson,CB-TB-14_James_Patterson.pdf,d830842ce3e2a2b1420e76e769f5d91c115c1ae54803f393a73809a47dc7c978,C:\Users\gduff\Downloads\CB-TB-14_James_Patterson.pdf,pdf_inventory_criminal,pdf_hash_unique|dupes=2,NO_GOLD,criminal,BACKEND_LIVE,,7b46cee4-f610-4054-8246-920c5a0b6b91,new cases for cursor — Case 7
sha:d83c416ed56978cfbe6bc72a2ba297bb2d791d60aa104538f81d180e8316c9c3,PDF-d83c416ed569,CB-TB-2132_Mason,CB-TB-2132_Mason.pdf,d83c416ed56978cfbe6bc72a2ba297bb2d791d60aa104538f81d180e8316c9c3,C:\Users\gduff\Downloads\cb-tb-1601-2200-v5-factory-run\pdfs\CB-TB-2132_Mason.pdf,pdf_inventory_criminal,pdf_hash_unique|dupes=2,NO_GOLD,criminal,OFFLINE_CLIENT_PROJECTION,,,
sha:d84b088f4033a26865b4c50ef8837b0f027b638a375b152c0848b64a437a3b54,PDF-d84b088f4033,CB-TB-326_Ward,CB-TB-326_Ward.pdf,d84b088f4033a26865b4c50ef8837b0f027b638a375b152c0848b64a437a3b54,C:\Users\gduff\Downloads\cb-tb-301-400-v4\pdfs\CB-TB-326_Ward.pdf,pdf_inventory_criminal,pdf_hash_unique|dupes=2,NO_GOLD,criminal,OFFLINE_CLIENT_PROJECTION,,,
sha:d871ca1f1356cd9f4f86deddac072e73a4fac24d8bd2f8be370e22688570dfa4,PDF-d871ca1f1356,CB-TB-1451_Greene,CB-TB-1451_Greene.pdf,d871ca1f1356cd9f4f86deddac072e73a4fac24d8bd2f8be370e22688570dfa4,C:\Users\gduff\Downloads\cb-tb-1401-1500-v5-tmp\pdfs\CB-TB-1451_Greene.pdf,pdf_inventory_criminal,pdf_hash_unique|dupes=1,NO_GOLD,criminal,OFFLINE_CLIENT_PROJECTION,,,
sha:d8ce0606a1ec17e8fe3cfd6bb05f9329b294464c3a766409fc2670601e5c16b5,PDF-d8ce0606a1ec,CB-TB-1293_Clarke,CB-TB-1293_Clarke.pdf,d8ce0606a1ec17e8fe3cfd6bb05f9329b294464c3a766409fc2670601e5c16b5,C:\Users\gduff\Downloads\cb-tb-1201-1300-v5\pdfs\CB-TB-1293_Clarke.pdf,pdf_inventory_criminal,pdf_hash_unique|dupes=2,NO_GOLD,criminal,OFFLINE_CLIENT_PROJECTION,,,
sha:d8d1b91795bde1edfde2efa59fc2b5d47ff775c4757f44fa308a79b323038542,PDF-d8d1b91795bd,CB-TB-1479_Blake,CB-TB-1479_Blake.pdf,d8d1b91795bde1edfde2efa59fc2b5d47ff775c4757f44fa308a79b323038542,C:\Users\gduff\Downloads\cb-tb-1401-1500-v5-tmp\pdfs\CB-TB-1479_Blake.pdf,pdf_inventory_criminal,pdf_hash_unique|dupes=1,NO_GOLD,criminal,OFFLINE_CLIENT_PROJECTION,,,
sha:d917844b2a89a21d792f6cf419d133fc9de01b0350bda5e2ed15770a4cd6a4be,PDF-d917844b2a89,CB-TB-430_Walsh,CB-TB-430_Walsh.pdf,d917844b2a89a21d792f6cf419d133fc9de01b0350bda5e2ed15770a4cd6a4be,C:\Users\gduff\Downloads\cb-tb-401-500-v5\pdfs\CB-TB-430_Walsh.pdf,pdf_inventory_criminal,pdf_hash_unique|dupes=2,NO_GOLD,criminal,OFFLINE_CLIENT_PROJECTION,,,
sha:d92474d061ab5d11828335c4f11422b741050484366e25ba70e8c4c4d6f10959,PDF-d92474d061ab,CB-TB-879_Noble,CB-TB-879_Noble.pdf,d92474d061ab5d11828335c4f11422b741050484366e25ba70e8c4c4d6f10959,C:\Users\gduff\Downloads\cb-tb-801-900-v5\pdfs\CB-TB-879_Noble.pdf,pdf_inventory_criminal,pdf_hash_unique|dupes=1,NO_GOLD,criminal,OFFLINE_CLIENT_PROJECTION,,,
sha:d93385cb153cca3e7c6cba3365ce06db762a7a2dfc0c369427cb8f867401d6eb,PDF-d93385cb153c,CB-TB-618_Morris,CB-TB-618_Morris.pdf,d93385cb153cca3e7c6cba3365ce06db762a7a2dfc0c369427cb8f867401d6eb,C:\Users\gduff\Downloads\cb-tb-601-700-v5\pdfs\CB-TB-618_Morris.pdf,pdf_inventory_criminal,pdf_hash_unique|dupes=1,NO_GOLD,criminal,OFFLINE_CLIENT_PROJECTION,,,
sha:d945ab71d0de6b2cc1cf30b0bcdfeed8f40aa7af64ebe23dc61e980b1903357e,PDF-d945ab71d0de,CB-TB-580_Okonkwo,CB-TB-580_Okonkwo.pdf,d945ab71d0de6b2cc1cf30b0bcdfeed8f40aa7af64ebe23dc61e980b1903357e,C:\Users\gduff\Downloads\cb-tb-501-600-v5-extract\pdfs\CB-TB-580_Okonkwo.pdf,pdf_inventory_criminal,pdf_hash_unique|dupes=3,NO_GOLD,criminal,OFFLINE_CLIENT_PROJECTION,,,
sha:d94e2813d2ea3bf6ffe4e09ce0dcfd6dd1738f712458aa094afe2268ce29497b,PDF-d94e2813d2ea,CB-TB-648_Stone,CB-TB-648_Stone.pdf,d94e2813d2ea3bf6ffe4e09ce0dcfd6dd1738f712458aa094afe2268ce29497b,C:\Users\gduff\Downloads\cb-tb-601-700-v5\pdfs\CB-TB-648_Stone.pdf,pdf_inventory_criminal,pdf_hash_unique|dupes=1,NO_GOLD,criminal,OFFLINE_CLIENT_PROJECTION,,,
sha:d96b29285a8d9877e402ea17bb232da0ebf0e0f67873a51af70cbfd2a6cd73ff,PDF-d96b29285a8d,CB-TB-230_Brooks,CB-TB-230_Brooks.pdf,d96b29285a8d9877e402ea17bb232da0ebf0e0f67873a51af70cbfd2a6cd73ff,C:\Users\gduff\Downloads\cb-tb-201-300-v4\pdfs\CB-TB-230_Brooks.pdf,pdf_inventory_criminal,pdf_hash_unique|dupes=1,NO_GOLD,criminal,OFFLINE_CLIENT_PROJECTION,,,
sha:d981961f07ba5ef708a916413f63f952e40a174a03a4cada5de45c33976c6e90,PDF-d981961f07ba,CB-TB-2157_Cole,CB-TB-2157_Cole.pdf,d981961f07ba5ef708a916413f63f952e40a174a03a4cada5de45c33976c6e90,C:\Users\gduff\Downloads\cb-tb-1601-2200-v5-factory-run\pdfs\CB-TB-2157_Cole.pdf,pdf_inventory_criminal,pdf_hash_unique|dupes=2,NO_GOLD,criminal,OFFLINE_CLIENT_PROJECTION,,,
sha:d98952e4bc40277c23295595713449cf503e4caee1b898186bd1a0485a9e339b,PDF-d98952e4bc40,CB-TB-1731_Sutton,CB-TB-1731_Sutton.pdf,d98952e4bc40277c23295595713449cf503e4caee1b898186bd1a0485a9e339b,C:\Users\gduff\Downloads\cb-tb-1601-2200-v5-factory-run\pdfs\CB-TB-1731_Sutton.pdf,pdf_inventory_criminal,pdf_hash_unique|dupes=2,NO_GOLD,criminal,OFFLINE_CLIENT_PROJECTION,,,
sha:d998621dfa0830840a515066ce6f01afc855346f9e24c3045b87a2a88656907d,PDF-d998621dfa08,CB-TB-1900_Barker,CB-TB-1900_Barker.pdf,d998621dfa0830840a515066ce6f01afc855346f9e24c3045b87a2a88656907d,C:\Users\gduff\Downloads\cb-tb-1601-2200-v5-factory-run\pdfs\CB-TB-1900_Barker.pdf,pdf_inventory_criminal,pdf_hash_unique|dupes=2,NO_GOLD,criminal,OFFLINE_CLIENT_PROJECTION,,,
sha:d9b6b6fad7ae15549dbe5560c3fb1b272ca8aa9b977afd1e1c952cce64421f6d,PDF-d9b6b6fad7ae,CB-TB-1559_Hughes,CB-TB-1559_Hughes.pdf,d9b6b6fad7ae15549dbe5560c3fb1b272ca8aa9b977afd1e1c952cce64421f6d,C:\Users\gduff\Downloads\cb-tb-1501-1600-v5-factory-run\pdfs\CB-TB-1559_Hughes.pdf,pdf_inventory_criminal,pdf_hash_unique|dupes=2,NO_GOLD,criminal,OFFLINE_CLIENT_PROJECTION,,,
sha:d9b9c606908cc8edfcbe41a5013ae4326a2c8c47ca1cb9f7b2d485560d1ae1fb,PDF-d9b9c606908c,CB-TB-1671_Parker,CB-TB-1671_Parker.pdf,d9b9c606908cc8edfcbe41a5013ae4326a2c8c47ca1cb9f7b2d485560d1ae1fb,C:\Users\gduff\Downloads\cb-tb-1601-2200-v5-factory-run\pdfs\CB-TB-1671_Parker.pdf,pdf_inventory_criminal,pdf_hash_unique|dupes=4,NO_GOLD,criminal,OFFLINE_CLIENT_PROJECTION,,,
sha:d9d9854e647bc80cbde0580b0d93c9c9a535d8d9a632484d4ded397582b39325,PDF-d9d9854e647b,CB-TB-1677_Barlow,CB-TB-1677_Barlow.pdf,d9d9854e647bc80cbde0580b0d93c9c9a535d8d9a632484d4ded397582b39325,C:\Users\gduff\Downloads\cb-tb-1601-2200-v5-factory-run\pdfs\CB-TB-1677_Barlow.pdf,pdf_inventory_criminal,pdf_hash_unique|dupes=4,NO_GOLD,criminal,OFFLINE_CLIENT_PROJECTION,,,
sha:da00876998b5e61c5a58b13ff306e6ce27dca250babaab54a1a7befb0194cb77,PDF-da00876998b5,CB-TB-1367_Rowe,CB-TB-1367_Rowe.pdf,da00876998b5e61c5a58b13ff306e6ce27dca250babaab54a1a7befb0194cb77,C:\Users\gduff\Downloads\cb-tb-1301-1400-v5\pdfs\CB-TB-1367_Rowe.pdf,pdf_inventory_criminal,pdf_hash_unique|dupes=2,NO_GOLD,criminal,OFFLINE_CLIENT_PROJECTION,,,
sha:da2b4f0df18fe16fe1e34ca62bfe2e0fe5abe768a6e2d528a48a0e237296510a,PDF-da2b4f0df18f,CB-TB-1492_Turner,CB-TB-1492_Turner.pdf,da2b4f0df18fe16fe1e34ca62bfe2e0fe5abe768a6e2d528a48a0e237296510a,C:\Users\gduff\Downloads\cb-tb-1401-1500-v5-tmp\pdfs\CB-TB-1492_Turner.pdf,pdf_inventory_criminal,pdf_hash_unique|dupes=1,NO_GOLD,criminal,OFFLINE_CLIENT_PROJECTION,,,
sha:da2ef2b3f5356f4154a97f5b91306fca2e149f7c31460f14f1a2b199f341fdb3,PDF-da2ef2b3f535,CB-TB-112_Brooks,CB-TB-112_Brooks.pdf,da2ef2b3f5356f4154a97f5b91306fca2e149f7c31460f14f1a2b199f341fdb3,C:\Users\gduff\Downloads\cb-tb-101-200-v4\pdfs\CB-TB-112_Brooks.pdf,pdf_inventory_criminal,pdf_hash_unique|dupes=1,NO_GOLD,criminal,OFFLINE_CLIENT_PROJECTION,,,
sha:da8bab59ec9dfc4d3eb3d1a3d21c3cb0f8ab4a5bfca536ec0cc25a63335c3929,PDF-da8bab59ec9d,CB-TB-2086_Okonkwo,CB-TB-2086_Okonkwo.pdf,da8bab59ec9dfc4d3eb3d1a3d21c3cb0f8ab4a5bfca536ec0cc25a63335c3929,C:\Users\gduff\Downloads\cb-tb-1601-2200-v5-factory-run\pdfs\CB-TB-2086_Okonkwo.pdf,pdf_inventory_criminal,pdf_hash_unique|dupes=2,NO_GOLD,criminal,OFFLINE_CLIENT_PROJECTION,,,
sha:dad8e81bec4794ddd60d466f1684ca764848de4ca206ef784031eedd360f92ff,PDF-dad8e81bec47,CB-TB-443_Rees,CB-TB-443_Rees.pdf,dad8e81bec4794ddd60d466f1684ca764848de4ca206ef784031eedd360f92ff,C:\Users\gduff\Downloads\cb-tb-401-500-v5\pdfs\CB-TB-443_Rees.pdf,pdf_inventory_criminal,pdf_hash_unique|dupes=2,NO_GOLD,criminal,OFFLINE_CLIENT_PROJECTION,,,
sha:dae980cb6447c8afe2c5372e95af6cdef5bf887127c46c4828d4b331a749866f,PDF-dae980cb6447,CB-TB-1951_Reed,CB-TB-1951_Reed.pdf,dae980cb6447c8afe2c5372e95af6cdef5bf887127c46c4828d4b331a749866f,C:\Users\gduff\Downloads\cb-tb-1601-2200-v5-factory-run\pdfs\CB-TB-1951_Reed.pdf,pdf_inventory_criminal,pdf_hash_unique|dupes=2,NO_GOLD,criminal,OFFLINE_CLIENT_PROJECTION,,,
sha:db2660ddbfb831a9e4e9a4469a5580c6c49da096b1b30aee8c9ecb78a478582a,PDF-db2660ddbfb8,CB-TB-911_Stone,CB-TB-911_Stone.pdf,db2660ddbfb831a9e4e9a4469a5580c6c49da096b1b30aee8c9ecb78a478582a,C:\Users\gduff\Downloads\cb-tb-901-1100-v5\pdfs\CB-TB-911_Stone.pdf,pdf_inventory_criminal,pdf_hash_unique|dupes=2,NO_GOLD,criminal,OFFLINE_CLIENT_PROJECTION,,,
sha:db7b13e05fdbb0227cc560541ae581081963610e5179c3b102cae0a40e899d37,PDF-db7b13e05fdb,CB-TB-971_Fielding,CB-TB-971_Fielding.pdf,db7b13e05fdbb0227cc560541ae581081963610e5179c3b102cae0a40e899d37,C:\Users\gduff\Downloads\cb-tb-901-1100-v5\pdfs\CB-TB-971_Fielding.pdf,pdf_inventory_criminal,pdf_hash_unique|dupes=2,NO_GOLD,criminal,OFFLINE_CLIENT_PROJECTION,,,
sha:db7b84aa99dff377e5f7c2dd40276d0f45064315395e4043fab1c14ca5e0c636,PDF-db7b84aa99df,CB-TB-937_Fielding,CB-TB-937_Fielding.pdf,db7b84aa99dff377e5f7c2dd40276d0f45064315395e4043fab1c14ca5e0c636,C:\Users\gduff\Downloads\cb-tb-901-1100-v5\pdfs\CB-TB-937_Fielding.pdf,pdf_inventory_criminal,pdf_hash_unique|dupes=2,NO_GOLD,criminal,OFFLINE_CLIENT_PROJECTION,,,
sha:db80d7b5511b5a356d9b1fec72a986a6ca20afa975afa7668421aa64ae86b8dd,PDF-db80d7b5511b,CB-TB-1831_Holland,CB-TB-1831_Holland.pdf,db80d7b5511b5a356d9b1fec72a986a6ca20afa975afa7668421aa64ae86b8dd,C:\Users\gduff\Downloads\cb-tb-1601-2200-v5-factory-run\pdfs\CB-TB-1831_Holland.pdf,pdf_inventory_criminal,pdf_hash_unique|dupes=2,NO_GOLD,criminal,OFFLINE_CLIENT_PROJECTION,,,
sha:db916f7b0f107a90ecc8a23712a323a9d7699ad47d6ec71fb8bd4f384e782542,PDF-db916f7b0f10,CB-TB-1878_Byrne,CB-TB-1878_Byrne.pdf,db916f7b0f107a90ecc8a23712a323a9d7699ad47d6ec71fb8bd4f384e782542,C:\Users\gduff\Downloads\cb-tb-1601-2200-v5-factory-run\pdfs\CB-TB-1878_Byrne.pdf,pdf_inventory_criminal,pdf_hash_unique|dupes=2,NO_GOLD,criminal,OFFLINE_CLIENT_PROJECTION,,,
sha:db93b12719fb8639cbf9cd9df9aab5429b16497e62f9e21efebcba87a7d97c1b,PDF-db93b12719fb,CB-TB-297_Begum,CB-TB-297_Begum.pdf,db93b12719fb8639cbf9cd9df9aab5429b16497e62f9e21efebcba87a7d97c1b,C:\Users\gduff\Downloads\cb-tb-201-300-v4\pdfs\CB-TB-297_Begum.pdf,pdf_inventory_criminal,pdf_hash_unique|dupes=1,NO_GOLD,criminal,OFFLINE_CLIENT_PROJECTION,,,
sha:dba7cc7163e834c0ca6cc0b4a43035a46825b1d59fd442bd3ab74e5dc72f66aa,PDF-dba7cc7163e8,CB-TB-1915_Arden,CB-TB-1915_Arden.pdf,dba7cc7163e834c0ca6cc0b4a43035a46825b1d59fd442bd3ab74e5dc72f66aa,C:\Users\gduff\Downloads\cb-tb-1601-2200-v5-factory-run\pdfs\CB-TB-1915_Arden.pdf,pdf_inventory_criminal,pdf_hash_unique|dupes=2,NO_GOLD,criminal,OFFLINE_CLIENT_PROJECTION,,,
sha:dbfcb43908701b8fa0680d4b0992ee570503a934997dabac3cd166b6547bb8bf,PDF-dbfcb4390870,CB-TB-1694_Cole,CB-TB-1694_Cole.pdf,dbfcb43908701b8fa0680d4b0992ee570503a934997dabac3cd166b6547bb8bf,C:\Users\gduff\Downloads\cb-tb-1601-2200-v5-factory-run\pdfs\CB-TB-1694_Cole.pdf,pdf_inventory_criminal,pdf_hash_unique|dupes=4,NO_GOLD,criminal,OFFLINE_CLIENT_PROJECTION,,,
sha:dc052cfbf2d24c48ea5201ba4fd14dd63d5d066afff67fe05d09cd2e8afb4a94,PDF-dc052cfbf2d2,CB-TB-872_Byrne,CB-TB-872_Byrne.pdf,dc052cfbf2d24c48ea5201ba4fd14dd63d5d066afff67fe05d09cd2e8afb4a94,C:\Users\gduff\Downloads\cb-tb-801-900-v5\pdfs\CB-TB-872_Byrne.pdf,pdf_inventory_criminal,pdf_hash_unique|dupes=1,NO_GOLD,criminal,OFFLINE_CLIENT_PROJECTION,,,
sha:dc3e2ba7520fc562f7e7a37b0dae176c43777d7eda86f2729a9fbd116bd727a0,PDF-dc3e2ba7520f,CB-TB-982_Thornton,CB-TB-982_Thornton.pdf,dc3e2ba7520fc562f7e7a37b0dae176c43777d7eda86f2729a9fbd116bd727a0,C:\Users\gduff\Downloads\cb-tb-901-1100-v5\pdfs\CB-TB-982_Thornton.pdf,pdf_inventory_criminal,pdf_hash_unique|dupes=2,NO_GOLD,criminal,OFFLINE_CLIENT_PROJECTION,,,
sha:dc82275e7af6fb8af7347682433208ff40b3782d320e631b0accba03ed82ca16,PDF-dc82275e7af6,CB-TB-416_Nolan,CB-TB-416_Nolan.pdf,dc82275e7af6fb8af7347682433208ff40b3782d320e631b0accba03ed82ca16,C:\Users\gduff\Downloads\cb-tb-401-500-v5\pdfs\CB-TB-416_Nolan.pdf,pdf_inventory_criminal,pdf_hash_unique|dupes=2,NO_GOLD,criminal,OFFLINE_CLIENT_PROJECTION,,,
sha:dc84caf3ea54ab8e1983af7297b4b1e03bba4590ae96b489276991d3b791b869,PDF-dc84caf3ea54,CB-TB-2005_Kerr,CB-TB-2005_Kerr.pdf,dc84caf3ea54ab8e1983af7297b4b1e03bba4590ae96b489276991d3b791b869,C:\Users\gduff\Downloads\cb-tb-1601-2200-v5-factory-run\pdfs\CB-TB-2005_Kerr.pdf,pdf_inventory_criminal,pdf_hash_unique|dupes=2,NO_GOLD,criminal,OFFLINE_CLIENT_PROJECTION,,,
sha:dca35f7137712051f32783e18b53a9706f94797c3be8a6da22d66e9dde4ffd0d,PDF-dca35f713771,CB-TB-1285_Kent,CB-TB-1285_Kent.pdf,dca35f7137712051f32783e18b53a9706f94797c3be8a6da22d66e9dde4ffd0d,C:\Users\gduff\Downloads\cb-tb-1201-1300-v5\pdfs\CB-TB-1285_Kent.pdf,pdf_inventory_criminal,pdf_hash_unique|dupes=2,NO_GOLD,criminal,OFFLINE_CLIENT_PROJECTION,,,
sha:dcb3d99cb7afd35a723ca9e6f09c8b538a0615f9697d2a448ee96561ca9563c3,PDF-dcb3d99cb7af,CB-TB-1511_Ali,CB-TB-1511_Ali.pdf,dcb3d99cb7afd35a723ca9e6f09c8b538a0615f9697d2a448ee96561ca9563c3,C:\Users\gduff\Downloads\cb-tb-1501-1600-v5-factory-run\pdfs\CB-TB-1511_Ali.pdf,pdf_inventory_criminal,pdf_hash_unique|dupes=2,NO_GOLD,criminal,OFFLINE_CLIENT_PROJECTION,,,
sha:dcb567a1a1ebe7667aded34bdd758c5aa509d26061e71ac28ca703d7fab17c09,PDF-dcb567a1a1eb,CB-TB-465_Hayes,CB-TB-465_Hayes.pdf,dcb567a1a1ebe7667aded34bdd758c5aa509d26061e71ac28ca703d7fab17c09,C:\Users\gduff\Downloads\cb-tb-401-500-v5\pdfs\CB-TB-465_Hayes.pdf,pdf_inventory_criminal,pdf_hash_unique|dupes=2,NO_GOLD,criminal,OFFLINE_CLIENT_PROJECTION,,,
sha:dcb609e41e676f61f7aff77308df51a49e4da093e8f60a739cf21343c7117fae,PDF-dcb609e41e67,CB-TB-227_Stone,CB-TB-227_Stone.pdf,dcb609e41e676f61f7aff77308df51a49e4da093e8f60a739cf21343c7117fae,C:\Users\gduff\Downloads\cb-tb-201-300-v4\pdfs\CB-TB-227_Stone.pdf,pdf_inventory_criminal,pdf_hash_unique|dupes=1,NO_GOLD,criminal,OFFLINE_CLIENT_PROJECTION,,,
sha:dcbf5927041f055cafeaac572c42b44325bdf70abc0f47dcf41bf43c5fd07a7f,PDF-dcbf5927041f,CB-TB-639_Ross,CB-TB-639_Ross.pdf,dcbf5927041f055cafeaac572c42b44325bdf70abc0f47dcf41bf43c5fd07a7f,C:\Users\gduff\Downloads\cb-tb-601-700-v5\pdfs\CB-TB-639_Ross.pdf,pdf_inventory_criminal,pdf_hash_unique|dupes=1,NO_GOLD,criminal,OFFLINE_CLIENT_PROJECTION,,,
sha:dccc6d2fca2bbc9ee823b133efbf83b3f42c8b4841f9e9edb2b63d5b800912ac,PDF-dccc6d2fca2b,CB-TB-004_Coates,CB-TB-004_Coates.pdf,dccc6d2fca2bbc9ee823b133efbf83b3f42c8b4841f9e9edb2b63d5b800912ac,C:\Users\gduff\Downloads\cb-tb-001-050-v3\pdfs\CB-TB-004_Coates.pdf,pdf_inventory_criminal,pdf_hash_unique|dupes=2,NO_GOLD,criminal,OFFLINE_CLIENT_PROJECTION,,,
sha:dccf8c23483eebd75be691af5fb600f2ef0ec6afd12689004a7d092a3d707468,PDF-dccf8c23483e,CB-TB-1723_Fielding,CB-TB-1723_Fielding.pdf,dccf8c23483eebd75be691af5fb600f2ef0ec6afd12689004a7d092a3d707468,C:\Users\gduff\Downloads\cb-tb-1601-2200-v5-factory-run\pdfs\CB-TB-1723_Fielding.pdf,pdf_inventory_criminal,pdf_hash_unique|dupes=2,NO_GOLD,criminal,OFFLINE_CLIENT_PROJECTION,,,
sha:dcd0400461b47ef35ba21ab70c81b17a649af8800bbda88a1e60c5608c1bf978,PDF-dcd0400461b4,CB-TB-733_Walsh,CB-TB-733_Walsh.pdf,dcd0400461b47ef35ba21ab70c81b17a649af8800bbda88a1e60c5608c1bf978,C:\Users\gduff\Downloads\cb-tb-701-800-v5\pdfs\CB-TB-733_Walsh.pdf,pdf_inventory_criminal,pdf_hash_unique|dupes=1,NO_GOLD,criminal,OFFLINE_CLIENT_PROJECTION,,,
sha:dce87bf869a9a2890c8d7c9ee773d87d27fdda3483ac0066e4eb4e1eaf574e8d,PDF-dce87bf869a9,CB-TB-1698_Mason,CB-TB-1698_Mason.pdf,dce87bf869a9a2890c8d7c9ee773d87d27fdda3483ac0066e4eb4e1eaf574e8d,C:\Users\gduff\Downloads\cb-tb-1601-2200-v5-factory-run\pdfs\CB-TB-1698_Mason.pdf,pdf_inventory_criminal,pdf_hash_unique|dupes=4,NO_GOLD,criminal,OFFLINE_CLIENT_PROJECTION,,,
sha:dcf65e88b7420a9d051bb338d682a076f272b9924b780d6bf032ec13072c2980,PDF-dcf65e88b742,CB-TB-247_Khan,CB-TB-247_Khan.pdf,dcf65e88b7420a9d051bb338d682a076f272b9924b780d6bf032ec13072c2980,C:\Users\gduff\Downloads\cb-tb-201-300-v4\pdfs\CB-TB-247_Khan.pdf,pdf_inventory_criminal,pdf_hash_unique|dupes=1,NO_GOLD,criminal,OFFLINE_CLIENT_PROJECTION,,,
sha:dd0d86ea365b95294cb033f256a20343a65a712591853c510921ce2374f6065b,PDF-dd0d86ea365b,CB-TB-053_Reed,CB-TB-053_Reed.pdf,dd0d86ea365b95294cb033f256a20343a65a712591853c510921ce2374f6065b,C:\Users\gduff\Downloads\cb-tb-031-100-v4\pdfs\CB-TB-053_Reed.pdf,pdf_inventory_criminal,pdf_hash_unique|dupes=1,NO_GOLD,criminal,OFFLINE_CLIENT_PROJECTION,,,
sha:dd28b0e6169b2bd953313743ef84e04d73e7326dcaf022891a5b8627dea3220e,PDF-dd28b0e6169b,CB-TB-1339_Rowe,CB-TB-1339_Rowe.pdf,dd28b0e6169b2bd953313743ef84e04d73e7326dcaf022891a5b8627dea3220e,C:\Users\gduff\Downloads\cb-tb-1301-1400-v5\pdfs\CB-TB-1339_Rowe.pdf,pdf_inventory_criminal,pdf_hash_unique|dupes=2,NO_GOLD,criminal,OFFLINE_CLIENT_PROJECTION,,,
sha:dd4aa98013c7f2da56c84d21c9314dbb5c79ef6c3189b39eec0de15e1e5ff271,PDF-dd4aa98013c7,CB-TB-245_Rees,CB-TB-245_Rees.pdf,dd4aa98013c7f2da56c84d21c9314dbb5c79ef6c3189b39eec0de15e1e5ff271,C:\Users\gduff\Downloads\cb-tb-201-300-v4\pdfs\CB-TB-245_Rees.pdf,pdf_inventory_criminal,pdf_hash_unique|dupes=1,NO_GOLD,criminal,OFFLINE_CLIENT_PROJECTION,,,
sha:dd6dcf2e33571e3729c8620c00049c140956fbd57baf34bc4299b28b16d4b21b,PDF-dd6dcf2e3357,CB-TB-473_Reid,CB-TB-473_Reid.pdf,dd6dcf2e33571e3729c8620c00049c140956fbd57baf34bc4299b28b16d4b21b,C:\Users\gduff\Downloads\cb-tb-401-500-v5\pdfs\CB-TB-473_Reid.pdf,pdf_inventory_criminal,pdf_hash_unique|dupes=2,NO_GOLD,criminal,OFFLINE_CLIENT_PROJECTION,,,
sha:dd6df8087efdd6f4d4076a96bfcfc9601309e9bd8cee86344d4ac13f763ef8e4,PDF-dd6df8087efd,CB-TB-005_Flynn,CB-TB-005_Flynn.pdf,dd6df8087efdd6f4d4076a96bfcfc9601309e9bd8cee86344d4ac13f763ef8e4,C:\Users\gduff\Downloads\cb-tb-001-050-v3\pdfs\CB-TB-005_Flynn.pdf,pdf_inventory_criminal,pdf_hash_unique|dupes=2,NO_GOLD,criminal,OFFLINE_CLIENT_PROJECTION,,,
sha:dddc35f5aa56eceb8245221ca4ab451a3221d90288243ba214901d698dd24faf,PDF-dddc35f5aa56,CB-TB-327_Roberts,CB-TB-327_Roberts.pdf,dddc35f5aa56eceb8245221ca4ab451a3221d90288243ba214901d698dd24faf,C:\Users\gduff\Downloads\cb-tb-301-400-v4\pdfs\CB-TB-327_Roberts.pdf,pdf_inventory_criminal,pdf_hash_unique|dupes=2,NO_GOLD,criminal,OFFLINE_CLIENT_PROJECTION,,,
sha:de025c19f9362313caf1fcd501a0c277a3731d948b314db8d590a87398d77826,PDF-de025c19f936,CB-TB-1222_Merritt,CB-TB-1222_Merritt.pdf,de025c19f9362313caf1fcd501a0c277a3731d948b314db8d590a87398d77826,C:\Users\gduff\Downloads\cb-tb-1201-1300-v5\pdfs\CB-TB-1222_Merritt.pdf,pdf_inventory_criminal,pdf_hash_unique|dupes=2,NO_GOLD,criminal,OFFLINE_CLIENT_PROJECTION,,,
sha:de117582d21c56abc947ebc58cd755c5399ee049cead080a76c50f59237e4a61,PDF-de117582d21c,CB-TB-755_Khan,CB-TB-755_Khan.pdf,de117582d21c56abc947ebc58cd755c5399ee049cead080a76c50f59237e4a61,C:\Users\gduff\Downloads\cb-tb-701-800-v5\pdfs\CB-TB-755_Khan.pdf,pdf_inventory_criminal,pdf_hash_unique|dupes=1,NO_GOLD,criminal,OFFLINE_CLIENT_PROJECTION,,,
sha:de30d12eab0fa50dd730babde18ffeae2924d2cc313cd9c295b7856ea48e72ef,PDF-de30d12eab0f,CB-TB-943_Barker,CB-TB-943_Barker.pdf,de30d12eab0fa50dd730babde18ffeae2924d2cc313cd9c295b7856ea48e72ef,C:\Users\gduff\Downloads\cb-tb-901-1100-v5\pdfs\CB-TB-943_Barker.pdf,pdf_inventory_criminal,pdf_hash_unique|dupes=2,NO_GOLD,criminal,OFFLINE_CLIENT_PROJECTION,,,
sha:de3dd03f4bf08ef2649aefbb56cc1705ba70c1052b0da569f48fcde04490e018,PDF-de3dd03f4bf0,CB-TB-608_Lewis,CB-TB-608_Lewis.pdf,de3dd03f4bf08ef2649aefbb56cc1705ba70c1052b0da569f48fcde04490e018,C:\Users\gduff\Downloads\cb-tb-601-700-v5\pdfs\CB-TB-608_Lewis.pdf,pdf_inventory_criminal,pdf_hash_unique|dupes=1,NO_GOLD,criminal,OFFLINE_CLIENT_PROJECTION,,,
sha:de5d376b5f390dfb26002f8ac5ddd3d14e1cb20d2400d2351fcae1a2c7066428,PDF-de5d376b5f39,CB-TB-285_Carver,CB-TB-285_Carver.pdf,de5d376b5f390dfb26002f8ac5ddd3d14e1cb20d2400d2351fcae1a2c7066428,C:\Users\gduff\Downloads\cb-tb-201-300-v4\pdfs\CB-TB-285_Carver.pdf,pdf_inventory_criminal,pdf_hash_unique|dupes=1,NO_GOLD,criminal,OFFLINE_CLIENT_PROJECTION,,,
sha:de6794a8e42c0c8f12fd01ca9d1eb9c0763a60c3394cb32abf76b267c389e3c4,PDF-de6794a8e42c,CB-TB-1255_Mitchell,CB-TB-1255_Mitchell.pdf,de6794a8e42c0c8f12fd01ca9d1eb9c0763a60c3394cb32abf76b267c389e3c4,C:\Users\gduff\Downloads\cb-tb-1201-1300-v5\pdfs\CB-TB-1255_Mitchell.pdf,pdf_inventory_criminal,pdf_hash_unique|dupes=2,NO_GOLD,criminal,OFFLINE_CLIENT_PROJECTION,,,
sha:de705784a4875005ad51ad1a749448e6ea166e9ee5cbdc159c112bc94895da11,PDF-de705784a487,CB-TB-1113_West,CB-TB-1113_West.pdf,de705784a4875005ad51ad1a749448e6ea166e9ee5cbdc159c112bc94895da11,C:\Users\gduff\Downloads\cb-tb-1101-1400-v5\pdfs\CB-TB-1113_West.pdf,pdf_inventory_criminal,pdf_hash_unique|dupes=2,NO_GOLD,criminal,OFFLINE_CLIENT_PROJECTION,,,
sha:de7a686bae946143e125c90a25b1fd9cebd2e4bc8a5ee2070028f4f6db671da9,PDF-de7a686bae94,CB-TB-2178_Bennett,CB-TB-2178_Bennett.pdf,de7a686bae946143e125c90a25b1fd9cebd2e4bc8a5ee2070028f4f6db671da9,C:\Users\gduff\Downloads\cb-tb-1601-2200-v5-factory-run\pdfs\CB-TB-2178_Bennett.pdf,pdf_inventory_criminal,pdf_hash_unique|dupes=2,NO_GOLD,criminal,OFFLINE_CLIENT_PROJECTION,,,
sha:de8789d0cddffe0d12b146b2200a5d2b0c72386d9e19a3da0aef30c2e5c138f0,PDF-de8789d0cddf,CB-TB-1819_Dale,CB-TB-1819_Dale.pdf,de8789d0cddffe0d12b146b2200a5d2b0c72386d9e19a3da0aef30c2e5c138f0,C:\Users\gduff\Downloads\cb-tb-1601-2200-v5-factory-run\pdfs\CB-TB-1819_Dale.pdf,pdf_inventory_criminal,pdf_hash_unique|dupes=2,NO_GOLD,criminal,OFFLINE_CLIENT_PROJECTION,,,
sha:defd7a91ad328de491beedb8e8f2b9cf3b707968a78799ee9e00294322ff1721,PDF-defd7a91ad32,CB-TB-576_Rees,CB-TB-576_Rees.pdf,defd7a91ad328de491beedb8e8f2b9cf3b707968a78799ee9e00294322ff1721,C:\Users\gduff\Downloads\cb-tb-501-600-v5-extract\pdfs\CB-TB-576_Rees.pdf,pdf_inventory_criminal,pdf_hash_unique|dupes=3,NO_GOLD,criminal,OFFLINE_CLIENT_PROJECTION,,,
sha:df05361eaa8a368dde4a6539bcf5c33de27fd6974e3cf1c4d31e93362a6dc351,PDF-df05361eaa8a,CB-TB-2154_Kerr,CB-TB-2154_Kerr.pdf,df05361eaa8a368dde4a6539bcf5c33de27fd6974e3cf1c4d31e93362a6dc351,C:\Users\gduff\Downloads\cb-tb-1601-2200-v5-factory-run\pdfs\CB-TB-2154_Kerr.pdf,pdf_inventory_criminal,pdf_hash_unique|dupes=2,NO_GOLD,criminal,OFFLINE_CLIENT_PROJECTION,,,
sha:df0bc3bc3b6cbd939b052b4b17d0f494c8389a284eb6af98aef96f0f86bca68a,PDF-df0bc3bc3b6c,CB-TB-455_Murphy,CB-TB-455_Murphy.pdf,df0bc3bc3b6cbd939b052b4b17d0f494c8389a284eb6af98aef96f0f86bca68a,C:\Users\gduff\Downloads\cb-tb-401-500-v5\pdfs\CB-TB-455_Murphy.pdf,pdf_inventory_criminal,pdf_hash_unique|dupes=2,NO_GOLD,criminal,OFFLINE_CLIENT_PROJECTION,,,
sha:df1c9b9189fe9a4bfcad33fa39f10cd4f0806c879e1efd89232e3c512f689867,PDF-df1c9b9189fe,CB-TB-1249_Hart,CB-TB-1249_Hart.pdf,df1c9b9189fe9a4bfcad33fa39f10cd4f0806c879e1efd89232e3c512f689867,C:\Users\gduff\Downloads\cb-tb-1201-1300-v5\pdfs\CB-TB-1249_Hart.pdf,pdf_inventory_criminal,pdf_hash_unique|dupes=2,NO_GOLD,criminal,OFFLINE_CLIENT_PROJECTION,,,
sha:df237f03126f0dcef781302ca42d1eb9caa9cd05c7756207ac2e21440256b0b0,PDF-df237f03126f,CB-TB-522_Price,CB-TB-522_Price.pdf,df237f03126f0dcef781302ca42d1eb9caa9cd05c7756207ac2e21440256b0b0,C:\Users\gduff\Downloads\cb-tb-501-600-v5-extract\pdfs\CB-TB-522_Price.pdf,pdf_inventory_criminal,pdf_hash_unique|dupes=3,NO_GOLD,criminal,OFFLINE_CLIENT_PROJECTION,,,
sha:df3f26d7f78ba86a34b292b3b26c32afb6a05160dc722f2af1f83d17195f6820,PDF-df3f26d7f78b,CB-TB-2186_Walsh,CB-TB-2186_Walsh.pdf,df3f26d7f78ba86a34b292b3b26c32afb6a05160dc722f2af1f83d17195f6820,C:\Users\gduff\Downloads\cb-tb-1601-2200-v5-factory-run\pdfs\CB-TB-2186_Walsh.pdf,pdf_inventory_criminal,pdf_hash_unique|dupes=2,NO_GOLD,criminal,OFFLINE_CLIENT_PROJECTION,,,
sha:df5779bd30e01e3d299ba1f65b9d0d98f4df922d711db1dac64c29b5e8ebb2c6,PDF-df5779bd30e0,CB-TB-515_Hale,CB-TB-515_Hale.pdf,df5779bd30e01e3d299ba1f65b9d0d98f4df922d711db1dac64c29b5e8ebb2c6,C:\Users\gduff\Downloads\cb-tb-501-600-v5-extract\pdfs\CB-TB-515_Hale.pdf,pdf_inventory_criminal,pdf_hash_unique|dupes=3,NO_GOLD,criminal,OFFLINE_CLIENT_PROJECTION,,,
sha:df5a141c6d0daa95c3ba5c4f3fd4ed6ea0bd6d37399b7311f9fe7d359ff1c09b,PDF-df5a141c6d0d,CB-TB-1812_Ashcroft,CB-TB-1812_Ashcroft.pdf,df5a141c6d0daa95c3ba5c4f3fd4ed6ea0bd6d37399b7311f9fe7d359ff1c09b,C:\Users\gduff\Downloads\cb-tb-1601-2200-v5-factory-run\pdfs\CB-TB-1812_Ashcroft.pdf,pdf_inventory_criminal,pdf_hash_unique|dupes=2,NO_GOLD,criminal,OFFLINE_CLIENT_PROJECTION,,,
sha:df755fd2c226f5398ff5d5ab360160df9a070a6188995155eb520713537e6b4c,PDF-df755fd2c226,CB-TB-1743_Dale,CB-TB-1743_Dale.pdf,df755fd2c226f5398ff5d5ab360160df9a070a6188995155eb520713537e6b4c,C:\Users\gduff\Downloads\cb-tb-1601-2200-v5-factory-run\pdfs\CB-TB-1743_Dale.pdf,pdf_inventory_criminal,pdf_hash_unique|dupes=2,NO_GOLD,criminal,OFFLINE_CLIENT_PROJECTION,,,
sha:dfa8e167d74a28d7d92e9df535ffc67406009e02db00b75bef6646a8fe961a51,PDF-dfa8e167d74a,CB-TB-970_Quinn,CB-TB-970_Quinn.pdf,dfa8e167d74a28d7d92e9df535ffc67406009e02db00b75bef6646a8fe961a51,C:\Users\gduff\Downloads\cb-tb-901-1100-v5\pdfs\CB-TB-970_Quinn.pdf,pdf_inventory_criminal,pdf_hash_unique|dupes=2,NO_GOLD,criminal,OFFLINE_CLIENT_PROJECTION,,,
sha:dfde86623831da399bd93732ebb646c7c616707808ade2da20f3028f8750e4db,PDF-dfde86623831,CB-TB-1332_Carver,CB-TB-1332_Carver.pdf,dfde86623831da399bd93732ebb646c7c616707808ade2da20f3028f8750e4db,C:\Users\gduff\Downloads\cb-tb-1301-1400-v5\pdfs\CB-TB-1332_Carver.pdf,pdf_inventory_criminal,pdf_hash_unique|dupes=2,NO_GOLD,criminal,OFFLINE_CLIENT_PROJECTION,,,
sha:dfdf749e81c267e61534c6b813f69dc126387bad26aa7040d118a5cf64a9605e,PDF-dfdf749e81c2,CB-TB-2162_Clarke,CB-TB-2162_Clarke.pdf,dfdf749e81c267e61534c6b813f69dc126387bad26aa7040d118a5cf64a9605e,C:\Users\gduff\Downloads\cb-tb-1601-2200-v5-factory-run\pdfs\CB-TB-2162_Clarke.pdf,pdf_inventory_criminal,pdf_hash_unique|dupes=2,NO_GOLD,criminal,OFFLINE_CLIENT_PROJECTION,,,
sha:e00637aa759378e50c33d0c4848c0bb7e7bd1fead4b7b51833048b04a5bd493a,PDF-e00637aa7593,CB-TB-1346_Turner,CB-TB-1346_Turner.pdf,e00637aa759378e50c33d0c4848c0bb7e7bd1fead4b7b51833048b04a5bd493a,C:\Users\gduff\Downloads\cb-tb-1301-1400-v5\pdfs\CB-TB-1346_Turner.pdf,pdf_inventory_criminal,pdf_hash_unique|dupes=2,NO_GOLD,criminal,OFFLINE_CLIENT_PROJECTION,,,
sha:e00acfc16a8ccab186fff3c89c41a51805d9e052d4bad89ffb8796ef383fa365,PDF-e00acfc16a8c,CB-TB-1190_West,CB-TB-1190_West.pdf,e00acfc16a8ccab186fff3c89c41a51805d9e052d4bad89ffb8796ef383fa365,C:\Users\gduff\Downloads\cb-tb-1101-1400-v5\pdfs\CB-TB-1190_West.pdf,pdf_inventory_criminal,pdf_hash_unique|dupes=2,NO_GOLD,criminal,OFFLINE_CLIENT_PROJECTION,,,
sha:e019dfab8a73df677ccfa419ece64e21b75adf8c47d24e7cb5eb29a4d504bd57,PDF-e019dfab8a73,CB-TB-945_Merritt,CB-TB-945_Merritt.pdf,e019dfab8a73df677ccfa419ece64e21b75adf8c47d24e7cb5eb29a4d504bd57,C:\Users\gduff\Downloads\cb-tb-901-1100-v5\pdfs\CB-TB-945_Merritt.pdf,pdf_inventory_criminal,pdf_hash_unique|dupes=2,NO_GOLD,criminal,OFFLINE_CLIENT_PROJECTION,,,
sha:e02f98ccd16307b0244de359a63ebe5f04d6e6c4666f8fe8a6eca6394cd29e6e,PDF-e02f98ccd163,CB-TB-1419_Mitchell,CB-TB-1419_Mitchell.pdf,e02f98ccd16307b0244de359a63ebe5f04d6e6c4666f8fe8a6eca6394cd29e6e,C:\Users\gduff\Downloads\cb-tb-1401-1500-v5-tmp\pdfs\CB-TB-1419_Mitchell.pdf,pdf_inventory_criminal,pdf_hash_unique|dupes=1,NO_GOLD,criminal,OFFLINE_CLIENT_PROJECTION,,,
sha:e0343d3d96a1612f229edda22816f295ff626708eb2fa27657513d6e010072c9,PDF-e0343d3d96a1,CB-TB-563_Okonkwo,CB-TB-563_Okonkwo.pdf,e0343d3d96a1612f229edda22816f295ff626708eb2fa27657513d6e010072c9,C:\Users\gduff\Downloads\cb-tb-501-600-v5-extract\pdfs\CB-TB-563_Okonkwo.pdf,pdf_inventory_criminal,pdf_hash_unique|dupes=3,NO_GOLD,criminal,OFFLINE_CLIENT_PROJECTION,,,
sha:e0487026e04e18e364b62b3fd694b456ee79b075087e90c9968f08576aaa6836,PDF-e0487026e04e,CB-TB-964_Begum,CB-TB-964_Begum.pdf,e0487026e04e18e364b62b3fd694b456ee79b075087e90c9968f08576aaa6836,C:\Users\gduff\Downloads\cb-tb-901-1100-v5\pdfs\CB-TB-964_Begum.pdf,pdf_inventory_criminal,pdf_hash_unique|dupes=2,NO_GOLD,criminal,OFFLINE_CLIENT_PROJECTION,,,
sha:e079f8a845e1d064363cb91c430553334b695291f1101bb8bf4a0352d8e0a17c,PDF-e079f8a845e1,CB-TB-1022_Rees,CB-TB-1022_Rees.pdf,e079f8a845e1d064363cb91c430553334b695291f1101bb8bf4a0352d8e0a17c,C:\Users\gduff\Downloads\cb-tb-901-1100-v5\pdfs\CB-TB-1022_Rees.pdf,pdf_inventory_criminal,pdf_hash_unique|dupes=2,NO_GOLD,criminal,OFFLINE_CLIENT_PROJECTION,,,
sha:e07bb9f517e77e39129dc58575e0fb0cfb6e8b1a892dfd50dd41694d381f3ab0,PDF-e07bb9f517e7,CB-TB-1264_Mason,CB-TB-1264_Mason.pdf,e07bb9f517e77e39129dc58575e0fb0cfb6e8b1a892dfd50dd41694d381f3ab0,C:\Users\gduff\Downloads\cb-tb-1201-1300-v5\pdfs\CB-TB-1264_Mason.pdf,pdf_inventory_criminal,pdf_hash_unique|dupes=2,NO_GOLD,criminal,OFFLINE_CLIENT_PROJECTION,,,
sha:e0994769017d70f6095f206a691ac09f65ef42090c5c0b54daaef05b24d8034d,PDF-e0994769017d,CB-TB-1825_Keane,CB-TB-1825_Keane.pdf,e0994769017d70f6095f206a691ac09f65ef42090c5c0b54daaef05b24d8034d,C:\Users\gduff\Downloads\cb-tb-1601-2200-v5-factory-run\pdfs\CB-TB-1825_Keane.pdf,pdf_inventory_criminal,pdf_hash_unique|dupes=2,NO_GOLD,criminal,OFFLINE_CLIENT_PROJECTION,,,
sha:e09b2d9402982fe8eb6f0873d120e34e9d3995ec0f83d64b7ec77d760d8ad5ba,PDF-e09b2d940298,CB-TB-2064_Ross,CB-TB-2064_Ross.pdf,e09b2d9402982fe8eb6f0873d120e34e9d3995ec0f83d64b7ec77d760d8ad5ba,C:\Users\gduff\Downloads\cb-tb-1601-2200-v5-factory-run\pdfs\CB-TB-2064_Ross.pdf,pdf_inventory_criminal,pdf_hash_unique|dupes=2,NO_GOLD,criminal,OFFLINE_CLIENT_PROJECTION,,,
sha:e10c506831019953157ca70620267d8efee0cd5f6d7c8c58d505a98cda58405c,PDF-e10c50683101,CB-TB-1458_Rowe,CB-TB-1458_Rowe.pdf,e10c506831019953157ca70620267d8efee0cd5f6d7c8c58d505a98cda58405c,C:\Users\gduff\Downloads\cb-tb-1401-1500-v5-tmp\pdfs\CB-TB-1458_Rowe.pdf,pdf_inventory_criminal,pdf_hash_unique|dupes=1,NO_GOLD,criminal,OFFLINE_CLIENT_PROJECTION,,,
sha:e13a8502999935c2048dff78d983cc32900b237aa31d34a15f33f24f48acd191,PDF-e13a85029999,CB-TB-1423_Clarke,CB-TB-1423_Clarke.pdf,e13a8502999935c2048dff78d983cc32900b237aa31d34a15f33f24f48acd191,C:\Users\gduff\Downloads\cb-tb-1401-1500-v5-tmp\pdfs\CB-TB-1423_Clarke.pdf,pdf_inventory_criminal,pdf_hash_unique|dupes=1,NO_GOLD,criminal,OFFLINE_CLIENT_PROJECTION,,,
sha:e19d3848c0b4ab72fc7067456fce01aecfa9175beb79a8a8ff02fc56ac597947,PDF-e19d3848c0b4,CB-TB-1570_Cross,CB-TB-1570_Cross.pdf,e19d3848c0b4ab72fc7067456fce01aecfa9175beb79a8a8ff02fc56ac597947,C:\Users\gduff\Downloads\cb-tb-1501-1600-v5-factory-run\pdfs\CB-TB-1570_Cross.pdf,pdf_inventory_criminal,pdf_hash_unique|dupes=2,NO_GOLD,criminal,OFFLINE_CLIENT_PROJECTION,,,
sha:e1b268f3cafbce24060212be519739b9997b2f40273f6c361fa7b22be695fe93,PDF-e1b268f3cafb,CB-TB-1813_Brookes,CB-TB-1813_Brookes.pdf,e1b268f3cafbce24060212be519739b9997b2f40273f6c361fa7b22be695fe93,C:\Users\gduff\Downloads\cb-tb-1601-2200-v5-factory-run\pdfs\CB-TB-1813_Brookes.pdf,pdf_inventory_criminal,pdf_hash_unique|dupes=2,NO_GOLD,criminal,OFFLINE_CLIENT_PROJECTION,,,
sha:e1e6dcf96b3003e2268f782f77caf5c98258f8fac706f714292db66fdffbdc27,PDF-e1e6dcf96b30,CB-TB-2036_Clarke,CB-TB-2036_Clarke.pdf,e1e6dcf96b3003e2268f782f77caf5c98258f8fac706f714292db66fdffbdc27,C:\Users\gduff\Downloads\cb-tb-1601-2200-v5-factory-run\pdfs\CB-TB-2036_Clarke.pdf,pdf_inventory_criminal,pdf_hash_unique|dupes=2,NO_GOLD,criminal,OFFLINE_CLIENT_PROJECTION,,,
sha:e20f4b628e925a7a3a4f3fa9423a2f648a5080be90b42110b8888e9edc71bd4f,PDF-e20f4b628e92,CB-TB-918_Coates,CB-TB-918_Coates.pdf,e20f4b628e925a7a3a4f3fa9423a2f648a5080be90b42110b8888e9edc71bd4f,C:\Users\gduff\Downloads\cb-tb-901-1100-v5\pdfs\CB-TB-918_Coates.pdf,pdf_inventory_criminal,pdf_hash_unique|dupes=2,NO_GOLD,criminal,OFFLINE_CLIENT_PROJECTION,,,
sha:e22471e7e3de22a9429544105881354f4a6c46ac0c3e92dd2a6475770e6df3f9,PDF-e22471e7e3de,CB-TB-1624_Barlow,CB-TB-1624_Barlow.pdf,e22471e7e3de22a9429544105881354f4a6c46ac0c3e92dd2a6475770e6df3f9,C:\Users\gduff\Downloads\cb-tb-1601-2200-v5-factory-run\pdfs\CB-TB-1624_Barlow.pdf,pdf_inventory_criminal,pdf_hash_unique|dupes=4,NO_GOLD,criminal,OFFLINE_CLIENT_PROJECTION,,,
sha:e23c8110887bea1d35132c34b68674b30547f9714958eee9a393401dca487d0f,PDF-e23c8110887b,CB-TB-1924_Forrest,CB-TB-1924_Forrest.pdf,e23c8110887bea1d35132c34b68674b30547f9714958eee9a393401dca487d0f,C:\Users\gduff\Downloads\cb-tb-1601-2200-v5-factory-run\pdfs\CB-TB-1924_Forrest.pdf,pdf_inventory_criminal,pdf_hash_unique|dupes=2,NO_GOLD,criminal,OFFLINE_CLIENT_PROJECTION,,,
sha:e2414da66fcfb706fd36e92aabea026164a6a067545a8ba719d08df779c77d5e,PDF-e2414da66fcf,CB-TB-954_Hale,CB-TB-954_Hale.pdf,e2414da66fcfb706fd36e92aabea026164a6a067545a8ba719d08df779c77d5e,C:\Users\gduff\Downloads\cb-tb-901-1100-v5\pdfs\CB-TB-954_Hale.pdf,pdf_inventory_criminal,pdf_hash_unique|dupes=2,NO_GOLD,criminal,OFFLINE_CLIENT_PROJECTION,,,
sha:e2591c17b0be90961f8948fff59c99bd3134243a037464266751e1d11b5f2d1d,PDF-e2591c17b0be,CB-TB-1209_Hart,CB-TB-1209_Hart.pdf,e2591c17b0be90961f8948fff59c99bd3134243a037464266751e1d11b5f2d1d,C:\Users\gduff\Downloads\cb-tb-1201-1300-v5\pdfs\CB-TB-1209_Hart.pdf,pdf_inventory_criminal,pdf_hash_unique|dupes=2,NO_GOLD,criminal,OFFLINE_CLIENT_PROJECTION,,,
sha:e264de1c1ed34863ffafd9944ddd8b62b3fe49f16c44038f7e9f83ec8167a488,PDF-e264de1c1ed3,CB-TB-1571_Wright,CB-TB-1571_Wright.pdf,e264de1c1ed34863ffafd9944ddd8b62b3fe49f16c44038f7e9f83ec8167a488,C:\Users\gduff\Downloads\cb-tb-1501-1600-v5-factory-run\pdfs\CB-TB-1571_Wright.pdf,pdf_inventory_criminal,pdf_hash_unique|dupes=2,NO_GOLD,criminal,OFFLINE_CLIENT_PROJECTION,,,
sha:e28e8ff2fbc60b6ac64363c359182f1d992c109e5274c1c91391f6a6b8c44a1a,PDF-e28e8ff2fbc6,CB-TB-2015_Austin,CB-TB-2015_Austin.pdf,e28e8ff2fbc60b6ac64363c359182f1d992c109e5274c1c91391f6a6b8c44a1a,C:\Users\gduff\Downloads\cb-tb-1601-2200-v5-factory-run\pdfs\CB-TB-2015_Austin.pdf,pdf_inventory_criminal,pdf_hash_unique|dupes=2,NO_GOLD,criminal,OFFLINE_CLIENT_PROJECTION,,,
sha:e2904f9ebfa8bf787a9cf1986476c6910e57676eacf96a9fa5c0df6c9a580009,PDF-e2904f9ebfa8,CB-TB-698_Evans,CB-TB-698_Evans.pdf,e2904f9ebfa8bf787a9cf1986476c6910e57676eacf96a9fa5c0df6c9a580009,C:\Users\gduff\Downloads\cb-tb-601-700-v5\pdfs\CB-TB-698_Evans.pdf,pdf_inventory_criminal,pdf_hash_unique|dupes=1,NO_GOLD,criminal,OFFLINE_CLIENT_PROJECTION,,,
sha:e2b9da49b35bf04f68f3f8f7b69cef3d94ba1ca2f57a7c4ef23c08d622a0e9c2,PDF-e2b9da49b35b,CB-TB-2055_Okonkwo,CB-TB-2055_Okonkwo.pdf,e2b9da49b35bf04f68f3f8f7b69cef3d94ba1ca2f57a7c4ef23c08d622a0e9c2,C:\Users\gduff\Downloads\cb-tb-1601-2200-v5-factory-run\pdfs\CB-TB-2055_Okonkwo.pdf,pdf_inventory_criminal,pdf_hash_unique|dupes=2,NO_GOLD,criminal,OFFLINE_CLIENT_PROJECTION,,,
sha:e2c2c31416d04ec9b0a884b9a646e340d8b7872e4a626a0e6c92904fecde989d,PDF-e2c2c31416d0,CB-TB-1757_Carter,CB-TB-1757_Carter.pdf,e2c2c31416d04ec9b0a884b9a646e340d8b7872e4a626a0e6c92904fecde989d,C:\Users\gduff\Downloads\cb-tb-1601-2200-v5-factory-run\pdfs\CB-TB-1757_Carter.pdf,pdf_inventory_criminal,pdf_hash_unique|dupes=2,NO_GOLD,criminal,OFFLINE_CLIENT_PROJECTION,,,
sha:e2c3613ded6dc9f2b2709abac6bb90e7d30530d0373e35e4750c3f4f20060948,PDF-e2c3613ded6d,CB-TB-1088_Mason,CB-TB-1088_Mason.pdf,e2c3613ded6dc9f2b2709abac6bb90e7d30530d0373e35e4750c3f4f20060948,C:\Users\gduff\Downloads\cb-tb-901-1100-v5\pdfs\CB-TB-1088_Mason.pdf,pdf_inventory_criminal,pdf_hash_unique|dupes=2,NO_GOLD,criminal,OFFLINE_CLIENT_PROJECTION,,,
sha:e30eb5f1e7d679b85bd62dde038477081d12dadca2d0af71403a6bba5f368905,PDF-e30eb5f1e7d6,CB-TB-592_Patel,CB-TB-592_Patel.pdf,e30eb5f1e7d679b85bd62dde038477081d12dadca2d0af71403a6bba5f368905,C:\Users\gduff\Downloads\cb-tb-501-600-v5-extract\pdfs\CB-TB-592_Patel.pdf,pdf_inventory_criminal,pdf_hash_unique|dupes=3,NO_GOLD,criminal,OFFLINE_CLIENT_PROJECTION,,,
sha:e35bf8c8f0fa2c0474d1af87bb15618864c4d7b6ee4b2073445ced1da9886573,PDF-e35bf8c8f0fa,CB-TB-1108_Coates,CB-TB-1108_Coates.pdf,e35bf8c8f0fa2c0474d1af87bb15618864c4d7b6ee4b2073445ced1da9886573,C:\Users\gduff\Downloads\cb-tb-1101-1400-v5\pdfs\CB-TB-1108_Coates.pdf,pdf_inventory_criminal,pdf_hash_unique|dupes=2,NO_GOLD,criminal,OFFLINE_CLIENT_PROJECTION,,,
sha:e366ce648b1b41fe3f1174a380fbd8172ca5efafc1b12259c25c936df2406c54,PDF-e366ce648b1b,CB-TB-1146_Ross,CB-TB-1146_Ross.pdf,e366ce648b1b41fe3f1174a380fbd8172ca5efafc1b12259c25c936df2406c54,C:\Users\gduff\Downloads\cb-tb-1101-1400-v5\pdfs\CB-TB-1146_Ross.pdf,pdf_inventory_criminal,pdf_hash_unique|dupes=2,NO_GOLD,criminal,OFFLINE_CLIENT_PROJECTION,,,
sha:e3cbed6b74a8599e3695a3fb2db15a28fbd38b0db3a73635197e84759792f76e,PDF-e3cbed6b74a8,CB-TB-069_Doyle,CB-TB-069_Doyle.pdf,e3cbed6b74a8599e3695a3fb2db15a28fbd38b0db3a73635197e84759792f76e,C:\Users\gduff\Downloads\cb-tb-031-100-v4\pdfs\CB-TB-069_Doyle.pdf,pdf_inventory_criminal,pdf_hash_unique|dupes=1,NO_GOLD,criminal,OFFLINE_CLIENT_PROJECTION,,,
sha:e40317da3fb2495f9074185d2be8af3bade614cb0ae9818ee6374c027086653d,PDF-e40317da3fb2,CB-TB-667_Brooks,CB-TB-667_Brooks.pdf,e40317da3fb2495f9074185d2be8af3bade614cb0ae9818ee6374c027086653d,C:\Users\gduff\Downloads\cb-tb-601-700-v5\pdfs\CB-TB-667_Brooks.pdf,pdf_inventory_criminal,pdf_hash_unique|dupes=1,NO_GOLD,criminal,OFFLINE_CLIENT_PROJECTION,,,
sha:e430487877b4cad4afae469385c622d6912ab9f822e04746261745645d878155,PDF-e430487877b4,CB-TB-1582_Page,CB-TB-1582_Page.pdf,e430487877b4cad4afae469385c622d6912ab9f822e04746261745645d878155,C:\Users\gduff\Downloads\cb-tb-1501-1600-v5-factory-run\pdfs\CB-TB-1582_Page.pdf,pdf_inventory_criminal,pdf_hash_unique|dupes=2,NO_GOLD,criminal,OFFLINE_CLIENT_PROJECTION,,,
sha:e4432967a3c49a0172e1ac865577d147a4102fc6e6cc8f83141ec3a0fecb035b,PDF-e4432967a3c4,CB-TB-1752_Denton,CB-TB-1752_Denton.pdf,e4432967a3c49a0172e1ac865577d147a4102fc6e6cc8f83141ec3a0fecb035b,C:\Users\gduff\Downloads\cb-tb-1601-2200-v5-factory-run\pdfs\CB-TB-1752_Denton.pdf,pdf_inventory_criminal,pdf_hash_unique|dupes=2,NO_GOLD,criminal,OFFLINE_CLIENT_PROJECTION,,,
sha:e44aebde42177906fa96230cab49892df7b380d3e18b3370caa1b6f1f4aa50e2,PDF-e44aebde4217,mg5 case summary,mg5 case summary.pdf,e44aebde42177906fa96230cab49892df7b380d3e18b3370caa1b6f1f4aa50e2,C:\Users\gduff\Downloads\mg5 case summary.pdf,pdf_inventory,pdf_hash_unique|dupes=1,NO_GOLD,criminal,OFFLINE_CLIENT_PROJECTION,,,
sha:e46547879ef5cda2be07cf9676d6e46bd077b4f8f925a6ea5c4c1129575e887f,PDF-e46547879ef5,CB-TB-1871_Carter,CB-TB-1871_Carter.pdf,e46547879ef5cda2be07cf9676d6e46bd077b4f8f925a6ea5c4c1129575e887f,C:\Users\gduff\Downloads\cb-tb-1601-2200-v5-factory-run\pdfs\CB-TB-1871_Carter.pdf,pdf_inventory_criminal,pdf_hash_unique|dupes=2,NO_GOLD,criminal,OFFLINE_CLIENT_PROJECTION,,,
sha:e470d6e43e05ca19dba84d74e241b36c5810f55d78bb66f54337a2759ee6a169,PDF-e470d6e43e05,CB-TB-880_Dawson,CB-TB-880_Dawson.pdf,e470d6e43e05ca19dba84d74e241b36c5810f55d78bb66f54337a2759ee6a169,C:\Users\gduff\Downloads\cb-tb-801-900-v5\pdfs\CB-TB-880_Dawson.pdf,pdf_inventory_criminal,pdf_hash_unique|dupes=1,NO_GOLD,criminal,OFFLINE_CLIENT_PROJECTION,,,
sha:e4b0559f68e667b5851b5af5697c0aeb58d3e76f01ac16ee06d2770e7fafdc50,PDF-e4b0559f68e6,CB-TB-886_Hussain,CB-TB-886_Hussain.pdf,e4b0559f68e667b5851b5af5697c0aeb58d3e76f01ac16ee06d2770e7fafdc50,C:\Users\gduff\Downloads\cb-tb-801-900-v5\pdfs\CB-TB-886_Hussain.pdf,pdf_inventory_criminal,pdf_hash_unique|dupes=1,NO_GOLD,criminal,OFFLINE_CLIENT_PROJECTION,,,
sha:e4b98d29b722c02179560fc6413f20725b82b82f95e491766268510fb8b819ce,PDF-e4b98d29b722,CB-TB-140_Baines,CB-TB-140_Baines.pdf,e4b98d29b722c02179560fc6413f20725b82b82f95e491766268510fb8b819ce,C:\Users\gduff\Downloads\cb-tb-101-200-v4\pdfs\CB-TB-140_Baines.pdf,pdf_inventory_criminal,pdf_hash_unique|dupes=1,NO_GOLD,criminal,OFFLINE_CLIENT_PROJECTION,,,
sha:e4c7b6b903fd95c331ba0cad9bd4f11d2dcee36e546884ea318af83e578f7152,PDF-e4c7b6b903fd,CB-TB-1429_Stone,CB-TB-1429_Stone.pdf,e4c7b6b903fd95c331ba0cad9bd4f11d2dcee36e546884ea318af83e578f7152,C:\Users\gduff\Downloads\cb-tb-1401-1500-v5-tmp\pdfs\CB-TB-1429_Stone.pdf,pdf_inventory_criminal,pdf_hash_unique|dupes=1,NO_GOLD,criminal,OFFLINE_CLIENT_PROJECTION,,,
sha:e4f4e7d63ee391fe9b1a799f629c3928fdd7408efa3ebd75d1b7caba7b3fde8d,PDF-e4f4e7d63ee3,CB-TB-1052_Morris,CB-TB-1052_Morris.pdf,e4f4e7d63ee391fe9b1a799f629c3928fdd7408efa3ebd75d1b7caba7b3fde8d,C:\Users\gduff\Downloads\cb-tb-901-1100-v5\pdfs\CB-TB-1052_Morris.pdf,pdf_inventory_criminal,pdf_hash_unique|dupes=2,NO_GOLD,criminal,OFFLINE_CLIENT_PROJECTION,,,
sha:e50a1f5e47c96e999f76c06503ccacc55a2e34986b1b98acdb5ff52d47ec5d41,PDF-e50a1f5e47c9,CB-TB-116_Merritt,CB-TB-116_Merritt.pdf,e50a1f5e47c96e999f76c06503ccacc55a2e34986b1b98acdb5ff52d47ec5d41,C:\Users\gduff\Downloads\cb-tb-101-200-v4\pdfs\CB-TB-116_Merritt.pdf,pdf_inventory_criminal,pdf_hash_unique|dupes=1,NO_GOLD,criminal,OFFLINE_CLIENT_PROJECTION,,,
sha:e50cc4fb0fb62e5b5e806d38fcdd21f19754b21b21ada79338413f076ef55a3d,PDF-e50cc4fb0fb6,CB-TB-846_Hussain,CB-TB-846_Hussain.pdf,e50cc4fb0fb62e5b5e806d38fcdd21f19754b21b21ada79338413f076ef55a3d,C:\Users\gduff\Downloads\cb-tb-801-900-v5\pdfs\CB-TB-846_Hussain.pdf,pdf_inventory_criminal,pdf_hash_unique|dupes=1,NO_GOLD,criminal,OFFLINE_CLIENT_PROJECTION,,,
sha:e533f9616fac450f6102bde387cff8b058043198c27e42dd2ef746cfae414e67,PDF-e533f9616fac,CB-TB-1709_Mercer,CB-TB-1709_Mercer.pdf,e533f9616fac450f6102bde387cff8b058043198c27e42dd2ef746cfae414e67,C:\Users\gduff\Downloads\cb-tb-1601-2200-v5-factory-run\pdfs\CB-TB-1709_Mercer.pdf,pdf_inventory_criminal,pdf_hash_unique|dupes=2,NO_GOLD,criminal,OFFLINE_CLIENT_PROJECTION,,,
sha:e545bf0a284fdde72670fc63b2ff10f5157050c01ab4ea61be14777cfa7b2c5c,PDF-e545bf0a284f,CB-TB-2029_Patel,CB-TB-2029_Patel.pdf,e545bf0a284fdde72670fc63b2ff10f5157050c01ab4ea61be14777cfa7b2c5c,C:\Users\gduff\Downloads\cb-tb-1601-2200-v5-factory-run\pdfs\CB-TB-2029_Patel.pdf,pdf_inventory_criminal,pdf_hash_unique|dupes=2,NO_GOLD,criminal,OFFLINE_CLIENT_PROJECTION,,,
sha:e55a5d13c5dd3136a9e6426d861b98891738ca1a6e1eabaff84d8ddbc60ec99d,PDF-e55a5d13c5dd,CB-TB-1644_Fletcher,CB-TB-1644_Fletcher.pdf,e55a5d13c5dd3136a9e6426d861b98891738ca1a6e1eabaff84d8ddbc60ec99d,C:\Users\gduff\Downloads\cb-tb-1601-2200-v5-factory-run\pdfs\CB-TB-1644_Fletcher.pdf,pdf_inventory_criminal,pdf_hash_unique|dupes=4,NO_GOLD,criminal,OFFLINE_CLIENT_PROJECTION,,,
sha:e57012c0c66b4e620d3eb34e562d6f7b9a77286010d5ae66ed2ecead69907081,PDF-e57012c0c66b,CB-TB-1978_Naylor,CB-TB-1978_Naylor.pdf,e57012c0c66b4e620d3eb34e562d6f7b9a77286010d5ae66ed2ecead69907081,C:\Users\gduff\Downloads\cb-tb-1601-2200-v5-factory-run\pdfs\CB-TB-1978_Naylor.pdf,pdf_inventory_criminal,pdf_hash_unique|dupes=2,NO_GOLD,criminal,OFFLINE_CLIENT_PROJECTION,,,
sha:e590da40765cda528ebe892e702a24f061338578516307996d3686b5c0ad4e6f,PDF-e590da40765c,CB-TB-610_Reed,CB-TB-610_Reed.pdf,e590da40765cda528ebe892e702a24f061338578516307996d3686b5c0ad4e6f,C:\Users\gduff\Downloads\cb-tb-601-700-v5\pdfs\CB-TB-610_Reed.pdf,pdf_inventory_criminal,pdf_hash_unique|dupes=1,NO_GOLD,criminal,OFFLINE_CLIENT_PROJECTION,,,
sha:e5a610c1febdd5cb686f093ba296f91a390af914ca23412dc05f900cf073226b,PDF-e5a610c1febd,CB-TB-988_Rees,CB-TB-988_Rees.pdf,e5a610c1febdd5cb686f093ba296f91a390af914ca23412dc05f900cf073226b,C:\Users\gduff\Downloads\cb-tb-901-1100-v5\pdfs\CB-TB-988_Rees.pdf,pdf_inventory_criminal,pdf_hash_unique|dupes=2,NO_GOLD,criminal,OFFLINE_CLIENT_PROJECTION,,,
sha:e5b0da4e185cac95732392a91f3871fdec6d3c06180f496521f6a1c5f9a55c5c,PDF-e5b0da4e185c,CB-TB-999_Mahmood,CB-TB-999_Mahmood.pdf,e5b0da4e185cac95732392a91f3871fdec6d3c06180f496521f6a1c5f9a55c5c,C:\Users\gduff\Downloads\cb-tb-901-1100-v5\pdfs\CB-TB-999_Mahmood.pdf,pdf_inventory_criminal,pdf_hash_unique|dupes=2,NO_GOLD,criminal,OFFLINE_CLIENT_PROJECTION,,,
sha:e5d59e651f8cee97c5825765a375102ad60bfc626a79ec0206565c4ddd8f00f2,PDF-e5d59e651f8c,CB-TB-1262_Merritt,CB-TB-1262_Merritt.pdf,e5d59e651f8cee97c5825765a375102ad60bfc626a79ec0206565c4ddd8f00f2,C:\Users\gduff\Downloads\cb-tb-1201-1300-v5\pdfs\CB-TB-1262_Merritt.pdf,pdf_inventory_criminal,pdf_hash_unique|dupes=2,NO_GOLD,criminal,OFFLINE_CLIENT_PROJECTION,,,
sha:e5de0a7a214fb5a7795c609427d71bef3fa5fcd6546eaad636cb84ff51b60871,PDF-e5de0a7a214f,CB-TB-2155_Austin,CB-TB-2155_Austin.pdf,e5de0a7a214fb5a7795c609427d71bef3fa5fcd6546eaad636cb84ff51b60871,C:\Users\gduff\Downloads\cb-tb-1601-2200-v5-factory-run\pdfs\CB-TB-2155_Austin.pdf,pdf_inventory_criminal,pdf_hash_unique|dupes=2,NO_GOLD,criminal,OFFLINE_CLIENT_PROJECTION,,,
sha:e611e9edf58b5816ecb7c4420389b687185d8cf36cf250e558f22838eb511420,PDF-e611e9edf58b,CB-TB-1244_Ross,CB-TB-1244_Ross.pdf,e611e9edf58b5816ecb7c4420389b687185d8cf36cf250e558f22838eb511420,C:\Users\gduff\Downloads\cb-tb-1201-1300-v5\pdfs\CB-TB-1244_Ross.pdf,pdf_inventory_criminal,pdf_hash_unique|dupes=2,NO_GOLD,criminal,OFFLINE_CLIENT_PROJECTION,,,
sha:e6170f37439fc23f3180228078bdd85a7b42460f0f0ce2fdf5a13bcd3a92616c,PDF-e6170f37439f,CB-TB-841_Hale,CB-TB-841_Hale.pdf,e6170f37439fc23f3180228078bdd85a7b42460f0f0ce2fdf5a13bcd3a92616c,C:\Users\gduff\Downloads\cb-tb-801-900-v5\pdfs\CB-TB-841_Hale.pdf,pdf_inventory_criminal,pdf_hash_unique|dupes=1,NO_GOLD,criminal,OFFLINE_CLIENT_PROJECTION,,,
sha:e63c707ce8b6f8d78f860211dc942c736f662806df484008188c84e74aadf7f8,PDF-e63c707ce8b6,CB-TB-1737_Brookes,CB-TB-1737_Brookes.pdf,e63c707ce8b6f8d78f860211dc942c736f662806df484008188c84e74aadf7f8,C:\Users\gduff\Downloads\cb-tb-1601-2200-v5-factory-run\pdfs\CB-TB-1737_Brookes.pdf,pdf_inventory_criminal,pdf_hash_unique|dupes=2,NO_GOLD,criminal,OFFLINE_CLIENT_PROJECTION,,,
sha:e64cca9fd7404e55d872039f8719addc9cc113178fa3e195064aebb10a45bd17,PDF-e64cca9fd740,CB-TB-352_Brooks,CB-TB-352_Brooks.pdf,e64cca9fd7404e55d872039f8719addc9cc113178fa3e195064aebb10a45bd17,C:\Users\gduff\Downloads\cb-tb-301-400-v4\pdfs\CB-TB-352_Brooks.pdf,pdf_inventory_criminal,pdf_hash_unique|dupes=2,NO_GOLD,criminal,OFFLINE_CLIENT_PROJECTION,,,
sha:e6559f5994066805ae5b1594b8d3f01e07df805a3af3e859d640f89817e624af,PDF-e6559f599406,CB-TB-378_Blake,CB-TB-378_Blake.pdf,e6559f5994066805ae5b1594b8d3f01e07df805a3af3e859d640f89817e624af,C:\Users\gduff\Downloads\cb-tb-301-400-v4\pdfs\CB-TB-378_Blake.pdf,pdf_inventory_criminal,pdf_hash_unique|dupes=2,NO_GOLD,criminal,OFFLINE_CLIENT_PROJECTION,,,
sha:e690e07549f194991bc9fffb23d6b5e7ea05e5127b3b7f1398acd61984d00017,PDF-e690e07549f1,CB-TB-1487_Khan,CB-TB-1487_Khan.pdf,e690e07549f194991bc9fffb23d6b5e7ea05e5127b3b7f1398acd61984d00017,C:\Users\gduff\Downloads\cb-tb-1401-1500-v5-tmp\pdfs\CB-TB-1487_Khan.pdf,pdf_inventory_criminal,pdf_hash_unique|dupes=1,NO_GOLD,criminal,OFFLINE_CLIENT_PROJECTION,,,
sha:e6aa50c96af1b91be63e5c6cc0bdb4e607499cdbd44b4b89b60398de37cc5538,PDF-e6aa50c96af1,CB-TB-931_Walsh,CB-TB-931_Walsh.pdf,e6aa50c96af1b91be63e5c6cc0bdb4e607499cdbd44b4b89b60398de37cc5538,C:\Users\gduff\Downloads\cb-tb-901-1100-v5\pdfs\CB-TB-931_Walsh.pdf,pdf_inventory_criminal,pdf_hash_unique|dupes=2,NO_GOLD,criminal,OFFLINE_CLIENT_PROJECTION,,,
sha:e6cdb0ac89ffe3109de25a2668004643aa4e70cfda56a7b471f60af2d52e4f5c,PDF-e6cdb0ac89ff,CB-TB-630_Doyle,CB-TB-630_Doyle.pdf,e6cdb0ac89ffe3109de25a2668004643aa4e70cfda56a7b471f60af2d52e4f5c,C:\Users\gduff\Downloads\cb-tb-601-700-v5\pdfs\CB-TB-630_Doyle.pdf,pdf_inventory_criminal,pdf_hash_unique|dupes=1,NO_GOLD,criminal,OFFLINE_CLIENT_PROJECTION,,,
sha:e6efac5ad589175bd4f5879256846496a6d2c3d941ec67b5715bebefd5e3db4a,PDF-e6efac5ad589,CB-TB-544_Evans,CB-TB-544_Evans.pdf,e6efac5ad589175bd4f5879256846496a6d2c3d941ec67b5715bebefd5e3db4a,C:\Users\gduff\Downloads\cb-tb-501-600-v5-extract\pdfs\CB-TB-544_Evans.pdf,pdf_inventory_criminal,pdf_hash_unique|dupes=3,NO_GOLD,criminal,OFFLINE_CLIENT_PROJECTION,,,
sha:e711d7ad18cc1d2a36f7ecccf70b1606ba9f0bb23ac4d5ddda3d32d6883861a4,PDF-e711d7ad18cc,CB-TB-180_Okonkwo,CB-TB-180_Okonkwo.pdf,e711d7ad18cc1d2a36f7ecccf70b1606ba9f0bb23ac4d5ddda3d32d6883861a4,C:\Users\gduff\Downloads\cb-tb-101-200-v4\pdfs\CB-TB-180_Okonkwo.pdf,pdf_inventory_criminal,pdf_hash_unique|dupes=1,NO_GOLD,criminal,OFFLINE_CLIENT_PROJECTION,,,
sha:e752a5cd6455ddc54691216973900d56ab6e4560c4d3b8ddee5920c91b7c7e48,PDF-e752a5cd6455,CB-TB-1529_Fielding,CB-TB-1529_Fielding.pdf,e752a5cd6455ddc54691216973900d56ab6e4560c4d3b8ddee5920c91b7c7e48,C:\Users\gduff\Downloads\cb-tb-1501-1600-v5-factory-run\pdfs\CB-TB-1529_Fielding.pdf,pdf_inventory_criminal,pdf_hash_unique|dupes=2,NO_GOLD,criminal,OFFLINE_CLIENT_PROJECTION,,,
sha:e77dab1ff2277493712a08b901f5b78fc6f55e0952d028d1f37c2584bfd5d2b8,PDF-e77dab1ff227,CB-TB-2165_Kerr,CB-TB-2165_Kerr.pdf,e77dab1ff2277493712a08b901f5b78fc6f55e0952d028d1f37c2584bfd5d2b8,C:\Users\gduff\Downloads\cb-tb-1601-2200-v5-factory-run\pdfs\CB-TB-2165_Kerr.pdf,pdf_inventory_criminal,pdf_hash_unique|dupes=2,NO_GOLD,criminal,OFFLINE_CLIENT_PROJECTION,,,
sha:e78b1d7950e51bf393e261ad04b6d43a006b45702e57cb2824a21bafd1412113,PDF-e78b1d7950e5,CB-TB-1116_Cole,CB-TB-1116_Cole.pdf,e78b1d7950e51bf393e261ad04b6d43a006b45702e57cb2824a21bafd1412113,C:\Users\gduff\Downloads\cb-tb-1101-1400-v5\pdfs\CB-TB-1116_Cole.pdf,pdf_inventory_criminal,pdf_hash_unique|dupes=2,NO_GOLD,criminal,OFFLINE_CLIENT_PROJECTION,,,
sha:e78d0acf48d1cff9e46753687724662d30d8b11b29cc2fb24116bc7c2613e28f,PDF-e78d0acf48d1,CB-TB-368_Ash,CB-TB-368_Ash.pdf,e78d0acf48d1cff9e46753687724662d30d8b11b29cc2fb24116bc7c2613e28f,C:\Users\gduff\Downloads\cb-tb-301-400-v4\pdfs\CB-TB-368_Ash.pdf,pdf_inventory_criminal,pdf_hash_unique|dupes=2,NO_GOLD,criminal,OFFLINE_CLIENT_PROJECTION,,,
sha:e78d795c2bd49da8f087a40fc9653858f5bb50e888036ed590509e046ffd62f0,PDF-e78d795c2bd4,CB-TB-1660_Ross,CB-TB-1660_Ross.pdf,e78d795c2bd49da8f087a40fc9653858f5bb50e888036ed590509e046ffd62f0,C:\Users\gduff\Downloads\cb-tb-1601-2200-v5-factory-run\pdfs\CB-TB-1660_Ross.pdf,pdf_inventory_criminal,pdf_hash_unique|dupes=4,NO_GOLD,criminal,OFFLINE_CLIENT_PROJECTION,,,
sha:e79de640e4ee53198fdf95437ae179c4a5a31f01d25ad7e72ea8947a405fdb5d,PDF-e79de640e4ee,CB-TB-1023_Pike,CB-TB-1023_Pike.pdf,e79de640e4ee53198fdf95437ae179c4a5a31f01d25ad7e72ea8947a405fdb5d,C:\Users\gduff\Downloads\cb-tb-901-1100-v5\pdfs\CB-TB-1023_Pike.pdf,pdf_inventory_criminal,pdf_hash_unique|dupes=2,NO_GOLD,criminal,OFFLINE_CLIENT_PROJECTION,,,
sha:e7c73c8fe15659e956654b2c039aedc89441e55ea8f7e6ed618398cc868266f6,PDF-e7c73c8fe156,CB-TB-1501_Turner,CB-TB-1501_Turner.pdf,e7c73c8fe15659e956654b2c039aedc89441e55ea8f7e6ed618398cc868266f6,C:\Users\gduff\Downloads\cb-tb-1501-1600-v5-factory-run\pdfs\CB-TB-1501_Turner.pdf,pdf_inventory_criminal,pdf_hash_unique|dupes=2,NO_GOLD,criminal,OFFLINE_CLIENT_PROJECTION,,,
sha:e7e1f5fd986b82c882026529358126120f10e838828e252d379a5bf78690dac1,PDF-e7e1f5fd986b,CB-TB-404_Ali,CB-TB-404_Ali.pdf,e7e1f5fd986b82c882026529358126120f10e838828e252d379a5bf78690dac1,C:\Users\gduff\Downloads\cb-tb-401-500-v5\pdfs\CB-TB-404_Ali.pdf,pdf_inventory_criminal,pdf_hash_unique|dupes=2,NO_GOLD,criminal,OFFLINE_CLIENT_PROJECTION,,,
sha:e809bb8775de7201ec18c694580b2ceded628f83585766579ac5821a08f9685d,PDF-e809bb8775de,CB-TB-1212_Rowe,CB-TB-1212_Rowe.pdf,e809bb8775de7201ec18c694580b2ceded628f83585766579ac5821a08f9685d,C:\Users\gduff\Downloads\cb-tb-1201-1300-v5\pdfs\CB-TB-1212_Rowe.pdf,pdf_inventory_criminal,pdf_hash_unique|dupes=2,NO_GOLD,criminal,OFFLINE_CLIENT_PROJECTION,,,
sha:e80b92c4d67ed98abae3cb4d66e8472ea606cd6d0271a1568002a27aafb93175,PDF-e80b92c4d67e,CB-TB-1652_Okonkwo,CB-TB-1652_Okonkwo.pdf,e80b92c4d67ed98abae3cb4d66e8472ea606cd6d0271a1568002a27aafb93175,C:\Users\gduff\Downloads\cb-tb-1601-2200-v5-factory-run\pdfs\CB-TB-1652_Okonkwo.pdf,pdf_inventory_criminal,pdf_hash_unique|dupes=4,NO_GOLD,criminal,OFFLINE_CLIENT_PROJECTION,,,
sha:e8304f66015364c1e25524bbc1850303c3b325a0c9b64bc6a1e6c7ec0f6c7c74,PDF-e8304f660153,CB-TB-262_Vale,CB-TB-262_Vale.pdf,e8304f66015364c1e25524bbc1850303c3b325a0c9b64bc6a1e6c7ec0f6c7c74,C:\Users\gduff\Downloads\cb-tb-201-300-v4\pdfs\CB-TB-262_Vale.pdf,pdf_inventory_criminal,pdf_hash_unique|dupes=1,NO_GOLD,criminal,OFFLINE_CLIENT_PROJECTION,,,
sha:e831963488e8f3548917717a0e48ec8b5fddfa3cfbd909f4de6e9c553a6030e1,PDF-e831963488e8,CB-TB-1033_Hayes,CB-TB-1033_Hayes.pdf,e831963488e8f3548917717a0e48ec8b5fddfa3cfbd909f4de6e9c553a6030e1,C:\Users\gduff\Downloads\cb-tb-901-1100-v5\pdfs\CB-TB-1033_Hayes.pdf,pdf_inventory_criminal,pdf_hash_unique|dupes=2,NO_GOLD,criminal,OFFLINE_CLIENT_PROJECTION,,,
sha:e850de2f0b66e9403c0dd20a278031c2b955d34431763c1b509b2d73454561e6,PDF-e850de2f0b66,CB-TB-463_Gibson,CB-TB-463_Gibson.pdf,e850de2f0b66e9403c0dd20a278031c2b955d34431763c1b509b2d73454561e6,C:\Users\gduff\Downloads\cb-tb-401-500-v5\pdfs\CB-TB-463_Gibson.pdf,pdf_inventory_criminal,pdf_hash_unique|dupes=2,NO_GOLD,criminal,OFFLINE_CLIENT_PROJECTION,,,
sha:e8579c6f30c44098a5d3bb18f535d2a4e6adcdc0d88fec5682a13d1ed1d06eac,PDF-e8579c6f30c4,CB-TB-005_Rees,CB-TB-005_Rees.pdf,e8579c6f30c44098a5d3bb18f535d2a4e6adcdc0d88fec5682a13d1ed1d06eac,C:\Users\gduff\Downloads\cb-tb-001-030-v4\pdfs\CB-TB-005_Rees.pdf,pdf_inventory_criminal,pdf_hash_unique|dupes=1,NO_GOLD,criminal,OFFLINE_CLIENT_PROJECTION,,,
sha:e866fcb7ac51aca998089a4b744c48330fdb867e6f4d008456ae6205f201e855,PDF-e866fcb7ac51,CB-TB-1418_Walsh,CB-TB-1418_Walsh.pdf,e866fcb7ac51aca998089a4b744c48330fdb867e6f4d008456ae6205f201e855,C:\Users\gduff\Downloads\cb-tb-1401-1500-v5-tmp\pdfs\CB-TB-1418_Walsh.pdf,pdf_inventory_criminal,pdf_hash_unique|dupes=1,NO_GOLD,criminal,OFFLINE_CLIENT_PROJECTION,,,
sha:e8834a7872fccec015c18ed745b630d133331fc6e381150471464bdae3dabc7d,PDF-e8834a7872fc,CB-TB-002_Liam_Parker,CB-TB-002_Liam_Parker.pdf,e8834a7872fccec015c18ed745b630d133331fc6e381150471464bdae3dabc7d,C:\Users\gduff\Downloads\CaseBrain_Blind_Bundle_Factory_v2_30_bundles (1)\pdfs\CB-TB-002_Liam_Parker.pdf,pdf_inventory_criminal,pdf_hash_unique|dupes=2,NO_GOLD,criminal,OFFLINE_CLIENT_PROJECTION,,,
sha:e89a5246c2e2d5f6d03de722eeb67495fcd14a9c30d4d446315970c08ecfd188,PDF-e89a5246c2e2,CB-TB-1471_Bell,CB-TB-1471_Bell.pdf,e89a5246c2e2d5f6d03de722eeb67495fcd14a9c30d4d446315970c08ecfd188,C:\Users\gduff\Downloads\cb-tb-1401-1500-v5-tmp\pdfs\CB-TB-1471_Bell.pdf,pdf_inventory_criminal,pdf_hash_unique|dupes=1,NO_GOLD,criminal,OFFLINE_CLIENT_PROJECTION,,,
sha:e8a787992e9384ca12f061ae025382892cb1c30c17a62dd9ec4550e481317c4b,PDF-e8a787992e93,CB-TB-1695_Booth,CB-TB-1695_Booth.pdf,e8a787992e9384ca12f061ae025382892cb1c30c17a62dd9ec4550e481317c4b,C:\Users\gduff\Downloads\cb-tb-1601-2200-v5-factory-run\pdfs\CB-TB-1695_Booth.pdf,pdf_inventory_criminal,pdf_hash_unique|dupes=4,NO_GOLD,criminal,OFFLINE_CLIENT_PROJECTION,,,
sha:e8de38d14bb998f7ad8a256a23c80ba6fa8d5107bf4ff7c536b3b3f670aee424,PDF-e8de38d14bb9,CB-TB-040_Stone,CB-TB-040_Stone.pdf,e8de38d14bb998f7ad8a256a23c80ba6fa8d5107bf4ff7c536b3b3f670aee424,C:\Users\gduff\Downloads\cb-tb-001-050-v3\pdfs\CB-TB-040_Stone.pdf,pdf_inventory_criminal,pdf_hash_unique|dupes=2,NO_GOLD,criminal,OFFLINE_CLIENT_PROJECTION,,,
sha:e91504b9f79219919f11bd9354a7753de0c57dfe451b70ed6d514583e85743a6,PDF-e91504b9f792,CB-TB-727_Brooks,CB-TB-727_Brooks.pdf,e91504b9f79219919f11bd9354a7753de0c57dfe451b70ed6d514583e85743a6,C:\Users\gduff\Downloads\cb-tb-701-800-v5\pdfs\CB-TB-727_Brooks.pdf,pdf_inventory_criminal,pdf_hash_unique|dupes=1,NO_GOLD,criminal,OFFLINE_CLIENT_PROJECTION,,,
sha:e93817ce2d7fb701b4d705f1fd7c73ea50ce83a89d6bc0967bcb0d7336dffb6d,PDF-e93817ce2d7f,CB-TB-2184_Ford,CB-TB-2184_Ford.pdf,e93817ce2d7fb701b4d705f1fd7c73ea50ce83a89d6bc0967bcb0d7336dffb6d,C:\Users\gduff\Downloads\cb-tb-1601-2200-v5-factory-run\pdfs\CB-TB-2184_Ford.pdf,pdf_inventory_criminal,pdf_hash_unique|dupes=2,NO_GOLD,criminal,OFFLINE_CLIENT_PROJECTION,,,
sha:e9890bc97c87fb85b284bd8c37db91b2fe3ec2b015a9e1c6310e2c1f00e2581d,PDF-e9890bc97c87,CB-TB-663_Stone,CB-TB-663_Stone.pdf,e9890bc97c87fb85b284bd8c37db91b2fe3ec2b015a9e1c6310e2c1f00e2581d,C:\Users\gduff\Downloads\cb-tb-601-700-v5\pdfs\CB-TB-663_Stone.pdf,pdf_inventory_criminal,pdf_hash_unique|dupes=1,NO_GOLD,criminal,OFFLINE_CLIENT_PROJECTION,,,
sha:e99337b1c73c6ace85eb60ab6720bd95db9511a3e6af886f54da1dd5cb27eb11,PDF-e99337b1c73c,CB-TB-2014_Thornton,CB-TB-2014_Thornton.pdf,e99337b1c73c6ace85eb60ab6720bd95db9511a3e6af886f54da1dd5cb27eb11,C:\Users\gduff\Downloads\cb-tb-1601-2200-v5-factory-run\pdfs\CB-TB-2014_Thornton.pdf,pdf_inventory_criminal,pdf_hash_unique|dupes=2,NO_GOLD,criminal,OFFLINE_CLIENT_PROJECTION,,,
sha:e99453f2f8f91721a20de3808c6565aa5868990ba6c60c8e8ef8dfbbd0672c43,PDF-e99453f2f8f9,CB-TB-1290_Shah,CB-TB-1290_Shah.pdf,e99453f2f8f91721a20de3808c6565aa5868990ba6c60c8e8ef8dfbbd0672c43,C:\Users\gduff\Downloads\cb-tb-1201-1300-v5\pdfs\CB-TB-1290_Shah.pdf,pdf_inventory_criminal,pdf_hash_unique|dupes=2,NO_GOLD,criminal,OFFLINE_CLIENT_PROJECTION,,,
sha:e9bdea081a31336bee8347d662051fefece025dcb5b3da50b45c8248546b5b39,PDF-e9bdea081a31,charge-sheet.pdf,charge-sheet.pdf.pdf,e9bdea081a31336bee8347d662051fefece025dcb5b3da50b45c8248546b5b39,C:\Users\gduff\Downloads\charge-sheet.pdf.pdf,pdf_inventory,pdf_hash_unique|dupes=1,NO_GOLD,criminal,OFFLINE_CLIENT_PROJECTION,,,
sha:e9bdfcea56457cb924224f501e6d34f51cf5018f99e922116813c7ec19d19459,PDF-e9bdfcea5645,CB-TB-1014_Wright,CB-TB-1014_Wright.pdf,e9bdfcea56457cb924224f501e6d34f51cf5018f99e922116813c7ec19d19459,C:\Users\gduff\Downloads\cb-tb-901-1100-v5\pdfs\CB-TB-1014_Wright.pdf,pdf_inventory_criminal,pdf_hash_unique|dupes=2,NO_GOLD,criminal,OFFLINE_CLIENT_PROJECTION,,,
sha:e9e33cbed74dc06e0e4bc4942d960557ca284b888da71b59d79224a0b2856b90,PDF-e9e33cbed74d,CB-TB-2135_Bennett,CB-TB-2135_Bennett.pdf,e9e33cbed74dc06e0e4bc4942d960557ca284b888da71b59d79224a0b2856b90,C:\Users\gduff\Downloads\cb-tb-1601-2200-v5-factory-run\pdfs\CB-TB-2135_Bennett.pdf,pdf_inventory_criminal,pdf_hash_unique|dupes=2,NO_GOLD,criminal,OFFLINE_CLIENT_PROJECTION,,,
sha:e9fbf463f6aec6f229ea0ada385df91a26ae6a5d1be009337bc995965dc4441c,PDF-e9fbf463f6ae,CB-TB-16_Kian_Doyle,CB-TB-16_Kian_Doyle.pdf,e9fbf463f6aec6f229ea0ada385df91a26ae6a5d1be009337bc995965dc4441c,C:\Users\gduff\Downloads\CB-TB-16_Kian_Doyle.pdf,pdf_inventory_criminal,pdf_hash_unique|dupes=2,NO_GOLD,criminal,BACKEND_LIVE,,50cc0470-198e-4334-ae55-ca913bf02fae,new cases for cursor — Case 8
sha:ea0b41a7f9ac4023868a4ea42cda3af68e0df29fa18cff6be7a0d67871ce2a63,PDF-ea0b41a7f9ac,CB-TB-2032_Parker,CB-TB-2032_Parker.pdf,ea0b41a7f9ac4023868a4ea42cda3af68e0df29fa18cff6be7a0d67871ce2a63,C:\Users\gduff\Downloads\cb-tb-1601-2200-v5-factory-run\pdfs\CB-TB-2032_Parker.pdf,pdf_inventory_criminal,pdf_hash_unique|dupes=2,NO_GOLD,criminal,OFFLINE_CLIENT_PROJECTION,,,
sha:ea37406a93d82fea598e37566e05f068b662ed5345ab29a7a522f2b52dc3e509,PDF-ea37406a93d8,CB-TB-624_Shaw,CB-TB-624_Shaw.pdf,ea37406a93d82fea598e37566e05f068b662ed5345ab29a7a522f2b52dc3e509,C:\Users\gduff\Downloads\cb-tb-601-700-v5\pdfs\CB-TB-624_Shaw.pdf,pdf_inventory_criminal,pdf_hash_unique|dupes=1,NO_GOLD,criminal,OFFLINE_CLIENT_PROJECTION,,,
sha:ea47664791bd56e09761c2688c8da62e6020afc71ab9105d3d42f2f7fd9edcc1,PDF-ea47664791bd,CB-TB-032_Owens,CB-TB-032_Owens.pdf,ea47664791bd56e09761c2688c8da62e6020afc71ab9105d3d42f2f7fd9edcc1,C:\Users\gduff\Downloads\cb-tb-001-050-v3\pdfs\CB-TB-032_Owens.pdf,pdf_inventory_criminal,pdf_hash_unique|dupes=2,NO_GOLD,criminal,OFFLINE_CLIENT_PROJECTION,,,
sha:ea6580465368bce176e81e0a664276c4f54c4dddaaf053b0686de8ce54cad68f,PDF-ea6580465368,CB-TB-061_Ash,CB-TB-061_Ash.pdf,ea6580465368bce176e81e0a664276c4f54c4dddaaf053b0686de8ce54cad68f,C:\Users\gduff\Downloads\cb-tb-031-100-v4\pdfs\CB-TB-061_Ash.pdf,pdf_inventory_criminal,pdf_hash_unique|dupes=1,NO_GOLD,criminal,OFFLINE_CLIENT_PROJECTION,,,
sha:ea766c9652a131b1fa2f71dafd8da17b8dceca2b5137eedcc298ffe44702e7fd,PDF-ea766c9652a1,CB-TB-192_Shaw,CB-TB-192_Shaw.pdf,ea766c9652a131b1fa2f71dafd8da17b8dceca2b5137eedcc298ffe44702e7fd,C:\Users\gduff\Downloads\cb-tb-101-200-v4\pdfs\CB-TB-192_Shaw.pdf,pdf_inventory_criminal,pdf_hash_unique|dupes=1,NO_GOLD,criminal,OFFLINE_CLIENT_PROJECTION,,,
sha:eab025cada335d6a017414ea991d27163ddb22f99991f06eafa98076776daec6,PDF-eab025cada33,CB-TB-787_Olsen,CB-TB-787_Olsen.pdf,eab025cada335d6a017414ea991d27163ddb22f99991f06eafa98076776daec6,C:\Users\gduff\Downloads\cb-tb-701-800-v5\pdfs\CB-TB-787_Olsen.pdf,pdf_inventory_criminal,pdf_hash_unique|dupes=1,NO_GOLD,criminal,OFFLINE_CLIENT_PROJECTION,,,
sha:ead4156ab6324027aed100d775ab4b4584a562cad1114220cd5fd8227aa95f84,PDF-ead4156ab632,CB-TB-1717_Holland,CB-TB-1717_Holland.pdf,ead4156ab6324027aed100d775ab4b4584a562cad1114220cd5fd8227aa95f84,C:\Users\gduff\Downloads\cb-tb-1601-2200-v5-factory-run\pdfs\CB-TB-1717_Holland.pdf,pdf_inventory_criminal,pdf_hash_unique|dupes=2,NO_GOLD,criminal,OFFLINE_CLIENT_PROJECTION,,,
sha:eaf252666fe8b536952045e26e9d4be030d52f8389b3e11dd72b14145295a1fc,PDF-eaf252666fe8,CB-TB-1176_Merritt,CB-TB-1176_Merritt.pdf,eaf252666fe8b536952045e26e9d4be030d52f8389b3e11dd72b14145295a1fc,C:\Users\gduff\Downloads\cb-tb-1101-1400-v5\pdfs\CB-TB-1176_Merritt.pdf,pdf_inventory_criminal,pdf_hash_unique|dupes=2,NO_GOLD,criminal,OFFLINE_CLIENT_PROJECTION,,,
sha:eb1a310a695c46f80c8f291e67d00433b76ec09facfcbb8e5a8343eeed07a0a9,PDF-eb1a310a695c,CB-TB-960_Clarke,CB-TB-960_Clarke.pdf,eb1a310a695c46f80c8f291e67d00433b76ec09facfcbb8e5a8343eeed07a0a9,C:\Users\gduff\Downloads\cb-tb-901-1100-v5\pdfs\CB-TB-960_Clarke.pdf,pdf_inventory_criminal,pdf_hash_unique|dupes=2,NO_GOLD,criminal,OFFLINE_CLIENT_PROJECTION,,,
sha:eb1c3f05b2fddc52c705d002a51ac365bdf683574c5235e0872d152a377bc0ca,PDF-eb1c3f05b2fd,CB-TB-1961_Akhtar,CB-TB-1961_Akhtar.pdf,eb1c3f05b2fddc52c705d002a51ac365bdf683574c5235e0872d152a377bc0ca,C:\Users\gduff\Downloads\cb-tb-1601-2200-v5-factory-run\pdfs\CB-TB-1961_Akhtar.pdf,pdf_inventory_criminal,pdf_hash_unique|dupes=2,NO_GOLD,criminal,OFFLINE_CLIENT_PROJECTION,,,
sha:eb3f602d6b0428dd58856c7b4669b252b5e565537135dbfc76a6edaf3bea773f,PDF-eb3f602d6b04,CB-TB-706_Foster,CB-TB-706_Foster.pdf,eb3f602d6b0428dd58856c7b4669b252b5e565537135dbfc76a6edaf3bea773f,C:\Users\gduff\Downloads\cb-tb-701-800-v5\pdfs\CB-TB-706_Foster.pdf,pdf_inventory_criminal,pdf_hash_unique|dupes=1,NO_GOLD,criminal,OFFLINE_CLIENT_PROJECTION,,,
sha:eb46e18ef22aa8fc306b83af3270837d2cd6762827fd59d89506f393822f1a36,PDF-eb46e18ef22a,CB-TB-521_Doyle,CB-TB-521_Doyle.pdf,eb46e18ef22aa8fc306b83af3270837d2cd6762827fd59d89506f393822f1a36,C:\Users\gduff\Downloads\cb-tb-501-600-v5-extract\pdfs\CB-TB-521_Doyle.pdf,pdf_inventory_criminal,pdf_hash_unique|dupes=3,NO_GOLD,criminal,OFFLINE_CLIENT_PROJECTION,,,
sha:eb4cb6d7c90c9f29570c42f7330bf188f0476d10cdb850c86da10cd8f2caf91a,PDF-eb4cb6d7c90c,CB-TB-2181_Clarke,CB-TB-2181_Clarke.pdf,eb4cb6d7c90c9f29570c42f7330bf188f0476d10cdb850c86da10cd8f2caf91a,C:\Users\gduff\Downloads\cb-tb-1601-2200-v5-factory-run\pdfs\CB-TB-2181_Clarke.pdf,pdf_inventory_criminal,pdf_hash_unique|dupes=2,NO_GOLD,criminal,OFFLINE_CLIENT_PROJECTION,,,
sha:eb53a2ab4b985b30211b8b37ebecf53720ee81c29fc762060de035dcf1c1e03a,PDF-eb53a2ab4b98,NS-CPS-2026-0502,NS-CPS-2026-0502.pdf,eb53a2ab4b985b30211b8b37ebecf53720ee81c29fc762060de035dcf1c1e03a,C:\Users\gduff\Downloads\NS-CPS-2026-0502.pdf,pdf_inventory,pdf_hash_unique|dupes=1,NO_GOLD,criminal,OFFLINE_CLIENT_PROJECTION,,,
sha:eb886a64badc4083e441e29339880dd96350bf3208546a19fe24a6bfbc198963,PDF-eb886a64badc,CB-TB-19_Ella_Shaw,CB-TB-19_Ella_Shaw.pdf,eb886a64badc4083e441e29339880dd96350bf3208546a19fe24a6bfbc198963,C:\Users\gduff\Downloads\CB-TB-19_Ella_Shaw.pdf,pdf_inventory_criminal,pdf_hash_unique|dupes=2,NO_GOLD,criminal,BACKEND_LIVE,,33dff443-d760-46e7-99bd-30240b35fa97,new cases for cursor — Case 9
sha:eb8b36636c7d853c4bc1b7591f656cb90e856c9d7b1ca1604da7d54d1e3c1bc5,PDF-eb8b36636c7d,CB-TB-235_Lark,CB-TB-235_Lark.pdf,eb8b36636c7d853c4bc1b7591f656cb90e856c9d7b1ca1604da7d54d1e3c1bc5,C:\Users\gduff\Downloads\cb-tb-201-300-v4\pdfs\CB-TB-235_Lark.pdf,pdf_inventory_criminal,pdf_hash_unique|dupes=1,NO_GOLD,criminal,OFFLINE_CLIENT_PROJECTION,,,
sha:eb92784447b6b9f57feb196cb812dc3222dcfc6277e66a9eefcf65ef4be0fbbd,PDF-eb92784447b6,CB-TB-009_Pike,CB-TB-009_Pike.pdf,eb92784447b6b9f57feb196cb812dc3222dcfc6277e66a9eefcf65ef4be0fbbd,C:\Users\gduff\Downloads\cb-tb-001-050-v3\pdfs\CB-TB-009_Pike.pdf,pdf_inventory_criminal,pdf_hash_unique|dupes=2,NO_GOLD,criminal,OFFLINE_CLIENT_PROJECTION,,,
sha:ebb9aa569ce865e00017046c211527635d330da3ec19c12ba9375d5a14c2f9e2,PDF-ebb9aa569ce8,CB-TB-1162_Merritt,CB-TB-1162_Merritt.pdf,ebb9aa569ce865e00017046c211527635d330da3ec19c12ba9375d5a14c2f9e2,C:\Users\gduff\Downloads\cb-tb-1101-1400-v5\pdfs\CB-TB-1162_Merritt.pdf,pdf_inventory_criminal,pdf_hash_unique|dupes=2,NO_GOLD,criminal,OFFLINE_CLIENT_PROJECTION,,,
sha:ebbaa7deed83ff29a771d2f500de77e87aa5bc66670180f68be821ce2efe92d0,PDF-ebbaa7deed83,CB-TB-1633_Nolan,CB-TB-1633_Nolan.pdf,ebbaa7deed83ff29a771d2f500de77e87aa5bc66670180f68be821ce2efe92d0,C:\Users\gduff\Downloads\cb-tb-1601-2200-v5-factory-run\pdfs\CB-TB-1633_Nolan.pdf,pdf_inventory_criminal,pdf_hash_unique|dupes=4,NO_GOLD,criminal,OFFLINE_CLIENT_PROJECTION,,,
sha:ebbc6e13e46a582c0d7ffb7d43d480af70b8a079a087f65f6e00416f9b6e14aa,PDF-ebbc6e13e46a,CB-TB-1883_Sutton,CB-TB-1883_Sutton.pdf,ebbc6e13e46a582c0d7ffb7d43d480af70b8a079a087f65f6e00416f9b6e14aa,C:\Users\gduff\Downloads\cb-tb-1601-2200-v5-factory-run\pdfs\CB-TB-1883_Sutton.pdf,pdf_inventory_criminal,pdf_hash_unique|dupes=2,NO_GOLD,criminal,OFFLINE_CLIENT_PROJECTION,,,
sha:ebc3916f92ac81677aa1edcd6f462d50a4a1df82c04fa3f4f319b2570a4752f0,PDF-ebc3916f92ac,CB-TB-651_Parker,CB-TB-651_Parker.pdf,ebc3916f92ac81677aa1edcd6f462d50a4a1df82c04fa3f4f319b2570a4752f0,C:\Users\gduff\Downloads\cb-tb-601-700-v5\pdfs\CB-TB-651_Parker.pdf,pdf_inventory_criminal,pdf_hash_unique|dupes=1,NO_GOLD,criminal,OFFLINE_CLIENT_PROJECTION,,,
sha:ebd3b3fa35b1909307c4b347a700d85ad65ee74ab7ae07b326b233548fcedb75,PDF-ebd3b3fa35b1,CB-TB-2022_Kerr,CB-TB-2022_Kerr.pdf,ebd3b3fa35b1909307c4b347a700d85ad65ee74ab7ae07b326b233548fcedb75,C:\Users\gduff\Downloads\cb-tb-1601-2200-v5-factory-run\pdfs\CB-TB-2022_Kerr.pdf,pdf_inventory_criminal,pdf_hash_unique|dupes=2,NO_GOLD,criminal,OFFLINE_CLIENT_PROJECTION,,,
sha:ec012bf856661559db0c80a53d0be8691be7fa36279101a103379277a80d46c4,PDF-ec012bf85666,CB-TB-1519_Singh,CB-TB-1519_Singh.pdf,ec012bf856661559db0c80a53d0be8691be7fa36279101a103379277a80d46c4,C:\Users\gduff\Downloads\cb-tb-1501-1600-v5-factory-run\pdfs\CB-TB-1519_Singh.pdf,pdf_inventory_criminal,pdf_hash_unique|dupes=2,NO_GOLD,criminal,OFFLINE_CLIENT_PROJECTION,,,
sha:ec219d6141977c0c08ec20b3396eed0705cc902da4e0d30d494184de56701794,PDF-ec219d614197,CB-TB-668_Stone,CB-TB-668_Stone.pdf,ec219d6141977c0c08ec20b3396eed0705cc902da4e0d30d494184de56701794,C:\Users\gduff\Downloads\cb-tb-601-700-v5\pdfs\CB-TB-668_Stone.pdf,pdf_inventory_criminal,pdf_hash_unique|dupes=1,NO_GOLD,criminal,OFFLINE_CLIENT_PROJECTION,,,
sha:ec25bc4601f51527514496e16ab729e00ee115a3963c50f70242f4bbdb6071be,PDF-ec25bc4601f5,CB-TB-1485_Coates,CB-TB-1485_Coates.pdf,ec25bc4601f51527514496e16ab729e00ee115a3963c50f70242f4bbdb6071be,C:\Users\gduff\Downloads\cb-tb-1401-1500-v5-tmp\pdfs\CB-TB-1485_Coates.pdf,pdf_inventory_criminal,pdf_hash_unique|dupes=1,NO_GOLD,criminal,OFFLINE_CLIENT_PROJECTION,,,
sha:ec3ce846f121d4f897f7d9573b984b2d2d5bbfc16bbc8d50534c33fef19dbdaa,PDF-ec3ce846f121,CB-TB-082_Singh,CB-TB-082_Singh.pdf,ec3ce846f121d4f897f7d9573b984b2d2d5bbfc16bbc8d50534c33fef19dbdaa,C:\Users\gduff\Downloads\cb-tb-031-100-v4\pdfs\CB-TB-082_Singh.pdf,pdf_inventory_criminal,pdf_hash_unique|dupes=1,NO_GOLD,criminal,OFFLINE_CLIENT_PROJECTION,,,
sha:ec4b066636f4c2063c013c75fe29d768393b6fb191a5826a6a18092d9a757471,PDF-ec4b066636f4,CB-TB-001_Hale,CB-TB-001_Hale.pdf,ec4b066636f4c2063c013c75fe29d768393b6fb191a5826a6a18092d9a757471,C:\Users\gduff\Downloads\cb-tb-001-030-v4\pdfs\CB-TB-001_Hale.pdf,pdf_inventory_criminal,pdf_hash_unique|dupes=1,NO_GOLD,criminal,OFFLINE_CLIENT_PROJECTION,,,
sha:ec7bf553a3b9a342a6fe26778e1cc8a1c7bedce35c2f4c52b0fe11bd3cb94ede,PDF-ec7bf553a3b9,CB-TB-1155_Hart,CB-TB-1155_Hart.pdf,ec7bf553a3b9a342a6fe26778e1cc8a1c7bedce35c2f4c52b0fe11bd3cb94ede,C:\Users\gduff\Downloads\cb-tb-1101-1400-v5\pdfs\CB-TB-1155_Hart.pdf,pdf_inventory_criminal,pdf_hash_unique|dupes=2,NO_GOLD,criminal,OFFLINE_CLIENT_PROJECTION,,,
sha:ec91c16b37c753ceef83728d1a14d73a970487515e9345053a3e39abb1af4590,PDF-ec91c16b37c7,CB-TB-1944_Saxon,CB-TB-1944_Saxon.pdf,ec91c16b37c753ceef83728d1a14d73a970487515e9345053a3e39abb1af4590,C:\Users\gduff\Downloads\cb-tb-1601-2200-v5-factory-run\pdfs\CB-TB-1944_Saxon.pdf,pdf_inventory_criminal,pdf_hash_unique|dupes=2,NO_GOLD,criminal,OFFLINE_CLIENT_PROJECTION,,,
sha:ecf08b657c18a9dfb52cbd51bb8451bc136ec33eabefe3243c0a9a18db0c0e9c,PDF-ecf08b657c18,CB-TB-2133_Mason,CB-TB-2133_Mason.pdf,ecf08b657c18a9dfb52cbd51bb8451bc136ec33eabefe3243c0a9a18db0c0e9c,C:\Users\gduff\Downloads\cb-tb-1601-2200-v5-factory-run\pdfs\CB-TB-2133_Mason.pdf,pdf_inventory_criminal,pdf_hash_unique|dupes=2,NO_GOLD,criminal,OFFLINE_CLIENT_PROJECTION,,,
sha:ed085faf982562fe39cd0564307657fb488de899b727cb198905e8d8e824e2f8,PDF-ed085faf9825,CB-TB-589_Thornton,CB-TB-589_Thornton.pdf,ed085faf982562fe39cd0564307657fb488de899b727cb198905e8d8e824e2f8,C:\Users\gduff\Downloads\cb-tb-501-600-v5-extract\pdfs\CB-TB-589_Thornton.pdf,pdf_inventory_criminal,pdf_hash_unique|dupes=3,NO_GOLD,criminal,OFFLINE_CLIENT_PROJECTION,,,
sha:ed1427d6f0481f54268abf55ce0f4784c72f6596adfd8bd7b51dc53cd0f2c496,PDF-ed1427d6f048,CB-TB-1151_Ahmed,CB-TB-1151_Ahmed.pdf,ed1427d6f0481f54268abf55ce0f4784c72f6596adfd8bd7b51dc53cd0f2c496,C:\Users\gduff\Downloads\cb-tb-1101-1400-v5\pdfs\CB-TB-1151_Ahmed.pdf,pdf_inventory_criminal,pdf_hash_unique|dupes=2,NO_GOLD,criminal,OFFLINE_CLIENT_PROJECTION,,,
sha:ed19cdf3b7f10dd18712bda326b67bcda8f8a4f162c50245ca642d1f0739f81c,PDF-ed19cdf3b7f1,CB-TB-1646_Merritt,CB-TB-1646_Merritt.pdf,ed19cdf3b7f10dd18712bda326b67bcda8f8a4f162c50245ca642d1f0739f81c,C:\Users\gduff\Downloads\cb-tb-1601-2200-v5-factory-run\pdfs\CB-TB-1646_Merritt.pdf,pdf_inventory_criminal,pdf_hash_unique|dupes=4,NO_GOLD,criminal,OFFLINE_CLIENT_PROJECTION,,,
sha:ed1aa23c74f581e283b617aec2a9e11bb9277ad0676d343e5c45fb178dc03ad7,PDF-ed1aa23c74f5,CB-TB-2139_Riley,CB-TB-2139_Riley.pdf,ed1aa23c74f581e283b617aec2a9e11bb9277ad0676d343e5c45fb178dc03ad7,C:\Users\gduff\Downloads\cb-tb-1601-2200-v5-factory-run\pdfs\CB-TB-2139_Riley.pdf,pdf_inventory_criminal,pdf_hash_unique|dupes=2,NO_GOLD,criminal,OFFLINE_CLIENT_PROJECTION,,,
sha:ed24626f2a0264490a3c2d7d035e51c44621f6d7712417ca25d12053fdc7e2df,PDF-ed24626f2a02,CB-TB-1996_Reed,CB-TB-1996_Reed.pdf,ed24626f2a0264490a3c2d7d035e51c44621f6d7712417ca25d12053fdc7e2df,C:\Users\gduff\Downloads\cb-tb-1601-2200-v5-factory-run\pdfs\CB-TB-1996_Reed.pdf,pdf_inventory_criminal,pdf_hash_unique|dupes=2,NO_GOLD,criminal,OFFLINE_CLIENT_PROJECTION,,,
sha:ed2fca04038dcd52a2c3c19996c9cd1905c08a672b96a892f98d080c2eda4d4c,PDF-ed2fca04038d,CB-TB-2024_Barlow,CB-TB-2024_Barlow.pdf,ed2fca04038dcd52a2c3c19996c9cd1905c08a672b96a892f98d080c2eda4d4c,C:\Users\gduff\Downloads\cb-tb-1601-2200-v5-factory-run\pdfs\CB-TB-2024_Barlow.pdf,pdf_inventory_criminal,pdf_hash_unique|dupes=2,NO_GOLD,criminal,OFFLINE_CLIENT_PROJECTION,,,
sha:ed48c78685df315636a700558fb0795d323ebf2620d324a7287e5053168a0532,PDF-ed48c78685df,CB-TB-1232_Hayes,CB-TB-1232_Hayes.pdf,ed48c78685df315636a700558fb0795d323ebf2620d324a7287e5053168a0532,C:\Users\gduff\Downloads\cb-tb-1201-1300-v5\pdfs\CB-TB-1232_Hayes.pdf,pdf_inventory_criminal,pdf_hash_unique|dupes=2,NO_GOLD,criminal,OFFLINE_CLIENT_PROJECTION,,,
sha:ed69c5e31580045f726ddd46635f2a40b25f9f019d1774f92773585faf1b5ae0,PDF-ed69c5e31580,CB-TB-965_Blake,CB-TB-965_Blake.pdf,ed69c5e31580045f726ddd46635f2a40b25f9f019d1774f92773585faf1b5ae0,C:\Users\gduff\Downloads\cb-tb-901-1100-v5\pdfs\CB-TB-965_Blake.pdf,pdf_inventory_criminal,pdf_hash_unique|dupes=2,NO_GOLD,criminal,OFFLINE_CLIENT_PROJECTION,,,
sha:ed6cd2ea0e43d4d46e8521266e227d192327ff79452e499fb313c681c72a876e,PDF-ed6cd2ea0e43,CB-TB-627_Patterson,CB-TB-627_Patterson.pdf,ed6cd2ea0e43d4d46e8521266e227d192327ff79452e499fb313c681c72a876e,C:\Users\gduff\Downloads\cb-tb-601-700-v5\pdfs\CB-TB-627_Patterson.pdf,pdf_inventory_criminal,pdf_hash_unique|dupes=1,NO_GOLD,criminal,OFFLINE_CLIENT_PROJECTION,,,
sha:ed97b2243a173b43e510b1ae930f06547745587086ab4a04474c6e661cae8267,PDF-ed97b2243a17,CB-TB-276_Gibbs,CB-TB-276_Gibbs.pdf,ed97b2243a173b43e510b1ae930f06547745587086ab4a04474c6e661cae8267,C:\Users\gduff\Downloads\cb-tb-201-300-v4\pdfs\CB-TB-276_Gibbs.pdf,pdf_inventory_criminal,pdf_hash_unique|dupes=1,NO_GOLD,criminal,OFFLINE_CLIENT_PROJECTION,,,
sha:edfa2d7b0c852b618794c73e8c2d434585768b3dd3b15182a83742cc716f5f20,PDF-edfa2d7b0c85,CB-TB-347_Singh,CB-TB-347_Singh.pdf,edfa2d7b0c852b618794c73e8c2d434585768b3dd3b15182a83742cc716f5f20,C:\Users\gduff\Downloads\cb-tb-301-400-v4\pdfs\CB-TB-347_Singh.pdf,pdf_inventory_criminal,pdf_hash_unique|dupes=2,NO_GOLD,criminal,OFFLINE_CLIENT_PROJECTION,,,
sha:ee1872bd8cb1c2261d0834ca18d1f6358ab704073fdb4c42a9d6728583ece2cb,PDF-ee1872bd8cb1,CB-TB-234_Coates,CB-TB-234_Coates.pdf,ee1872bd8cb1c2261d0834ca18d1f6358ab704073fdb4c42a9d6728583ece2cb,C:\Users\gduff\Downloads\cb-tb-201-300-v4\pdfs\CB-TB-234_Coates.pdf,pdf_inventory_criminal,pdf_hash_unique|dupes=1,NO_GOLD,criminal,OFFLINE_CLIENT_PROJECTION,,,
sha:ee1a2d1e41f6ab33b095a48d386b23256de4370b05511936d9c1d62a9efea23c,PDF-ee1a2d1e41f6,CB-TB-091_Mason,CB-TB-091_Mason.pdf,ee1a2d1e41f6ab33b095a48d386b23256de4370b05511936d9c1d62a9efea23c,C:\Users\gduff\Downloads\cb-tb-031-100-v4\pdfs\CB-TB-091_Mason.pdf,pdf_inventory_criminal,pdf_hash_unique|dupes=1,NO_GOLD,criminal,OFFLINE_CLIENT_PROJECTION,,,
sha:ee222b307448fea05e8578eb3164e4b180af6dac317853da2e0c25c4eb014939,PDF-ee222b307448,CB-TB-1279_West,CB-TB-1279_West.pdf,ee222b307448fea05e8578eb3164e4b180af6dac317853da2e0c25c4eb014939,C:\Users\gduff\Downloads\cb-tb-1201-1300-v5\pdfs\CB-TB-1279_West.pdf,pdf_inventory_criminal,pdf_hash_unique|dupes=2,NO_GOLD,criminal,OFFLINE_CLIENT_PROJECTION,,,
sha:ee2c00fde9f1a84aee4040202d117feb4a7225cab05b2bfff1ceac72e6f5c2c0,PDF-ee2c00fde9f1,CB-TB-1386_Dacre,CB-TB-1386_Dacre.pdf,ee2c00fde9f1a84aee4040202d117feb4a7225cab05b2bfff1ceac72e6f5c2c0,C:\Users\gduff\Downloads\cb-tb-1301-1400-v5\pdfs\CB-TB-1386_Dacre.pdf,pdf_inventory_criminal,pdf_hash_unique|dupes=2,NO_GOLD,criminal,OFFLINE_CLIENT_PROJECTION,,,
sha:ee2d2d3ac735a4ee0541756376c444a042b39163ef8ee814d97407ebc7fb1cd0,PDF-ee2d2d3ac735,CB-TB-665_Patterson,CB-TB-665_Patterson.pdf,ee2d2d3ac735a4ee0541756376c444a042b39163ef8ee814d97407ebc7fb1cd0,C:\Users\gduff\Downloads\cb-tb-601-700-v5\pdfs\CB-TB-665_Patterson.pdf,pdf_inventory_criminal,pdf_hash_unique|dupes=1,NO_GOLD,criminal,OFFLINE_CLIENT_PROJECTION,,,
sha:ee4b152bf9466eb53f5cda57b0dc8b421513e70c9bf378e954ccea892b155d17,PDF-ee4b152bf946,CB-TB-1298_Flynn,CB-TB-1298_Flynn.pdf,ee4b152bf9466eb53f5cda57b0dc8b421513e70c9bf378e954ccea892b155d17,C:\Users\gduff\Downloads\cb-tb-1201-1300-v5\pdfs\CB-TB-1298_Flynn.pdf,pdf_inventory_criminal,pdf_hash_unique|dupes=2,NO_GOLD,criminal,OFFLINE_CLIENT_PROJECTION,,,
sha:ee4d7ab4c9caaa93d5d5703a468945107871d69680f0f97895c05646a52fd718,PDF-ee4d7ab4c9ca,CB-TB-1358_Hale,CB-TB-1358_Hale.pdf,ee4d7ab4c9caaa93d5d5703a468945107871d69680f0f97895c05646a52fd718,C:\Users\gduff\Downloads\cb-tb-1301-1400-v5\pdfs\CB-TB-1358_Hale.pdf,pdf_inventory_criminal,pdf_hash_unique|dupes=2,NO_GOLD,criminal,OFFLINE_CLIENT_PROJECTION,,,
sha:ee6b97005380b9238a9615fb6f8758436be69466f2cfa93b0b93b9a16f213346,PDF-ee6b97005380,CB-TB-786_Morris,CB-TB-786_Morris.pdf,ee6b97005380b9238a9615fb6f8758436be69466f2cfa93b0b93b9a16f213346,C:\Users\gduff\Downloads\cb-tb-701-800-v5\pdfs\CB-TB-786_Morris.pdf,pdf_inventory_criminal,pdf_hash_unique|dupes=1,NO_GOLD,criminal,OFFLINE_CLIENT_PROJECTION,,,
sha:ee84d8c560cf2a5d74637e68ae898fe4c1347a7bae1e30f54958b5730bc0f9d3,PDF-ee84d8c560cf,CB-TB-1295_Mitchell,CB-TB-1295_Mitchell.pdf,ee84d8c560cf2a5d74637e68ae898fe4c1347a7bae1e30f54958b5730bc0f9d3,C:\Users\gduff\Downloads\cb-tb-1201-1300-v5\pdfs\CB-TB-1295_Mitchell.pdf,pdf_inventory_criminal,pdf_hash_unique|dupes=2,NO_GOLD,criminal,OFFLINE_CLIENT_PROJECTION,,,
sha:ee87e5e357726927b010cd64dd9a38a1534f9dfecae44be8d5a2f384721b90f1,PDF-ee87e5e35772,CB-TB-433_Ali,CB-TB-433_Ali.pdf,ee87e5e357726927b010cd64dd9a38a1534f9dfecae44be8d5a2f384721b90f1,C:\Users\gduff\Downloads\cb-tb-401-500-v5\pdfs\CB-TB-433_Ali.pdf,pdf_inventory_criminal,pdf_hash_unique|dupes=2,NO_GOLD,criminal,OFFLINE_CLIENT_PROJECTION,,,
sha:ee955cd03fece5111508a735b3500e4a6f333f736af4abf26a01d39eabcc4b65,PDF-ee955cd03fec,CB-TB-623_Parker,CB-TB-623_Parker.pdf,ee955cd03fece5111508a735b3500e4a6f333f736af4abf26a01d39eabcc4b65,C:\Users\gduff\Downloads\cb-tb-601-700-v5\pdfs\CB-TB-623_Parker.pdf,pdf_inventory_criminal,pdf_hash_unique|dupes=1,NO_GOLD,criminal,OFFLINE_CLIENT_PROJECTION,,,
sha:eeafa8f885e6afc74d3516db5551997bdab0b3cd228114a822813424551e12aa,PDF-eeafa8f885e6,CB-TEST-ABH-0001_criminal_defence_bundle,CB-TEST-ABH-0001_criminal_defence_bundle.pdf,eeafa8f885e6afc74d3516db5551997bdab0b3cd228114a822813424551e12aa,C:\Users\gduff\Downloads\CB-TEST-ABH-0001_criminal_defence_bundle.pdf,pdf_inventory_criminal,pdf_hash_unique|dupes=1,NO_GOLD,criminal,BACKEND_LIVE,,bd581fec-c0ca-4c06-87bf-ba7ec18664e8,random test case
sha:eed8899bc27e7bf331a3629cca0df936c58bc707a392a2e43c3e2db544179c36,PDF-eed8899bc27e,CB-TB-1407_Rowe,CB-TB-1407_Rowe.pdf,eed8899bc27e7bf331a3629cca0df936c58bc707a392a2e43c3e2db544179c36,C:\Users\gduff\Downloads\cb-tb-1401-1500-v5-tmp\pdfs\CB-TB-1407_Rowe.pdf,pdf_inventory_criminal,pdf_hash_unique|dupes=1,NO_GOLD,criminal,OFFLINE_CLIENT_PROJECTION,,,
sha:eefcb5e40797377cab5e9b79787e40f1e6147727fd472db346f4ea75fc2abefe,PDF-eefcb5e40797,CB-TB-479_Banks,CB-TB-479_Banks.pdf,eefcb5e40797377cab5e9b79787e40f1e6147727fd472db346f4ea75fc2abefe,C:\Users\gduff\Downloads\cb-tb-401-500-v5\pdfs\CB-TB-479_Banks.pdf,pdf_inventory_criminal,pdf_hash_unique|dupes=2,NO_GOLD,criminal,OFFLINE_CLIENT_PROJECTION,,,
sha:ef031e6243a45fabeb443fdf3c444b7cec6248e805a344b183263e2c93c38351,PDF-ef031e6243a4,NS-CPS-2026-0505,NS-CPS-2026-0505.pdf,ef031e6243a45fabeb443fdf3c444b7cec6248e805a344b183263e2c93c38351,C:\Users\gduff\Downloads\NS-CPS-2026-0505.pdf,pdf_inventory,pdf_hash_unique|dupes=1,NO_GOLD,criminal,OFFLINE_CLIENT_PROJECTION,,,
sha:ef1935e07a89395f371371b94cb9f9b40b1ee905acb0a1823be35b559b678816,PDF-ef1935e07a89,CB-TB-1824_Barker,CB-TB-1824_Barker.pdf,ef1935e07a89395f371371b94cb9f9b40b1ee905acb0a1823be35b559b678816,C:\Users\gduff\Downloads\cb-tb-1601-2200-v5-factory-run\pdfs\CB-TB-1824_Barker.pdf,pdf_inventory_criminal,pdf_hash_unique|dupes=2,NO_GOLD,criminal,OFFLINE_CLIENT_PROJECTION,,,
sha:ef44992a6e9bf16e0083db8924abe99b1dbe27d6b35b3798bcbbfe5dab539977,PDF-ef44992a6e9b,CB-TB-256_Blake,CB-TB-256_Blake.pdf,ef44992a6e9bf16e0083db8924abe99b1dbe27d6b35b3798bcbbfe5dab539977,C:\Users\gduff\Downloads\cb-tb-201-300-v4\pdfs\CB-TB-256_Blake.pdf,pdf_inventory_criminal,pdf_hash_unique|dupes=1,NO_GOLD,criminal,OFFLINE_CLIENT_PROJECTION,,,
sha:ef961a0539a4c37d030d34ee09873d5c75efff9b67810e9ce061fa3110b5a144,PDF-ef961a0539a4,CB-TB-361_Patterson,CB-TB-361_Patterson.pdf,ef961a0539a4c37d030d34ee09873d5c75efff9b67810e9ce061fa3110b5a144,C:\Users\gduff\Downloads\cb-tb-301-400-v4\pdfs\CB-TB-361_Patterson.pdf,pdf_inventory_criminal,pdf_hash_unique|dupes=2,NO_GOLD,criminal,OFFLINE_CLIENT_PROJECTION,,,
sha:ef9d7db79701e5f4d8ffd9cd6b1ede4db1c17d8348bce94ae5c4a08ec502a82d,PDF-ef9d7db79701,CB-TB-1755_Holland,CB-TB-1755_Holland.pdf,ef9d7db79701e5f4d8ffd9cd6b1ede4db1c17d8348bce94ae5c4a08ec502a82d,C:\Users\gduff\Downloads\cb-tb-1601-2200-v5-factory-run\pdfs\CB-TB-1755_Holland.pdf,pdf_inventory_criminal,pdf_hash_unique|dupes=2,NO_GOLD,criminal,OFFLINE_CLIENT_PROJECTION,,,
sha:efb6b39c3ae2acf6b11fec42a951e8f5ec7dd9ce077c8de30f9b3d21498a5990,PDF-efb6b39c3ae2,CB-TB-800_Flint,CB-TB-800_Flint.pdf,efb6b39c3ae2acf6b11fec42a951e8f5ec7dd9ce077c8de30f9b3d21498a5990,C:\Users\gduff\Downloads\cb-tb-701-800-v5\pdfs\CB-TB-800_Flint.pdf,pdf_inventory_criminal,pdf_hash_unique|dupes=1,NO_GOLD,criminal,OFFLINE_CLIENT_PROJECTION,,,
sha:efc1844fa7f3ed9626a260878e842f65a62704e67d750b5b11c19af8891840c4,PDF-efc1844fa7f3,CB-TB-1103_Rowe,CB-TB-1103_Rowe.pdf,efc1844fa7f3ed9626a260878e842f65a62704e67d750b5b11c19af8891840c4,C:\Users\gduff\Downloads\cb-tb-1101-1400-v5\pdfs\CB-TB-1103_Rowe.pdf,pdf_inventory_criminal,pdf_hash_unique|dupes=2,NO_GOLD,criminal,OFFLINE_CLIENT_PROJECTION,,,
sha:efd5569c83cd697ac76b35bf57cfd2836eaec684b23b54c2b4068ce669f36610,PDF-efd5569c83cd,CB-TB-1950_Iqbal,CB-TB-1950_Iqbal.pdf,efd5569c83cd697ac76b35bf57cfd2836eaec684b23b54c2b4068ce669f36610,C:\Users\gduff\Downloads\cb-tb-1601-2200-v5-factory-run\pdfs\CB-TB-1950_Iqbal.pdf,pdf_inventory_criminal,pdf_hash_unique|dupes=2,NO_GOLD,criminal,OFFLINE_CLIENT_PROJECTION,,,
sha:efdb874afea0ccd12bf0994ac7ae927d9ec404d7501a1f7a89e648ac1c742e0e,PDF-efdb874afea0,CB-TB-379_Greene,CB-TB-379_Greene.pdf,efdb874afea0ccd12bf0994ac7ae927d9ec404d7501a1f7a89e648ac1c742e0e,C:\Users\gduff\Downloads\cb-tb-301-400-v4\pdfs\CB-TB-379_Greene.pdf,pdf_inventory_criminal,pdf_hash_unique|dupes=2,NO_GOLD,criminal,OFFLINE_CLIENT_PROJECTION,,,
sha:efdf946bd242709717e74e9d095de9242a5bb722272b36f7a18bac35727295f9,PDF-efdf946bd242,CB-TB-100_Rivers,CB-TB-100_Rivers.pdf,efdf946bd242709717e74e9d095de9242a5bb722272b36f7a18bac35727295f9,C:\Users\gduff\Downloads\cb-tb-031-100-v4\pdfs\CB-TB-100_Rivers.pdf,pdf_inventory_criminal,pdf_hash_unique|dupes=1,NO_GOLD,criminal,OFFLINE_CLIENT_PROJECTION,,,
sha:eff959381f407c6383cdd1b90a5fe323bce9177efb34c97c7d14045eb7d83806,PDF-eff959381f40,CB-TB-019_Wright,CB-TB-019_Wright.pdf,eff959381f407c6383cdd1b90a5fe323bce9177efb34c97c7d14045eb7d83806,C:\Users\gduff\Downloads\cb-tb-001-030-v4\pdfs\CB-TB-019_Wright.pdf,pdf_inventory_criminal,pdf_hash_unique|dupes=1,NO_GOLD,criminal,OFFLINE_CLIENT_PROJECTION,,,
sha:effb13ae5b285e0b3b45b9808a564b08d08f7cb195a34f4a29ea0fcdaf0c2ac6,PDF-effb13ae5b28,CB-TB-1597_Ellis,CB-TB-1597_Ellis.pdf,effb13ae5b285e0b3b45b9808a564b08d08f7cb195a34f4a29ea0fcdaf0c2ac6,C:\Users\gduff\Downloads\cb-tb-1501-1600-v5-factory-run\pdfs\CB-TB-1597_Ellis.pdf,pdf_inventory_criminal,pdf_hash_unique|dupes=2,NO_GOLD,criminal,OFFLINE_CLIENT_PROJECTION,,,
sha:f0053c370fdc209789a10c558cfe2ca3bb3ca1569fc109990f648b93060954a6,PDF-f0053c370fdc,CB-TB-1593_Spencer,CB-TB-1593_Spencer.pdf,f0053c370fdc209789a10c558cfe2ca3bb3ca1569fc109990f648b93060954a6,C:\Users\gduff\Downloads\cb-tb-1501-1600-v5-factory-run\pdfs\CB-TB-1593_Spencer.pdf,pdf_inventory_criminal,pdf_hash_unique|dupes=2,NO_GOLD,criminal,OFFLINE_CLIENT_PROJECTION,,,
sha:f0430e4c5e4c0cffbbf323fe60f561fb9ea535056934148a11454c7289549bef,PDF-f0430e4c5e4c,CB-TB-177_Newton,CB-TB-177_Newton.pdf,f0430e4c5e4c0cffbbf323fe60f561fb9ea535056934148a11454c7289549bef,C:\Users\gduff\Downloads\cb-tb-101-200-v4\pdfs\CB-TB-177_Newton.pdf,pdf_inventory_criminal,pdf_hash_unique|dupes=1,NO_GOLD,criminal,OFFLINE_CLIENT_PROJECTION,,,
sha:f06e8dfd0abd97413c9562b95115b2989bd38a6981e1dd09937de9c147496ba6,PDF-f06e8dfd0abd,CB-TB-1040_Thornton,CB-TB-1040_Thornton.pdf,f06e8dfd0abd97413c9562b95115b2989bd38a6981e1dd09937de9c147496ba6,C:\Users\gduff\Downloads\cb-tb-901-1100-v5\pdfs\CB-TB-1040_Thornton.pdf,pdf_inventory_criminal,pdf_hash_unique|dupes=2,NO_GOLD,criminal,OFFLINE_CLIENT_PROJECTION,,,
sha:f0819edb3ab1f362513a9108e560dc8302e532b18a2616c135374786faaaa7c5,PDF-f0819edb3ab1,CB-TB-1851_Brookes,CB-TB-1851_Brookes.pdf,f0819edb3ab1f362513a9108e560dc8302e532b18a2616c135374786faaaa7c5,C:\Users\gduff\Downloads\cb-tb-1601-2200-v5-factory-run\pdfs\CB-TB-1851_Brookes.pdf,pdf_inventory_criminal,pdf_hash_unique|dupes=2,NO_GOLD,criminal,OFFLINE_CLIENT_PROJECTION,,,
sha:f0b434d640514b207baefd3705c81eaa09c56ad2129601cb66019e3ce38063a3,PDF-f0b434d64051,CB-TB-1817_Redfern,CB-TB-1817_Redfern.pdf,f0b434d640514b207baefd3705c81eaa09c56ad2129601cb66019e3ce38063a3,C:\Users\gduff\Downloads\cb-tb-1601-2200-v5-factory-run\pdfs\CB-TB-1817_Redfern.pdf,pdf_inventory_criminal,pdf_hash_unique|dupes=2,NO_GOLD,criminal,OFFLINE_CLIENT_PROJECTION,,,
sha:f0b55ae7c71caf361b60d77b6cf68b772f71b115e58eb1997ffd1a5bca804c30,PDF-f0b55ae7c71c,CB-TB-1977_Lowry,CB-TB-1977_Lowry.pdf,f0b55ae7c71caf361b60d77b6cf68b772f71b115e58eb1997ffd1a5bca804c30,C:\Users\gduff\Downloads\cb-tb-1601-2200-v5-factory-run\pdfs\CB-TB-1977_Lowry.pdf,pdf_inventory_criminal,pdf_hash_unique|dupes=2,NO_GOLD,criminal,OFFLINE_CLIENT_PROJECTION,,,
sha:f0e98b5dbc359541de230525de9e49d43a8dcda6d3fa33aa24e05f38144e8e01,PDF-f0e98b5dbc35,CB-TB-408_Byrne,CB-TB-408_Byrne.pdf,f0e98b5dbc359541de230525de9e49d43a8dcda6d3fa33aa24e05f38144e8e01,C:\Users\gduff\Downloads\cb-tb-401-500-v5\pdfs\CB-TB-408_Byrne.pdf,pdf_inventory_criminal,pdf_hash_unique|dupes=2,NO_GOLD,criminal,OFFLINE_CLIENT_PROJECTION,,,
sha:f0fccefc2f0407bf4145a50d8ff6d2cc8b9e99b11ce8aa47c122aff252f407bc,PDF-f0fccefc2f04,CB-TB-048_Reid,CB-TB-048_Reid.pdf,f0fccefc2f0407bf4145a50d8ff6d2cc8b9e99b11ce8aa47c122aff252f407bc,C:\Users\gduff\Downloads\cb-tb-031-100-v4\pdfs\CB-TB-048_Reid.pdf,pdf_inventory_criminal,pdf_hash_unique|dupes=1,NO_GOLD,criminal,OFFLINE_CLIENT_PROJECTION,,,
sha:f10d6950f5ff04abeae9a81e54a220fa8b4bec836fff26b96ae7f6341fa82939,PDF-f10d6950f5ff,CB-TB-615_Wright,CB-TB-615_Wright.pdf,f10d6950f5ff04abeae9a81e54a220fa8b4bec836fff26b96ae7f6341fa82939,C:\Users\gduff\Downloads\cb-tb-601-700-v5\pdfs\CB-TB-615_Wright.pdf,pdf_inventory_criminal,pdf_hash_unique|dupes=1,NO_GOLD,criminal,OFFLINE_CLIENT_PROJECTION,,,
sha:f115a9ed4c31e91df9a4cf45a43f2fd6c9b1f82365452fad4037dfff38aaf6b5,PDF-f115a9ed4c31,CB-TB-231_Ford,CB-TB-231_Ford.pdf,f115a9ed4c31e91df9a4cf45a43f2fd6c9b1f82365452fad4037dfff38aaf6b5,C:\Users\gduff\Downloads\cb-tb-201-300-v4\pdfs\CB-TB-231_Ford.pdf,pdf_inventory_criminal,pdf_hash_unique|dupes=1,NO_GOLD,criminal,OFFLINE_CLIENT_PROJECTION,,,
sha:f1228bc125e5bd783d8843ae67cba7117cf7b098f510909f3e8bdbfda9d390ab,PDF-f1228bc125e5,CB-TB-1894_Griffiths,CB-TB-1894_Griffiths.pdf,f1228bc125e5bd783d8843ae67cba7117cf7b098f510909f3e8bdbfda9d390ab,C:\Users\gduff\Downloads\cb-tb-1601-2200-v5-factory-run\pdfs\CB-TB-1894_Griffiths.pdf,pdf_inventory_criminal,pdf_hash_unique|dupes=2,NO_GOLD,criminal,OFFLINE_CLIENT_PROJECTION,,,
sha:f16eae55403543e3a91b6695c5f1efaeb806500412d81880135aa3650a0824fa,PDF-f16eae554035,CB-TB-1180_Khan,CB-TB-1180_Khan.pdf,f16eae55403543e3a91b6695c5f1efaeb806500412d81880135aa3650a0824fa,C:\Users\gduff\Downloads\cb-tb-1101-1400-v5\pdfs\CB-TB-1180_Khan.pdf,pdf_inventory_criminal,pdf_hash_unique|dupes=2,NO_GOLD,criminal,OFFLINE_CLIENT_PROJECTION,,,
sha:f197b4184d85cb303583edcd3ba0e45a012b3bec8b9b13df47b13475739e3468,PDF-f197b4184d85,CB-TB-2026_Ford,CB-TB-2026_Ford.pdf,f197b4184d85cb303583edcd3ba0e45a012b3bec8b9b13df47b13475739e3468,C:\Users\gduff\Downloads\cb-tb-1601-2200-v5-factory-run\pdfs\CB-TB-2026_Ford.pdf,pdf_inventory_criminal,pdf_hash_unique|dupes=2,NO_GOLD,criminal,OFFLINE_CLIENT_PROJECTION,,,
sha:f1dd9a44231733254819dc02eddbf8b76296744effa0af44e6a6ecff42e2623a,PDF-f1dd9a442317,CB-TB-1510_Shaw,CB-TB-1510_Shaw.pdf,f1dd9a44231733254819dc02eddbf8b76296744effa0af44e6a6ecff42e2623a,C:\Users\gduff\Downloads\cb-tb-1501-1600-v5-factory-run\pdfs\CB-TB-1510_Shaw.pdf,pdf_inventory_criminal,pdf_hash_unique|dupes=2,NO_GOLD,criminal,OFFLINE_CLIENT_PROJECTION,,,
sha:f213bb76e034706a5b2c1a9f64a1f6c384ee3f51a08a7689f6c664cdad31f8b4,PDF-f213bb76e034,CB-TB-369_Khan,CB-TB-369_Khan.pdf,f213bb76e034706a5b2c1a9f64a1f6c384ee3f51a08a7689f6c664cdad31f8b4,C:\Users\gduff\Downloads\cb-tb-301-400-v4\pdfs\CB-TB-369_Khan.pdf,pdf_inventory_criminal,pdf_hash_unique|dupes=2,NO_GOLD,criminal,OFFLINE_CLIENT_PROJECTION,,,
sha:f21598d97658c04f7f0eea6e428b2438660959d90a9272f947ce38c5ff345f3c,PDF-f21598d97658,CB-TB-1848_Keighley,CB-TB-1848_Keighley.pdf,f21598d97658c04f7f0eea6e428b2438660959d90a9272f947ce38c5ff345f3c,C:\Users\gduff\Downloads\cb-tb-1601-2200-v5-factory-run\pdfs\CB-TB-1848_Keighley.pdf,pdf_inventory_criminal,pdf_hash_unique|dupes=2,NO_GOLD,criminal,OFFLINE_CLIENT_PROJECTION,,,
sha:f23046d667f4c410c14ecf561af84d709f3663fd6a94a8a99276e31fd9a991b2,PDF-f23046d667f4,CB-TB-220_Hayes,CB-TB-220_Hayes.pdf,f23046d667f4c410c14ecf561af84d709f3663fd6a94a8a99276e31fd9a991b2,C:\Users\gduff\Downloads\cb-tb-201-300-v4\pdfs\CB-TB-220_Hayes.pdf,pdf_inventory_criminal,pdf_hash_unique|dupes=1,NO_GOLD,criminal,OFFLINE_CLIENT_PROJECTION,,,
sha:f24d057e690cbe9e7a13fe3d9c12bb5bb8221f73d38492a3728c3a0666a6e8c3,PDF-f24d057e690c,CB-TB-204_Ward,CB-TB-204_Ward.pdf,f24d057e690cbe9e7a13fe3d9c12bb5bb8221f73d38492a3728c3a0666a6e8c3,C:\Users\gduff\Downloads\cb-tb-201-300-v4\pdfs\CB-TB-204_Ward.pdf,pdf_inventory_criminal,pdf_hash_unique|dupes=1,NO_GOLD,criminal,OFFLINE_CLIENT_PROJECTION,,,
sha:f251a02203f951e73ca9635132270b8d66152a81711c2cdbe9dc889a4bf927f7,PDF-f251a02203f9,CB-TB-1199_Lark,CB-TB-1199_Lark.pdf,f251a02203f951e73ca9635132270b8d66152a81711c2cdbe9dc889a4bf927f7,C:\Users\gduff\Downloads\cb-tb-1101-1400-v5\pdfs\CB-TB-1199_Lark.pdf,pdf_inventory_criminal,pdf_hash_unique|dupes=2,NO_GOLD,criminal,OFFLINE_CLIENT_PROJECTION,,,
sha:f2a7dc641921c7a0f633de96af2ce898644b834935c64e04de85d2b474535ea6,PDF-f2a7dc641921,CB-TB-986_Fletcher,CB-TB-986_Fletcher.pdf,f2a7dc641921c7a0f633de96af2ce898644b834935c64e04de85d2b474535ea6,C:\Users\gduff\Downloads\cb-tb-901-1100-v5\pdfs\CB-TB-986_Fletcher.pdf,pdf_inventory_criminal,pdf_hash_unique|dupes=2,NO_GOLD,criminal,OFFLINE_CLIENT_PROJECTION,,,
sha:f2e5beeef3ab8dc5726ee5b2e93071c3d8160a73013c89310c97de168c101b87,PDF-f2e5beeef3ab,CB-TB-1801_Foster,CB-TB-1801_Foster.pdf,f2e5beeef3ab8dc5726ee5b2e93071c3d8160a73013c89310c97de168c101b87,C:\Users\gduff\Downloads\cb-tb-1601-2200-v5-factory-run\pdfs\CB-TB-1801_Foster.pdf,pdf_inventory_criminal,pdf_hash_unique|dupes=2,NO_GOLD,criminal,OFFLINE_CLIENT_PROJECTION,,,
sha:f2ef6d3268d6915cd5ef5478930592fd9024e5d556f3274782be090442c83ccf,PDF-f2ef6d3268d6,CB-TB-510_Reed,CB-TB-510_Reed.pdf,f2ef6d3268d6915cd5ef5478930592fd9024e5d556f3274782be090442c83ccf,C:\Users\gduff\Downloads\cb-tb-501-600-v5-extract\pdfs\CB-TB-510_Reed.pdf,pdf_inventory_criminal,pdf_hash_unique|dupes=3,NO_GOLD,criminal,OFFLINE_CLIENT_PROJECTION,,,
sha:f2f30b3ce61f41902bba0450de72cc1eb5e3790f761643052dd99158173056df,PDF-f2f30b3ce61f,CB-TB-1097_Hale,CB-TB-1097_Hale.pdf,f2f30b3ce61f41902bba0450de72cc1eb5e3790f761643052dd99158173056df,C:\Users\gduff\Downloads\cb-tb-901-1100-v5\pdfs\CB-TB-1097_Hale.pdf,pdf_inventory_criminal,pdf_hash_unique|dupes=2,NO_GOLD,criminal,OFFLINE_CLIENT_PROJECTION,,,
sha:f30c6218eb2ca838a5280c9ada9d156947194844a3c6aeeb14010841598bd74b,PDF-f30c6218eb2c,CB-TB-602_Walsh,CB-TB-602_Walsh.pdf,f30c6218eb2ca838a5280c9ada9d156947194844a3c6aeeb14010841598bd74b,C:\Users\gduff\Downloads\cb-tb-601-700-v5\pdfs\CB-TB-602_Walsh.pdf,pdf_inventory_criminal,pdf_hash_unique|dupes=1,NO_GOLD,criminal,OFFLINE_CLIENT_PROJECTION,,,
sha:f30fad3ffd6b61696861cd6b53b73c713d45d814680280becc3cc7d3db8fc59e,PDF-f30fad3ffd6b,CB-TB-1251_Parker,CB-TB-1251_Parker.pdf,f30fad3ffd6b61696861cd6b53b73c713d45d814680280becc3cc7d3db8fc59e,C:\Users\gduff\Downloads\cb-tb-1201-1300-v5\pdfs\CB-TB-1251_Parker.pdf,pdf_inventory_criminal,pdf_hash_unique|dupes=2,NO_GOLD,criminal,OFFLINE_CLIENT_PROJECTION,,,
sha:f3228e6b184819276af5b2e04e9aa78853f50ce1290aa8efb5f277e87ec28900,PDF-f3228e6b1848,CB-TB-1868_Booth,CB-TB-1868_Booth.pdf,f3228e6b184819276af5b2e04e9aa78853f50ce1290aa8efb5f277e87ec28900,C:\Users\gduff\Downloads\cb-tb-1601-2200-v5-factory-run\pdfs\CB-TB-1868_Booth.pdf,pdf_inventory_criminal,pdf_hash_unique|dupes=2,NO_GOLD,criminal,OFFLINE_CLIENT_PROJECTION,,,
sha:f3287b9fb07b477daebf2f62fa65ec148533a1d0bdc826fda08f158c2504a841,PDF-f3287b9fb07b,CB-TB-281_Hayes,CB-TB-281_Hayes.pdf,f3287b9fb07b477daebf2f62fa65ec148533a1d0bdc826fda08f158c2504a841,C:\Users\gduff\Downloads\cb-tb-201-300-v4\pdfs\CB-TB-281_Hayes.pdf,pdf_inventory_criminal,pdf_hash_unique|dupes=1,NO_GOLD,criminal,OFFLINE_CLIENT_PROJECTION,,,
sha:f34aa12607b16224fdbda94f858985b5463fe7b1df522cb83934bed257ec611b,PDF-f34aa12607b1,CB-TB-1355_Khan,CB-TB-1355_Khan.pdf,f34aa12607b16224fdbda94f858985b5463fe7b1df522cb83934bed257ec611b,C:\Users\gduff\Downloads\cb-tb-1301-1400-v5\pdfs\CB-TB-1355_Khan.pdf,pdf_inventory_criminal,pdf_hash_unique|dupes=2,NO_GOLD,criminal,OFFLINE_CLIENT_PROJECTION,,,
sha:f354689224f6d77b55e836a0b9c012b9a33752b4a801f7e53cab9da37c830342,PDF-f354689224f6,CB-TB-448_Morley,CB-TB-448_Morley.pdf,f354689224f6d77b55e836a0b9c012b9a33752b4a801f7e53cab9da37c830342,C:\Users\gduff\Downloads\cb-tb-401-500-v5\pdfs\CB-TB-448_Morley.pdf,pdf_inventory_criminal,pdf_hash_unique|dupes=2,NO_GOLD,criminal,OFFLINE_CLIENT_PROJECTION,,,
sha:f355732217853bbdfec2d9d2c7d97e75f780d3878c6bbbfeee41bb440eb2515e,PDF-f35573221785,CB-TB-1078_Marsh,CB-TB-1078_Marsh.pdf,f355732217853bbdfec2d9d2c7d97e75f780d3878c6bbbfeee41bb440eb2515e,C:\Users\gduff\Downloads\cb-tb-901-1100-v5\pdfs\CB-TB-1078_Marsh.pdf,pdf_inventory_criminal,pdf_hash_unique|dupes=2,NO_GOLD,criminal,OFFLINE_CLIENT_PROJECTION,,,
sha:f36df702c3a111635cd2456fa0e7e42893e61c54e2133de528e4710944950fc3,PDF-f36df702c3a1,cctv summary,cctv summary.pdf,f36df702c3a111635cd2456fa0e7e42893e61c54e2133de528e4710944950fc3,C:\Users\gduff\Downloads\cctv summary.pdf,pdf_inventory,pdf_hash_unique|dupes=1,NO_GOLD,criminal,OFFLINE_CLIENT_PROJECTION,,,
sha:f3e3a06216748f323faa19b24b20890481aa061559fc009164eb400a7ca52bb0,PDF-f3e3a0621674,CB-TB-984_Mitchell,CB-TB-984_Mitchell.pdf,f3e3a06216748f323faa19b24b20890481aa061559fc009164eb400a7ca52bb0,C:\Users\gduff\Downloads\cb-tb-901-1100-v5\pdfs\CB-TB-984_Mitchell.pdf,pdf_inventory_criminal,pdf_hash_unique|dupes=2,NO_GOLD,criminal,OFFLINE_CLIENT_PROJECTION,,,
sha:f3e7c6bb97bbd99b7066fed877e4bd8c3ddb86f34c6ee522cbb5974a5407907d,PDF-f3e7c6bb97bb,CB-TB-1466_Patterson,CB-TB-1466_Patterson.pdf,f3e7c6bb97bbd99b7066fed877e4bd8c3ddb86f34c6ee522cbb5974a5407907d,C:\Users\gduff\Downloads\cb-tb-1401-1500-v5-tmp\pdfs\CB-TB-1466_Patterson.pdf,pdf_inventory_criminal,pdf_hash_unique|dupes=1,NO_GOLD,criminal,OFFLINE_CLIENT_PROJECTION,,,
sha:f3fa7ca114ded2ca4e597568e1fb0777740a4cfe50896f01201facebc8c6a81c,PDF-f3fa7ca114de,CB-TB-425_Wright,CB-TB-425_Wright.pdf,f3fa7ca114ded2ca4e597568e1fb0777740a4cfe50896f01201facebc8c6a81c,C:\Users\gduff\Downloads\cb-tb-401-500-v5\pdfs\CB-TB-425_Wright.pdf,pdf_inventory_criminal,pdf_hash_unique|dupes=2,NO_GOLD,criminal,OFFLINE_CLIENT_PROJECTION,,,
sha:f456b1175df11832c618d8e6a3b7e84a4ac9f4a71fababb0a42a1335c7e964d9,PDF-f456b1175df1,CB-TB-233_Parker,CB-TB-233_Parker.pdf,f456b1175df11832c618d8e6a3b7e84a4ac9f4a71fababb0a42a1335c7e964d9,C:\Users\gduff\Downloads\cb-tb-201-300-v4\pdfs\CB-TB-233_Parker.pdf,pdf_inventory_criminal,pdf_hash_unique|dupes=1,NO_GOLD,criminal,OFFLINE_CLIENT_PROJECTION,,,
sha:f47fc1c1951e4de0fd6777fdc83ca726f71234b3ce9fdf41cfe3a050364ebbcb,PDF-f47fc1c1951e,CB-TB-1503_Malik,CB-TB-1503_Malik.pdf,f47fc1c1951e4de0fd6777fdc83ca726f71234b3ce9fdf41cfe3a050364ebbcb,C:\Users\gduff\Downloads\cb-tb-1501-1600-v5-factory-run\pdfs\CB-TB-1503_Malik.pdf,pdf_inventory_criminal,pdf_hash_unique|dupes=2,NO_GOLD,criminal,OFFLINE_CLIENT_PROJECTION,,,
sha:f48c96b816e980d83389a08c9bb53ccb4c9a28e4724168fc219fbb7ca892bcfc,PDF-f48c96b816e9,CB-TB-016_Doyle,CB-TB-016_Doyle.pdf,f48c96b816e980d83389a08c9bb53ccb4c9a28e4724168fc219fbb7ca892bcfc,C:\Users\gduff\Downloads\cb-tb-001-030-v4\pdfs\CB-TB-016_Doyle.pdf,pdf_inventory_criminal,pdf_hash_unique|dupes=1,NO_GOLD,criminal,OFFLINE_CLIENT_PROJECTION,,,
sha:f493171f198c9a4dc0801f06d247b519c0d426ea82fc5adcf3dbe40592b0c728,PDF-f493171f198c,CB-TB-523_Flint,CB-TB-523_Flint.pdf,f493171f198c9a4dc0801f06d247b519c0d426ea82fc5adcf3dbe40592b0c728,C:\Users\gduff\Downloads\cb-tb-501-600-v5-extract\pdfs\CB-TB-523_Flint.pdf,pdf_inventory_criminal,pdf_hash_unique|dupes=3,NO_GOLD,criminal,OFFLINE_CLIENT_PROJECTION,,,
sha:f49da71cc42533c080b6d0b33303b0e28faab0bdb48026fbf04dee533fc29f5a,PDF-f49da71cc425,CB-TB-2153_Fletcher,CB-TB-2153_Fletcher.pdf,f49da71cc42533c080b6d0b33303b0e28faab0bdb48026fbf04dee533fc29f5a,C:\Users\gduff\Downloads\cb-tb-1601-2200-v5-factory-run\pdfs\CB-TB-2153_Fletcher.pdf,pdf_inventory_criminal,pdf_hash_unique|dupes=2,NO_GOLD,criminal,OFFLINE_CLIENT_PROJECTION,,,
sha:f4c95848ba8c937dc371ef88f746fc70fb816fc3dda00c74a42cca5561bad2ff,PDF-f4c95848ba8c,CB-TB-1054_Hughes,CB-TB-1054_Hughes.pdf,f4c95848ba8c937dc371ef88f746fc70fb816fc3dda00c74a42cca5561bad2ff,C:\Users\gduff\Downloads\cb-tb-901-1100-v5\pdfs\CB-TB-1054_Hughes.pdf,pdf_inventory_criminal,pdf_hash_unique|dupes=2,NO_GOLD,criminal,OFFLINE_CLIENT_PROJECTION,,,
sha:f4d4fa30fc2f35f2f11f6befe2c112b88092095c61b22c328bf196480aca1da4,PDF-f4d4fa30fc2f,CB-TB-153_Spencer,CB-TB-153_Spencer.pdf,f4d4fa30fc2f35f2f11f6befe2c112b88092095c61b22c328bf196480aca1da4,C:\Users\gduff\Downloads\cb-tb-101-200-v4\pdfs\CB-TB-153_Spencer.pdf,pdf_inventory_criminal,pdf_hash_unique|dupes=1,NO_GOLD,criminal,OFFLINE_CLIENT_PROJECTION,,,
sha:f4e0c55af26775e1ccb2a425e6667c2d8a942caa1ffbde8176ce1ca88c65cc86,PDF-f4e0c55af267,CB-TB-703_Price,CB-TB-703_Price.pdf,f4e0c55af26775e1ccb2a425e6667c2d8a942caa1ffbde8176ce1ca88c65cc86,C:\Users\gduff\Downloads\cb-tb-701-800-v5\pdfs\CB-TB-703_Price.pdf,pdf_inventory_criminal,pdf_hash_unique|dupes=1,NO_GOLD,criminal,OFFLINE_CLIENT_PROJECTION,,,
sha:f512883e8087488aac6ebaa9ab2804549e7738705df60ea56e4ad3e221ba63c4,PDF-f512883e8087,CB-TB-1009_Sutton,CB-TB-1009_Sutton.pdf,f512883e8087488aac6ebaa9ab2804549e7738705df60ea56e4ad3e221ba63c4,C:\Users\gduff\Downloads\cb-tb-901-1100-v5\pdfs\CB-TB-1009_Sutton.pdf,pdf_inventory_criminal,pdf_hash_unique|dupes=2,NO_GOLD,criminal,OFFLINE_CLIENT_PROJECTION,,,
sha:f527c23b4b9da4b93beb3086ebeafa9e5e790310e6b133e0b30d6d57917ba1e9,PDF-f527c23b4b9d,CB-TB-553_Patel,CB-TB-553_Patel.pdf,f527c23b4b9da4b93beb3086ebeafa9e5e790310e6b133e0b30d6d57917ba1e9,C:\Users\gduff\Downloads\cb-tb-501-600-v5-extract\pdfs\CB-TB-553_Patel.pdf,pdf_inventory_criminal,pdf_hash_unique|dupes=3,NO_GOLD,criminal,OFFLINE_CLIENT_PROJECTION,,,
sha:f52b1cc8b13f95d03288c7ece7914faee9a70a2262bebb8d9f357f1064c81862,PDF-f52b1cc8b13f,CB-TB-2053_Patel,CB-TB-2053_Patel.pdf,f52b1cc8b13f95d03288c7ece7914faee9a70a2262bebb8d9f357f1064c81862,C:\Users\gduff\Downloads\cb-tb-1601-2200-v5-factory-run\pdfs\CB-TB-2053_Patel.pdf,pdf_inventory_criminal,pdf_hash_unique|dupes=2,NO_GOLD,criminal,OFFLINE_CLIENT_PROJECTION,,,
sha:f544819cc2e057b191abbed0e3504800b0d6abbedbbd2131bc3f443a58a729ac,PDF-f544819cc2e0,CB-TB-528_Brooks,CB-TB-528_Brooks.pdf,f544819cc2e057b191abbed0e3504800b0d6abbedbbd2131bc3f443a58a729ac,C:\Users\gduff\Downloads\cb-tb-501-600-v5-extract\pdfs\CB-TB-528_Brooks.pdf,pdf_inventory_criminal,pdf_hash_unique|dupes=3,NO_GOLD,criminal,OFFLINE_CLIENT_PROJECTION,,,
sha:f55db8ab74c1598881579df2da99d40e4b55babb60f30315ebe4c044a1100d60,PDF-f55db8ab74c1,CB-TB-1613_Parker,CB-TB-1613_Parker.pdf,f55db8ab74c1598881579df2da99d40e4b55babb60f30315ebe4c044a1100d60,C:\Users\gduff\Downloads\cb-tb-1601-2200-v5-factory-run\pdfs\CB-TB-1613_Parker.pdf,pdf_inventory_criminal,pdf_hash_unique|dupes=4,NO_GOLD,criminal,OFFLINE_CLIENT_PROJECTION,,,
sha:f58cfdeb9564c65f98852b1cdd023ab374e2fbb486eae7d3e2593a1e76992ecf,PDF-f58cfdeb9564,CB-TB-1236_Nolan,CB-TB-1236_Nolan.pdf,f58cfdeb9564c65f98852b1cdd023ab374e2fbb486eae7d3e2593a1e76992ecf,C:\Users\gduff\Downloads\cb-tb-1201-1300-v5\pdfs\CB-TB-1236_Nolan.pdf,pdf_inventory_criminal,pdf_hash_unique|dupes=2,NO_GOLD,criminal,OFFLINE_CLIENT_PROJECTION,,,
sha:f5b5044f5c16cc3b60597f65f0c6db5719e69371196206f284036df809527470,PDF-f5b5044f5c16,CB-TB-973_Brooks,CB-TB-973_Brooks.pdf,f5b5044f5c16cc3b60597f65f0c6db5719e69371196206f284036df809527470,C:\Users\gduff\Downloads\cb-tb-901-1100-v5\pdfs\CB-TB-973_Brooks.pdf,pdf_inventory_criminal,pdf_hash_unique|dupes=2,NO_GOLD,criminal,OFFLINE_CLIENT_PROJECTION,,,
sha:f5c52ec9423d520cd9f1517ffe2ceb133ad7a5e5748ef6c66f19e82a36c4928e,PDF-f5c52ec9423d,CB-TB-1454_Clarke,CB-TB-1454_Clarke.pdf,f5c52ec9423d520cd9f1517ffe2ceb133ad7a5e5748ef6c66f19e82a36c4928e,C:\Users\gduff\Downloads\cb-tb-1401-1500-v5-tmp\pdfs\CB-TB-1454_Clarke.pdf,pdf_inventory_criminal,pdf_hash_unique|dupes=1,NO_GOLD,criminal,OFFLINE_CLIENT_PROJECTION,,,
sha:f5cb99facf2862d598171e4a4f5ffd84605558b17a0b23ab9cb3bbaea4a019d4,PDF-f5cb99facf28,CB-TB-801_Hale,CB-TB-801_Hale.pdf,f5cb99facf2862d598171e4a4f5ffd84605558b17a0b23ab9cb3bbaea4a019d4,C:\Users\gduff\Downloads\cb-tb-801-900-v5\pdfs\CB-TB-801_Hale.pdf,pdf_inventory_criminal,pdf_hash_unique|dupes=1,NO_GOLD,criminal,OFFLINE_CLIENT_PROJECTION,,,
sha:f5d5953129d531ca3d5fbddcbd5ed387aa2015e45565243b60ca99bec937e584,PDF-f5d5953129d5,CB-TB-081_Cooper,CB-TB-081_Cooper.pdf,f5d5953129d531ca3d5fbddcbd5ed387aa2015e45565243b60ca99bec937e584,C:\Users\gduff\Downloads\cb-tb-031-100-v4\pdfs\CB-TB-081_Cooper.pdf,pdf_inventory_criminal,pdf_hash_unique|dupes=1,NO_GOLD,criminal,OFFLINE_CLIENT_PROJECTION,,,
sha:f604c6fe6e626ae2f80d17e8953c61aaa4770d1f9f5cf08443439c0bef4bce63,PDF-f604c6fe6e62,CB-TB-363_Mason,CB-TB-363_Mason.pdf,f604c6fe6e626ae2f80d17e8953c61aaa4770d1f9f5cf08443439c0bef4bce63,C:\Users\gduff\Downloads\cb-tb-301-400-v4\pdfs\CB-TB-363_Mason.pdf,pdf_inventory_criminal,pdf_hash_unique|dupes=2,NO_GOLD,criminal,OFFLINE_CLIENT_PROJECTION,,,
sha:f6301f41adb92b1251347c30556dee8b51405a283e307e0c73868c6189ae54c9,PDF-f6301f41adb9,CB-TB-2097_Booth,CB-TB-2097_Booth.pdf,f6301f41adb92b1251347c30556dee8b51405a283e307e0c73868c6189ae54c9,C:\Users\gduff\Downloads\cb-tb-1601-2200-v5-factory-run\pdfs\CB-TB-2097_Booth.pdf,pdf_inventory_criminal,pdf_hash_unique|dupes=2,NO_GOLD,criminal,OFFLINE_CLIENT_PROJECTION,,,
sha:f640c621759b6d47b2fe922c6ef1689fe299fcb87f0f1c2f7658993383953b45,PDF-f640c621759b,CB-TB-940_Ross,CB-TB-940_Ross.pdf,f640c621759b6d47b2fe922c6ef1689fe299fcb87f0f1c2f7658993383953b45,C:\Users\gduff\Downloads\cb-tb-901-1100-v5\pdfs\CB-TB-940_Ross.pdf,pdf_inventory_criminal,pdf_hash_unique|dupes=2,NO_GOLD,criminal,OFFLINE_CLIENT_PROJECTION,,,
sha:f66a69b6c6c36d39c94ee15446fb8bc8eda6f45bf0b0f3c5c16090327045e6b9,PDF-f66a69b6c6c3,CB-TB-075_Greene,CB-TB-075_Greene.pdf,f66a69b6c6c36d39c94ee15446fb8bc8eda6f45bf0b0f3c5c16090327045e6b9,C:\Users\gduff\Downloads\cb-tb-031-100-v4\pdfs\CB-TB-075_Greene.pdf,pdf_inventory_criminal,pdf_hash_unique|dupes=1,NO_GOLD,criminal,OFFLINE_CLIENT_PROJECTION,,,
sha:f66d94e4a85b8dace12ab7a1dffe092da6d36dc1eb72b3650e4afebbe5636ab9,PDF-f66d94e4a85b,CB-TB-1039_Reynolds,CB-TB-1039_Reynolds.pdf,f66d94e4a85b8dace12ab7a1dffe092da6d36dc1eb72b3650e4afebbe5636ab9,C:\Users\gduff\Downloads\cb-tb-901-1100-v5\pdfs\CB-TB-1039_Reynolds.pdf,pdf_inventory_criminal,pdf_hash_unique|dupes=2,NO_GOLD,criminal,OFFLINE_CLIENT_PROJECTION,,,
sha:f683fa8984d1c0db517edb4450289dbed6cdd7041d4f3f79167272c1d3d0afc8,PDF-f683fa8984d1,CB-TB-1654_Wright,CB-TB-1654_Wright.pdf,f683fa8984d1c0db517edb4450289dbed6cdd7041d4f3f79167272c1d3d0afc8,C:\Users\gduff\Downloads\cb-tb-1601-2200-v5-factory-run\pdfs\CB-TB-1654_Wright.pdf,pdf_inventory_criminal,pdf_hash_unique|dupes=4,NO_GOLD,criminal,OFFLINE_CLIENT_PROJECTION,,,
sha:f694873f80f2a3d72a84377eb5e1b0ec0c24f7b0550e39e5e788b691ceb5f74a,PDF-f694873f80f2,CB-TB-144_Holt,CB-TB-144_Holt.pdf,f694873f80f2a3d72a84377eb5e1b0ec0c24f7b0550e39e5e788b691ceb5f74a,C:\Users\gduff\Downloads\cb-tb-101-200-v4\pdfs\CB-TB-144_Holt.pdf,pdf_inventory_criminal,pdf_hash_unique|dupes=1,NO_GOLD,criminal,OFFLINE_CLIENT_PROJECTION,,,
sha:f69ca0eba5db24cc0cff5eb05b3d90a02e46894aaa5aa291a2cbcb8ca8d5de02,PDF-f69ca0eba5db,CB-TB-1567_Cole,CB-TB-1567_Cole.pdf,f69ca0eba5db24cc0cff5eb05b3d90a02e46894aaa5aa291a2cbcb8ca8d5de02,C:\Users\gduff\Downloads\cb-tb-1501-1600-v5-factory-run\pdfs\CB-TB-1567_Cole.pdf,pdf_inventory_criminal,pdf_hash_unique|dupes=2,NO_GOLD,criminal,OFFLINE_CLIENT_PROJECTION,,,
sha:f6b3b3b7255d67eed8a2b5a205bace3ae46e1ecae8c26a2d1f83a3dd185894f7,PDF-f6b3b3b7255d,CB-TB-1347_Patel,CB-TB-1347_Patel.pdf,f6b3b3b7255d67eed8a2b5a205bace3ae46e1ecae8c26a2d1f83a3dd185894f7,C:\Users\gduff\Downloads\cb-tb-1301-1400-v5\pdfs\CB-TB-1347_Patel.pdf,pdf_inventory_criminal,pdf_hash_unique|dupes=2,NO_GOLD,criminal,OFFLINE_CLIENT_PROJECTION,,,
sha:f6bc7b6491c87d36d1347922da5820c43161d7cfc1a353766dfd14673db66ebb,PDF-f6bc7b6491c8,CB-TB-1043_Pike,CB-TB-1043_Pike.pdf,f6bc7b6491c87d36d1347922da5820c43161d7cfc1a353766dfd14673db66ebb,C:\Users\gduff\Downloads\cb-tb-901-1100-v5\pdfs\CB-TB-1043_Pike.pdf,pdf_inventory_criminal,pdf_hash_unique|dupes=2,NO_GOLD,criminal,OFFLINE_CLIENT_PROJECTION,,,
sha:f6cdf6b16eb2ef044af5d7a415af2e383df80ae9ffec2839927c2d4a94af6081,PDF-f6cdf6b16eb2,CB-TB-2081_Wright,CB-TB-2081_Wright.pdf,f6cdf6b16eb2ef044af5d7a415af2e383df80ae9ffec2839927c2d4a94af6081,C:\Users\gduff\Downloads\cb-tb-1601-2200-v5-factory-run\pdfs\CB-TB-2081_Wright.pdf,pdf_inventory_criminal,pdf_hash_unique|dupes=2,NO_GOLD,criminal,OFFLINE_CLIENT_PROJECTION,,,
sha:f6fb8f13f9fe0be06ca2824d96d9b132ef84cf94a556e99f8e559c3750063a7d,PDF-f6fb8f13f9fe,CB-TB-2182_Okonkwo,CB-TB-2182_Okonkwo.pdf,f6fb8f13f9fe0be06ca2824d96d9b132ef84cf94a556e99f8e559c3750063a7d,C:\Users\gduff\Downloads\cb-tb-1601-2200-v5-factory-run\pdfs\CB-TB-2182_Okonkwo.pdf,pdf_inventory_criminal,pdf_hash_unique|dupes=2,NO_GOLD,criminal,OFFLINE_CLIENT_PROJECTION,,,
sha:f6fcd6928fd8c445618455fdc79692e35d3328f98289fc19390b5d9f60181be8,PDF-f6fcd6928fd8,CB-TB-035_Clark,CB-TB-035_Clark.pdf,f6fcd6928fd8c445618455fdc79692e35d3328f98289fc19390b5d9f60181be8,C:\Users\gduff\Downloads\cb-tb-001-050-v3\pdfs\CB-TB-035_Clark.pdf,pdf_inventory_criminal,pdf_hash_unique|dupes=2,NO_GOLD,criminal,OFFLINE_CLIENT_PROJECTION,,,
sha:f70717a83150b48e550f4a5ae6a5b91afe788911fd7a93a08ab940f74115879d,PDF-f70717a83150,CB-TB-1589_Thornton,CB-TB-1589_Thornton.pdf,f70717a83150b48e550f4a5ae6a5b91afe788911fd7a93a08ab940f74115879d,C:\Users\gduff\Downloads\cb-tb-1501-1600-v5-factory-run\pdfs\CB-TB-1589_Thornton.pdf,pdf_inventory_criminal,pdf_hash_unique|dupes=2,NO_GOLD,criminal,OFFLINE_CLIENT_PROJECTION,,,
sha:f70f477e8cf1bb341179908ab0c61e059bba9077c79b19590b55cacb87680af9,PDF-f70f477e8cf1,CB-TB-1143_Ash,CB-TB-1143_Ash.pdf,f70f477e8cf1bb341179908ab0c61e059bba9077c79b19590b55cacb87680af9,C:\Users\gduff\Downloads\cb-tb-1101-1400-v5\pdfs\CB-TB-1143_Ash.pdf,pdf_inventory_criminal,pdf_hash_unique|dupes=2,NO_GOLD,criminal,OFFLINE_CLIENT_PROJECTION,,,
sha:f71b052b065401c479409a4f968dba2ccafef16196f5458a3d2abb784469680d,PDF-f71b052b0654,CB-TB-028_Harvey_Cole,CB-TB-028_Harvey_Cole.pdf,f71b052b065401c479409a4f968dba2ccafef16196f5458a3d2abb784469680d,C:\Users\gduff\Downloads\CaseBrain_Blind_Bundle_Factory_v2_30_bundles (1)\pdfs\CB-TB-028_Harvey_Cole.pdf,pdf_inventory_criminal,pdf_hash_unique|dupes=2,NO_GOLD,criminal,OFFLINE_CLIENT_PROJECTION,,,
sha:f72b26009eae7c8532a301345282db465b985248c854c69286fdc2ee16ef2cef,PDF-f72b26009eae,CB-TB-932_Parker,CB-TB-932_Parker.pdf,f72b26009eae7c8532a301345282db465b985248c854c69286fdc2ee16ef2cef,C:\Users\gduff\Downloads\cb-tb-901-1100-v5\pdfs\CB-TB-932_Parker.pdf,pdf_inventory_criminal,pdf_hash_unique|dupes=2,NO_GOLD,criminal,OFFLINE_CLIENT_PROJECTION,,,
sha:f7336e7994d600ddd40a8b8776c28acd6805b434c33831958dc70fa7bd0b1f36,PDF-f7336e7994d6,CB-TB-850_Brooks,CB-TB-850_Brooks.pdf,f7336e7994d600ddd40a8b8776c28acd6805b434c33831958dc70fa7bd0b1f36,C:\Users\gduff\Downloads\cb-tb-801-900-v5\pdfs\CB-TB-850_Brooks.pdf,pdf_inventory_criminal,pdf_hash_unique|dupes=1,NO_GOLD,criminal,OFFLINE_CLIENT_PROJECTION,,,
sha:f780a9e19e81af61b0e55d3e1deb388e00e5ab60805a01b02f18c07935e39d06,PDF-f780a9e19e81,CB-TB-983_Wright,CB-TB-983_Wright.pdf,f780a9e19e81af61b0e55d3e1deb388e00e5ab60805a01b02f18c07935e39d06,C:\Users\gduff\Downloads\cb-tb-901-1100-v5\pdfs\CB-TB-983_Wright.pdf,pdf_inventory_criminal,pdf_hash_unique|dupes=2,NO_GOLD,criminal,OFFLINE_CLIENT_PROJECTION,,,
sha:f79e632d239d49da8d6dbfbc28562ea87d7028176147bdb359841479487de8de,PDF-f79e632d239d,CB-TB-1632_Sutton,CB-TB-1632_Sutton.pdf,f79e632d239d49da8d6dbfbc28562ea87d7028176147bdb359841479487de8de,C:\Users\gduff\Downloads\cb-tb-1601-2200-v5-factory-run\pdfs\CB-TB-1632_Sutton.pdf,pdf_inventory_criminal,pdf_hash_unique|dupes=4,NO_GOLD,criminal,OFFLINE_CLIENT_PROJECTION,,,
sha:f7aacfbe77625fdd221f9554ff9b8c9cdecb98a8e2b72717dab4e32104d69df3,PDF-f7aacfbe7762,CB-TB-200_Ellis,CB-TB-200_Ellis.pdf,f7aacfbe77625fdd221f9554ff9b8c9cdecb98a8e2b72717dab4e32104d69df3,C:\Users\gduff\Downloads\cb-tb-101-200-v4\pdfs\CB-TB-200_Ellis.pdf,pdf_inventory_criminal,pdf_hash_unique|dupes=1,NO_GOLD,criminal,OFFLINE_CLIENT_PROJECTION,,,
sha:f7aebafc91a0cd3ec5ed86f7d31064638202382a854b775c89258541a8e6c4fd,PDF-f7aebafc91a0,CB-TB-1280_Hale,CB-TB-1280_Hale.pdf,f7aebafc91a0cd3ec5ed86f7d31064638202382a854b775c89258541a8e6c4fd,C:\Users\gduff\Downloads\cb-tb-1201-1300-v5\pdfs\CB-TB-1280_Hale.pdf,pdf_inventory_criminal,pdf_hash_unique|dupes=2,NO_GOLD,criminal,OFFLINE_CLIENT_PROJECTION,,,
sha:f7cd5f9ff38d24cd410f54bb5260825db72efc81fa9e8aed5a6d77c5fd5e8341,PDF-f7cd5f9ff38d,CB-TB-1792_Booth,CB-TB-1792_Booth.pdf,f7cd5f9ff38d24cd410f54bb5260825db72efc81fa9e8aed5a6d77c5fd5e8341,C:\Users\gduff\Downloads\cb-tb-1601-2200-v5-factory-run\pdfs\CB-TB-1792_Booth.pdf,pdf_inventory_criminal,pdf_hash_unique|dupes=2,NO_GOLD,criminal,OFFLINE_CLIENT_PROJECTION,,,
sha:f7d9e7a81f3cbe840931e479f9625fc865e688f6aa73671718ad5a4809aa91ed,PDF-f7d9e7a81f3c,CB-TB-1781_Dale,CB-TB-1781_Dale.pdf,f7d9e7a81f3cbe840931e479f9625fc865e688f6aa73671718ad5a4809aa91ed,C:\Users\gduff\Downloads\cb-tb-1601-2200-v5-factory-run\pdfs\CB-TB-1781_Dale.pdf,pdf_inventory_criminal,pdf_hash_unique|dupes=2,NO_GOLD,criminal,OFFLINE_CLIENT_PROJECTION,,,
sha:f7f6659399b7e70318abd52c21e903405cb889ad4698c95a8bc56967bd661a42,PDF-f7f6659399b7,CB-TB-1602_Sutton,CB-TB-1602_Sutton.pdf,f7f6659399b7e70318abd52c21e903405cb889ad4698c95a8bc56967bd661a42,C:\Users\gduff\Downloads\cb-tb-1601-2200-v5-factory-run\pdfs\CB-TB-1602_Sutton.pdf,pdf_inventory_criminal,pdf_hash_unique|dupes=4,NO_GOLD,criminal,OFFLINE_CLIENT_PROJECTION,,,
sha:f809c3cad542338d9fc90bf51f971d28f488fd024346fb4d9ecbae6b084e98a1,PDF-f809c3cad542,CB-TB-1422_Turner,CB-TB-1422_Turner.pdf,f809c3cad542338d9fc90bf51f971d28f488fd024346fb4d9ecbae6b084e98a1,C:\Users\gduff\Downloads\cb-tb-1401-1500-v5-tmp\pdfs\CB-TB-1422_Turner.pdf,pdf_inventory_criminal,pdf_hash_unique|dupes=1,NO_GOLD,criminal,OFFLINE_CLIENT_PROJECTION,,,
sha:f837b412fd72002156b68c504b81982766ccb382707fd1830e894cbe8a66e80c,PDF-f837b412fd72,CB-TB-1854_Holt,CB-TB-1854_Holt.pdf,f837b412fd72002156b68c504b81982766ccb382707fd1830e894cbe8a66e80c,C:\Users\gduff\Downloads\cb-tb-1601-2200-v5-factory-run\pdfs\CB-TB-1854_Holt.pdf,pdf_inventory_criminal,pdf_hash_unique|dupes=2,NO_GOLD,criminal,OFFLINE_CLIENT_PROJECTION,,,
sha:f83cc6109e511407f46c66492536b7440fcbd289d4f9eb163c9c0924911d5045,PDF-f83cc6109e51,CB-TB-238_Rafiq,CB-TB-238_Rafiq.pdf,f83cc6109e511407f46c66492536b7440fcbd289d4f9eb163c9c0924911d5045,C:\Users\gduff\Downloads\cb-tb-201-300-v4\pdfs\CB-TB-238_Rafiq.pdf,pdf_inventory_criminal,pdf_hash_unique|dupes=1,NO_GOLD,criminal,OFFLINE_CLIENT_PROJECTION,,,
sha:f93cb69d0bff310c784a8b1ccd9b5355b2944540d089abd8c4502c8fa9d46baf,PDF-f93cb69d0bff,CB-TB-393_Daly,CB-TB-393_Daly.pdf,f93cb69d0bff310c784a8b1ccd9b5355b2944540d089abd8c4502c8fa9d46baf,C:\Users\gduff\Downloads\cb-tb-301-400-v4\pdfs\CB-TB-393_Daly.pdf,pdf_inventory_criminal,pdf_hash_unique|dupes=2,NO_GOLD,criminal,OFFLINE_CLIENT_PROJECTION,,,
sha:f93f2890994ba5413ff7165eda28ca806843cfd64096e12663417edd625b7991,PDF-f93f2890994b,CB-TB-906_Archer,CB-TB-906_Archer.pdf,f93f2890994ba5413ff7165eda28ca806843cfd64096e12663417edd625b7991,C:\Users\gduff\Downloads\cb-tb-901-1100-v5\pdfs\CB-TB-906_Archer.pdf,pdf_inventory_criminal,pdf_hash_unique|dupes=2,NO_GOLD,criminal,OFFLINE_CLIENT_PROJECTION,,,
sha:f944c46481e0af12ef201ceac941e4d679fa0a4a28d03922a7f4743b373d9159,PDF-f944c46481e0,CB-TB-021_Kaur,CB-TB-021_Kaur.pdf,f944c46481e0af12ef201ceac941e4d679fa0a4a28d03922a7f4743b373d9159,C:\Users\gduff\Downloads\cb-tb-001-050-v3\pdfs\CB-TB-021_Kaur.pdf,pdf_inventory_criminal,pdf_hash_unique|dupes=2,NO_GOLD,criminal,OFFLINE_CLIENT_PROJECTION,,,
sha:f948e29bbef0a0b12486d1b48375591953d870dd8da9518a2a4ffa0b58d7f3d1,PDF-f948e29bbef0,CB-TB-656_Ali,CB-TB-656_Ali.pdf,f948e29bbef0a0b12486d1b48375591953d870dd8da9518a2a4ffa0b58d7f3d1,C:\Users\gduff\Downloads\cb-tb-601-700-v5\pdfs\CB-TB-656_Ali.pdf,pdf_inventory_criminal,pdf_hash_unique|dupes=1,NO_GOLD,criminal,OFFLINE_CLIENT_PROJECTION,,,
sha:f971d63080f80649b3fd03144af81ef1f809ebead0fb036539afa8497df9e169,PDF-f971d63080f8,CB-TB-017_Shah,CB-TB-017_Shah.pdf,f971d63080f80649b3fd03144af81ef1f809ebead0fb036539afa8497df9e169,C:\Users\gduff\Downloads\cb-tb-001-030-v4\pdfs\CB-TB-017_Shah.pdf,pdf_inventory_criminal,pdf_hash_unique|dupes=1,NO_GOLD,criminal,OFFLINE_CLIENT_PROJECTION,,,
sha:f97d5b2b2462bac6c270f3b49f64f68d7c91e2a3c3a6607d21118eb5ee42eb12,PDF-f97d5b2b2462,CB-TB-1566_Fletcher,CB-TB-1566_Fletcher.pdf,f97d5b2b2462bac6c270f3b49f64f68d7c91e2a3c3a6607d21118eb5ee42eb12,C:\Users\gduff\Downloads\cb-tb-1501-1600-v5-factory-run\pdfs\CB-TB-1566_Fletcher.pdf,pdf_inventory_criminal,pdf_hash_unique|dupes=2,NO_GOLD,criminal,OFFLINE_CLIENT_PROJECTION,,,
sha:f99a48ca1d39cdfbb1d2eea842ad453049f2c37b600cb6323dedb8d78d61fd98,PDF-f99a48ca1d39,CB-TB-01_Ryan_Hale,CB-TB-01_Ryan_Hale.pdf,f99a48ca1d39cdfbb1d2eea842ad453049f2c37b600cb6323dedb8d78d61fd98,C:\Users\gduff\Downloads\CB-TB-01_Ryan_Hale.pdf,pdf_inventory_criminal,pdf_hash_unique|dupes=2,NO_GOLD,criminal,BACKEND_LIVE,,22c199a3-210b-49ba-ad1f-739eabe77dfe,new cases for cursor — Case 1
sha:f9b103c729aa1ddde19cc58c138d10e03575047309e770b6afc277f97520414a,PDF-f9b103c729aa,CB-TB-2023_Okonkwo,CB-TB-2023_Okonkwo.pdf,f9b103c729aa1ddde19cc58c138d10e03575047309e770b6afc277f97520414a,C:\Users\gduff\Downloads\cb-tb-1601-2200-v5-factory-run\pdfs\CB-TB-2023_Okonkwo.pdf,pdf_inventory_criminal,pdf_hash_unique|dupes=2,NO_GOLD,criminal,OFFLINE_CLIENT_PROJECTION,,,
sha:f9c88944da78a0208a2fbb20399eaf5a2583485877b2d914e30dee99a5c28648,PDF-f9c88944da78,CB-TB-1183_Holt,CB-TB-1183_Holt.pdf,f9c88944da78a0208a2fbb20399eaf5a2583485877b2d914e30dee99a5c28648,C:\Users\gduff\Downloads\cb-tb-1101-1400-v5\pdfs\CB-TB-1183_Holt.pdf,pdf_inventory_criminal,pdf_hash_unique|dupes=2,NO_GOLD,criminal,OFFLINE_CLIENT_PROJECTION,,,
sha:f9c92b45d3d9f686722889f893826f4a2ebc4edcd3d19eff434b85fff8fd417c,PDF-f9c92b45d3d9,CB-TB-1101_Ash,CB-TB-1101_Ash.pdf,f9c92b45d3d9f686722889f893826f4a2ebc4edcd3d19eff434b85fff8fd417c,C:\Users\gduff\Downloads\cb-tb-1101-1400-v5\pdfs\CB-TB-1101_Ash.pdf,pdf_inventory_criminal,pdf_hash_unique|dupes=2,NO_GOLD,criminal,OFFLINE_CLIENT_PROJECTION,,,
sha:fa01d94b58decc32a3827a1a2e2707bdbd69cef5b55a1cba8b64e746e251d765,PDF-fa01d94b58de,CB-TB-1522_Brennan,CB-TB-1522_Brennan.pdf,fa01d94b58decc32a3827a1a2e2707bdbd69cef5b55a1cba8b64e746e251d765,C:\Users\gduff\Downloads\cb-tb-1501-1600-v5-factory-run\pdfs\CB-TB-1522_Brennan.pdf,pdf_inventory_criminal,pdf_hash_unique|dupes=2,NO_GOLD,criminal,OFFLINE_CLIENT_PROJECTION,,,
sha:fa04711cb3a99e88abba2e22e8e997b32233571c018041980e270dcf4524a3c0,PDF-fa04711cb3a9,CB-TB-459_Walker,CB-TB-459_Walker.pdf,fa04711cb3a99e88abba2e22e8e997b32233571c018041980e270dcf4524a3c0,C:\Users\gduff\Downloads\cb-tb-401-500-v5\pdfs\CB-TB-459_Walker.pdf,pdf_inventory_criminal,pdf_hash_unique|dupes=2,NO_GOLD,criminal,OFFLINE_CLIENT_PROJECTION,,,
sha:fa28a8bd85b1c9f9c96971afb815b1b9e4e223d46005360c573258251559f86c,PDF-fa28a8bd85b1,CB-TB-483_Singh,CB-TB-483_Singh.pdf,fa28a8bd85b1c9f9c96971afb815b1b9e4e223d46005360c573258251559f86c,C:\Users\gduff\Downloads\cb-tb-401-500-v5\pdfs\CB-TB-483_Singh.pdf,pdf_inventory_criminal,pdf_hash_unique|dupes=2,NO_GOLD,criminal,OFFLINE_CLIENT_PROJECTION,,,
sha:fa4eb5d239e849a766ba8fca8aa9b8cd8bf16d48570395baa6babcbb10066c03,PDF-fa4eb5d239e8,CB-TB-2060_Thornton,CB-TB-2060_Thornton.pdf,fa4eb5d239e849a766ba8fca8aa9b8cd8bf16d48570395baa6babcbb10066c03,C:\Users\gduff\Downloads\cb-tb-1601-2200-v5-factory-run\pdfs\CB-TB-2060_Thornton.pdf,pdf_inventory_criminal,pdf_hash_unique|dupes=2,NO_GOLD,criminal,OFFLINE_CLIENT_PROJECTION,,,
sha:fa4f0f1eb3361cb4d385b6932b154a4a26b328a4a39d19eeeb66ace82194327a,PDF-fa4f0f1eb336,CB-TB-022_Walsh,CB-TB-022_Walsh.pdf,fa4f0f1eb3361cb4d385b6932b154a4a26b328a4a39d19eeeb66ace82194327a,C:\Users\gduff\Downloads\cb-tb-001-050-v3\pdfs\CB-TB-022_Walsh.pdf,pdf_inventory_criminal,pdf_hash_unique|dupes=2,NO_GOLD,criminal,OFFLINE_CLIENT_PROJECTION,,,
sha:fa833c11fdda8afc7e6aa7c834961e67914a4edb6db13a667d3a11e876893c71,PDF-fa833c11fdda,CB-TB-1260_Vale,CB-TB-1260_Vale.pdf,fa833c11fdda8afc7e6aa7c834961e67914a4edb6db13a667d3a11e876893c71,C:\Users\gduff\Downloads\cb-tb-1201-1300-v5\pdfs\CB-TB-1260_Vale.pdf,pdf_inventory_criminal,pdf_hash_unique|dupes=2,NO_GOLD,criminal,OFFLINE_CLIENT_PROJECTION,,,
sha:faa343dadfdef8a5775d5a3fc63f74f3257af4edf434fa80c5b696a4326926d3,PDF-faa343dadfde,CB-TB-1207_Carter,CB-TB-1207_Carter.pdf,faa343dadfdef8a5775d5a3fc63f74f3257af4edf434fa80c5b696a4326926d3,C:\Users\gduff\Downloads\cb-tb-1201-1300-v5\pdfs\CB-TB-1207_Carter.pdf,pdf_inventory_criminal,pdf_hash_unique|dupes=2,NO_GOLD,criminal,OFFLINE_CLIENT_PROJECTION,,,
sha:faa414ba3f97c491528f59dd0d9b90cd7712f77920f2d0b36bd33160983d682b,PDF-faa414ba3f97,CB-TB-2006_Doyle,CB-TB-2006_Doyle.pdf,faa414ba3f97c491528f59dd0d9b90cd7712f77920f2d0b36bd33160983d682b,C:\Users\gduff\Downloads\cb-tb-1601-2200-v5-factory-run\pdfs\CB-TB-2006_Doyle.pdf,pdf_inventory_criminal,pdf_hash_unique|dupes=2,NO_GOLD,criminal,OFFLINE_CLIENT_PROJECTION,,,
sha:fab181b7db4b73676da050ecaaa61c30d8bac0f866383d14766eda3592687ae1,PDF-fab181b7db4b,CB-TB-454_Byrne,CB-TB-454_Byrne.pdf,fab181b7db4b73676da050ecaaa61c30d8bac0f866383d14766eda3592687ae1,C:\Users\gduff\Downloads\cb-tb-401-500-v5\pdfs\CB-TB-454_Byrne.pdf,pdf_inventory_criminal,pdf_hash_unique|dupes=2,NO_GOLD,criminal,OFFLINE_CLIENT_PROJECTION,,,
sha:fadb7b3891264d588a9f0ec5a487a195225681994a9684b4838f338e93524003,PDF-fadb7b389126,CB-TB-1853_Rowley,CB-TB-1853_Rowley.pdf,fadb7b3891264d588a9f0ec5a487a195225681994a9684b4838f338e93524003,C:\Users\gduff\Downloads\cb-tb-1601-2200-v5-factory-run\pdfs\CB-TB-1853_Rowley.pdf,pdf_inventory_criminal,pdf_hash_unique|dupes=2,NO_GOLD,criminal,OFFLINE_CLIENT_PROJECTION,,,
sha:faedc1a04547842e37e7b09ab9ab2004d2a6a30b5ffd91bdae25c558ae5c71cf,PDF-faedc1a04547,CB-TB-2188_Nolan,CB-TB-2188_Nolan.pdf,faedc1a04547842e37e7b09ab9ab2004d2a6a30b5ffd91bdae25c558ae5c71cf,C:\Users\gduff\Downloads\cb-tb-1601-2200-v5-factory-run\pdfs\CB-TB-2188_Nolan.pdf,pdf_inventory_criminal,pdf_hash_unique|dupes=2,NO_GOLD,criminal,OFFLINE_CLIENT_PROJECTION,,,
sha:fb13777a810996406080d32800044bcce420b9967e28600a21d725ee99e3541c,PDF-fb13777a8109,CB-TB-697_Parker,CB-TB-697_Parker.pdf,fb13777a810996406080d32800044bcce420b9967e28600a21d725ee99e3541c,C:\Users\gduff\Downloads\cb-tb-601-700-v5\pdfs\CB-TB-697_Parker.pdf,pdf_inventory_criminal,pdf_hash_unique|dupes=1,NO_GOLD,criminal,OFFLINE_CLIENT_PROJECTION,,,
sha:fb2b2874a58c1a0e74b6f5fc3d51f95992ba2883fa178d314ebb3da660c74819,PDF-fb2b2874a58c,CB-TB-396_Dacre,CB-TB-396_Dacre.pdf,fb2b2874a58c1a0e74b6f5fc3d51f95992ba2883fa178d314ebb3da660c74819,C:\Users\gduff\Downloads\cb-tb-301-400-v4\pdfs\CB-TB-396_Dacre.pdf,pdf_inventory_criminal,pdf_hash_unique|dupes=2,NO_GOLD,criminal,OFFLINE_CLIENT_PROJECTION,,,
sha:fb584adf39aba7d04586d842adec4c86cda21a5c3c62deef8bdd001e9693df60,PDF-fb584adf39ab,CB-TB-685_Harper,CB-TB-685_Harper.pdf,fb584adf39aba7d04586d842adec4c86cda21a5c3c62deef8bdd001e9693df60,C:\Users\gduff\Downloads\cb-tb-601-700-v5\pdfs\CB-TB-685_Harper.pdf,pdf_inventory_criminal,pdf_hash_unique|dupes=1,NO_GOLD,criminal,OFFLINE_CLIENT_PROJECTION,,,
sha:fb596e6f6f78a14907a0050b7711695061e1c8dd235280de62fe94e3bae99262,PDF-fb596e6f6f78,CB-TB-1131_Doyle,CB-TB-1131_Doyle.pdf,fb596e6f6f78a14907a0050b7711695061e1c8dd235280de62fe94e3bae99262,C:\Users\gduff\Downloads\cb-tb-1101-1400-v5\pdfs\CB-TB-1131_Doyle.pdf,pdf_inventory_criminal,pdf_hash_unique|dupes=2,NO_GOLD,criminal,OFFLINE_CLIENT_PROJECTION,,,
sha:fb73ea289ac8cdc0404f5a41f10a94222f9565282753a44f86937cedd11206cf,PDF-fb73ea289ac8,CB-TB-1992_Kellett,CB-TB-1992_Kellett.pdf,fb73ea289ac8cdc0404f5a41f10a94222f9565282753a44f86937cedd11206cf,C:\Users\gduff\Downloads\cb-tb-1601-2200-v5-factory-run\pdfs\CB-TB-1992_Kellett.pdf,pdf_inventory_criminal,pdf_hash_unique|dupes=2,NO_GOLD,criminal,OFFLINE_CLIENT_PROJECTION,,,
sha:fb79323539289c9d292bbdcaa863be86711483d460930da7c1c9e4a33c6afdf9,PDF-fb7932353928,CB-TB-021_Reed,CB-TB-021_Reed.pdf,fb79323539289c9d292bbdcaa863be86711483d460930da7c1c9e4a33c6afdf9,C:\Users\gduff\Downloads\cb-tb-001-030-v4\pdfs\CB-TB-021_Reed.pdf,pdf_inventory_criminal,pdf_hash_unique|dupes=1,NO_GOLD,criminal,OFFLINE_CLIENT_PROJECTION,,,
sha:fbc10a2f28c17aafc82aa5bb873743ea040ad71536d12eec7bb48f4bac24fd93,PDF-fbc10a2f28c1,CB-TB-311_Mitchell,CB-TB-311_Mitchell.pdf,fbc10a2f28c17aafc82aa5bb873743ea040ad71536d12eec7bb48f4bac24fd93,C:\Users\gduff\Downloads\cb-tb-301-400-v4\pdfs\CB-TB-311_Mitchell.pdf,pdf_inventory_criminal,pdf_hash_unique|dupes=2,NO_GOLD,criminal,OFFLINE_CLIENT_PROJECTION,,,
sha:fbc5fc4e9f050f435a4c1d3c51b486735ee20b3b4615f3de1a29fc4ed67f9f0e,PDF-fbc5fc4e9f05,CB-TB-1515_Morris,CB-TB-1515_Morris.pdf,fbc5fc4e9f050f435a4c1d3c51b486735ee20b3b4615f3de1a29fc4ed67f9f0e,C:\Users\gduff\Downloads\cb-tb-1501-1600-v5-factory-run\pdfs\CB-TB-1515_Morris.pdf,pdf_inventory_criminal,pdf_hash_unique|dupes=2,NO_GOLD,criminal,OFFLINE_CLIENT_PROJECTION,,,
sha:fc290b7a05f7f61a20a151b74cd527eecdaa21ee088b15a55a5138f03eb768ff,PDF-fc290b7a05f7,CB-TB-332_Daly,CB-TB-332_Daly.pdf,fc290b7a05f7f61a20a151b74cd527eecdaa21ee088b15a55a5138f03eb768ff,C:\Users\gduff\Downloads\cb-tb-301-400-v4\pdfs\CB-TB-332_Daly.pdf,pdf_inventory_criminal,pdf_hash_unique|dupes=2,NO_GOLD,criminal,OFFLINE_CLIENT_PROJECTION,,,
sha:fc3a945035c7984331ab8e60a3b8866ad548a6506cdfbca90b07e89106be89f8,PDF-fc3a945035c7,CB-TB-226_Pearce,CB-TB-226_Pearce.pdf,fc3a945035c7984331ab8e60a3b8866ad548a6506cdfbca90b07e89106be89f8,C:\Users\gduff\Downloads\cb-tb-201-300-v4\pdfs\CB-TB-226_Pearce.pdf,pdf_inventory_criminal,pdf_hash_unique|dupes=1,NO_GOLD,criminal,OFFLINE_CLIENT_PROJECTION,,,
sha:fc986094c01abb4e0c2f9d47adec46bfd746add577da8fd9c4d6833c2ed74cbe,PDF-fc986094c01a,CB-TB-1899_Mercer,CB-TB-1899_Mercer.pdf,fc986094c01abb4e0c2f9d47adec46bfd746add577da8fd9c4d6833c2ed74cbe,C:\Users\gduff\Downloads\cb-tb-1601-2200-v5-factory-run\pdfs\CB-TB-1899_Mercer.pdf,pdf_inventory_criminal,pdf_hash_unique|dupes=2,NO_GOLD,criminal,OFFLINE_CLIENT_PROJECTION,,,
sha:fc9c3894d14d7a365e78619626d16895a9482a83062672bcc4e89c5901b70873,PDF-fc9c3894d14d,CB-TB-489_Brooks,CB-TB-489_Brooks.pdf,fc9c3894d14d7a365e78619626d16895a9482a83062672bcc4e89c5901b70873,C:\Users\gduff\Downloads\cb-tb-401-500-v5\pdfs\CB-TB-489_Brooks.pdf,pdf_inventory_criminal,pdf_hash_unique|dupes=2,NO_GOLD,criminal,OFFLINE_CLIENT_PROJECTION,,,
sha:fc9ed1ee77d41b202c0739a84a59ddb8e86f198c28c89d7a86642f67247c3aa9,PDF-fc9ed1ee77d4,CB-TB-1816_Holt,CB-TB-1816_Holt.pdf,fc9ed1ee77d41b202c0739a84a59ddb8e86f198c28c89d7a86642f67247c3aa9,C:\Users\gduff\Downloads\cb-tb-1601-2200-v5-factory-run\pdfs\CB-TB-1816_Holt.pdf,pdf_inventory_criminal,pdf_hash_unique|dupes=2,NO_GOLD,criminal,OFFLINE_CLIENT_PROJECTION,,,
sha:fcbb51d40efc79b4774f2824fc8fcc08fc9ad82348831082fa1b6f9fae115ce9,PDF-fcbb51d40efc,CB-TB-616_Coates,CB-TB-616_Coates.pdf,fcbb51d40efc79b4774f2824fc8fcc08fc9ad82348831082fa1b6f9fae115ce9,C:\Users\gduff\Downloads\cb-tb-601-700-v5\pdfs\CB-TB-616_Coates.pdf,pdf_inventory_criminal,pdf_hash_unique|dupes=1,NO_GOLD,criminal,OFFLINE_CLIENT_PROJECTION,,,
sha:fccbb5a3bd0497606ef6a731e9aeb87bae76238abe7ce55303415ae3579dce85,PDF-fccbb5a3bd04,CB-TB-027_Farah_Siddiq,CB-TB-027_Farah_Siddiq.pdf,fccbb5a3bd0497606ef6a731e9aeb87bae76238abe7ce55303415ae3579dce85,C:\Users\gduff\Downloads\CaseBrain_Blind_Bundle_Factory_v2_30_bundles (1)\pdfs\CB-TB-027_Farah_Siddiq.pdf,pdf_inventory_criminal,pdf_hash_unique|dupes=2,NO_GOLD,criminal,OFFLINE_CLIENT_PROJECTION,,,
sha:fd17d5f6f9c56b5b490662319db787af0c70a931a7727c1d94ef443344f15110,PDF-fd17d5f6f9c5,CB-TB-037_Brennan,CB-TB-037_Brennan.pdf,fd17d5f6f9c56b5b490662319db787af0c70a931a7727c1d94ef443344f15110,C:\Users\gduff\Downloads\cb-tb-031-100-v4\pdfs\CB-TB-037_Brennan.pdf,pdf_inventory_criminal,pdf_hash_unique|dupes=1,NO_GOLD,criminal,OFFLINE_CLIENT_PROJECTION,,,
sha:fd303c351a92992d62a70ac4d355d2f610f2283e942ef396587447277bd0ee4e,PDF-fd303c351a92,CB-TB-1211_Parker,CB-TB-1211_Parker.pdf,fd303c351a92992d62a70ac4d355d2f610f2283e942ef396587447277bd0ee4e,C:\Users\gduff\Downloads\cb-tb-1201-1300-v5\pdfs\CB-TB-1211_Parker.pdf,pdf_inventory_criminal,pdf_hash_unique|dupes=2,NO_GOLD,criminal,OFFLINE_CLIENT_PROJECTION,,,
sha:fd55b1882a8474b897fe4e2df48f56bfad7a5f6e91ee276e6430053538adc547,PDF-fd55b1882a84,CB-TB-428_Fox,CB-TB-428_Fox.pdf,fd55b1882a8474b897fe4e2df48f56bfad7a5f6e91ee276e6430053538adc547,C:\Users\gduff\Downloads\cb-tb-401-500-v5\pdfs\CB-TB-428_Fox.pdf,pdf_inventory_criminal,pdf_hash_unique|dupes=2,NO_GOLD,criminal,OFFLINE_CLIENT_PROJECTION,,,
sha:fd8b515d6f1f524d7a4216a93692da25c0af0d1cccaf15eadd592296f8abb391,PDF-fd8b515d6f1f,CB-TB-1583_Holland,CB-TB-1583_Holland.pdf,fd8b515d6f1f524d7a4216a93692da25c0af0d1cccaf15eadd592296f8abb391,C:\Users\gduff\Downloads\cb-tb-1501-1600-v5-factory-run\pdfs\CB-TB-1583_Holland.pdf,pdf_inventory_criminal,pdf_hash_unique|dupes=2,NO_GOLD,criminal,OFFLINE_CLIENT_PROJECTION,,,
sha:fda103de79531ff1ea74d3dbb10634f908c06f45f71322b1c75941a1326c876c,PDF-fda103de7953,CB-TB-1953_Baines,CB-TB-1953_Baines.pdf,fda103de79531ff1ea74d3dbb10634f908c06f45f71322b1c75941a1326c876c,C:\Users\gduff\Downloads\cb-tb-1601-2200-v5-factory-run\pdfs\CB-TB-1953_Baines.pdf,pdf_inventory_criminal,pdf_hash_unique|dupes=2,NO_GOLD,criminal,OFFLINE_CLIENT_PROJECTION,,,
sha:fdb3697f9f86080dbf29d13af228d504e59f7b4ea4e3f3eb84417d443bc79f3b,PDF-fdb3697f9f86,CB-TB-155_Rees,CB-TB-155_Rees.pdf,fdb3697f9f86080dbf29d13af228d504e59f7b4ea4e3f3eb84417d443bc79f3b,C:\Users\gduff\Downloads\cb-tb-101-200-v4\pdfs\CB-TB-155_Rees.pdf,pdf_inventory_criminal,pdf_hash_unique|dupes=1,NO_GOLD,criminal,OFFLINE_CLIENT_PROJECTION,,,
sha:fdb6045d180d339a928d8141cdaff23c1d9c6b1a09e042f818d9a2e8fbf99d41,PDF-fdb6045d180d,CB-TB-1965_Quinn,CB-TB-1965_Quinn.pdf,fdb6045d180d339a928d8141cdaff23c1d9c6b1a09e042f818d9a2e8fbf99d41,C:\Users\gduff\Downloads\cb-tb-1601-2200-v5-factory-run\pdfs\CB-TB-1965_Quinn.pdf,pdf_inventory_criminal,pdf_hash_unique|dupes=2,NO_GOLD,criminal,OFFLINE_CLIENT_PROJECTION,,,
sha:fdc27040e83d300d8b00dee480a7c59c4cb2871ef1d5ec1301ded25eca249e5d,PDF-fdc27040e83d,CB-TB-040_Quinn,CB-TB-040_Quinn.pdf,fdc27040e83d300d8b00dee480a7c59c4cb2871ef1d5ec1301ded25eca249e5d,C:\Users\gduff\Downloads\cb-tb-031-100-v4\pdfs\CB-TB-040_Quinn.pdf,pdf_inventory_criminal,pdf_hash_unique|dupes=1,NO_GOLD,criminal,OFFLINE_CLIENT_PROJECTION,,,
sha:fdc48ce2c73f3ffe0173c9935c348b18ab9e41f50d643bb42fe3aa6944f675ce,PDF-fdc48ce2c73f,CB-TB-211_Thornton,CB-TB-211_Thornton.pdf,fdc48ce2c73f3ffe0173c9935c348b18ab9e41f50d643bb42fe3aa6944f675ce,C:\Users\gduff\Downloads\cb-tb-201-300-v4\pdfs\CB-TB-211_Thornton.pdf,pdf_inventory_criminal,pdf_hash_unique|dupes=1,NO_GOLD,criminal,OFFLINE_CLIENT_PROJECTION,,,
sha:fe0c551e5ce0f4fab1f2a7a50becf993d749347e3290193488298ce9b6a1dac9,PDF-fe0c551e5ce0,CB-TB-1125_Okonkwo,CB-TB-1125_Okonkwo.pdf,fe0c551e5ce0f4fab1f2a7a50becf993d749347e3290193488298ce9b6a1dac9,C:\Users\gduff\Downloads\cb-tb-1101-1400-v5\pdfs\CB-TB-1125_Okonkwo.pdf,pdf_inventory_criminal,pdf_hash_unique|dupes=2,NO_GOLD,criminal,OFFLINE_CLIENT_PROJECTION,,,
sha:fe1daf044f51a144e2c0289b9480b8cc15bbc841949224c90f83e8c21ed1f812,PDF-fe1daf044f51,CB-TB-1627_West,CB-TB-1627_West.pdf,fe1daf044f51a144e2c0289b9480b8cc15bbc841949224c90f83e8c21ed1f812,C:\Users\gduff\Downloads\cb-tb-1601-2200-v5-factory-run\pdfs\CB-TB-1627_West.pdf,pdf_inventory_criminal,pdf_hash_unique|dupes=4,NO_GOLD,criminal,OFFLINE_CLIENT_PROJECTION,,,
sha:fe45d8c70f57c0182916f5e4b6c3be766008167500260e2ef1e6c17566e07d22,PDF-fe45d8c70f57,CB-TB-1939_Akhtar,CB-TB-1939_Akhtar.pdf,fe45d8c70f57c0182916f5e4b6c3be766008167500260e2ef1e6c17566e07d22,C:\Users\gduff\Downloads\cb-tb-1601-2200-v5-factory-run\pdfs\CB-TB-1939_Akhtar.pdf,pdf_inventory_criminal,pdf_hash_unique|dupes=2,NO_GOLD,criminal,OFFLINE_CLIENT_PROJECTION,,,
sha:fe53d2b737aacbf58ed90b5c8addcabe8b3e57bfca15005d9e77b5e5304a42f9,PDF-fe53d2b737aa,CB-TB-1368_Forrest,CB-TB-1368_Forrest.pdf,fe53d2b737aacbf58ed90b5c8addcabe8b3e57bfca15005d9e77b5e5304a42f9,C:\Users\gduff\Downloads\cb-tb-1301-1400-v5\pdfs\CB-TB-1368_Forrest.pdf,pdf_inventory_criminal,pdf_hash_unique|dupes=2,NO_GOLD,criminal,OFFLINE_CLIENT_PROJECTION,,,
sha:fe551629134fd9f60d9f2bfef8d6c9d8bd91052e2da7e635c7bb1aaffae5510a,PDF-fe551629134f,CB-TB-2068_Parker,CB-TB-2068_Parker.pdf,fe551629134fd9f60d9f2bfef8d6c9d8bd91052e2da7e635c7bb1aaffae5510a,C:\Users\gduff\Downloads\cb-tb-1601-2200-v5-factory-run\pdfs\CB-TB-2068_Parker.pdf,pdf_inventory_criminal,pdf_hash_unique|dupes=2,NO_GOLD,criminal,OFFLINE_CLIENT_PROJECTION,,,
sha:fe5979f0443b07c566464cb257e823508b69a125450a6ab35f2902140a8808f4,PDF-fe5979f0443b,CB-TB-1338_Carver,CB-TB-1338_Carver.pdf,fe5979f0443b07c566464cb257e823508b69a125450a6ab35f2902140a8808f4,C:\Users\gduff\Downloads\cb-tb-1301-1400-v5\pdfs\CB-TB-1338_Carver.pdf,pdf_inventory_criminal,pdf_hash_unique|dupes=2,NO_GOLD,criminal,OFFLINE_CLIENT_PROJECTION,,,
sha:fe6306f9b204c6e19b9b64ec6264a0e13a371937519d56fc1c7f012f511c30cf,PDF-fe6306f9b204,CB-TB-2163_Mitchell,CB-TB-2163_Mitchell.pdf,fe6306f9b204c6e19b9b64ec6264a0e13a371937519d56fc1c7f012f511c30cf,C:\Users\gduff\Downloads\cb-tb-1601-2200-v5-factory-run\pdfs\CB-TB-2163_Mitchell.pdf,pdf_inventory_criminal,pdf_hash_unique|dupes=2,NO_GOLD,criminal,OFFLINE_CLIENT_PROJECTION,,,
sha:fe6b9a785ae555303d06681e0f95a9a9a27084610369dd42fe183b84ae38587d,PDF-fe6b9a785ae5,CB-TB-2122_Clarke,CB-TB-2122_Clarke.pdf,fe6b9a785ae555303d06681e0f95a9a9a27084610369dd42fe183b84ae38587d,C:\Users\gduff\Downloads\cb-tb-1601-2200-v5-factory-run\pdfs\CB-TB-2122_Clarke.pdf,pdf_inventory_criminal,pdf_hash_unique|dupes=2,NO_GOLD,criminal,OFFLINE_CLIENT_PROJECTION,,,
sha:fe84a520733151a2c580aee71bee184f491c470dee1e6bbbbca4a9b42429b3e3,PDF-fe84a5207331,CB-TB-066_Wright,CB-TB-066_Wright.pdf,fe84a520733151a2c580aee71bee184f491c470dee1e6bbbbca4a9b42429b3e3,C:\Users\gduff\Downloads\cb-tb-031-100-v4\pdfs\CB-TB-066_Wright.pdf,pdf_inventory_criminal,pdf_hash_unique|dupes=1,NO_GOLD,criminal,OFFLINE_CLIENT_PROJECTION,,,
sha:fe899af500ac1c88b81c32130581dac5bfbe1be8ddd466c2893bbfa0cc1e9347,PDF-fe899af500ac,CB-TB-468_Cross,CB-TB-468_Cross.pdf,fe899af500ac1c88b81c32130581dac5bfbe1be8ddd466c2893bbfa0cc1e9347,C:\Users\gduff\Downloads\cb-tb-401-500-v5\pdfs\CB-TB-468_Cross.pdf,pdf_inventory_criminal,pdf_hash_unique|dupes=2,NO_GOLD,criminal,OFFLINE_CLIENT_PROJECTION,,,
sha:fee9240cbb856b6029151f9894f78b4070f141132f57c5b945b4d702c902df7b,PDF-fee9240cbb85,CB-TB-159_Bell,CB-TB-159_Bell.pdf,fee9240cbb856b6029151f9894f78b4070f141132f57c5b945b4d702c902df7b,C:\Users\gduff\Downloads\cb-tb-101-200-v4\pdfs\CB-TB-159_Bell.pdf,pdf_inventory_criminal,pdf_hash_unique|dupes=1,NO_GOLD,criminal,OFFLINE_CLIENT_PROJECTION,,,
sha:ff018640c2327b0ca5681c0d6360151012aaf9507ea7b3ddbd0c229ff4821b12,PDF-ff018640c232,CB-TB-1026_Khan,CB-TB-1026_Khan.pdf,ff018640c2327b0ca5681c0d6360151012aaf9507ea7b3ddbd0c229ff4821b12,C:\Users\gduff\Downloads\cb-tb-901-1100-v5\pdfs\CB-TB-1026_Khan.pdf,pdf_inventory_criminal,pdf_hash_unique|dupes=2,NO_GOLD,criminal,OFFLINE_CLIENT_PROJECTION,,,
sha:ff6ee551a2be70755b0fdf13996b6f0a838c6b4095ba5c8b77498611d866e0f9,PDF-ff6ee551a2be,CB-TB-1253_Clarke,CB-TB-1253_Clarke.pdf,ff6ee551a2be70755b0fdf13996b6f0a838c6b4095ba5c8b77498611d866e0f9,C:\Users\gduff\Downloads\cb-tb-1201-1300-v5\pdfs\CB-TB-1253_Clarke.pdf,pdf_inventory_criminal,pdf_hash_unique|dupes=2,NO_GOLD,criminal,OFFLINE_CLIENT_PROJECTION,,,
sha:ff7cdb19a123f187df96e649ff758794882588d31cafe917425b9f9c21824d21,PDF-ff7cdb19a123,CB-TB-794_Patel,CB-TB-794_Patel.pdf,ff7cdb19a123f187df96e649ff758794882588d31cafe917425b9f9c21824d21,C:\Users\gduff\Downloads\cb-tb-701-800-v5\pdfs\CB-TB-794_Patel.pdf,pdf_inventory_criminal,pdf_hash_unique|dupes=1,NO_GOLD,criminal,OFFLINE_CLIENT_PROJECTION,,,
sha:ff88c5819c378b8baab630cef740032921205154e0499c87d2917b6bfa8f286a,PDF-ff88c5819c37,CB-TB-574_Foster,CB-TB-574_Foster.pdf,ff88c5819c378b8baab630cef740032921205154e0499c87d2917b6bfa8f286a,C:\Users\gduff\Downloads\cb-tb-501-600-v5-extract\pdfs\CB-TB-574_Foster.pdf,pdf_inventory_criminal,pdf_hash_unique|dupes=3,NO_GOLD,criminal,OFFLINE_CLIENT_PROJECTION,,,
sha:ff8a3e98996c60e0ee0271926f3691f05c59b3bfc91fbe2345b1136b9a40c5b3,PDF-ff8a3e98996c,CB-TB-1639_Rees,CB-TB-1639_Rees.pdf,ff8a3e98996c60e0ee0271926f3691f05c59b3bfc91fbe2345b1136b9a40c5b3,C:\Users\gduff\Downloads\cb-tb-1601-2200-v5-factory-run\pdfs\CB-TB-1639_Rees.pdf,pdf_inventory_criminal,pdf_hash_unique|dupes=4,NO_GOLD,criminal,OFFLINE_CLIENT_PROJECTION,,,
sha:ffa24f54e5b50987c9a2fab29013d697e859a9f8b408f870bcd5bf850002fbbb,PDF-ffa24f54e5b5,CB-TB-482_Brooks,CB-TB-482_Brooks.pdf,ffa24f54e5b50987c9a2fab29013d697e859a9f8b408f870bcd5bf850002fbbb,C:\Users\gduff\Downloads\cb-tb-401-500-v5\pdfs\CB-TB-482_Brooks.pdf,pdf_inventory_criminal,pdf_hash_unique|dupes=2,NO_GOLD,criminal,OFFLINE_CLIENT_PROJECTION,,,
sha:ffc600f915bde4e189089b9ec49e5abadb0c5d66c3157b7106d7e32bf547bf23,PDF-ffc600f915bd,CB-TB-526_Foster,CB-TB-526_Foster.pdf,ffc600f915bde4e189089b9ec49e5abadb0c5d66c3157b7106d7e32bf547bf23,C:\Users\gduff\Downloads\cb-tb-501-600-v5-extract\pdfs\CB-TB-526_Foster.pdf,pdf_inventory_criminal,pdf_hash_unique|dupes=3,NO_GOLD,criminal,OFFLINE_CLIENT_PROJECTION,,,
sha:ffe7a7da8c00c847a5ddb4ef9752b755ac6474f46b335c43c09e69b6a9041f01,PDF-ffe7a7da8c00,CB-Z-500-THEFT-0012_Theft_from_shop_500_page_bundle,CB-Z-500-THEFT-0012_Theft_from_shop_500_page_bundle.pdf,ffe7a7da8c00c847a5ddb4ef9752b755ac6474f46b335c43c09e69b6a9041f01,C:\Users\gduff\Downloads\CaseBrain_Pack_Z_40x500_large_criminal_bundle_stress_pack\CaseBrain_Pack_Z_40x500\pdfs z\CB-Z-500-THEFT-0012_Theft_from_shop_500_page_bundle.pdf,pdf_inventory,pdf_hash_unique|dupes=2,NO_GOLD,criminal,BACKEND_LIVE,,ec02d7dd-b4db-4cfa-b91a-f68cdc0b5c16,Pack Z — Case 36 — CB-Z-500-THEFT-0012_Theft_from_shop_500_page_bundle
sha:ffead2eefb0fdcbf9d3ee4f38a9f9126ce2672dfca497498f4d4b72d0eda9444,PDF-ffead2eefb0f,CB-TB-260_Quinn,CB-TB-260_Quinn.pdf,ffead2eefb0fdcbf9d3ee4f38a9f9126ce2672dfca497498f4d4b72d0eda9444,C:\Users\gduff\Downloads\cb-tb-201-300-v4\pdfs\CB-TB-260_Quinn.pdf,pdf_inventory_criminal,pdf_hash_unique|dupes=1,NO_GOLD,criminal,OFFLINE_CLIENT_PROJECTION,,,
sha:fff24354a06e9d5699a3b28e834e0a849353040df6e7f739e124edb5ced2153c,PDF-fff24354a06e,CB-TB-2124_Bennett,CB-TB-2124_Bennett.pdf,fff24354a06e9d5699a3b28e834e0a849353040df6e7f739e124edb5ced2153c,C:\Users\gduff\Downloads\cb-tb-1601-2200-v5-factory-run\pdfs\CB-TB-2124_Bennett.pdf,pdf_inventory_criminal,pdf_hash_unique|dupes=2,NO_GOLD,criminal,OFFLINE_CLIENT_PROJECTION,,,
sha:d30e3f83d5866f31282fe9b4d9e6716489922c3d879598a81d27c920fc5f451b,RP-01,RP-01,CB-MURDER-TEST-0001_criminal_defence_bundle.pdf,d30e3f83d5866f31282fe9b4d9e6716489922c3d879598a81d27c920fc5f451b,C:\Users\gduff\Downloads\CB-MURDER-TEST-0001_criminal_defence_bundle.pdf,homicide|full_evidence_mix|amendment,real_pdf_pilot|size_xl_gt100|homicide|full_evidence_mix|amendment,NO_GOLD,criminal,OFFLINE_CLIENT_PROJECTION,,,
sha:cccf70b339ec74c4ff839c7d982b3306570cf6abfa843abf5f6dcae95bc650a0,RP-02,RP-02,CB-TB-1681_Grant.pdf,cccf70b339ec74c4ff839c7d982b3306570cf6abfa843abf5f6dcae95bc650a0,C:\Users\gduff\Downloads\cb-tb-1601-1700-v5-chaos\pdfs\CB-TB-1681_Grant.pdf,chaos_layout|drugs|missing_material,real_pdf_pilot|size_s_le15|chaos_layout|drugs|missing_material,NO_GOLD,criminal,BACKEND_LIVE,,e2841289-1ed2-4dc4-9acf-dd22a03b63fc,Case 11
sha:555a899704fa7c7f77d39dd39f724af3fc187eff5452e1c54bbbed959251d457,RP-03,RP-03,CB-TB-1925_Tobin.pdf,555a899704fa7c7f77d39dd39f724af3fc187eff5452e1c54bbbed959251d457,C:\Users\gduff\Downloads\cb-tb-1601-2200-v5-factory-run\pdfs\CB-TB-1925_Tobin.pdf,violence|interview|medical|hearing,real_pdf_pilot|size_m_le30|violence|interview|medical|hearing,NO_GOLD,criminal,BACKEND_LIVE,,a42cb20a-017b-4dfb-b8a5-1dc5b11a3b27,Case 12
sha:060c72f60892540944d75ef146121c003f0f10d506297126c51b09bf253f5c14,RP-04,RP-04,CB-TB-039_Vale.pdf,060c72f60892540944d75ef146121c003f0f10d506297126c51b09bf253f5c14,C:\Users\gduff\Downloads\cb-tb-001-050-v3\pdfs\CB-TB-039_Vale.pdf,theft_robbery|version_3_layout,real_pdf_pilot|size_s_le15|theft_robbery|version_3_layout,NO_GOLD,criminal,OFFLINE_CLIENT_PROJECTION,,,
sha:5bcd36e1ef8c3611e43e76cef64bbef75056bc76a812d2857977e8e6cfcd42d9,RP-06,RP-06,CB-LEVERAGE-2026-0001.pdf,5bcd36e1ef8c3611e43e76cef64bbef75056bc76a812d2857977e8e6cfcd42d9,C:\Users\gduff\Downloads\CaseBrain_Packs_V_W_X_2026\CaseBrain_Packs_V_W_X_2026\Pack_V_CB_LEVERAGE_2026\pdfs\CB-LEVERAGE-2026-0001.pdf,leverage_pack|amendment_missing_disclosure,real_pdf_pilot|size_xs_le5|leverage_pack|amendment_missing_disclosure,NO_GOLD,criminal,BACKEND_LIVE,,d9798c34-1668-4922-8607-fceea52ac765,Pack V — Case 1 — CB-LEVERAGE-2026-0001
sha:94541fb543b06ca93f7cfc4964d527c900574e7c279e49225ec62af8d4e93871,RP-07,RP-07,CB-Z-500-ABH-0007_ABH_s.47_500_page_bundle.pdf,94541fb543b06ca93f7cfc4964d527c900574e7c279e49225ec62af8d4e93871,C:\Users\gduff\Downloads\CaseBrain_Pack_Z_40x500_large_criminal_bundle_stress_pack\CaseBrain_Pack_Z_40x500\pdfs z\CB-Z-500-ABH-0007_ABH_s.47_500_page_bundle.pdf,heavy_bundle|abh|pagination,real_pdf_pilot|size_xl_gt100|heavy_bundle|abh|pagination,NO_GOLD,criminal,BACKEND_LIVE,,f0fe8d7b-1e8f-4f64-a2ba-bde9298d6ef8,Pack Z — Case 1 — CB-Z-500-ABH-0007_ABH_s.47_500_page_bundle
sha:d4ed1db9a7268273d7c33cad61b5a296068ce7f2c5d60955815700e659933b37,RP-08,RP-08,CB-OCR-2026-0013.pdf,d4ed1db9a7268273d7c33cad61b5a296068ce7f2c5d60955815700e659933b37,C:\Users\gduff\Downloads\CaseBrain_Pack_U_CB_OCR_2026_AUDITED_UPGRADED\CaseBrain_Pack_U_CB_OCR_2026_AUDITED_UPGRADED\pdfs\CB-OCR-2026-0013.pdf,ocr_degradation|phone_medical,real_pdf_pilot|size_xs_le5|ocr_degradation|phone_medical,NO_GOLD,criminal,BACKEND_LIVE,,8f0e9bc0-757c-4e61-8dbe-0507e1d634bc,Pack U — Case 13 — CB-OCR-2026-0013
sha:cbc1d8d5da2238bb4124df1af92745ae1823be2b491273906e1d03e2f703e7be,RP-09,RP-09,CB-TRAP-2026-0030.pdf,cbc1d8d5da2238bb4124df1af92745ae1823be2b491273906e1d03e2f703e7be,C:\Users\gduff\Downloads\CaseBrain_Eval_Regression_Packs_C_D\CaseBrain_Eval_Regression_Packs_C_D\Pack_C_Hallucination_Trap\PDFs\CB-TRAP-2026-0030.pdf,hallucination_trap|incomplete_material,real_pdf_pilot|size_xs_le5|hallucination_trap|incomplete_material,NO_GOLD,criminal,BACKEND_LIVE,,5048a1ca-9f16-402b-a8fd-d889b036b04b,Pack C — Case 30 — CB-TRAP-2026-0030
sha:c172b0138636b21984c81193f9975383be2525e6b5eddf325023423aae7600ec,RP-10,RP-10,CB-TB-014_James_Patterson.pdf,c172b0138636b21984c81193f9975383be2525e6b5eddf325023423aae7600ec,C:\Users\gduff\Downloads\CaseBrain_Blind_Bundle_Factory_v2_30_bundles (1)\pdfs\CB-TB-014_James_Patterson.pdf,blind_bundle_layout|weapons|hearing,real_pdf_pilot|size_s_le15|blind_bundle_layout|weapons|hearing,NO_GOLD,criminal,OFFLINE_CLIENT_PROJECTION,,,
sha:650f87da03a510f75c0eb201b94c194fb76a1482d588442d939d8b5b872ff7ea,RP-11,RP-11,gauntlet-08-kitchen-sink.pdf,650f87da03a510f75c0eb201b94c194fb76a1482d588442d939d8b5b872ff7ea,C:\Users\gduff\Downloads\test casess\gauntlet-08-kitchen-sink.pdf,multi_defendant|kitchen_sink_complexity,real_pdf_pilot|size_l_le100|multi_defendant|kitchen_sink_complexity,NO_GOLD,criminal,OFFLINE_CLIENT_PROJECTION,,,
sha:be29ed51ee8c478a7d3af98ae1d4ecdc79e9561d00113b7ced5de3b9daeb8388,RP-13,RP-13,CB-TB-343_Dunn.pdf,be29ed51ee8c478a7d3af98ae1d4ecdc79e9561d00113b7ced5de3b9daeb8388,C:\Users\gduff\Downloads\cb-tb-301-400-v4\pdfs\CB-TB-343_Dunn.pdf,burglary|multi_defendant|digital_evidence,real_pdf_pilot|size_s_le15|burglary|multi_defendant|digital_evidence,NO_GOLD,criminal,BACKEND_LIVE,,a81a0cf3-c7c8-4b23-99fc-be6ed82a7e01,Case 10
sha:adb988b033c4130a577b8a07b3090b5145515d8ff67f6eb7184222c2eb8d0dcd,RP-15,RP-15,CB-TB-439_Davies.pdf,adb988b033c4130a577b8a07b3090b5145515d8ff67f6eb7184222c2eb8d0dcd,C:\Users\gduff\Downloads\cb-tb-401-500-v5\pdfs\CB-TB-439_Davies.pdf,proceeds|defence_statement|co_defendant,real_pdf_pilot|size_m_le30|proceeds|defence_statement|co_defendant,NO_GOLD,criminal,OFFLINE_CLIENT_PROJECTION,,,
sha:b7b5f5756a0d6f5bb7877ec996f5e39ead4825bc4f7d2ae891a3ededba8883a6,RP-16,RP-16,CB-TB-1573_Ahmed.pdf,b7b5f5756a0d6f5bb7877ec996f5e39ead4825bc4f7d2ae891a3ededba8883a6,C:\Users\gduff\Downloads\cb-tb-1501-1600-v5-factory-run\pdfs\CB-TB-1573_Ahmed.pdf,firearms|expert|medical|hearing,real_pdf_pilot|size_m_le30|firearms|expert|medical|hearing,NO_GOLD,criminal,BACKEND_LIVE,,ba22e8bb-832c-43b8-8986-20ea5f5bf7c4,Case 18
sha:c5808d92030c0eb2005b40da003e8be027b09daae1f5844e1aea4b1fede24cd6,RP-17,RP-17,CB-FRESH-001_Taylor_Brookes_Digital_Attribution.pdf,c5808d92030c0eb2005b40da003e8be027b09daae1f5844e1aea4b1fede24cd6,C:\Users\gduff\Downloads\CB-FRESH-001_Taylor_Brookes_Digital_Attribution.pdf,communications|device_attribution,real_pdf_pilot|size_s_le15|communications|device_attribution,NO_GOLD,criminal,OFFLINE_CLIENT_PROJECTION,,,
sha:4436b9884a71e433dfb73625429625a70501f77565d4b3fdc1a99cd076a31ef6,RP-18,RP-18,108.pdf,4436b9884a71e433dfb73625429625a70501f77565d4b3fdc1a99cd076a31ef6,C:\Users\gduff\Downloads\108.pdf,standalone_cctv_heavy_homicide_material,real_pdf_pilot|size_s_le15|standalone_cctv_heavy_homicide_material,NO_GOLD,criminal,OFFLINE_CLIENT_PROJECTION,,,
sha:169d3636cf2229bf1c7aedccf48074f682a29e2b64ff705e4c75ad08722c473b,RP-19,RP-19,police station.pdf,169d3636cf2229bf1c7aedccf48074f682a29e2b64ff705e4c75ad08722c473b,C:\Users\gduff\Downloads\police station.pdf,short_standalone_police_forensic_input,real_pdf_pilot|size_xs_le5|short_standalone_police_forensic_input,NO_GOLD,criminal,OFFLINE_CLIENT_PROJECTION,,,
sha:d33ffbce9e3e461792fa219091544af96d45dbd233ddde14fd1ed535e6d6a199,RP-20,RP-20,Untitled document (14).pdf,d33ffbce9e3e461792fa219091544af96d45dbd233ddde14fd1ed535e6d6a199,C:\Users\gduff\Downloads\Untitled document (14).pdf,explicit_fictional_consolidated_test_bundle,real_pdf_pilot|size_s_le15|explicit_fictional_consolidated_test_bundle,NO_GOLD,criminal,OFFLINE_CLIENT_PROJECTION,,,
key:SCALE-REP-abe-first-account-third-party,SCALE-REP-abe-first-account-third-party,messy-pdf-v2-24-historic-sexual-abe,scale3000-rep:abe-first-account-third-party,,,abe-first-account-third-party,scale3000_family_rep|trap=third-party-family-bleed|layout=abe-transcript-pack,NO_GOLD,criminal,SKIP,missing_pdf_sha256,,
key:SCALE-REP-anpr-attribution,SCALE-REP-anpr-attribution,messy-pdf-v9-2561-anpr-attribution-schedule-refers-exhibit-absent,scale3000-rep:anpr-attribution,,,anpr-attribution,scale3000_family_rep|trap=anpr-hit-export-partial/schedule-refers-exhibit-absent|layout=motoring-device-pack,NO_GOLD,criminal,SKIP,missing_pdf_sha256,,
key:SCALE-REP-assault-public-order-bwv,SCALE-REP-assault-public-order-bwv,messy-pdf-v9-2821-assault-public-order-bwv-schedule-refers-exhibit-absent,scale3000-rep:assault-public-order-bwv,,,assault-public-order-bwv,scale3000_family_rep|trap=referred-clips-assault-shape/schedule-refers-exhibit-absent|layout=bwv-gap-pack,NO_GOLD,criminal,SKIP,missing_pdf_sha256,,
key:SCALE-REP-bad-redaction-bundle,SCALE-REP-bad-redaction-bundle,messy-pdf-v9-2461-bad-redaction-bundle-schedule-refers-exhibit-absent,scale3000-rep:bad-redaction-bundle,,,bad-redaction-bundle,scale3000_family_rep|trap=redaction-hides-names-dates/schedule-refers-exhibit-absent|layout=redaction-pack,NO_GOLD,criminal,SKIP,missing_pdf_sha256,,
key:SCALE-REP-bail-condition-breach,SCALE-REP-bail-condition-breach,messy-pdf-v9-2201-bail-condition-breach-schedule-refers-exhibit-absent,scale3000-rep:bail-condition-breach,,,bail-condition-breach,scale3000_family_rep|trap=bail-order-alleged-breach/schedule-refers-exhibit-absent|layout=order-breach-pack,NO_GOLD,criminal,SKIP,missing_pdf_sha256,,
key:SCALE-REP-bwv-transcript-no-video,SCALE-REP-bwv-transcript-no-video,messy-pdf-v9-2721-bwv-transcript-no-video-schedule-refers-exhibit-absent,scale3000-rep:bwv-transcript-no-video,,,bwv-transcript-no-video,scale3000_family_rep|trap=transcript-served-video-absent/schedule-refers-exhibit-absent|layout=bwv-gap-pack,NO_GOLD,criminal,SKIP,missing_pdf_sha256,,
key:SCALE-REP-charge-mg5-hearing-split,SCALE-REP-charge-mg5-hearing-split,messy-pdf-v9-2961-charge-mg5-hearing-split-schedule-refers-exhibit-absent,scale3000-rep:charge-mg5-hearing-split,,,charge-mg5-hearing-split,scale3000_family_rep|trap=charge-mg5-hearing-contradiction/schedule-refers-exhibit-absent|layout=listing-pack,NO_GOLD,criminal,SKIP,missing_pdf_sha256,,
key:SCALE-REP-charge-mismatch,SCALE-REP-charge-mismatch,messy-pdf-v1-08-charge-mismatch,scale3000-rep:charge-mismatch,,,charge-mismatch,scale3000_family_rep|trap=charge-sheet-vs-mg5|layout=charge-comparison,NO_GOLD,criminal,SKIP,missing_pdf_sha256,,
key:SCALE-REP-complainant-first-account,SCALE-REP-complainant-first-account,messy-pdf-v9-2661-complainant-first-account-schedule-refers-exhibit-absent,scale3000-rep:complainant-first-account,,,complainant-first-account,scale3000_family_rep|trap=first-account-timing-conflict/schedule-refers-exhibit-absent|layout=abe-account-pack,NO_GOLD,criminal,SKIP,missing_pdf_sha256,,
key:SCALE-REP-custody-clock-contradiction,SCALE-REP-custody-clock-contradiction,messy-pdf-v9-2301-custody-clock-contradiction-schedule-refers-exhibit-absent,scale3000-rep:custody-clock-contradiction,,,custody-clock-contradiction,scale3000_family_rep|trap=detention-time-conflict/schedule-refers-exhibit-absent|layout=custody-timing-pack,NO_GOLD,criminal,SKIP,missing_pdf_sha256,,
key:SCALE-REP-custody-pace,SCALE-REP-custody-pace,messy-pdf-v2-15-custody-pace-ocr,scale3000-rep:custody-pace,,,custody-pace,scale3000_family_rep|trap=ocr-date-court|layout=scan-heavy-custody,NO_GOLD,criminal,SKIP,missing_pdf_sha256,,
key:SCALE-REP-domestic-harassment,SCALE-REP-domestic-harassment,messy-pdf-v1-01-phone-harassment,scale3000-rep:domestic-harassment,,,domestic-harassment,scale3000_family_rep|trap=wrong-phone-attribution|layout=chat-screenshots,NO_GOLD,criminal,SKIP,missing_pdf_sha256,,
key:SCALE-REP-domestic-order-stack,SCALE-REP-domestic-order-stack,messy-pdf-v9-2881-domestic-order-stack-schedule-refers-exhibit-absent,scale3000-rep:domestic-order-stack,,,domestic-order-stack,scale3000_family_rep|trap=harassment-stalking-order-stack/schedule-refers-exhibit-absent|layout=order-breach-pack,NO_GOLD,criminal,SKIP,missing_pdf_sha256,,
key:SCALE-REP-domestic-stalking,SCALE-REP-domestic-stalking,messy-pdf-v2-30-domestic-stalking,scale3000-rep:domestic-stalking,,,domestic-stalking,scale3000_family_rep|trap=date-court-contradiction|layout=narrative-bundle,NO_GOLD,criminal,SKIP,missing_pdf_sha256,,
key:SCALE-REP-drugs-county-lines,SCALE-REP-drugs-county-lines,messy-pdf-v2-19-county-lines-runners,scale3000-rep:drugs-county-lines,,,drugs-county-lines,scale3000_family_rep|trap=runner-identity-mix|layout=runner-intelligence-pack,NO_GOLD,criminal,SKIP,missing_pdf_sha256,,
key:SCALE-REP-drugs-runner-lab,SCALE-REP-drugs-runner-lab,messy-pdf-v9-2921-drugs-runner-lab-schedule-refers-exhibit-absent,scale3000-rep:drugs-runner-lab,,,drugs-runner-lab,scale3000_family_rep|trap=runner-lab-continuity-gap/schedule-refers-exhibit-absent|layout=drugs-lab-pack,NO_GOLD,criminal,SKIP,missing_pdf_sha256,,
key:SCALE-REP-edited-bwv-footage,SCALE-REP-edited-bwv-footage,messy-pdf-v9-2281-edited-bwv-footage-schedule-refers-exhibit-absent,scale3000-rep:edited-bwv-footage,,,edited-bwv-footage,scale3000_family_rep|trap=trimmed-start-end-bwv/schedule-refers-exhibit-absent|layout=bwv-gap-pack,NO_GOLD,criminal,SKIP,missing_pdf_sha256,,
key:SCALE-REP-edited-screenshots-metadata,SCALE-REP-edited-screenshots-metadata,messy-pdf-v9-2701-edited-screenshots-metadata-schedule-refers-exhibit-absent,scale3000-rep:edited-screenshots-metadata,,,edited-screenshots-metadata,scale3000_family_rep|trap=screenshot-metadata-missing/schedule-refers-exhibit-absent|layout=phone-message-pack,NO_GOLD,criminal,SKIP,missing_pdf_sha256,,
key:SCALE-REP-encro-handle-attribution,SCALE-REP-encro-handle-attribution,messy-pdf-v1-05-encro-handle-attribution,scale3000-rep:encro-handle-attribution,,,encro-handle-attribution,scale3000_family_rep|trap=handle-mapping-missing|layout=message-extracts,NO_GOLD,criminal,SKIP,missing_pdf_sha256,,
key:SCALE-REP-encro-social-overlap,SCALE-REP-encro-social-overlap,messy-pdf-v9-2941-encro-social-overlap-schedule-refers-exhibit-absent,scale3000-rep:encro-social-overlap,,,encro-social-overlap,scale3000_family_rep|trap=encro-social-handle-overlap/schedule-refers-exhibit-absent|layout=encro-message-pack,NO_GOLD,criminal,SKIP,missing_pdf_sha256,,
key:SCALE-REP-exhibit-label-mismatch,SCALE-REP-exhibit-label-mismatch,messy-pdf-v9-2621-exhibit-label-mismatch-schedule-refers-exhibit-absent,scale3000-rep:exhibit-label-mismatch,,,exhibit-label-mismatch,scale3000_family_rep|trap=label-vs-content-mismatch/schedule-refers-exhibit-absent|layout=index-exhibit-pack,NO_GOLD,criminal,SKIP,missing_pdf_sha256,,
key:SCALE-REP-forensic-cell-site-gap,SCALE-REP-forensic-cell-site-gap,messy-pdf-v9-2381-forensic-cell-site-gap-schedule-refers-exhibit-absent,scale3000-rep:forensic-cell-site-gap,,,forensic-cell-site-gap,scale3000_family_rep|trap=cell-site-report-partial/schedule-refers-exhibit-absent|layout=forensic-gap-pack,NO_GOLD,criminal,SKIP,missing_pdf_sha256,,
key:SCALE-REP-forensic-dna-gap,SCALE-REP-forensic-dna-gap,messy-pdf-v9-2341-forensic-dna-gap-schedule-refers-exhibit-absent,scale3000-rep:forensic-dna-gap,,,forensic-dna-gap,scale3000_family_rep|trap=dna-report-missing-partial/schedule-refers-exhibit-absent|layout=forensic-gap-pack,NO_GOLD,criminal,SKIP,missing_pdf_sha256,,
key:SCALE-REP-forensic-fingerprint-gap,SCALE-REP-forensic-fingerprint-gap,messy-pdf-v9-2361-forensic-fingerprint-gap-schedule-refers-exhibit-absent,scale3000-rep:forensic-fingerprint-gap,,,forensic-fingerprint-gap,scale3000_family_rep|trap=fingerprint-report-partial/schedule-refers-exhibit-absent|layout=forensic-gap-pack,NO_GOLD,criminal,SKIP,missing_pdf_sha256,,
key:SCALE-REP-fraud-bank-device,SCALE-REP-fraud-bank-device,messy-pdf-v2-20-fraud-bank-statements,scale3000-rep:fraud-bank-device,,,fraud-bank-device,scale3000_family_rep|trap=partial-banking-exhibits|layout=bank-statement-pack,NO_GOLD,criminal,SKIP,missing_pdf_sha256,,
key:SCALE-REP-fraud-device-subscriber,SCALE-REP-fraud-device-subscriber,messy-pdf-v9-2841-fraud-device-subscriber-schedule-refers-exhibit-absent,scale3000-rep:fraud-device-subscriber,,,fraud-device-subscriber,scale3000_family_rep|trap=bank-device-subscriber-gap/schedule-refers-exhibit-absent|layout=fraud-device-pack,NO_GOLD,criminal,SKIP,missing_pdf_sha256,,
key:SCALE-REP-index-contradiction,SCALE-REP-index-contradiction,messy-pdf-v1-06-index-contradiction,scale3000-rep:index-contradiction,,,index-contradiction,scale3000_family_rep|trap=index-says-served-file-missing|layout=index-vs-pages,NO_GOLD,criminal,SKIP,missing_pdf_sha256,,
key:SCALE-REP-index-mg6c-exhibit-absent,SCALE-REP-index-mg6c-exhibit-absent,messy-pdf-v9-2981-index-mg6c-exhibit-absent-schedule-refers-exhibit-absent,scale3000-rep:index-mg6c-exhibit-absent,,,index-mg6c-exhibit-absent,scale3000_family_rep|trap=index-mg6c-body-absent/schedule-refers-exhibit-absent|layout=index-exhibit-pack,NO_GOLD,criminal,SKIP,missing_pdf_sha256,,
key:SCALE-REP-interview-summary-no-audio,SCALE-REP-interview-summary-no-audio,messy-pdf-v9-2761-interview-summary-no-audio-schedule-refers-exhibit-absent,scale3000-rep:interview-summary-no-audio,,,interview-summary-no-audio,scale3000_family_rep|trap=summary-served-audio-missing/schedule-refers-exhibit-absent|layout=custody-timing-pack,NO_GOLD,criminal,SKIP,missing_pdf_sha256,,
key:SCALE-REP-interview-timing-contradiction,SCALE-REP-interview-timing-contradiction,messy-pdf-v9-2321-interview-timing-contradiction-schedule-refers-exhibit-absent,scale3000-rep:interview-timing-contradiction,,,interview-timing-contradiction,scale3000_family_rep|trap=interview-clock-mismatch/schedule-refers-exhibit-absent|layout=custody-timing-pack,NO_GOLD,criminal,SKIP,missing_pdf_sha256,,
key:SCALE-REP-lab-continuity-conflict,SCALE-REP-lab-continuity-conflict,messy-pdf-v9-2581-lab-continuity-conflict-schedule-refers-exhibit-absent,scale3000-rep:lab-continuity-conflict,,,lab-continuity-conflict,scale3000_family_rep|trap=seal-weight-chain-conflict/schedule-refers-exhibit-absent|layout=drugs-lab-pack,NO_GOLD,criminal,SKIP,missing_pdf_sha256,,
key:SCALE-REP-late-disclosure-hearing,SCALE-REP-late-disclosure-hearing,messy-pdf-v9-2261-late-disclosure-hearing-schedule-refers-exhibit-absent,scale3000-rep:late-disclosure-hearing,,,late-disclosure-hearing,scale3000_family_rep|trap=post-hearing-disclosure-gap/schedule-refers-exhibit-absent|layout=disclosure-timing-pack,NO_GOLD,criminal,SKIP,missing_pdf_sha256,,
key:SCALE-REP-layout-ocr-duplication,SCALE-REP-layout-ocr-duplication,messy-pdf-v1-07-duplicate-rotated-ocr,scale3000-rep:layout-ocr-duplication,,,layout-ocr-duplication,scale3000_family_rep|trap=duplicated-rotated-pages|layout=rotated-duplicates,NO_GOLD,criminal,SKIP,missing_pdf_sha256,,
key:SCALE-REP-medical-gap-motoring,SCALE-REP-medical-gap-motoring,messy-pdf-v1-09-medical-injury-evidence,scale3000-rep:medical-gap-motoring,,,medical-gap-motoring,scale3000_family_rep|trap=medical-report-missing|layout=specimen-attachments,NO_GOLD,criminal,SKIP,missing_pdf_sha256,,
key:SCALE-REP-medical-triage-partial,SCALE-REP-medical-triage-partial,messy-pdf-v9-2801-medical-triage-partial-schedule-refers-exhibit-absent,scale3000-rep:medical-triage-partial,,,medical-triage-partial,scale3000_family_rep|trap=triage-note-full-report-missing/schedule-refers-exhibit-absent|layout=medical-gap-pack,NO_GOLD,criminal,SKIP,missing_pdf_sha256,,
key:SCALE-REP-mental-health-fitness,SCALE-REP-mental-health-fitness,messy-pdf-v9-2441-mental-health-fitness-schedule-refers-exhibit-absent,scale3000-rep:mental-health-fitness,,,mental-health-fitness,scale3000_family_rep|trap=fitness-intermediary-gap/schedule-refers-exhibit-absent|layout=safeguard-pack,NO_GOLD,criminal,SKIP,missing_pdf_sha256,,
key:SCALE-REP-mixed-defendant,SCALE-REP-mixed-defendant,messy-pdf-v1-04-codefendant-material,scale3000-rep:mixed-defendant,,,mixed-defendant,scale3000_family_rep|trap=co-defendant-bleed|layout=interview-schedule,NO_GOLD,criminal,SKIP,missing_pdf_sha256,,
key:SCALE-REP-motoring-sjp,SCALE-REP-motoring-sjp,messy-pdf-v2-22-motoring-sjp-thin,scale3000-rep:motoring-sjp,,,motoring-sjp,scale3000_family_rep|trap=thin-schedule-missing|layout=sjp-thin-pack,NO_GOLD,criminal,SKIP,missing_pdf_sha256,,
key:SCALE-REP-multiple-hearings-listing,SCALE-REP-multiple-hearings-listing,messy-pdf-v9-2481-multiple-hearings-listing-schedule-refers-exhibit-absent,scale3000-rep:multiple-hearings-listing,,,multiple-hearings-listing,scale3000_family_rep|trap=wrong-listing-date-split/schedule-refers-exhibit-absent|layout=listing-pack,NO_GOLD,criminal,SKIP,missing_pdf_sha256,,
key:SCALE-REP-partial-custody-record,SCALE-REP-partial-custody-record,messy-pdf-v9-2741-partial-custody-record-schedule-refers-exhibit-absent,scale3000-rep:partial-custody-record,,,partial-custody-record,scale3000_family_rep|trap=extract-vs-full-custody/schedule-refers-exhibit-absent|layout=custody-timing-pack,NO_GOLD,criminal,SKIP,missing_pdf_sha256,,
key:SCALE-REP-phone-attribution,SCALE-REP-phone-attribution,messy-pdf-v2-25-phone-referred-metadata,scale3000-rep:phone-attribution,,,phone-attribution,scale3000_family_rep|trap=metadata-only-referral|layout=metadata-schedule,NO_GOLD,criminal,SKIP,missing_pdf_sha256,,
key:SCALE-REP-phone-wrong-suspect,SCALE-REP-phone-wrong-suspect,messy-pdf-v9-2601-phone-wrong-suspect-schedule-refers-exhibit-absent,scale3000-rep:phone-wrong-suspect,,,phone-wrong-suspect,scale3000_family_rep|trap=exhibit-belongs-other-suspect/schedule-refers-exhibit-absent|layout=phone-message-pack,NO_GOLD,criminal,SKIP,missing_pdf_sha256,,
key:SCALE-REP-prison-calls-attribution,SCALE-REP-prison-calls-attribution,messy-pdf-v9-2501-prison-calls-attribution-schedule-refers-exhibit-absent,scale3000-rep:prison-calls-attribution,,,prison-calls-attribution,scale3000_family_rep|trap=prison-telephone-log-gap/schedule-refers-exhibit-absent|layout=phone-message-pack,NO_GOLD,criminal,SKIP,missing_pdf_sha256,,
key:SCALE-REP-public-order-bwv,SCALE-REP-public-order-bwv,messy-pdf-v2-14-bwv-public-order,scale3000-rep:public-order-bwv,,,public-order-bwv,scale3000_family_rep|trap=referred-only-clips|layout=clip-log,NO_GOLD,criminal,SKIP,missing_pdf_sha256,,
key:SCALE-REP-restraining-order-breach,SCALE-REP-restraining-order-breach,messy-pdf-v9-2221-restraining-order-breach-schedule-refers-exhibit-absent,scale3000-rep:restraining-order-breach,,,restraining-order-breach,scale3000_family_rep|trap=non-molestation-breach/schedule-refers-exhibit-absent|layout=order-breach-pack,NO_GOLD,criminal,SKIP,missing_pdf_sha256,,
key:SCALE-REP-robbery-bwv-custody,SCALE-REP-robbery-bwv-custody,messy-pdf-v1-02-bwv-custody,scale3000-rep:robbery-bwv-custody,,,robbery-bwv-custody,scale3000_family_rep|trap=referred-only-bwv|layout=custody-extract-thin,NO_GOLD,criminal,SKIP,missing_pdf_sha256,,
key:SCALE-REP-robbery-cctv,SCALE-REP-robbery-cctv,messy-pdf-v1-03-cctv-stills-master-missing,scale3000-rep:robbery-cctv,,,robbery-cctv,scale3000_family_rep|trap=continuity-hash-gap|layout=night-stills,NO_GOLD,criminal,SKIP,missing_pdf_sha256,,
key:SCALE-REP-robbery-cctv-anpr,SCALE-REP-robbery-cctv-anpr,messy-pdf-v9-2901-robbery-cctv-anpr-schedule-refers-exhibit-absent,scale3000-rep:robbery-cctv-anpr,,,robbery-cctv-anpr,scale3000_family_rep|trap=cctv-anpr-combo-gap/schedule-refers-exhibit-absent|layout=cctv-anpr-pack,NO_GOLD,criminal,SKIP,missing_pdf_sha256,,
key:SCALE-REP-social-media-handles,SCALE-REP-social-media-handles,messy-pdf-v9-2521-social-media-handles-schedule-refers-exhibit-absent,scale3000-rep:social-media-handles,,,social-media-handles,scale3000_family_rep|trap=handle-attribution-unmapped/schedule-refers-exhibit-absent|layout=phone-message-pack,NO_GOLD,criminal,SKIP,missing_pdf_sha256,,
key:SCALE-REP-third-party-records-gap,SCALE-REP-third-party-records-gap,messy-pdf-v9-2781-third-party-records-gap-schedule-refers-exhibit-absent,scale3000-rep:third-party-records-gap,,,third-party-records-gap,scale3000_family_rep|trap=referred-third-party-not-served/schedule-refers-exhibit-absent|layout=third-party-pack,NO_GOLD,criminal,SKIP,missing_pdf_sha256,,
key:SCALE-REP-translated-messages,SCALE-REP-translated-messages,messy-pdf-v9-2401-translated-messages-schedule-refers-exhibit-absent,scale3000-rep:translated-messages,,,translated-messages,scale3000_family_rep|trap=interpreter-translation-gap/schedule-refers-exhibit-absent|layout=phone-message-pack,NO_GOLD,criminal,SKIP,missing_pdf_sha256,,
key:SCALE-REP-unused-schedule-exhibit,SCALE-REP-unused-schedule-exhibit,messy-pdf-v9-2681-unused-schedule-exhibit-schedule-refers-exhibit-absent,scale3000-rep:unused-schedule-exhibit,,,unused-schedule-exhibit,scale3000_family_rep|trap=schedule-see-exhibit-absent/schedule-refers-exhibit-absent|layout=index-exhibit-pack,NO_GOLD,criminal,SKIP,missing_pdf_sha256,,
key:SCALE-REP-vehicle-telematics,SCALE-REP-vehicle-telematics,messy-pdf-v9-2541-vehicle-telematics-schedule-refers-exhibit-absent,scale3000-rep:vehicle-telematics,,,vehicle-telematics,scale3000_family_rep|trap=telematics-export-missing/schedule-refers-exhibit-absent|layout=motoring-device-pack,NO_GOLD,criminal,SKIP,missing_pdf_sha256,,
key:SCALE-REP-vulnerable-complainant,SCALE-REP-vulnerable-complainant,messy-pdf-v9-2421-vulnerable-complainant-schedule-refers-exhibit-absent,scale3000-rep:vulnerable-complainant,,,vulnerable-complainant,scale3000_family_rep|trap=special-measures-safeguard-gap/schedule-refers-exhibit-absent|layout=safeguard-pack,NO_GOLD,criminal,SKIP,missing_pdf_sha256,,
key:SCALE-REP-witness-statement-conflict,SCALE-REP-witness-statement-conflict,messy-pdf-v9-2641-witness-statement-conflict-schedule-refers-exhibit-absent,scale3000-rep:witness-statement-conflict,,,witness-statement-conflict,scale3000_family_rep|trap=signed-vs-draft-mg11/schedule-refers-exhibit-absent|layout=statement-pack,NO_GOLD,criminal,SKIP,missing_pdf_sha256,,
key:SCALE-REP-youth-aa-intermediary,SCALE-REP-youth-aa-intermediary,messy-pdf-v9-2861-youth-aa-intermediary-schedule-refers-exhibit-absent,scale3000-rep:youth-aa-intermediary,,,youth-aa-intermediary,scale3000_family_rep|trap=aa-intermediary-record-gap/schedule-refers-exhibit-absent|layout=safeguard-pack,NO_GOLD,criminal,SKIP,missing_pdf_sha256,,
key:SCALE-REP-youth-vulnerability,SCALE-REP-youth-vulnerability,messy-pdf-v1-10-youth-vulnerability-aa,scale3000-rep:youth-vulnerability,,,youth-vulnerability,scale3000_family_rep|trap=aa-record-missing|layout=youth-interview-pack,NO_GOLD,criminal,SKIP,missing_pdf_sha256,,
