unique_key,case_key,source_id,pdf_sha256,route,backend_case_id,severity,fail_family,fail_flags,mute_flags,modality_flags,contradiction_flags,material_flags,source_chars,error,claim_sample
sha:0d761f8d2e28fb89af88968862d6712571f6a13ac5e1233f60a3c9a993a22866,PDF-0d761f8d2e28,CB-Z-500-FRAUD-0029_Fraud_false_representation_500_page_bundle,0d761f8d2e28fb89af88968862d6712571f6a13ac5e1233f60a3c9a993a22866,OFFLINE_CLIENT_PROJECTION,92aaa621-525b-40ae-9f0d-8e3c1eccc536,INVENT,invent_interview_recording,invent_interview_recording,mute_export_log|mute_phone_download,modality_summary_vs_recording,,src_charge|src_hearing|src_mg_forms|src_parties|src_dates|src_cctv|src_cctv_stills|src_continuity|client_claims_23,1593653,,"CLIENT_SAFE | We are reviewing the papers in your case (Fraud by false representation, s.2 Fraud Act 2006). This is early-stage — nothing is final until we have full disclosure and your instructions. Some evidence is still outstanding on th"
sha:37b18da6090e0bdfa330fcddb5cc0d83d6329c7cb641be750c29a09efce58870,PDF-37b18da6090e,CB-MURDER-TEST-0001_1000_page_criminal_defence_bundle,37b18da6090e0bdfa330fcddb5cc0d83d6329c7cb641be750c29a09efce58870,OFFLINE_CLIENT_PROJECTION,18a50e94-bda1-4e7d-a86b-8adeb5dc19b7,INVENT,invent_interview_recording,invent_interview_recording,mute_export_log|mute_cctv_master,modality_summary_vs_recording,,src_charge|src_hearing|src_mg_forms|src_parties|src_dates|src_cctv|src_cctv_stills|src_continuity|client_claims_20,1322574,,"CLIENT_SAFE | We are reviewing the papers in your case (Murder, contrary to common law). This is early-stage — nothing is final until we have full disclosure and your instructions. Some evidence is still outstanding on the papers, and we wi"
sha:f99a48ca1d39cdfbb1d2eea842ad453049f2c37b600cb6323dedb8d78d61fd98,PDF-f99a48ca1d39,CB-TB-01_Ryan_Hale,f99a48ca1d39cdfbb1d2eea842ad453049f2c37b600cb6323dedb8d78d61fd98,OFFLINE_CLIENT_PROJECTION,22c199a3-210b-49ba-ad1f-739eabe77dfe,MUTE,mute_phone_download,,mute_phone_download,,,src_charge|src_hearing|src_mg_forms|src_id_procedure|src_cctv|src_cctv_stills|src_continuity|client_claims_19,7485,,"CLIENT_SAFE | We are reviewing the papers in your case (Robbery, contrary to s.8 Theft Act 1968). This is early-stage — nothing is final until we have full disclosure and your instructions. Some evidence is still outstanding on the papers, "
sha:eeafa8f885e6afc74d3516db5551997bdab0b3cd228114a822813424551e12aa,PDF-eeafa8f885e6,CB-TEST-ABH-0001_criminal_defence_bundle,eeafa8f885e6afc74d3516db5551997bdab0b3cd228114a822813424551e12aa,OFFLINE_CLIENT_PROJECTION,bd581fec-c0ca-4c06-87bf-ba7ec18664e8,MODALITY,modality_summary_vs_recording,,mute_export_log|mute_cctv_master,modality_summary_vs_recording,,src_charge|src_hearing|src_mg_forms|src_parties|src_dates|src_cctv|src_cctv_stills|src_continuity|client_claims_19,16003,,"CLIENT_SAFE | We are reviewing the papers in your case (Assault occasioning actual bodily harm, s.47). This is early-stage — nothing is final until we have full disclosure and your instructions. What the witness describes does not fully mat"
sha:cccf70b339ec74c4ff839c7d982b3306570cf6abfa843abf5f6dcae95bc650a0,RP-02,RP-02,cccf70b339ec74c4ff839c7d982b3306570cf6abfa843abf5f6dcae95bc650a0,OFFLINE_CLIENT_PROJECTION,e2841289-1ed2-4dc4-9acf-dd22a03b63fc,MUTE,mute_cad_999,,mute_cad_999,,,src_charge|src_hearing|src_mg_forms|src_parties|src_dates|src_cctv|src_continuity|client_claims_17,4238,,"CLIENT_SAFE | We are reviewing the papers in your case (Offence Possession of a controlled drug of Class A with intent to supply, contrary to section 5(3) Misuse of Drugs Act 1971). This is early-stage — nothing is final until we have full "
sha:5bcd36e1ef8c3611e43e76cef64bbef75056bc76a812d2857977e8e6cfcd42d9,RP-06,RP-06,5bcd36e1ef8c3611e43e76cef64bbef75056bc76a812d2857977e8e6cfcd42d9,OFFLINE_CLIENT_PROJECTION,d9798c34-1668-4922-8607-fceea52ac765,MUTE,mute_cctv_master,,mute_cctv_master,,,src_charge|src_hearing|src_mg_forms|src_id_procedure|src_parties|src_dates|src_cctv|src_cctv_stills|src_continuity|client_claims_16,4746,,"CLIENT_SAFE | We are reviewing the papers in your case (CB-LEVERAGE-2026-0001.pdf). This is early-stage — nothing is final until we have full disclosure and your instructions. Some evidence is still outstanding on the papers, and we will up"
sha:555a899704fa7c7f77d39dd39f724af3fc187eff5452e1c54bbbed959251d457,RP-03,RP-03,555a899704fa7c7f77d39dd39f724af3fc187eff5452e1c54bbbed959251d457,OFFLINE_CLIENT_PROJECTION,a42cb20a-017b-4dfb-b8a5-1dc5b11a3b27,MUTE,mute_cctv_master,,mute_cctv_master|mute_phone_download|mute_cad_999,,,src_charge|src_hearing|src_mg_forms|src_parties|src_dates|src_cctv|src_continuity|client_claims_18,10795,,"CLIENT_SAFE | We are reviewing the papers in your case (Wounding with intent to cause grievous bodily harm, s.18 OAPA 1861). This is early-stage — nothing is final until we have full disclosure and your instructions. Some evidence is still "
sha:94541fb543b06ca93f7cfc4964d527c900574e7c279e49225ec62af8d4e93871,RP-07,RP-07,94541fb543b06ca93f7cfc4964d527c900574e7c279e49225ec62af8d4e93871,OFFLINE_CLIENT_PROJECTION,f0fe8d7b-1e8f-4f64-a2ba-bde9298d6ef8,INVENT,invent_interview_recording,invent_interview_recording,mute_export_log|mute_phone_download,modality_summary_vs_recording,,src_charge|src_hearing|src_mg_forms|src_parties|src_dates|src_cctv|src_cctv_stills|src_continuity|client_claims_22,1613919,,"CLIENT_SAFE | We are reviewing the papers in your case (Assault occasioning actual bodily harm, s.47 OAPA 1861). This is early-stage — nothing is final until we have full disclosure and your instructions. Some evidence is still outstanding "
sha:ffe7a7da8c00c847a5ddb4ef9752b755ac6474f46b335c43c09e69b6a9041f01,PDF-ffe7a7da8c00,CB-Z-500-THEFT-0012_Theft_from_shop_500_page_bundle,ffe7a7da8c00c847a5ddb4ef9752b755ac6474f46b335c43c09e69b6a9041f01,OFFLINE_CLIENT_PROJECTION,ec02d7dd-b4db-4cfa-b91a-f68cdc0b5c16,INVENT,invent_interview_recording,invent_interview_recording,mute_export_log|mute_phone_download,modality_summary_vs_recording,,src_charge|src_hearing|src_mg_forms|src_parties|src_dates|src_cctv|src_cctv_stills|src_continuity|client_claims_21,1625525,,CLIENT_SAFE | We are reviewing the papers in your case (CB-Z-500-THEFT-0012_Theft_from_shop_500_page_bundle.pdf). This is early-stage — nothing is final until we have full disclosure and your instructions. Some evidence is still outstanding
sha:bc5d732fa9306133c0c7d7fe2ea85a8e7d65a5d1b30a823ac491495839e0a6ef,ISAAC-PATEL-TB-546,CB-TB-546,bc5d732fa9306133c0c7d7fe2ea85a8e7d65a5d1b30a823ac491495839e0a6ef,OFFLINE_CLIENT_PROJECTION,,MODALITY,modality_summary_vs_recording,,mute_cctv_master,modality_summary_vs_recording,,src_charge|src_hearing|src_mg_forms|src_parties|src_dates|src_cctv|src_continuity|client_claims_19,10225,,"CLIENT_SAFE | We are reviewing the papers in your case (Affray, contrary to section 3 Public Order Act 1986). This is early-stage — nothing is final until we have full disclosure and your instructions. Some evidence is still outstanding on "
sha:002f3fc9174aaac7d9f23ee0e8befdbb700c2867f8c5563612c645837fbea4d2,PDF-002f3fc9174a,CB-TB-1074_Marsh,002f3fc9174aaac7d9f23ee0e8befdbb700c2867f8c5563612c645837fbea4d2,OFFLINE_CLIENT_PROJECTION,,MUTE,mute_phone_download,,mute_phone_download|mute_cad_999,,,src_charge|src_hearing|src_mg_forms|src_parties|src_dates|src_cctv|src_continuity|client_claims_18,6934,,"CLIENT_SAFE | We are reviewing the papers in your case (Assault by beating of an emergency worker, contrary to section 1 Assaults on Emergency Workers (Offences)). This is early-stage — nothing is final until we have full disclosure and you"
sha:004cfad261dc755e4182392bdb4351dc6a58aecd2f11ae740bef1a16172c307f,PDF-004cfad261dc,CB-TB-2046_Patel,004cfad261dc755e4182392bdb4351dc6a58aecd2f11ae740bef1a16172c307f,OFFLINE_CLIENT_PROJECTION,,MUTE,mute_cad_999,,mute_cad_999,,,src_charge|src_hearing|src_mg_forms|src_parties|src_dates|src_cctv|src_continuity|client_claims_17,6968,,"CLIENT_SAFE | We are reviewing the papers in your case (Robbery, contrary to s.8 Theft Act 1968). This is early-stage — nothing is final until we have full disclosure and your instructions. Some evidence is still outstanding on the papers, "
sha:008d412a81804612c83cd2b305215f3ddd7059868a9a4b6839c7e3de788c46a2,PDF-008d412a8180,CB-TB-858_Coleman,008d412a81804612c83cd2b305215f3ddd7059868a9a4b6839c7e3de788c46a2,OFFLINE_CLIENT_PROJECTION,,MUTE,mute_export_log,,mute_export_log,,,src_charge|src_hearing|src_mg_forms|src_parties|src_cctv|src_continuity|client_claims_19,4936,,"CLIENT_SAFE | We are reviewing the papers in your case (Robbery, contrary to s.8 Theft Act 1968). This is early-stage — nothing is final until we have full disclosure and your instructions. Some evidence is still outstanding on the papers, "
sha:00b9d41b0f661c28a39bf963d225cfb4b16afb817a4521dd43db11d65b004df5,PDF-00b9d41b0f66,CB-TB-771_Harper,00b9d41b0f661c28a39bf963d225cfb4b16afb817a4521dd43db11d65b004df5,OFFLINE_CLIENT_PROJECTION,,MUTE,mute_cctv_master,,mute_cctv_master,,,src_charge|src_hearing|src_mg_forms|src_parties|src_dates|src_cctv|client_claims_16,6224,,"CLIENT_SAFE | We are reviewing the papers in your case (Affray, contrary to section 3 of the Public Order Act 1986). This is early-stage — nothing is final until we have full disclosure and your instructions. Some evidence is still outstand"
sha:00e742b9946fbc96623ed5437029a27c84e1c9c52bff668fc2ab23bea011dfd4,PDF-00e742b9946f,CB-TB-1011_Reynolds,00e742b9946fbc96623ed5437029a27c84e1c9c52bff668fc2ab23bea011dfd4,OFFLINE_CLIENT_PROJECTION,,MUTE,mute_cad_999,,mute_cad_999,,,src_charge|src_hearing|src_mg_forms|src_parties|src_dates|src_cctv|src_cctv_stills|src_continuity|client_claims_18,5680,,"CLIENT_SAFE | We are reviewing the papers in your case (Dangerous driving, contrary to section 2 Road Traffic Act 1988). This is early-stage — nothing is final until we have full disclosure and your instructions. Some evidence is still outs"
sha:01834df5b278f59a8f570c93521a04763ab8c3e1a2ecf89defa053add2b5a2ac,PDF-01834df5b278,CB-TB-637_Shaw,01834df5b278f59a8f570c93521a04763ab8c3e1a2ecf89defa053add2b5a2ac,OFFLINE_CLIENT_PROJECTION,,MUTE,mute_cctv_master,,mute_cctv_master|mute_phone_download,,,src_charge|src_hearing|src_mg_forms|src_parties|src_dates|src_cctv|client_claims_16,5409,,"CLIENT_SAFE | We are reviewing the papers in your case (Possession of a controlled drug of Class A, namely cocaine, with intent to supply, contrary to section 5(3) of the Misuse of Drugs Act). This is early-stage — nothing is final until we"
sha:01976b46edf351ccbf7d5e1b1d208d004f536e3ca30f53afd9fa1adfcc329a58,PDF-01976b46edf3,CB-TB-1786_Barker,01976b46edf351ccbf7d5e1b1d208d004f536e3ca30f53afd9fa1adfcc329a58,OFFLINE_CLIENT_PROJECTION,,MUTE,mute_phone_download,,mute_phone_download,,,src_charge|src_hearing|src_mg_forms|src_parties|src_cctv|src_continuity|client_claims_20,3773,,"CLIENT_SAFE | We are reviewing the papers in your case (Being concerned in the supply of a controlled drug of Class A, contrary to section 4(3)(b) of the Misuse of Drugs Act 1971). This is early-stage — nothing is final until we have full d"
sha:019ab2719aca0184fc7e392e39b431434741f25a3ea916181e2c10d686266804,PDF-019ab2719aca,CB-TB-1696_Ali,019ab2719aca0184fc7e392e39b431434741f25a3ea916181e2c10d686266804,OFFLINE_CLIENT_PROJECTION,,MUTE,mute_cad_999,,mute_cad_999,,,src_charge|src_hearing|src_mg_forms|src_parties|src_dates|src_cctv|src_continuity|client_claims_18,7455,,"CLIENT_SAFE | We are reviewing the papers in your case (Offence Unlawful wounding, contrary to section 20 Offences Against the Person Act 1861). This is early-stage — nothing is final until we have full disclosure and your instructions. Som"
sha:0287b9bbeb5cb9af14e5c18f9f83e0f24605c8792234dec4bfaf41ab384f34d3,PDF-0287b9bbeb5c,CB-TB-2074_Barlow,0287b9bbeb5cb9af14e5c18f9f83e0f24605c8792234dec4bfaf41ab384f34d3,OFFLINE_CLIENT_PROJECTION,,MUTE,mute_cad_999,,mute_cad_999,,,src_charge|src_hearing|src_mg_forms|src_parties|src_dates|src_cctv|src_continuity|client_claims_17,3137,,"CLIENT_SAFE | We are reviewing the papers in your case (Offence Concealing, disguising, converting or transferring criminal property, contrary to section 327 Proceeds of Crime Act 2002). This is early-stage — nothing is final until we have "
sha:029afcffb6cdd84841da1dbf184b77bc35c2cddd80881a53ceb8af817f2f6f82,PDF-029afcffb6cd,CB-TB-614_Patel,029afcffb6cdd84841da1dbf184b77bc35c2cddd80881a53ceb8af817f2f6f82,OFFLINE_CLIENT_PROJECTION,,MUTE,mute_cctv_master,,mute_cctv_master,,,src_charge|src_hearing|src_mg_forms|src_parties|src_dates|src_cctv|client_claims_17,5221,,"CLIENT_SAFE | We are reviewing the papers in your case (Unlawful wounding, contrary to section 20 of the Offences Against the Person Act 1861). This is early-stage — nothing is final until we have full disclosure and your instructions. Some"
sha:01f929961cef9e21085a810fa9b24f2cfbe166577847b94c0e1ef59f7098145b,PDF-01f929961cef,CB-TB-604_Thornton,01f929961cef9e21085a810fa9b24f2cfbe166577847b94c0e1ef59f7098145b,OFFLINE_CLIENT_PROJECTION,,MUTE,mute_cctv_master,,mute_cctv_master,,,src_charge|src_hearing|src_mg_forms|src_parties|src_dates|src_cctv|client_claims_17,7549,,"CLIENT_SAFE | We are reviewing the papers in your case (Wounding with intent to cause grievous bodily harm, s.18 OAPA 1861). This is early-stage — nothing is final until we have full disclosure and your instructions. Some evidence is still "
sha:029daa994ce57eccf01ee55770a01881dfc7bc1200c29cd47190df149f2b6ce2,PDF-029daa994ce5,CB-TB-1204_Ross,029daa994ce57eccf01ee55770a01881dfc7bc1200c29cd47190df149f2b6ce2,OFFLINE_CLIENT_PROJECTION,,MUTE,mute_cad_999,,mute_cad_999,,,src_charge|src_hearing|src_mg_forms|src_id_procedure|src_parties|src_dates|src_cctv|src_cctv_stills|src_continuity|client_claims_16,5715,,"CLIENT_SAFE | We are reviewing the papers in your case (Burglary dwelling, contrary to section 9 Theft Act 1968). This is early-stage — nothing is final until we have full disclosure and your instructions. Some evidence is still outstanding"
sha:0354b8770a88000b7376e7e729f7bc4842db4d417526ed939a2fa1fd5f8698cd,PDF-0354b8770a88,NS-CPS-2026-0437 - Copy (2),0354b8770a88000b7376e7e729f7bc4842db4d417526ed939a2fa1fd5f8698cd,OFFLINE_CLIENT_PROJECTION,,MUTE,mute_cctv_master,,mute_cctv_master,,,src_charge|src_hearing|src_mg_forms|src_parties|src_dates|src_cctv|src_continuity|client_claims_18,4767,,"CLIENT_SAFE | We are reviewing the papers in your case (Burglary dwell + s.47). This is early-stage — nothing is final until we have full disclosure and your instructions. Some evidence is still outstanding on the papers, and we will update"
sha:0394a7db748c12ffa4c9327c78ee7519c19bac7cb57c90617e25f22abfad7f2b,PDF-0394a7db748c,CB-TB-672_Morris,0394a7db748c12ffa4c9327c78ee7519c19bac7cb57c90617e25f22abfad7f2b,OFFLINE_CLIENT_PROJECTION,,MUTE,mute_cctv_master,,mute_cctv_master,,,src_charge|src_hearing|src_mg_forms|src_parties|src_dates|src_cctv|client_claims_16,7184,,"CLIENT_SAFE | We are reviewing the papers in your case (Assault by beating of an emergency worker, contrary to section 1 of the Assaults on Emergency Workers (Offences) Act 2018). This is early-stage — nothing is final until we have full di"
sha:0415bf1fb4d2f1129e96524f47ba63ee35b51a992f6acfc107a2308108a15fa9,PDF-0415bf1fb4d2,CB-TB-1976_Iqbal,0415bf1fb4d2f1129e96524f47ba63ee35b51a992f6acfc107a2308108a15fa9,OFFLINE_CLIENT_PROJECTION,,MUTE,mute_cctv_master,,mute_cctv_master|mute_phone_download,,,src_charge|src_hearing|src_mg_forms|src_parties|src_dates|src_cctv|src_continuity|client_claims_18,6054,,"CLIENT_SAFE | We are reviewing the papers in your case (Assault occasioning actual bodily harm,). This is early-stage — nothing is final until we have full disclosure and your instructions. Some evidence is still outstanding on the papers, "
sha:04547fccfb184d5827d9cec8182c50ab6dde79ebfb4f7b267abea1b40b09e954,PDF-04547fccfb18,CB-TB-710_Wright,04547fccfb184d5827d9cec8182c50ab6dde79ebfb4f7b267abea1b40b09e954,OFFLINE_CLIENT_PROJECTION,,MUTE,mute_cctv_master,,mute_cctv_master,,,src_charge|src_hearing|src_mg_forms|src_parties|src_dates|src_cctv|src_cctv_stills|src_continuity|client_claims_16,6492,,"CLIENT_SAFE | We are reviewing the papers in your case (Wounding with intent to cause grievous bodily harm, s.18 OAPA 1861). This is early-stage — nothing is final until we have full disclosure and your instructions. Some evidence is still "
sha:04731b07a1820ebc17d2652cc239347014e15c559a8d924901657e0bd658dd0a,PDF-04731b07a182,CB-TB-1730_Walsh,04731b07a1820ebc17d2652cc239347014e15c559a8d924901657e0bd658dd0a,OFFLINE_CLIENT_PROJECTION,,MUTE,mute_phone_download,,mute_phone_download,,,src_charge|src_hearing|src_mg_forms|src_parties|src_dates|client_claims_19,4747,,"CLIENT_SAFE | We are reviewing the papers in your case (Robbery, contrary to s.8 Theft Act 1968). This is early-stage — nothing is final until we have full disclosure and your instructions. Some evidence is still outstanding on the papers, "
sha:0472bb29cb198f676342df38b2ef4218972f182e95ca696dda75563e03a081b4,PDF-0472bb29cb19,CB-TB-585_Marsh,0472bb29cb198f676342df38b2ef4218972f182e95ca696dda75563e03a081b4,OFFLINE_CLIENT_PROJECTION,,MODALITY,modality_summary_vs_recording,,mute_phone_download,modality_summary_vs_recording,,src_charge|src_hearing|src_mg_forms|src_parties|src_dates|src_continuity|client_claims_19,8712,,"CLIENT_SAFE | We are reviewing the papers in your case (Robbery, contrary to s.8 Theft Act 1968). This is early-stage — nothing is final until we have full disclosure and your instructions. Some evidence is still outstanding on the papers, "
sha:044f2ca433992992412cda3f8457f3e53cf72a5b9ea0a6ba40efd25a2a6bfb46,PDF-044f2ca43399,CB-TB-939_Archer,044f2ca433992992412cda3f8457f3e53cf72a5b9ea0a6ba40efd25a2a6bfb46,OFFLINE_CLIENT_PROJECTION,,MUTE,mute_cctv_master,,mute_cctv_master,,,src_charge|src_hearing|src_mg_forms|src_parties|src_dates|src_cctv|client_claims_16,9323,,"CLIENT_SAFE | We are reviewing the papers in your case (1Unlawful wounding, contrary to section 20 of). This is early-stage — nothing is final until we have full disclosure and your instructions. Some evidence is still outstanding on the pa"
sha:04cb41c24342a4531dffd325eb05142f0bd8847612391886a57e71a5aea8b021,PDF-04cb41c24342,CB-TB-924_Doyle,04cb41c24342a4531dffd325eb05142f0bd8847612391886a57e71a5aea8b021,OFFLINE_CLIENT_PROJECTION,,MUTE,mute_cad_999,,mute_cad_999,,,src_charge|src_hearing|src_mg_forms|src_parties|src_cctv|client_claims_15,8635,,"CLIENT_SAFE | We are reviewing the papers in your case (Using threatening, abusive or insulting words or behaviour with intent to cause fear or provoke violence, contrary to section 4 of the Pu…). This is early-stage — nothing is final unti"
sha:052fad02543832eaba157ad83f4a44b726b2edbf548e377918f9ec6611c94dd1,PDF-052fad025438,CB-TB-246_Ash,052fad02543832eaba157ad83f4a44b726b2edbf548e377918f9ec6611c94dd1,OFFLINE_CLIENT_PROJECTION,,MUTE,mute_phone_download,,mute_phone_download,,,src_charge|src_hearing|src_mg_forms|src_parties|src_dates|client_claims_17,5848,,"CLIENT_SAFE | We are reviewing the papers in your case (Threats to kill, contrary to section 16 of the Offences Against the Person Act 1861). This is early-stage — nothing is final until we have full disclosure and your instructions. Some e"
sha:04d1d35fb3cf88fd776d246f261d2af88cfae61acda0eb7996a6a31966940b82,PDF-04d1d35fb3cf,CB-TB-381_Spencer,04d1d35fb3cf88fd776d246f261d2af88cfae61acda0eb7996a6a31966940b82,OFFLINE_CLIENT_PROJECTION,,MUTE,mute_phone_download,,mute_phone_download,,,src_charge|src_hearing|src_mg_forms|src_parties|src_dates|src_continuity|client_claims_16,13385,,CLIENT_SAFE | We are reviewing the papers in your case (Doing an act tending and intended to pervert the course of public justice). This is early-stage — nothing is final until we have full disclosure and your instructions. Some evidence is
sha:05ad5d1b3793718f299a78e98e7c35c01a0ff67363892b63fedbdb6c022f8c2f,PDF-05ad5d1b3793,CB-TB-1921_Mills,05ad5d1b3793718f299a78e98e7c35c01a0ff67363892b63fedbdb6c022f8c2f,OFFLINE_CLIENT_PROJECTION,,MUTE,mute_phone_download,,mute_phone_download,,,src_charge|src_hearing|src_mg_forms|src_parties|src_dates|src_cctv|src_continuity|client_claims_15,4324,,"CLIENT_SAFE | We are reviewing the papers in your case (CB-TB-1921_Mills.pdf). This is early-stage — nothing is final until we have full disclosure and your instructions. Some evidence is still outstanding on the papers, and we will update "
sha:05673dde899c3b6255d1af8ad0d40fee10acff568ac4404c9193629cfd114b59,PDF-05673dde899c,CB-TB-2087_Doyle,05673dde899c3b6255d1af8ad0d40fee10acff568ac4404c9193629cfd114b59,OFFLINE_CLIENT_PROJECTION,,MUTE,mute_cad_999,,mute_cad_999,,,src_charge|src_hearing|src_mg_forms|src_parties|src_dates|src_cctv|src_continuity|client_claims_18,5646,,"CLIENT_SAFE | We are reviewing the papers in your case (Offence Unlawful wounding, contrary to section 20 Offences Against the Person Act 1861). This is early-stage — nothing is final until we have full disclosure and your instructions. Som"
sha:05c21fb1b4904de16d8ccd58633208bb73108647f8114e22761efe97bafb6aba,PDF-05c21fb1b490,CB-TB-1072_Webb,05c21fb1b4904de16d8ccd58633208bb73108647f8114e22761efe97bafb6aba,OFFLINE_CLIENT_PROJECTION,,MUTE,mute_cad_999,,mute_cad_999,,,src_charge|src_hearing|src_mg_forms|src_parties|src_dates|src_cctv|src_cctv_stills|src_continuity|client_claims_18,5201,,"CLIENT_SAFE | We are reviewing the papers in your case (Driving with excess alcohol, contrary to section 5 Road Traffic Act 1988). This is early-stage — nothing is final until we have full disclosure and your instructions. Some evidence is "
sha:06af7f8615e2e0ae72422e3f0ee3a4f489465f1d18548f2c49a1303872641a80,PDF-06af7f8615e2,CB-TB-583_Flint,06af7f8615e2e0ae72422e3f0ee3a4f489465f1d18548f2c49a1303872641a80,OFFLINE_CLIENT_PROJECTION,,MODALITY,modality_summary_vs_recording,,,modality_summary_vs_recording,,src_charge|src_hearing|src_mg_forms|src_parties|src_dates|src_cctv|src_continuity|client_claims_20,3772,,"CLIENT_SAFE | We are reviewing the papers in your case (Harassment, contrary to section 2 Protection from Harassment Act 1997). This is early-stage — nothing is final until we have full disclosure and your instructions. Some evidence is sti"
sha:071a198ac0c4761d087955a3645ccb2815ce8a5d3f22638c2c382cee4dd7d26f,PDF-071a198ac0c4,CB-TB-561_Price,071a198ac0c4761d087955a3645ccb2815ce8a5d3f22638c2c382cee4dd7d26f,OFFLINE_CLIENT_PROJECTION,,MODALITY,modality_summary_vs_recording,,,modality_summary_vs_recording,,src_charge|src_hearing|src_mg_forms|src_parties|src_dates|src_continuity|client_claims_19,2617,,"CLIENT_SAFE | We are reviewing the papers in your case (Possession of a controlled drug of Class B, contrary to section 5(2) Misuse of Drugs Act 1971). This is early-stage — nothing is final until we have full disclosure and your instructio"
sha:074ae9c44ac079b7484d787fea592d60b6152f09168d9de711c6179efa0c83e0,PDF-074ae9c44ac0,CB-TB-1683_Rees,074ae9c44ac079b7484d787fea592d60b6152f09168d9de711c6179efa0c83e0,OFFLINE_CLIENT_PROJECTION,,MUTE,mute_cad_999,,mute_cad_999,,,src_charge|src_hearing|src_mg_forms|src_parties|src_dates|src_cctv|client_claims_17,4365,,"CLIENT_SAFE | We are reviewing the papers in your case (Assault occasioning actual bodily harm, s.47 OAPA 1861). This is early-stage — nothing is final until we have full disclosure and your instructions. Some evidence is still outstanding "
sha:07b7ecbd569e80e6ace1a7d8a4b4253bfa5ef1fd14681d595096e0ae0290c034,PDF-07b7ecbd569e,CB-TB-554_Mitchell,07b7ecbd569e80e6ace1a7d8a4b4253bfa5ef1fd14681d595096e0ae0290c034,OFFLINE_CLIENT_PROJECTION,,MODALITY,modality_summary_vs_recording,,,modality_summary_vs_recording,,src_charge|src_hearing|src_mg_forms|src_parties|src_dates|src_continuity|client_claims_19,3377,,"CLIENT_SAFE | We are reviewing the papers in your case (Having an offensive weapon, contrary to s.1(1) Prevention of Crime Act 1953). This is early-stage — nothing is final until we have full disclosure and your instructions. Some evidence "
sha:075ddc3da2e2213a196687fa6c27a153d91f8675fea012504d7769756780f22b,PDF-075ddc3da2e2,CB-TB-1938_Lowry,075ddc3da2e2213a196687fa6c27a153d91f8675fea012504d7769756780f22b,OFFLINE_CLIENT_PROJECTION,,MUTE,mute_phone_download,,mute_phone_download,,,src_charge|src_hearing|src_mg_forms|src_parties|src_dates|src_cctv|src_continuity|client_claims_20,4724,,"CLIENT_SAFE | We are reviewing the papers in your case (Robbery, contrary to s.8 Theft Act 1968). This is early-stage — nothing is final until we have full disclosure and your instructions. More than one complainant is mentioned, but the se"
sha:078e306895e4c93f667a9d75af7ca2b1601cf64898422d228a5c06ab77cf1a19,PDF-078e306895e4,CB-TB-009_Clarke,078e306895e4c93f667a9d75af7ca2b1601cf64898422d228a5c06ab77cf1a19,OFFLINE_CLIENT_PROJECTION,,MUTE,mute_phone_download,,mute_phone_download,,,src_charge|src_hearing|src_mg_forms|src_parties|src_cctv|src_cctv_stills|src_continuity|client_claims_19,11821,,"CLIENT_SAFE | We are reviewing the papers in your case (Wounding with intent to cause grievous bodily harm, s.18 OAPA 1861). This is early-stage — nothing is final until we have full disclosure and your instructions. Some evidence is still "
sha:07f6dc94507fee126ee0d190daa1b549cd90ef99b51de4dd07b53bc98bf18a45,PDF-07f6dc94507f,CB-TB-748_Morgan,07f6dc94507fee126ee0d190daa1b549cd90ef99b51de4dd07b53bc98bf18a45,OFFLINE_CLIENT_PROJECTION,,MUTE,mute_cctv_master,,mute_cctv_master,,,src_charge|src_hearing|src_mg_forms|src_parties|src_dates|src_cctv|src_cctv_stills|src_continuity|client_claims_15,9756,,"CLIENT_SAFE | We are reviewing the papers in your case (Possessing criminal property, contrary to section 329 of the Proceeds of Crime Act 2002). This is early-stage — nothing is final until we have full disclosure and your instructions. So"
sha:0896af8fcb7388e8c928faf1617e96ba68baa39fef539e1ae1b116816af631f3,PDF-0896af8fcb73,CB-TB-781_Merritt,0896af8fcb7388e8c928faf1617e96ba68baa39fef539e1ae1b116816af631f3,OFFLINE_CLIENT_PROJECTION,,MUTE,mute_export_log,,mute_export_log|mute_cctv_master,,,src_charge|src_hearing|src_mg_forms|src_parties|src_dates|src_cctv|src_cctv_stills|client_claims_17,9926,,"CLIENT_SAFE | We are reviewing the papers in your case (Robbery, contrary to s.8 Theft Act 1968). This is early-stage — nothing is final until we have full disclosure and your instructions. Some evidence is still outstanding on the papers, "
sha:09112312e1957759fad03615e7d1e01b947870bc08a422c17f7c64f94bc6f9fd,PDF-09112312e195,CB-TB-1664_Sutton,09112312e1957759fad03615e7d1e01b947870bc08a422c17f7c64f94bc6f9fd,OFFLINE_CLIENT_PROJECTION,,MUTE,mute_cad_999,,mute_cad_999,,,src_charge|src_hearing|src_mg_forms|src_parties|src_dates|src_cctv|client_claims_16,2650,,"CLIENT_SAFE | We are reviewing the papers in your case (Assault occasioning actual bodily harm, s.47 OAPA 1861). This is early-stage — nothing is final until we have full disclosure and your instructions. Some evidence is still outstanding "
sha:093418c79890a3fa3353449240f4bd7ef0db0f1b5f6021f9bc6e1ca9a2917156,PDF-093418c79890,CB-TB-1588_Mason,093418c79890a3fa3353449240f4bd7ef0db0f1b5f6021f9bc6e1ca9a2917156,OFFLINE_CLIENT_PROJECTION,,MUTE,mute_phone_download,,mute_phone_download,,,src_charge|src_hearing|src_mg_forms|src_parties|src_cctv_stills|client_claims_16,2833,,"CLIENT_SAFE | We are reviewing the papers in your case (Offence Intimidating a witness, contrary to section 51 of the Criminal Justice and Public Order Act 1994). This is early-stage — nothing is final until we have full disclosure and your"
sha:0954b317ebad4e6231289a95f600e032d987c53d3555b847b0f7ba24da717ae8,PDF-0954b317ebad,CB-TB-1982_Reed,0954b317ebad4e6231289a95f600e032d987c53d3555b847b0f7ba24da717ae8,OFFLINE_CLIENT_PROJECTION,,MUTE,mute_phone_download,,mute_phone_download,,,src_charge|src_hearing|src_mg_forms|src_parties|src_dates|src_cctv|src_continuity|client_claims_19,6355,,"CLIENT_SAFE | We are reviewing the papers in your case (Dangerous driving, contrary to section 2 Road Traffic Act 1988). This is early-stage — nothing is final until we have full disclosure and your instructions. There are multiple counts o"
sha:09cdb549710a2ba734268455557441b4728a3002a99b3c46548640049f408f56,PDF-09cdb549710a,CB-TB-1553_Malik,09cdb549710a2ba734268455557441b4728a3002a99b3c46548640049f408f56,OFFLINE_CLIENT_PROJECTION,,MUTE,mute_cad_999,,mute_cad_999,,,src_charge|src_hearing|src_mg_forms|src_parties|src_cctv|src_cctv_stills|client_claims_16,3530,,"CLIENT_SAFE | We are reviewing the papers in your case (Dangerous driving, contrary to section 2 Road Traffic Act 1988). This is early-stage — nothing is final until we have full disclosure and your instructions. Some evidence is still outs"
sha:097d4f2c5dc192094f038cd26aa92d2c514a9df692287838e3d15f7295891cea,PDF-097d4f2c5dc1,CB-TB-2198_Patel,097d4f2c5dc192094f038cd26aa92d2c514a9df692287838e3d15f7295891cea,OFFLINE_CLIENT_PROJECTION,,MUTE,mute_cad_999,,mute_cad_999,,,src_charge|src_hearing|src_mg_forms|src_parties|src_dates|src_cctv|src_continuity|client_claims_17,10169,,"CLIENT_SAFE | We are reviewing the papers in your case (Fraud by false representation, s.2 Fraud Act 2006). This is early-stage — nothing is final until we have full disclosure and your instructions. Some evidence is still outstanding on th"
sha:0a8457aba5c96457b0a76caf8fbcdf92639f39848bdfe559ae3e296bd304f050,PDF-0a8457aba5c9,CB-TB-1674_Hale,0a8457aba5c96457b0a76caf8fbcdf92639f39848bdfe559ae3e296bd304f050,OFFLINE_CLIENT_PROJECTION,,MUTE,mute_cad_999,,mute_cad_999,,,src_charge|src_hearing|src_mg_forms|src_parties|src_dates|src_cctv|client_claims_16,3179,,"CLIENT_SAFE | We are reviewing the papers in your case (Assault by beating of an emergency worker, contrary to section 1 Assaults on Emergency Workers (Offences)). This is early-stage — nothing is final until we have full disclosure and you"
sha:0a84d4f16541b787ca7fe9b44f6dfa065b4d5bd0509480a25e840897643e8b62,PDF-0a84d4f16541,CB-TB-1525_Reynolds,0a84d4f16541b787ca7fe9b44f6dfa065b4d5bd0509480a25e840897643e8b62,OFFLINE_CLIENT_PROJECTION,,MUTE,mute_cad_999,,mute_cad_999,,,src_charge|src_hearing|src_mg_forms|src_parties|src_cctv|src_cctv_stills|client_claims_17,3719,,"CLIENT_SAFE | We are reviewing the papers in your case (Robbery, contrary to s.8 Theft Act 1968). This is early-stage — nothing is final until we have full disclosure and your instructions. Some evidence is still outstanding on the papers, "
sha:0a6e9116a533388b5d3e8dc88cda29298eccfb863bba3915ba95f42bdc50f688,PDF-0a6e9116a533,CB-TB-1962_Shaw,0a6e9116a533388b5d3e8dc88cda29298eccfb863bba3915ba95f42bdc50f688,OFFLINE_CLIENT_PROJECTION,,MUTE,mute_phone_download,,mute_phone_download,,,src_charge|src_hearing|src_mg_forms|src_parties|src_dates|src_cctv|src_continuity|client_claims_21,13386,,"CLIENT_SAFE | We are reviewing the papers in your case (Robbery, contrary to s.8 Theft Act 1968). This is early-stage — nothing is final until we have full disclosure and your instructions. Some evidence is still outstanding on the papers, "
sha:0ae84a2174c83b59ffe5bbd29afcfc87df7cbe2c82361964c294d26aa763bcbd,PDF-0ae84a2174c8,CB-TB-791_Clarke,0ae84a2174c83b59ffe5bbd29afcfc87df7cbe2c82361964c294d26aa763bcbd,OFFLINE_CLIENT_PROJECTION,,MUTE,mute_export_log,,mute_export_log|mute_cctv_master,,,src_charge|src_hearing|src_mg_forms|src_parties|src_dates|src_cctv|src_cctv_stills|client_claims_17,7256,,"CLIENT_SAFE | We are reviewing the papers in your case (Robbery, contrary to s.8 Theft Act 1968). This is early-stage — nothing is final until we have full disclosure and your instructions. Some evidence is still outstanding on the papers, "
sha:0b006d368ac23c29faa19b986620b586569bb215a3c9d1ca94221c86ba3ecb74,PDF-0b006d368ac2,CB-TB-1038_Foster,0b006d368ac23c29faa19b986620b586569bb215a3c9d1ca94221c86ba3ecb74,OFFLINE_CLIENT_PROJECTION,,MUTE,mute_cad_999,,mute_cad_999,,,src_charge|src_hearing|src_mg_forms|src_parties|src_dates|src_cctv|src_cctv_stills|src_continuity|client_claims_20,8352,,"CLIENT_SAFE | We are reviewing the papers in your case (Robbery, contrary to s.8 Theft Act 1968). This is early-stage — nothing is final until we have full disclosure and your instructions. Some evidence is still outstanding on the papers, "
sha:0a91f2c503af6fae423e26a87b814036dae003b92eb8f862564fee45fbde8abd,PDF-0a91f2c503af,CB-TB-953_Farrell,0a91f2c503af6fae423e26a87b814036dae003b92eb8f862564fee45fbde8abd,OFFLINE_CLIENT_PROJECTION,,MUTE,mute_phone_download,,mute_phone_download,,,src_charge|src_mg_forms|src_parties|src_cctv|client_claims_16,10257,,"CLIENT_SAFE | We are reviewing the papers in your case (Failing to stop after a road accident and failing to report an accident, contrary to section 170 of the Road Traffic Act 1988). This is early-stage — nothing is final until we have ful"
sha:0b2f966bbcadb15266fca0cac09e1c4dbbe18c5b45dca5d3b39e569cca2b8af6,PDF-0b2f966bbcad,CB-TB-2200_West,0b2f966bbcadb15266fca0cac09e1c4dbbe18c5b45dca5d3b39e569cca2b8af6,OFFLINE_CLIENT_PROJECTION,,MUTE,mute_cad_999,,mute_cad_999,,,src_charge|src_hearing|src_mg_forms|src_parties|src_dates|src_cctv|src_continuity|client_claims_17,8353,,"CLIENT_SAFE | We are reviewing the papers in your case (Offence Burglary of a dwelling, contrary to section 9 Theft Act 1968). This is early-stage — nothing is final until we have full disclosure and your instructions. Some evidence is stil"
sha:0b98e9555f3f5db6a121f64a98c3e5b25369cb88a197a613d08a23585fcd002a,PDF-0b98e9555f3f,CB-TB-1983_Rahman,0b98e9555f3f5db6a121f64a98c3e5b25369cb88a197a613d08a23585fcd002a,OFFLINE_CLIENT_PROJECTION,,MUTE,mute_phone_download,,mute_phone_download,,,src_charge|src_hearing|src_mg_forms|src_parties|src_dates|src_cctv|src_continuity|client_claims_18,3435,,"CLIENT_SAFE | We are reviewing the papers in your case (Possession of a controlled drug of Class B, contrary to section 5(2)). This is early-stage — nothing is final until we have full disclosure and your instructions. Some evidence is stil"
sha:0b861b57f50877d8d9b0b7df9b070265a53c8b94328b57b40ea0dee0f1a2d601,PDF-0b861b57f508,CB-TB-862_Mason,0b861b57f50877d8d9b0b7df9b070265a53c8b94328b57b40ea0dee0f1a2d601,OFFLINE_CLIENT_PROJECTION,,MUTE,mute_cctv_master,,mute_cctv_master,,,src_charge|src_hearing|src_mg_forms|src_dates|client_claims_17,3499,,"CLIENT_SAFE | We are reviewing the papers in your case (Main charge Possession of cannabis, a controlled drug of Class B, contrary to section 5(2) of the). This is early-stage — nothing is final until we have full disclosure and your instru"
sha:0b8c35577b839fe940b4dd14d79ca282c088b8abffa084bca9b40c79bdfb446d,PDF-0b8c35577b83,CB-TB-440_Turner,0b8c35577b839fe940b4dd14d79ca282c088b8abffa084bca9b40c79bdfb446d,OFFLINE_CLIENT_PROJECTION,,MODALITY,modality_screenshot_vs_download,,,modality_screenshot_vs_download,,src_charge|src_hearing|src_mg_forms|src_parties|src_cctv|src_continuity|client_claims_18,6482,,"CLIENT_SAFE | We are reviewing the papers in your case (Concealing criminal property, contrary to section 327 Proceeds of Crime Act 2002). This is early-stage — nothing is final until we have full disclosure and your instructions. Some evid"
sha:0c60785c9ffa45c4f55a034c40612318122494cbb52ea8d30ba5b07808b02064,PDF-0c60785c9ffa,CB-TB-1880_Hughes,0c60785c9ffa45c4f55a034c40612318122494cbb52ea8d30ba5b07808b02064,OFFLINE_CLIENT_PROJECTION,,MUTE,mute_phone_download,,mute_phone_download,,,src_charge|src_hearing|src_mg_forms|src_parties|src_dates|src_cctv|client_claims_20,3930,,"CLIENT_SAFE | We are reviewing the papers in your case (Threatening behaviour, contrary to section 4 of the Public Order Act 1986). This is early-stage — nothing is final until we have full disclosure and your instructions. Some evidence is"
sha:0c4d40069262c7788b8b80340f00a2c77c682d8eae0ed065576986c2967601f6,PDF-0c4d40069262,CB-TB-1505_Newton,0c4d40069262c7788b8b80340f00a2c77c682d8eae0ed065576986c2967601f6,OFFLINE_CLIENT_PROJECTION,,MUTE,mute_cad_999,,mute_cad_999,,,src_charge|src_hearing|src_mg_forms|src_parties|src_cctv|src_cctv_stills|client_claims_16,4215,,"CLIENT_SAFE | We are reviewing the papers in your case (Handling stolen goods, contrary to s.22 Theft Act 1968). This is early-stage — nothing is final until we have full disclosure and your instructions. Some evidence is still outstanding "
sha:0cc036dc5e3bef7c604392c030886583a75a0b1f5874a0f000839efeb758b1b7,PDF-0cc036dc5e3b,CB-TB-2071_West,0cc036dc5e3bef7c604392c030886583a75a0b1f5874a0f000839efeb758b1b7,OFFLINE_CLIENT_PROJECTION,,MUTE,mute_cad_999,,mute_cad_999,,,src_charge|src_hearing|src_mg_forms|src_parties|src_dates|src_cctv|client_claims_16,2786,,"CLIENT_SAFE | We are reviewing the papers in your case (Offence Intimidating a witness, contrary to section 51 Criminal Justice and Public Order Act 1994). This is early-stage — nothing is final until we have full disclosure and your instru"
sha:0cec38891f416558025edeb6d3b080ce1dca17c21fc905d404ef4e9b0b21398b,PDF-0cec38891f41,CB-TB-1005_Barker,0cec38891f416558025edeb6d3b080ce1dca17c21fc905d404ef4e9b0b21398b,OFFLINE_CLIENT_PROJECTION,,MUTE,mute_cad_999,,mute_cad_999,,,src_charge|src_hearing|src_mg_forms|src_parties|src_dates|src_cctv|src_cctv_stills|src_continuity|client_claims_19,8471,,"CLIENT_SAFE | We are reviewing the papers in your case (Unlawful wounding, contrary to section 20 Offences Against the Person Act 1861). This is early-stage — nothing is final until we have full disclosure and your instructions. Some eviden"
sha:0cecb8a4128755e4b9fb151be6c07f5e8e116c76fd8eb538e879aee922dc7a61,PDF-0cecb8a41287,CB-TB-371_Byrne,0cecb8a4128755e4b9fb151be6c07f5e8e116c76fd8eb538e879aee922dc7a61,OFFLINE_CLIENT_PROJECTION,,MUTE,mute_phone_download,,mute_phone_download,,,src_charge|src_hearing|src_mg_forms|src_parties|src_dates|src_cctv|src_continuity|client_claims_18,10630,,"CLIENT_SAFE | We are reviewing the papers in your case (Being concerned in the supply of a Class A controlled drug, contrary to section 4(3)(b) of the Misuse of Drugs Act 1971). This is early-stage — nothing is final until we have full disc"
sha:0d40677babce9227a6526c00dd56d052c9d47bd202af868ed6a68f052c3a0f20,PDF-0d40677babce,CB-TB-921_Merritt,0d40677babce9227a6526c00dd56d052c9d47bd202af868ed6a68f052c3a0f20,OFFLINE_CLIENT_PROJECTION,,MUTE,mute_cctv_master,,mute_cctv_master|mute_cad_999,,,src_charge|src_hearing|src_mg_forms|src_parties|src_cctv|client_claims_16,4036,,"CLIENT_SAFE | We are reviewing the papers in your case (Dangerous driving, contrary to section 2 Road Traffic Act 1988). This is early-stage — nothing is final until we have full disclosure and your instructions. Some evidence is still outs"
sha:0d0ce8bf2606362b3726fa39469280a35669af91c672931cf219a0e7f0dbb1a1,PDF-0d0ce8bf2606,CB-TB-2119_Jennings,0d0ce8bf2606362b3726fa39469280a35669af91c672931cf219a0e7f0dbb1a1,OFFLINE_CLIENT_PROJECTION,,MUTE,mute_cad_999,,mute_cad_999,,,src_charge|src_hearing|src_mg_forms|src_parties|src_dates|src_cctv|src_continuity|client_claims_17,7240,,"CLIENT_SAFE | We are reviewing the papers in your case (Theft, contrary to s.1 Theft Act 1968). This is early-stage — nothing is final until we have full disclosure and your instructions. Some evidence is still outstanding on the papers, an"
sha:0d6878c48dd705a08838bc970f9fd2ac647c5fd420c697fa322f131b5f7a45b3,PDF-0d6878c48dd7,CB-TB-2175_Fletcher,0d6878c48dd705a08838bc970f9fd2ac647c5fd420c697fa322f131b5f7a45b3,OFFLINE_CLIENT_PROJECTION,,MUTE,mute_phone_download,,mute_phone_download|mute_cad_999,,,src_charge|src_hearing|src_mg_forms|src_parties|src_dates|src_cctv|src_continuity|client_claims_16,11823,,"CLIENT_SAFE | We are reviewing the papers in your case (Offence Possession of a controlled drug of Class B, contrary to section 5(2) Misuse of Drugs Act 1971). This is early-stage — nothing is final until we have full disclosure and your in"
sha:0db26fb8bf9a348b67057653e87d738c10ea5e690fec3340bc9f09fd0752bb4b,PDF-0db26fb8bf9a,CB-TB-914_Farrell,0db26fb8bf9a348b67057653e87d738c10ea5e690fec3340bc9f09fd0752bb4b,OFFLINE_CLIENT_PROJECTION,,MUTE,mute_phone_download,,mute_phone_download|mute_cad_999,,,src_charge|src_hearing|src_mg_forms|src_parties|src_cctv|client_claims_18,6215,,"CLIENT_SAFE | We are reviewing the papers in your case (Being concerned in the supply of a controlled drug of Class A, contrary to section 4(3)(b) of the Misuse of Drugs Act 1971). This is early-stage — nothing is final until we have full d"
sha:0ddb2ddb613100cb72953fd6d9d124068242a9c64c776dff4185fb4fd5279a38,PDF-0ddb2ddb6131,CB-TB-1044_Reynolds,0ddb2ddb613100cb72953fd6d9d124068242a9c64c776dff4185fb4fd5279a38,OFFLINE_CLIENT_PROJECTION,,MUTE,mute_phone_download,,mute_phone_download,,,src_charge|src_hearing|src_mg_forms|src_parties|src_dates|client_claims_18,4878,,"CLIENT_SAFE | We are reviewing the papers in your case (Assault occasioning actual bodily harm, s.47 OAPA 1861). This is early-stage — nothing is final until we have full disclosure and your instructions. Some evidence is still outstanding "
sha:0e0af668ddd82f0b7645ca56089d51396d77c4fabd729d62ca7b272b00d4d456,PDF-0e0af668ddd8,CB-TB-797_Morgan,0e0af668ddd82f0b7645ca56089d51396d77c4fabd729d62ca7b272b00d4d456,OFFLINE_CLIENT_PROJECTION,,MUTE,mute_cctv_master,,mute_cctv_master,,,src_charge|src_hearing|src_mg_forms|src_parties|src_dates|src_cctv|client_claims_15,4415,,CLIENT_SAFE | We are reviewing the papers in your case (Doing an act tending and intended to pervert the course of public justice). This is early-stage — nothing is final until we have full disclosure and your instructions. Some evidence is
sha:0e06d7b6126a427d06c5a6dc6cd753ce4348ba3e56d78db61a0bd378344dd18d,PDF-0e06d7b6126a,CB-TB-509_Mitchell,0e06d7b6126a427d06c5a6dc6cd753ce4348ba3e56d78db61a0bd378344dd18d,OFFLINE_CLIENT_PROJECTION,,MODALITY,modality_summary_vs_recording,,,modality_summary_vs_recording,,src_charge|src_hearing|src_mg_forms|src_parties|src_dates|src_continuity|client_claims_18,8309,,"CLIENT_SAFE | We are reviewing the papers in your case (Theft, contrary to s.1 Theft Act 1968). This is early-stage — nothing is final until we have full disclosure and your instructions. Some evidence is still outstanding on the papers, an"
sha:0f05b8b0999054fffaf3564a382730e176fb286288df470afcb867ae4c09e221,PDF-0f05b8b09990,CB-TB-1910_Armitage,0f05b8b0999054fffaf3564a382730e176fb286288df470afcb867ae4c09e221,OFFLINE_CLIENT_PROJECTION,,MUTE,mute_phone_download,,mute_phone_download,,,src_charge|src_hearing|src_mg_forms|src_parties|src_dates|src_cctv|src_continuity|client_claims_18,6946,,"CLIENT_SAFE | We are reviewing the papers in your case (Assault by beating of an emergency worker, contrary to section 1 of the Assaults on). This is early-stage — nothing is final until we have full disclosure and your instructions. Some e"
sha:0e4c94c582683a666e03f2f2cc0fbc616dd739c868126a3ee6f3a381e41c7ca4,PDF-0e4c94c58268,CB-TB-1981_Akhtar,0e4c94c582683a666e03f2f2cc0fbc616dd739c868126a3ee6f3a381e41c7ca4,OFFLINE_CLIENT_PROJECTION,,MUTE,mute_phone_download,,mute_phone_download,,,src_charge|src_hearing|src_mg_forms|src_parties|src_dates|src_cctv|client_claims_17,7376,,"CLIENT_SAFE | We are reviewing the papers in your case (CB-TB-1981_Akhtar.pdf). This is early-stage — nothing is final until we have full disclosure and your instructions. Some evidence is still outstanding on the papers, and we will update"
sha:0f14333fb1041cc2409f21c31ea14f4bb500c6a8bb861b7bfe765cb3a544dcd3,PDF-0f14333fb104,CB-TB-2110_Okonkwo,0f14333fb1041cc2409f21c31ea14f4bb500c6a8bb861b7bfe765cb3a544dcd3,OFFLINE_CLIENT_PROJECTION,,MUTE,mute_cad_999,,mute_cad_999,,,src_charge|src_hearing|src_mg_forms|src_parties|src_dates|src_cctv|client_claims_17,5399,,"CLIENT_SAFE | We are reviewing the papers in your case (Offence Unlawful wounding, contrary to section 20 Offences Against the Person Act 1861). This is early-stage — nothing is final until we have full disclosure and your instructions. Som"
sha:0f5b8dfd7479646ca2a44efceffb56e983e3b3e4bdce156d6af6b66adbb5aed5,PDF-0f5b8dfd7479,CB-TB-1699_West,0f5b8dfd7479646ca2a44efceffb56e983e3b3e4bdce156d6af6b66adbb5aed5,OFFLINE_CLIENT_PROJECTION,,MUTE,mute_cad_999,,mute_cad_999,,,src_charge|src_hearing|src_mg_forms|src_parties|src_dates|src_cctv|src_continuity|client_claims_18,5910,,"CLIENT_SAFE | We are reviewing the papers in your case (Wounding with intent to cause grievous bodily harm, s.18 OAPA 1861). This is early-stage — nothing is final until we have full disclosure and your instructions. Some evidence is still "
sha:0f2ca0cd10913ea60a04f28d472d38e01e34c5ee8c61e6fb330ae158f5bb593b,PDF-0f2ca0cd1091,CB-TB-997_Begum,0f2ca0cd10913ea60a04f28d472d38e01e34c5ee8c61e6fb330ae158f5bb593b,OFFLINE_CLIENT_PROJECTION,,MUTE,mute_phone_download,,mute_phone_download,,,src_charge|src_mg_forms|src_parties|src_cctv|client_claims_17,5501,,"CLIENT_SAFE | We are reviewing the papers in your case (Affray, contrary to section 3 of the Public Order Act 1986). This is early-stage — nothing is final until we have full disclosure and your instructions. Some evidence is still outstand"
sha:105b2d0bb9ee7d05425fb6e3f81e3f583ccb7084ab641dca75ca6d1879fbdcc3,PDF-105b2d0bb9ee,CB-TB-788_Grant,105b2d0bb9ee7d05425fb6e3f81e3f583ccb7084ab641dca75ca6d1879fbdcc3,OFFLINE_CLIENT_PROJECTION,,MUTE,mute_export_log,,mute_export_log|mute_cctv_master,,,src_charge|src_hearing|src_mg_forms|src_parties|src_dates|src_cctv|src_cctv_stills|src_continuity|client_claims_17,8651,,"CLIENT_SAFE | We are reviewing the papers in your case (Robbery, contrary to s.8 Theft Act 1968). This is early-stage — nothing is final until we have full disclosure and your instructions. Some evidence is still outstanding on the papers, "
sha:105c1b1f951317bae590787042637e95c95682e83f15ea4fe88425ff2bbc005e,PDF-105c1b1f9513,CB-TB-1948_Barton,105c1b1f951317bae590787042637e95c95682e83f15ea4fe88425ff2bbc005e,OFFLINE_CLIENT_PROJECTION,,MUTE,mute_cctv_master,,mute_cctv_master|mute_phone_download|mute_cad_999,,,src_charge|src_hearing|src_mg_forms|src_parties|src_dates|src_cctv|src_continuity|client_claims_16,9864,,"CLIENT_SAFE | We are reviewing the papers in your case (Wounding with intent to cause grievous bodily harm, s.18 OAPA 1861). This is early-stage — nothing is final until we have full disclosure and your instructions. Some evidence is still "
sha:0ff19dbe93a467db1ce3bedc333d03c6ec5ab36edc9af5933fcc4ed726d39d00,PDF-0ff19dbe93a4,CB-TB-2149_Barlow,0ff19dbe93a467db1ce3bedc333d03c6ec5ab36edc9af5933fcc4ed726d39d00,OFFLINE_CLIENT_PROJECTION,,MUTE,mute_cad_999,,mute_cad_999,,,src_charge|src_hearing|src_mg_forms|src_parties|src_dates|src_cctv|src_continuity|client_claims_17,8472,,"CLIENT_SAFE | We are reviewing the papers in your case (Offence Harassment, contrary to section 2 Protection from Harassment Act 1997). This is early-stage — nothing is final until we have full disclosure and your instructions. Some evidenc"
sha:107dece25c33643adff94d88c4ab0b7936b2d22c0dcd8bad1bbe73fd5b660ef4,PDF-107dece25c33,CB-TB-969_Khan,107dece25c33643adff94d88c4ab0b7936b2d22c0dcd8bad1bbe73fd5b660ef4,OFFLINE_CLIENT_PROJECTION,,MUTE,mute_cctv_master,,mute_cctv_master,,,src_charge|src_hearing|src_mg_forms|src_parties|src_cctv|client_claims_16,4606,,"CLIENT_SAFE | We are reviewing the papers in your case (Criminal damage, contrary to section 1(1) of the Criminal Damage Act 1971). This is early-stage — nothing is final until we have full disclosure and your instructions. Some evidence is"
sha:11202b29e2d2b5b464528bc9a3ad97cb6f62810553fece0474989e8c7815e4d4,PDF-11202b29e2d2,CB-TB-356_Coates,11202b29e2d2b5b464528bc9a3ad97cb6f62810553fece0474989e8c7815e4d4,OFFLINE_CLIENT_PROJECTION,,MUTE,mute_phone_download,,mute_phone_download,,,src_charge|src_hearing|src_mg_forms|src_parties|src_dates|src_continuity|client_claims_18,7271,,"CLIENT_SAFE | We are reviewing the papers in your case (Handling stolen goods, contrary to s.22 Theft Act 1968). This is early-stage — nothing is final until we have full disclosure and your instructions. Some evidence is still outstanding "
sha:11177e39d52c429821a2bf40986442e966c077c3128900d3ac07478514779ea0,PDF-11177e39d52c,CB-TB-942_Naylor,11177e39d52c429821a2bf40986442e966c077c3128900d3ac07478514779ea0,OFFLINE_CLIENT_PROJECTION,,MUTE,mute_cctv_master,,mute_cctv_master,,,src_charge|src_hearing|src_mg_forms|src_parties|src_cctv|client_claims_17,9041,,"CLIENT_SAFE | We are reviewing the papers in your case (Assault by beating, contrary to section 39 of the Criminal Justice Act 1988). This is early-stage — nothing is final until we have full disclosure and your instructions. Some evidence "
sha:11c4cf212f904e31b474b5d82a580b73157fb84dd7edf6b608009c2afb134d70,PDF-11c4cf212f90,CB-TB-461_Khan,11c4cf212f904e31b474b5d82a580b73157fb84dd7edf6b608009c2afb134d70,OFFLINE_CLIENT_PROJECTION,,MUTE,mute_phone_download,,mute_phone_download,,,src_charge|src_hearing|src_mg_forms|src_parties|src_cctv|src_continuity|client_claims_16,6228,,"CLIENT_SAFE | We are reviewing the papers in your case (Assault by beating of an emergency worker, contrary to section 1 Assaults on Emergency Workers). This is early-stage — nothing is final until we have full disclosure and your instructi"
sha:11c92ca78019761ddb22765c8c87b48acd64395d5fa03bb1e9ee90e355477309,PDF-11c92ca78019,CB-TB-1092_Thornton,11c92ca78019761ddb22765c8c87b48acd64395d5fa03bb1e9ee90e355477309,OFFLINE_CLIENT_PROJECTION,,MUTE,mute_cad_999,,mute_cad_999,,,src_charge|src_hearing|src_mg_forms|src_parties|src_dates|src_cctv|src_cctv_stills|src_continuity|client_claims_19,9140,,"CLIENT_SAFE | We are reviewing the papers in your case (Driving with excess alcohol, contrary to section 5 Road Traffic Act 1988). This is early-stage — nothing is final until we have full disclosure and your instructions. Some evidence is "
sha:122239d5c7e0b0836373a9fab4c31d1d075441cd4ec6f4d1f4dd98d33665e167,PDF-122239d5c7e0,CB-TB-1508_Patel,122239d5c7e0b0836373a9fab4c31d1d075441cd4ec6f4d1f4dd98d33665e167,OFFLINE_CLIENT_PROJECTION,,MUTE,mute_phone_download,,mute_phone_download,,,src_charge|src_hearing|src_mg_forms|src_parties|src_cctv|src_cctv_stills|client_claims_19,10701,,"CLIENT_SAFE | We are reviewing the papers in your case (Wounding with intent to cause grievous bodily harm, s.18 OAPA 1861). This is early-stage — nothing is final until we have full disclosure and your instructions. Some evidence is still "
sha:1264df7f4a0ac7388902ec70e9a7087d1650b4b544c6708bb510b8beedf6a72b,PDF-1264df7f4a0a,CB-TB-722_Morley,1264df7f4a0ac7388902ec70e9a7087d1650b4b544c6708bb510b8beedf6a72b,OFFLINE_CLIENT_PROJECTION,,MUTE,mute_cctv_master,,mute_cctv_master,,,src_charge|src_hearing|src_mg_forms|src_parties|src_dates|src_cctv|client_claims_16,4203,,"CLIENT_SAFE | We are reviewing the papers in your case (Theft, contrary to s.1 Theft Act 1968). This is early-stage — nothing is final until we have full disclosure and your instructions. Some evidence is still outstanding on the papers, an"
sha:1273952c96a4e456d377760ca3dac0f8d44393e063ec052db1482a9306938290,PDF-1273952c96a4,CB-TB-1955_Kaur,1273952c96a4e456d377760ca3dac0f8d44393e063ec052db1482a9306938290,OFFLINE_CLIENT_PROJECTION,,MUTE,mute_cctv_master,,mute_cctv_master|mute_phone_download,,,src_charge|src_hearing|src_mg_forms|src_parties|src_dates|src_cctv|src_continuity|client_claims_20,10937,,"CLIENT_SAFE | We are reviewing the papers in your case (Affray, contrary to section 3 of the Public Order Act 1986). This is early-stage — nothing is final until we have full disclosure and your instructions. Some evidence is still outstand"
sha:12f40f6420908c83d5e3f459a5e540c9f60b679b5b3a835b13a3a7b2c8e6166e,PDF-12f40f642090,CB-TB-1017_Pike,12f40f6420908c83d5e3f459a5e540c9f60b679b5b3a835b13a3a7b2c8e6166e,OFFLINE_CLIENT_PROJECTION,,MUTE,mute_cad_999,,mute_cad_999,,,src_charge|src_hearing|src_mg_forms|src_parties|src_dates|src_cctv|src_cctv_stills|src_continuity|client_claims_19,6008,,"CLIENT_SAFE | We are reviewing the papers in your case (Harassment, contrary to section 2 Protection from Harassment Act 1997). This is early-stage — nothing is final until we have full disclosure and your instructions. Some evidence is sti"
sha:1349396cd552a801c97f63c4606bf45d4dce279a47e7d6146f90888a8c33ee09,PDF-1349396cd552,CB-TB-1087_Coleman,1349396cd552a801c97f63c4606bf45d4dce279a47e7d6146f90888a8c33ee09,OFFLINE_CLIENT_PROJECTION,,MUTE,mute_cad_999,,mute_cad_999,,,src_charge|src_hearing|src_mg_forms|src_parties|src_dates|src_cctv|src_continuity|client_claims_19,6631,,"CLIENT_SAFE | We are reviewing the papers in your case (Possession with intent to supply cocaine, contrary to section 5(3) Misuse of Drugs Act 1971). This is early-stage — nothing is final until we have full disclosure and your instructions"
sha:139da16abcfc60a5080d50ea652145ea2fb21e5f72aa02bcbaeaf58ade4e2af9,PDF-139da16abcfc,CB-TB-239_Patterson,139da16abcfc60a5080d50ea652145ea2fb21e5f72aa02bcbaeaf58ade4e2af9,OFFLINE_CLIENT_PROJECTION,,MUTE,mute_phone_download,,mute_phone_download,,,src_charge|src_hearing|src_mg_forms|src_parties|src_dates|src_cctv|src_continuity|client_claims_18,6676,,"CLIENT_SAFE | We are reviewing the papers in your case (Fraud by false representation, s.2 Fraud Act 2006). This is early-stage — nothing is final until we have full disclosure and your instructions. Some evidence is still outstanding on th"
sha:13f93bf8e3e0ea99cc1beea67f7682fb0d3f23922a1514ccee47cbca33f12ce2,PDF-13f93bf8e3e0,CB-TB-1577_Lane,13f93bf8e3e0ea99cc1beea67f7682fb0d3f23922a1514ccee47cbca33f12ce2,OFFLINE_CLIENT_PROJECTION,,MUTE,mute_cad_999,,mute_cad_999,,,src_charge|src_hearing|src_mg_forms|src_parties|src_cctv|src_cctv_stills|client_claims_17,5371,,"CLIENT_SAFE | We are reviewing the papers in your case (Fraud by false representation, s.2 Fraud Act 2006). This is early-stage — nothing is final until we have full disclosure and your instructions. Some evidence is still outstanding on th"
sha:149ae21f8bfe600c1251d2c2736f9a88e2564a6a34b7f43f364ede381a6a9b1a,PDF-149ae21f8bfe,CB-TB-2127_Hale,149ae21f8bfe600c1251d2c2736f9a88e2564a6a34b7f43f364ede381a6a9b1a,OFFLINE_CLIENT_PROJECTION,,MUTE,mute_cad_999,,mute_cad_999,,,src_charge|src_hearing|src_mg_forms|src_parties|src_dates|src_cctv|src_continuity|client_claims_18,10550,,"CLIENT_SAFE | We are reviewing the papers in your case (Assault occasioning actual bodily harm, s.47 OAPA 1861). This is early-stage — nothing is final until we have full disclosure and your instructions. Some evidence is still outstanding "
sha:15b6c0120b329396e32083f5ce1765b5b3e7fdfb8d60720566973e6f329519ee,PDF-15b6c0120b32,CB-TB-534_Flint,15b6c0120b329396e32083f5ce1765b5b3e7fdfb8d60720566973e6f329519ee,OFFLINE_CLIENT_PROJECTION,,MODALITY,modality_summary_vs_recording,,,modality_summary_vs_recording,,src_charge|src_hearing|src_mg_forms|src_parties|src_dates|src_continuity|client_claims_18,6086,,"CLIENT_SAFE | We are reviewing the papers in your case (Possession of a controlled drug of Class B, contrary to section 5(2) Misuse of Drugs Act 1971). This is early-stage — nothing is final until we have full disclosure and your instructio"
sha:166ff2d9f20e253a5fd1a49e59498de5c87f5feb535a6bb90cd7a1daaccb0cd5,PDF-166ff2d9f20e,CB-TB-632_Olsen,166ff2d9f20e253a5fd1a49e59498de5c87f5feb535a6bb90cd7a1daaccb0cd5,OFFLINE_CLIENT_PROJECTION,,MUTE,mute_cctv_master,,mute_cctv_master|mute_phone_download,,,src_charge|src_hearing|src_mg_forms|src_parties|src_dates|src_cctv|src_continuity|client_claims_16,6952,,"CLIENT_SAFE | We are reviewing the papers in your case (Possession of a controlled drug of Class A, namely cocaine, with intent to supply, contrary to section 5(3) of the Misuse of Drugs Act 1971). This is early-stage — nothing is final unt"
sha:1668837ab06ce34eda2d4ccda3c1346e887c988f923f07b2b7dd576c6edbf7dd,PDF-1668837ab06c,CB-TB-1960_Maitland,1668837ab06ce34eda2d4ccda3c1346e887c988f923f07b2b7dd576c6edbf7dd,OFFLINE_CLIENT_PROJECTION,,MUTE,mute_phone_download,,mute_phone_download,,,src_charge|src_hearing|src_mg_forms|src_parties|src_dates|src_cctv|src_continuity|client_claims_19,8869,,"CLIENT_SAFE | We are reviewing the papers in your case (Possession of a controlled drug of Class A with intent to supply, contrary to section 5(3) of the Misuse of Drugs Act 1971). This is early-stage — nothing is final until we have full d"
sha:16ca1bc2eab0e6b7ee462218cde5dfc8f7730bf7eb5c9dca3d754134bdfab13f,PDF-16ca1bc2eab0,CB-TB-673_Morley,16ca1bc2eab0e6b7ee462218cde5dfc8f7730bf7eb5c9dca3d754134bdfab13f,OFFLINE_CLIENT_PROJECTION,,MUTE,mute_cctv_master,,mute_cctv_master,,,src_charge|src_hearing|src_mg_forms|src_parties|src_dates|src_cctv|src_continuity|client_claims_16,3311,,"CLIENT_SAFE | We are reviewing the papers in your case (Affray, contrary to section 3 of the Public Order Act 1986). This is early-stage — nothing is final until we have full disclosure and your instructions. Some evidence is still outstand"
sha:1763b7f1375a386f4579017b3d1e0931cf5a92a0c1eede4087513f304a2b40f7,PDF-1763b7f1375a,CB-TB-1584_Price,1763b7f1375a386f4579017b3d1e0931cf5a92a0c1eede4087513f304a2b40f7,OFFLINE_CLIENT_PROJECTION,,MUTE,mute_cad_999,,mute_cad_999,,,src_charge|src_hearing|src_mg_forms|src_parties|src_cctv|src_cctv_stills|client_claims_16,4948,,"CLIENT_SAFE | We are reviewing the papers in your case (Offence Failing to stop after a road traffic accident and failing to report it, contrary to section 170 of the Road Traffic Act 1988). This is early-stage — nothing is final until we h"
sha:180b9c23052ab8ebffc2e127d2381151c5c725daa7d235fd60ccb685b9b3e535,PDF-180b9c23052a,CB-TB-478_Murphy,180b9c23052ab8ebffc2e127d2381151c5c725daa7d235fd60ccb685b9b3e535,OFFLINE_CLIENT_PROJECTION,,MUTE,mute_phone_download,,mute_phone_download,,,src_charge|src_hearing|src_mg_forms|src_parties|src_cctv|src_continuity|client_claims_17,7786,,"CLIENT_SAFE | We are reviewing the papers in your case (Primary charge:Intimidating a witness, contrary to section 51 Criminal Justice and Public Order Act 1994). This is early-stage — nothing is final until we have full disclosure and your"
sha:178c8bb4eadf761d3f213cbc2eef5efc860ca4c7756fd827c892644ec053b7df,PDF-178c8bb4eadf,CB-TB-1065_Parker,178c8bb4eadf761d3f213cbc2eef5efc860ca4c7756fd827c892644ec053b7df,OFFLINE_CLIENT_PROJECTION,,MUTE,mute_cad_999,,mute_cad_999,,,src_charge|src_hearing|src_mg_forms|src_parties|src_dates|src_cctv|src_cctv_stills|src_continuity|client_claims_18,10874,,"CLIENT_SAFE | We are reviewing the papers in your case (Unlawful wounding, contrary to section 20 Offences Against the Person Act 1861). This is early-stage — nothing is final until we have full disclosure and your instructions. Some eviden"
sha:18b8c76fe1e75a940cc63f5f7f5277c6d1f54e9798eb8d1e9dd1556c7c7de82c,PDF-18b8c76fe1e7,CB-TB-1079_Mitchell,18b8c76fe1e75a940cc63f5f7f5277c6d1f54e9798eb8d1e9dd1556c7c7de82c,OFFLINE_CLIENT_PROJECTION,,MUTE,mute_cad_999,,mute_cad_999,,,src_charge|src_hearing|src_mg_forms|src_parties|src_dates|src_cctv|src_cctv_stills|src_continuity|client_claims_18,6540,,"CLIENT_SAFE | We are reviewing the papers in your case (Count 1: Burglary, contrary to section 9 Theft Act 1968; Count 2: Assault occasioning actual bodily). This is early-stage — nothing is final until we have full disclosure and your inst"
sha:1848f0971a9e29a8dd2b17386a443db7493ec5baa1c00bd1697c987f7d9e403b,PDF-1848f0971a9e,CB-TB-1619_Khan,1848f0971a9e29a8dd2b17386a443db7493ec5baa1c00bd1697c987f7d9e403b,OFFLINE_CLIENT_PROJECTION,,MUTE,mute_cad_999,,mute_cad_999,,,src_charge|src_hearing|src_mg_forms|src_parties|src_dates|src_cctv|src_continuity|client_claims_17,7523,,"CLIENT_SAFE | We are reviewing the papers in your case (Offence Possession of a controlled drug of Class A with intent to supply, contrary to section 5(3) Misuse of Drugs Act 1971). This is early-stage — nothing is final until we have full "
sha:1963db81219d4ea8d6e02eca46abb08e266e03ea6bdd3530c55affdc9847bef4,PDF-1963db81219d,CB-TB-895_Merritt,1963db81219d4ea8d6e02eca46abb08e266e03ea6bdd3530c55affdc9847bef4,OFFLINE_CLIENT_PROJECTION,,MUTE,mute_export_log,,mute_export_log,,,src_charge|src_hearing|src_mg_forms|src_parties|src_dates|src_cctv|src_continuity|client_claims_18,7180,,"CLIENT_SAFE | We are reviewing the papers in your case (Theft, contrary to s.1 Theft Act 1968). This is early-stage — nothing is final until we have full disclosure and your instructions. Some evidence is still outstanding on the papers, an"
sha:19b3d7a1cc371a6e1db37b06cbe56617dd213c39e33cab43d4c52e4ef11c68f7,PDF-19b3d7a1cc37,CB-TB-693_Ross,19b3d7a1cc371a6e1db37b06cbe56617dd213c39e33cab43d4c52e4ef11c68f7,OFFLINE_CLIENT_PROJECTION,,MUTE,mute_cctv_master,,mute_cctv_master,,,src_charge|src_hearing|src_mg_forms|src_parties|src_dates|src_cctv|src_cctv_stills|src_continuity|client_claims_15,10520,,"CLIENT_SAFE | We are reviewing the papers in your case (CB-TB-693_Ross.pdf). This is early-stage — nothing is final until we have full disclosure and your instructions. Some evidence is still outstanding on the papers, and we will update yo"
sha:19cf1528c31ff2209d92ac98d266931f4bf90ed486d00da8b2b8081ecfd502c4,PDF-19cf1528c31f,CB-TB-1066_Pike,19cf1528c31ff2209d92ac98d266931f4bf90ed486d00da8b2b8081ecfd502c4,OFFLINE_CLIENT_PROJECTION,,MUTE,mute_cad_999,,mute_cad_999,,,src_charge|src_hearing|src_mg_forms|src_parties|src_dates|src_cctv|src_cctv_stills|src_continuity|client_claims_18,10144,,"CLIENT_SAFE | We are reviewing the papers in your case (Wounding with intent to cause grievous bodily harm, s.18 OAPA 1861). This is early-stage — nothing is final until we have full disclosure and your instructions. Some evidence is still "
sha:1a7b450c2b3a1b9aaa2d5aa975d531d65fbd34f76f90e32795030e370e73f73a,PDF-1a7b450c2b3a,CB-TB-1680_Grant,1a7b450c2b3a1b9aaa2d5aa975d531d65fbd34f76f90e32795030e370e73f73a,OFFLINE_CLIENT_PROJECTION,,MUTE,mute_cad_999,,mute_cad_999,,,src_charge|src_hearing|src_mg_forms|src_parties|src_dates|src_cctv|src_continuity|client_claims_17,4337,,"CLIENT_SAFE | We are reviewing the papers in your case (Offence Burglary of a dwelling, contrary to section 9 Theft Act 1968). This is early-stage — nothing is final until we have full disclosure and your instructions. Some evidence is stil"
sha:1a04d99d75ecdde87aafb2aa6d543795851f1d67fe514348c44f4abcf9d31299,PDF-1a04d99d75ec,CB-TB-805_Flint,1a04d99d75ecdde87aafb2aa6d543795851f1d67fe514348c44f4abcf9d31299,OFFLINE_CLIENT_PROJECTION,,MUTE,mute_export_log,,mute_export_log,,,src_charge|src_hearing|src_mg_forms|src_parties|src_dates|src_cctv|src_continuity|client_claims_18,3984,,"CLIENT_SAFE | We are reviewing the papers in your case (Theft, contrary to s.1 Theft Act 1968). This is early-stage — nothing is final until we have full disclosure and your instructions. Some evidence is still outstanding on the papers, an"
sha:1aa615a74f4e48ae0bf5f2e0c46b5be61626c48a79db09b0dbc39fb6c3477d6b,PDF-1aa615a74f4e,CB-TB-754_Bennett,1aa615a74f4e48ae0bf5f2e0c46b5be61626c48a79db09b0dbc39fb6c3477d6b,OFFLINE_CLIENT_PROJECTION,,MUTE,mute_cctv_master,,mute_cctv_master,,,src_charge|src_hearing|src_mg_forms|src_parties|src_dates|src_cctv|src_cctv_stills|client_claims_15,7870,,"CLIENT_SAFE | We are reviewing the papers in your case (Possessing criminal property, contrary to section 329 of the Proceeds of Crime Act 2002). This is early-stage — nothing is final until we have full disclosure and your instructions. So"
sha:1af68ed606d29348dbff9019135b53b79c5c1916938ea493782419e70e88841d,PDF-1af68ed606d2,CB-TB-321_Quinn,1af68ed606d29348dbff9019135b53b79c5c1916938ea493782419e70e88841d,OFFLINE_CLIENT_PROJECTION,,MUTE,mute_phone_download,,mute_phone_download,,,src_charge|src_hearing|src_mg_forms|src_parties|src_dates|src_cctv_stills|client_claims_17,7081,,"CLIENT_SAFE | We are reviewing the papers in your case (Being concerned in the supply of a Class A controlled drug, contrary to section 4(3)(b) of the Misuse of Drugs Act 1971). This is early-stage — nothing is final until we have full disc"
sha:1aef42d68d159e98e2e882b227570c18ba267b69c5c1e9bffbb174ffd823b8d4,PDF-1aef42d68d15,CB-TB-730_Grant,1aef42d68d159e98e2e882b227570c18ba267b69c5c1e9bffbb174ffd823b8d4,OFFLINE_CLIENT_PROJECTION,,MUTE,mute_cctv_master,,mute_cctv_master,,,src_charge|src_hearing|src_mg_forms|src_parties|src_dates|src_cctv|src_cctv_stills|client_claims_16,10064,,"CLIENT_SAFE | We are reviewing the papers in your case (Theft, contrary to s.1 Theft Act 1968). This is early-stage — nothing is final until we have full disclosure and your instructions. Some evidence is still outstanding on the papers, an"
sha:1bf39134d7544720724e8395609fcb77db45cf82a54765ee47ef3255e40d8a38,PDF-1bf39134d754,CB-TB-681_Ross,1bf39134d7544720724e8395609fcb77db45cf82a54765ee47ef3255e40d8a38,OFFLINE_CLIENT_PROJECTION,,MUTE,mute_cctv_master,,mute_cctv_master,,,src_charge|src_hearing|src_mg_forms|src_parties|src_dates|src_cctv|src_cctv_stills|client_claims_18,8564,,"CLIENT_SAFE | We are reviewing the papers in your case (Robbery, contrary to s.8 Theft Act 1968). This is early-stage — nothing is final until we have full disclosure and your instructions. Some evidence is still outstanding on the papers, "
sha:1cb4ec586c81a96f5ddd231b42a56d9f07d5e99a5a38c0c0fc4daceafa090c49,PDF-1cb4ec586c81,CB-TB-1926_Rahman,1cb4ec586c81a96f5ddd231b42a56d9f07d5e99a5a38c0c0fc4daceafa090c49,OFFLINE_CLIENT_PROJECTION,,MUTE,mute_cctv_master,,mute_cctv_master,,,src_charge|src_hearing|src_mg_forms|src_parties|src_dates|src_cctv|src_continuity|client_claims_17,3281,,"CLIENT_SAFE | We are reviewing the papers in your case (CB-TB-1926_Rahman.pdf). This is early-stage — nothing is final until we have full disclosure and your instructions. Some evidence is still outstanding on the papers, and we will update"
sha:1cc7058664c6ac92ed256fc1ced632fd5eb03bcdd0430131a5c2cc6181d318b0,PDF-1cc7058664c6,CB-TB-742_Morley,1cc7058664c6ac92ed256fc1ced632fd5eb03bcdd0430131a5c2cc6181d318b0,OFFLINE_CLIENT_PROJECTION,,MUTE,mute_export_log,,mute_export_log|mute_cctv_master,,,src_charge|src_hearing|src_mg_forms|src_parties|src_dates|src_cctv|src_cctv_stills|src_continuity|client_claims_16,9133,,"CLIENT_SAFE | We are reviewing the papers in your case (Possession of a controlled drug of Class B, namely cannabis, contrary to section 5(2) of the Misuse of Drugs Act 1971). This is early-stage — nothing is final until we have full disclo"
sha:1d13f336929d77b73318d23e12f0a04d8e3fa6014558d01305bdb03415e61ca0,PDF-1d13f336929d,CB-TB-432_Turner,1d13f336929d77b73318d23e12f0a04d8e3fa6014558d01305bdb03415e61ca0,OFFLINE_CLIENT_PROJECTION,,MODALITY,modality_screenshot_vs_download,,,modality_screenshot_vs_download,,src_charge|src_hearing|src_mg_forms|src_parties|src_cctv|src_continuity|client_claims_17,5282,,"CLIENT_SAFE | We are reviewing the papers in your case (Possession of a controlled drug of Class A with intent to supply, contrary to section 5(3) Misuse of Drugs Act 1971). This is early-stage — nothing is final until we have full disclosu"
sha:1da532e5aa62e8bbac18f464986448f1c853b41446d803190279f9b69a560435,PDF-1da532e5aa62,CB-TB-132_Owen,1da532e5aa62e8bbac18f464986448f1c853b41446d803190279f9b69a560435,OFFLINE_CLIENT_PROJECTION,,MUTE,mute_phone_download,,mute_phone_download,,,src_charge|src_hearing|src_mg_forms|src_parties|src_cctv_stills|src_continuity|client_claims_16,4629,,"CLIENT_SAFE | We are reviewing the papers in your case (Possession of a controlled drug of Class B, namely cannabis, contrary to section 5(2)). This is early-stage — nothing is final until we have full disclosure and your instructions. Some"
sha:1d5b00bb7485a30c2a302a6afa74c04aeee7c7d0af6e46c5f54a3b24f9759e7d,PDF-1d5b00bb7485,CB-TB-390_Baines,1d5b00bb7485a30c2a302a6afa74c04aeee7c7d0af6e46c5f54a3b24f9759e7d,OFFLINE_CLIENT_PROJECTION,,MUTE,mute_phone_download,,mute_phone_download,,,src_charge|src_hearing|src_mg_forms|src_parties|src_dates|client_claims_17,7450,,"CLIENT_SAFE | We are reviewing the papers in your case (Affray, contrary to section 3 of the Public Order Act 1986). This is early-stage — nothing is final until we have full disclosure and your instructions. Some evidence is still outstand"
sha:1dbac4c1e46fdbb3fb4d883d838b30b9c28feabbb5c92c4658a272ba2ade6924,PDF-1dbac4c1e46f,CB-TB-2130_Shaw,1dbac4c1e46fdbb3fb4d883d838b30b9c28feabbb5c92c4658a272ba2ade6924,OFFLINE_CLIENT_PROJECTION,,MUTE,mute_cad_999,,mute_cad_999,,,src_charge|src_hearing|src_mg_forms|src_parties|src_dates|src_cctv|src_continuity|client_claims_17,6312,,"CLIENT_SAFE | We are reviewing the papers in your case (Offence Using threatening or abusive words or behaviour, contrary to section 4 Public Order Act 1986). This is early-stage — nothing is final until we have full disclosure and your ins"
sha:1de50e6c066fb42b1ce27df2a6c7f2d7ffaadc1d2b0e971acfd063a746ed92a6,PDF-1de50e6c066f,CB-TB-734_Mitchell,1de50e6c066fb42b1ce27df2a6c7f2d7ffaadc1d2b0e971acfd063a746ed92a6,OFFLINE_CLIENT_PROJECTION,,MUTE,mute_cctv_master,,mute_cctv_master|mute_phone_download,,,src_charge|src_hearing|src_mg_forms|src_parties|src_dates|src_cctv|src_continuity|client_claims_16,7129,,"CLIENT_SAFE | We are reviewing the papers in your case (Possession of a controlled drug of Class B, namely cannabis, contrary to section 5(2) of the Misuse of Drugs Act 1971). This is early-stage — nothing is final until we have full disclo"
sha:1ddfa706c1e68cd78f0a131b307212039081af7758443462b8fd922af218cb24,PDF-1ddfa706c1e6,CB-TB-2056_Moran,1ddfa706c1e68cd78f0a131b307212039081af7758443462b8fd922af218cb24,OFFLINE_CLIENT_PROJECTION,,MUTE,mute_cad_999,,mute_cad_999,,,src_charge|src_hearing|src_mg_forms|src_parties|src_dates|src_cctv|client_claims_17,5392,,"CLIENT_SAFE | We are reviewing the papers in your case (Assault occasioning actual bodily harm, s.47 OAPA 1861). This is early-stage — nothing is final until we have full disclosure and your instructions. Some evidence is still outstanding "
sha:1dc663f0da40fe0d8ba122ea26743459528e6f8712c078acfabf98b2d2944dd8,PDF-1dc663f0da40,CB-TB-1278_Blake,1dc663f0da40fe0d8ba122ea26743459528e6f8712c078acfabf98b2d2944dd8,OFFLINE_CLIENT_PROJECTION,,MUTE,mute_phone_download,,mute_phone_download,,,src_charge|src_hearing|src_mg_forms|src_parties|src_dates|src_cctv|src_continuity|client_claims_21,5463,,"CLIENT_SAFE | We are reviewing the papers in your case (Intentional harassment, alarm or distress, contrary to section 4A Public Order Act 1986). This is early-stage — nothing is final until we have full disclosure and your instructions. So"
sha:1e223a9582a41c18a84fdadb9799741a0bd02ffe2a65a6c06764664ca609aef7,PDF-1e223a9582a4,CB-TB-110_Okonkwo,1e223a9582a41c18a84fdadb9799741a0bd02ffe2a65a6c06764664ca609aef7,OFFLINE_CLIENT_PROJECTION,,MUTE,mute_phone_download,,mute_phone_download,,,src_charge|src_hearing|src_mg_forms|src_parties|src_continuity|client_claims_18,7372,,"CLIENT_SAFE | We are reviewing the papers in your case (Possession of a controlled drug of Class A with intent to supply, namely cocaine, contrary to section 5(3) Misuse of Drugs Act 1971). This is early-stage — nothing is final until we ha"
sha:1e630b94fbd245f8885fd14cc16a9701f8ba9ca665885008ff898576a2833a98,PDF-1e630b94fbd2,CB-TB-1213_Clarke,1e630b94fbd245f8885fd14cc16a9701f8ba9ca665885008ff898576a2833a98,OFFLINE_CLIENT_PROJECTION,,MUTE,mute_cad_999,,mute_cad_999,,,src_charge|src_hearing|src_mg_forms|src_parties|src_dates|src_cctv|src_cctv_stills|src_continuity|client_claims_18,4163,,CLIENT_SAFE | We are reviewing the papers in your case (Possession with intent to supply Class A controlled drugs). This is early-stage — nothing is final until we have full disclosure and your instructions. Some evidence is still outstandi
sha:1e5f0f888108dbbe4dcb69b5fceb147de80e4994cd605ccbc0537fd92bda5e77,PDF-1e5f0f888108,CB-TB-2083_Fletcher,1e5f0f888108dbbe4dcb69b5fceb147de80e4994cd605ccbc0537fd92bda5e77,OFFLINE_CLIENT_PROJECTION,,MUTE,mute_cad_999,,mute_cad_999,,,src_charge|src_hearing|src_mg_forms|src_parties|src_dates|src_cctv|src_continuity|client_claims_16,4387,,"CLIENT_SAFE | We are reviewing the papers in your case (Offence Using threatening or abusive words or behaviour, contrary to section 4 Public Order Act 1986). This is early-stage — nothing is final until we have full disclosure and your ins"
sha:1ebf0ec0f22cba08834a37b778de84b704adb085eab030373c4de5cc2bfb72be,PDF-1ebf0ec0f22c,CB-TB-669_Foster,1ebf0ec0f22cba08834a37b778de84b704adb085eab030373c4de5cc2bfb72be,OFFLINE_CLIENT_PROJECTION,,MUTE,mute_cctv_master,,mute_cctv_master,,,src_charge|src_hearing|src_mg_forms|src_parties|src_dates|src_cctv|client_claims_16,6936,,"CLIENT_SAFE | We are reviewing the papers in your case (Affray, contrary to section 3 of the Public Order Act 1986). This is early-stage — nothing is final until we have full disclosure and your instructions. Some evidence is still outstand"
sha:1ea03cd9eb3ddbf142afee71995b78325fb4289e322bb3d6585a4b9674f6dba5,PDF-1ea03cd9eb3d,CB-TB-569_Marsh,1ea03cd9eb3ddbf142afee71995b78325fb4289e322bb3d6585a4b9674f6dba5,OFFLINE_CLIENT_PROJECTION,,MODALITY,modality_summary_vs_recording,,,modality_summary_vs_recording,,src_charge|src_hearing|src_mg_forms|src_parties|src_dates|src_cctv|src_continuity|client_claims_20,8587,,"CLIENT_SAFE | We are reviewing the papers in your case (Assault occasioning actual bodily harm, s.47 OAPA 1861). This is early-stage — nothing is final until we have full disclosure and your instructions. Some evidence is still outstanding "
sha:1ec53df73dd1b0d38e28253b44207ab0d7dbeeb6953aaab97e417f8513dedb34,PDF-1ec53df73dd1,CB-TB-299_Rafiq,1ec53df73dd1b0d38e28253b44207ab0d7dbeeb6953aaab97e417f8513dedb34,OFFLINE_CLIENT_PROJECTION,,MUTE,mute_phone_download,,mute_phone_download,,,src_charge|src_hearing|src_mg_forms|src_parties|src_dates|client_claims_17,4116,,CLIENT_SAFE | We are reviewing the papers in your case (should be invented beyond what is safely stated. The file records matters requiring review before the). This is early-stage — nothing is final until we have full disclosure and your in
sha:1f00974906d9a94720939c29f8fbe97c06ab6cf9c0a6e7fc3c22e0d50b645399,PDF-1f00974906d9,CB-TB-588_Clarke,1f00974906d9a94720939c29f8fbe97c06ab6cf9c0a6e7fc3c22e0d50b645399,OFFLINE_CLIENT_PROJECTION,,MODALITY,modality_summary_vs_recording,,mute_cctv_master,modality_summary_vs_recording,,src_charge|src_hearing|src_mg_forms|src_parties|src_dates|src_cctv|src_continuity|client_claims_18,4121,,CLIENT_SAFE | We are reviewing the papers in your case (Possession of a controlled drug of Class A with intent to supply contrary to section 5(3) Misuse of Drugs Act 1971). This is early-stage — nothing is final until we have full disclosur
sha:1f06a9de6f090e1df1c88a4e385197d45d3d789c6063e42af90403a3c9f2510c,PDF-1f06a9de6f09,CB-TB-739_Bennett,1f06a9de6f090e1df1c88a4e385197d45d3d789c6063e42af90403a3c9f2510c,OFFLINE_CLIENT_PROJECTION,,MUTE,mute_cctv_master,,mute_cctv_master|mute_phone_download,,,src_charge|src_hearing|src_mg_forms|src_parties|src_dates|src_cctv|client_claims_16,6131,,"CLIENT_SAFE | We are reviewing the papers in your case (Possession of a controlled drug of Class A, namely cocaine, with intent to supply, contrary to section 5(3) of the Misuse of Drugs Act). This is early-stage — nothing is final until we"
sha:1f655a2265e10d28c9549f85dc2719d7c53e24cdddf5a5f86f82c6992638376f,PDF-1f655a2265e1,CB-TB-120_Casey,1f655a2265e10d28c9549f85dc2719d7c53e24cdddf5a5f86f82c6992638376f,OFFLINE_CLIENT_PROJECTION,,MUTE,mute_cad_999,,mute_cad_999,,,src_charge|src_hearing|src_mg_forms|src_parties|src_cctv|src_continuity|client_claims_18,7739,,"CLIENT_SAFE | We are reviewing the papers in your case (Intentional harassment, alarm or distress, contrary to section 4A Public Order Act 1986). This is early-stage — nothing is final until we have full disclosure and your instructions. So"
sha:1f91b3a1055708333830dd3a179c9cb31ed81f31cd911705d0070b082b1928a1,PDF-1f91b3a10557,CB-TB-1999_Akhtar,1f91b3a1055708333830dd3a179c9cb31ed81f31cd911705d0070b082b1928a1,OFFLINE_CLIENT_PROJECTION,,MUTE,mute_cad_999,,mute_cad_999,,,src_charge|src_hearing|src_mg_forms|src_parties|src_dates|src_cctv|src_continuity|client_claims_19,9219,,"CLIENT_SAFE | We are reviewing the papers in your case (Burglary of a dwelling, contrary to section 9 of the Theft Act 1968). This is early-stage — nothing is final until we have full disclosure and your instructions. Some evidence is still"
sha:1f878c4068988102be5ec49936878d84581a25f84cd95fe68ea30c47ec5c0fc6,PDF-1f878c406898,CB-TB-1095_Okonkwo,1f878c4068988102be5ec49936878d84581a25f84cd95fe68ea30c47ec5c0fc6,OFFLINE_CLIENT_PROJECTION,,MUTE,mute_cad_999,,mute_cad_999,,,src_charge|src_hearing|src_mg_forms|src_parties|src_dates|src_cctv|src_continuity|client_claims_19,9527,,"CLIENT_SAFE | We are reviewing the papers in your case (Possession of a bladed article in a public place, contrary to section 139 Criminal Justice Act 1988). This is early-stage — nothing is final until we have full disclosure and your inst"
sha:2003bb04c02bbc71096d63c90949d67aae381e70fa2b6e068b25c1d4d799cf1d,PDF-2003bb04c02b,CB-TB-832_Byrne,2003bb04c02bbc71096d63c90949d67aae381e70fa2b6e068b25c1d4d799cf1d,OFFLINE_CLIENT_PROJECTION,,MUTE,mute_cctv_master,,mute_cctv_master,,,src_charge|src_hearing|src_mg_forms|src_dates|src_continuity|client_claims_17,4851,,"CLIENT_SAFE | We are reviewing the papers in your case (Assault by beating of an emergency worker, contrary to section 1 of the Assaults on). This is early-stage — nothing is final until we have full disclosure and your instructions. Some e"
sha:1fcfac0df7a2230476e916c408718e05fcc661edb19cd8a36ed6b08356a1e706,PDF-1fcfac0df7a2,CB-TB-1514_Bates,1fcfac0df7a2230476e916c408718e05fcc661edb19cd8a36ed6b08356a1e706,OFFLINE_CLIENT_PROJECTION,,MUTE,mute_cad_999,,mute_cad_999,,,src_charge|src_hearing|src_mg_forms|src_parties|src_cctv|src_cctv_stills|client_claims_18,10427,,"CLIENT_SAFE | We are reviewing the papers in your case (Offence Possession of a controlled drug of Class A with intent to supply, contrary to section 5(3) of the Misuse of Drugs Act 1971). This is early-stage — nothing is final until we hav"
sha:2031adfb5d345ee8920415b2fac1c4c80b3ff08d2fa4fc490290b1d0c221ea73,PDF-2031adfb5d34,CB-TB-678_Morgan,2031adfb5d345ee8920415b2fac1c4c80b3ff08d2fa4fc490290b1d0c221ea73,OFFLINE_CLIENT_PROJECTION,,MUTE,mute_export_log,,mute_export_log|mute_cctv_master,,,src_charge|src_hearing|src_mg_forms|src_parties|src_dates|src_cctv|src_cctv_stills|client_claims_17,8684,,"CLIENT_SAFE | We are reviewing the papers in your case (Robbery, contrary to s.8 Theft Act 1968). This is early-stage — nothing is final until we have full disclosure and your instructions. Some evidence is still outstanding on the papers, "
sha:202ae61eeff367ed5435fa95c9242c4108139892b37b52e98d10cb39ee281da8,PDF-202ae61eeff3,CB-TB-658_Parker,202ae61eeff367ed5435fa95c9242c4108139892b37b52e98d10cb39ee281da8,OFFLINE_CLIENT_PROJECTION,,MUTE,mute_cctv_master,,mute_cctv_master,,,src_charge|src_hearing|src_mg_forms|src_parties|src_dates|src_cctv|src_cctv_stills|client_claims_16,7467,,"CLIENT_SAFE | We are reviewing the papers in your case (Dangerous driving, contrary to section 2 Road Traffic Act 1988). This is early-stage — nothing is final until we have full disclosure and your instructions. Some evidence is still outs"
sha:202512afb4c0630565bd8a05a8547faeb67f47f01920d63e4bb2d16bf8b600c4,PDF-202512afb4c0,CB-TB-955_Merritt,202512afb4c0630565bd8a05a8547faeb67f47f01920d63e4bb2d16bf8b600c4,OFFLINE_CLIENT_PROJECTION,,MUTE,mute_phone_download,,mute_phone_download,,,src_charge|src_hearing|src_mg_forms|src_parties|src_dates|src_cctv|client_claims_16,5931,,"CLIENT_SAFE | We are reviewing the papers in your case (1Intimidating a witness, contrary to section 51 of). This is early-stage — nothing is final until we have full disclosure and your instructions. Some evidence is still outstanding on t"
sha:20ace02abc5211ba369d13326e36b1f751545854c409f37fa73d2e77fc3ba754,PDF-20ace02abc52,CB-TB-762_Thornton,20ace02abc5211ba369d13326e36b1f751545854c409f37fa73d2e77fc3ba754,OFFLINE_CLIENT_PROJECTION,,MUTE,mute_cctv_master,,mute_cctv_master,,,src_charge|src_hearing|src_mg_forms|src_parties|src_dates|src_cctv|client_claims_17,2607,,"CLIENT_SAFE | We are reviewing the papers in your case (Driving a motor vehicle with alcohol concentration above the prescribed limit, contrary to section 5(1)(a) of the Road Traffic Act 1988). This is early-stage — nothing is final until w"
sha:20f739383dab28d40f0287f826ce050ebd295aebaccc97c84a1be0236aa5b31d,PDF-20f739383dab,CB-TB-524_Turner,20f739383dab28d40f0287f826ce050ebd295aebaccc97c84a1be0236aa5b31d,OFFLINE_CLIENT_PROJECTION,,MODALITY,modality_summary_vs_recording,,,modality_summary_vs_recording,,src_charge|src_hearing|src_mg_forms|src_parties|src_dates|src_cctv|src_continuity|client_claims_20,6709,,"CLIENT_SAFE | We are reviewing the papers in your case (Unlawful wounding, contrary to section 20 Offences Against the Person Act 1861). This is early-stage — nothing is final until we have full disclosure and your instructions. Some eviden"
sha:21b0e6141affbaa8ad77faf7b2986c0cdfae04021c4ccc8135da4d8185bbe90f,PDF-21b0e6141aff,CB-TB-728_Quinn,21b0e6141affbaa8ad77faf7b2986c0cdfae04021c4ccc8135da4d8185bbe90f,OFFLINE_CLIENT_PROJECTION,,MUTE,mute_cctv_master,,mute_cctv_master,,,src_charge|src_hearing|src_mg_forms|src_parties|src_dates|src_cctv|src_cctv_stills|src_continuity|client_claims_16,7707,,"CLIENT_SAFE | We are reviewing the papers in your case (Burglary of a dwelling, contrary to section 9(1)(b) of the Theft Act 1968). This is early-stage — nothing is final until we have full disclosure and your instructions. Some evidence is"
sha:21a2e12e50e89f4f5154519a30643f007010e742d39c42bfc4053128915aa070,PDF-21a2e12e50e8,CB-TB-261_Ross,21a2e12e50e89f4f5154519a30643f007010e742d39c42bfc4053128915aa070,OFFLINE_CLIENT_PROJECTION,,MUTE,mute_phone_download,,mute_phone_download,,,src_charge|src_hearing|src_mg_forms|src_parties|src_dates|src_cctv|src_continuity|client_claims_17,13498,,"CLIENT_SAFE | We are reviewing the papers in your case (Criminal damage, contrary to section 1 of the Criminal Damage Act 1971). This is early-stage — nothing is final until we have full disclosure and your instructions. Some evidence is st"
sha:21d3bea362871832e4d8a8653145deebcce7b2370759e4fdc6da77b207f08930,PDF-21d3bea36287,CB-TB-1319_Stone,21d3bea362871832e4d8a8653145deebcce7b2370759e4fdc6da77b207f08930,OFFLINE_CLIENT_PROJECTION,,MUTE,mute_phone_download,,mute_phone_download,,,src_charge|src_hearing|src_id_procedure|src_parties|src_dates|src_cctv|src_continuity|client_claims_17,5230,,"CLIENT_SAFE | We are reviewing the papers in your case (Possession of a controlled drug of Class B, contrary to section 5(2) of the Misuse of Drugs Act 1971). This is early-stage — nothing is final until we have full disclosure and your ins"
sha:2250abbfbe0afcc8ed6b356c6816d43fc876f3f8de9c18c8f8e8d5b159729e02,PDF-2250abbfbe0a,CB-TB-690_Patterson,2250abbfbe0afcc8ed6b356c6816d43fc876f3f8de9c18c8f8e8d5b159729e02,OFFLINE_CLIENT_PROJECTION,,MUTE,mute_export_log,,mute_export_log|mute_cctv_master,,,src_charge|src_hearing|src_mg_forms|src_parties|src_dates|src_cctv|src_cctv_stills|client_claims_17,9051,,"CLIENT_SAFE | We are reviewing the papers in your case (Robbery, contrary to s.8 Theft Act 1968). This is early-stage — nothing is final until we have full disclosure and your instructions. Some evidence is still outstanding on the papers, "
sha:226801f85a3c0c39908ef30ba8f9ee6aa329999842ac3452307525a354e984b2,PDF-226801f85a3c,CB-TB-160_Marlow,226801f85a3c0c39908ef30ba8f9ee6aa329999842ac3452307525a354e984b2,OFFLINE_CLIENT_PROJECTION,,MUTE,mute_phone_download,,mute_phone_download|mute_cad_999,,,src_charge|src_hearing|src_mg_forms|src_parties|src_cctv|src_continuity|client_claims_17,11279,,"CLIENT_SAFE | We are reviewing the papers in your case (Unlawful wounding). This is early-stage — nothing is final until we have full disclosure and your instructions. Some evidence is still outstanding on the papers, and we will update you"
sha:22780bbd8032a4319665b090519a4306bed40dca5bb440ded39e74bc3e3cbf59,PDF-22780bbd8032,CB-TB-263_Holt,22780bbd8032a4319665b090519a4306bed40dca5bb440ded39e74bc3e3cbf59,OFFLINE_CLIENT_PROJECTION,,MUTE,mute_phone_download,,mute_phone_download,,,src_charge|src_hearing|src_mg_forms|src_parties|src_dates|src_cctv|src_continuity|client_claims_16,7737,,"CLIENT_SAFE | We are reviewing the papers in your case (Threatening behaviour, contrary to section 4 of the Public Order Act 1986). This is early-stage — nothing is final until we have full disclosure and your instructions. Some evidence is"
sha:227d45f9bb9db90ca364e83b3eee3eeee68422f5296241fe0748c3fc36c8b643,PDF-227d45f9bb9d,CB-TB-268_Baines,227d45f9bb9db90ca364e83b3eee3eeee68422f5296241fe0748c3fc36c8b643,OFFLINE_CLIENT_PROJECTION,,MUTE,mute_phone_download,,mute_phone_download,,,src_charge|src_hearing|src_mg_forms|src_parties|src_dates|client_claims_18,8141,,"CLIENT_SAFE | We are reviewing the papers in your case (Possession of a Class A controlled drug with intent to supply, contrary to section 5(3) of the Misuse of Drugs Act 1971). This is early-stage — nothing is final until we have full disc"
sha:2316a18373ef53cea7e62d508b20b7797b77346421006d1790a695949866341d,PDF-2316a18373ef,CB-TB-1918_Finch,2316a18373ef53cea7e62d508b20b7797b77346421006d1790a695949866341d,OFFLINE_CLIENT_PROJECTION,,MUTE,mute_cctv_master,,mute_cctv_master|mute_phone_download,,,src_charge|src_hearing|src_mg_forms|src_parties|src_dates|src_cctv|src_continuity|client_claims_18,5509,,"CLIENT_SAFE | We are reviewing the papers in your case (Assault by beating of an emergency worker, contrary to section 1 of the Assaults on). This is early-stage — nothing is final until we have full disclosure and your instructions. Some e"
sha:22dfd9b56a73618ee1ec547ae5e861ae97f850bddc76c28a95b08ce035e5eb1c,PDF-22dfd9b56a73,CB-TB-670_Morris,22dfd9b56a73618ee1ec547ae5e861ae97f850bddc76c28a95b08ce035e5eb1c,OFFLINE_CLIENT_PROJECTION,,MUTE,mute_cctv_master,,mute_cctv_master,,,src_charge|src_hearing|src_mg_forms|src_parties|src_dates|src_cctv|src_cctv_stills|client_claims_16,8044,,"CLIENT_SAFE | We are reviewing the papers in your case (Assault by beating of an emergency worker, contrary to section 1 of the Assaults on Emergency Workers (Offences) Act 2018). This is early-stage — nothing is final until we have full di"
sha:234a9c9eb2fbbe2e823e098263bc1a493ae999edb6530fb1831f9836f05c65b1,PDF-234a9c9eb2fb,CB-TB-2045_Nolan,234a9c9eb2fbbe2e823e098263bc1a493ae999edb6530fb1831f9836f05c65b1,OFFLINE_CLIENT_PROJECTION,,MUTE,mute_cad_999,,mute_cad_999,,,src_charge|src_hearing|src_mg_forms|src_parties|src_cctv|src_continuity|client_claims_17,4111,,"CLIENT_SAFE | We are reviewing the papers in your case (Theft, contrary to s.1 Theft Act 1968). This is early-stage — nothing is final until we have full disclosure and your instructions. Some evidence is still outstanding on the papers, an"
sha:2356a71b5931544a760aae4665b4147359958a94e170f0b3cd207ffd65bf70fb,PDF-2356a71b5931,CB-TB-1814_Glover,2356a71b5931544a760aae4665b4147359958a94e170f0b3cd207ffd65bf70fb,OFFLINE_CLIENT_PROJECTION,,MUTE,mute_phone_download,,mute_phone_download,,,src_charge|src_hearing|src_mg_forms|src_parties|src_dates|src_cctv_stills|client_claims_17,4784,,"CLIENT_SAFE | We are reviewing the papers in your case (Having an offensive weapon, contrary to s.1(1) Prevention of Crime Act 1953). This is early-stage — nothing is final until we have full disclosure and your instructions. Some evidence "
sha:2350408cbd360dfc31d514ff829e2ec5aad44d910ac549ead235897980f361d4,PDF-2350408cbd36,CB-TB-1012_Walsh,2350408cbd360dfc31d514ff829e2ec5aad44d910ac549ead235897980f361d4,OFFLINE_CLIENT_PROJECTION,,MUTE,mute_cad_999,,mute_cad_999,,,src_charge|src_hearing|src_mg_forms|src_parties|src_dates|src_cctv|src_cctv_stills|src_continuity|client_claims_19,10381,,"CLIENT_SAFE | We are reviewing the papers in your case (Driving with excess alcohol, contrary to section 5 Road Traffic Act 1988). This is early-stage — nothing is final until we have full disclosure and your instructions. Some evidence is "
sha:2361f977e101dba2d0ddcded875b29b8123352649c21a1b433ffe09c3f261507,PDF-2361f977e101,CB-TB-2094_Rees,2361f977e101dba2d0ddcded875b29b8123352649c21a1b433ffe09c3f261507,OFFLINE_CLIENT_PROJECTION,,MUTE,mute_cad_999,,mute_cad_999,,,src_charge|src_hearing|src_mg_forms|src_parties|src_dates|src_cctv|src_continuity|client_claims_18,9376,,"CLIENT_SAFE | We are reviewing the papers in your case (Wounding with intent to cause grievous bodily harm, s.18 OAPA 1861). This is early-stage — nothing is final until we have full disclosure and your instructions. Some evidence is still "
sha:23ab9c3a168fcd572d6acc507f76f875b7d2e9b4acc42f5a151d2bce5b56c4c5,PDF-23ab9c3a168f,CB-TB-2121_Fletcher,23ab9c3a168fcd572d6acc507f76f875b7d2e9b4acc42f5a151d2bce5b56c4c5,OFFLINE_CLIENT_PROJECTION,,MUTE,mute_cad_999,,mute_cad_999,,,src_charge|src_hearing|src_mg_forms|src_parties|src_dates|src_cctv|src_continuity|client_claims_17,10664,,"CLIENT_SAFE | We are reviewing the papers in your case (Offence Affray, contrary to section 3 Public Order Act 1986). This is early-stage — nothing is final until we have full disclosure and your instructions. Some evidence is still outstan"
sha:241532c1ed15e5eff6b1cdc5e713b722e0d995e501bb3af1f6f66214347abe60,PDF-241532c1ed15,CB-TB-767_Doyle,241532c1ed15e5eff6b1cdc5e713b722e0d995e501bb3af1f6f66214347abe60,OFFLINE_CLIENT_PROJECTION,,MUTE,mute_cctv_master,,mute_cctv_master|mute_cad_999,,,src_charge|src_hearing|src_mg_forms|src_parties|src_dates|src_cctv|src_cctv_stills|client_claims_15,7241,,"CLIENT_SAFE | We are reviewing the papers in your case (Assault by beating of an emergency worker, contrary to section 1 of the Assaults on Emergency Workers (Offences) Act 2018). This is early-stage — nothing is final until we have full di"
sha:242447a7b8dd043739b4d1aac17019aadca04f4060b84b6eae67d88d6f453e72,PDF-242447a7b8dd,CB-TB-1906_Mills,242447a7b8dd043739b4d1aac17019aadca04f4060b84b6eae67d88d6f453e72,OFFLINE_CLIENT_PROJECTION,,MUTE,mute_cctv_master,,mute_cctv_master|mute_phone_download,,,src_charge|src_hearing|src_mg_forms|src_parties|src_dates|src_cctv|src_continuity|client_claims_21,8435,,"CLIENT_SAFE | We are reviewing the papers in your case (Burglary of a dwelling, contrary to section 9 of the Theft Act 1968). This is early-stage — nothing is final until we have full disclosure and your instructions. Some evidence is still"
sha:241458624b3be3a6308aa7bb271c7ba70e26ed3a2f09d1ace2a806f9317f9ef3,PDF-241458624b3b,CB-TB-968_Hale,241458624b3be3a6308aa7bb271c7ba70e26ed3a2f09d1ace2a806f9317f9ef3,OFFLINE_CLIENT_PROJECTION,,MUTE,mute_cctv_master,,mute_cctv_master,,,src_charge|src_hearing|src_mg_forms|src_parties|src_cctv|client_claims_17,10372,,"CLIENT_SAFE | We are reviewing the papers in your case (Assault by beating of an emergency worker, contrary to section 1 of the Assaults on Emergency Workers (Offences) Act 2018). This is early-stage — nothing is final until we have full di"
sha:245941ecc4fdb256267c0c7a4c2d22a275ce0c34ae40f92a96654a6772d789a1,PDF-245941ecc4fd,CB-TB-419_Ryder,245941ecc4fdb256267c0c7a4c2d22a275ce0c34ae40f92a96654a6772d789a1,OFFLINE_CLIENT_PROJECTION,,MUTE,mute_phone_download,,mute_phone_download,,,src_charge|src_hearing|src_mg_forms|src_parties|src_cctv|src_continuity|client_claims_18,6028,,"CLIENT_SAFE | We are reviewing the papers in your case (Handling stolen goods, contrary to s.22 Theft Act 1968). This is early-stage — nothing is final until we have full disclosure and your instructions. Some evidence is still outstanding "
sha:249306cddb3a06a04ff5367b549afb76e27e2146ced1f8166d05aa9d70dc6e75,PDF-249306cddb3a,CB-TB-1862_Barker,249306cddb3a06a04ff5367b549afb76e27e2146ced1f8166d05aa9d70dc6e75,OFFLINE_CLIENT_PROJECTION,,MUTE,mute_phone_download,,mute_phone_download,,,src_charge|src_hearing|src_mg_forms|src_parties|src_dates|src_continuity|client_claims_19,3418,,"CLIENT_SAFE | We are reviewing the papers in your case (Dangerous driving, contrary to section 2 Road Traffic Act 1988). This is early-stage — nothing is final until we have full disclosure and your instructions. Some evidence is still outs"
sha:24e1fd8bf38dd24265a8fafcfe08d121cf81da0cb08088d18fd5b996133868db,PDF-24e1fd8bf38d,CB-TB-575_Ross,24e1fd8bf38dd24265a8fafcfe08d121cf81da0cb08088d18fd5b996133868db,OFFLINE_CLIENT_PROJECTION,,MODALITY,modality_summary_vs_recording,,,modality_summary_vs_recording,,src_charge|src_hearing|src_mg_forms|src_parties|src_dates|src_continuity|client_claims_19,7548,,"CLIENT_SAFE | We are reviewing the papers in your case (Wounding with intent to cause grievous bodily harm, s.18 OAPA 1861). This is early-stage — nothing is final until we have full disclosure and your instructions. Some evidence is still "
sha:253be4e9975dd793093f8ffc33a344c266d7a5d1abd9e9da3290fcb7926e6e2a,PDF-253be4e9975d,CB-TB-1067_Morris,253be4e9975dd793093f8ffc33a344c266d7a5d1abd9e9da3290fcb7926e6e2a,OFFLINE_CLIENT_PROJECTION,,MUTE,mute_cad_999,,mute_cad_999,,,src_charge|src_hearing|src_mg_forms|src_parties|src_dates|src_cctv|src_cctv_stills|src_continuity|client_claims_19,6872,,"CLIENT_SAFE | We are reviewing the papers in your case (Possession with intent to supply cocaine, contrary to section 5(3) Misuse of Drugs Act 1971). This is early-stage — nothing is final until we have full disclosure and your instructions"
sha:24fd54a0b2dfaf482fb03b4e8b59c70e1498a085a3b28bf688c7e0c674a22507,PDF-24fd54a0b2df,CB-TB-024_Brooks,24fd54a0b2dfaf482fb03b4e8b59c70e1498a085a3b28bf688c7e0c674a22507,OFFLINE_CLIENT_PROJECTION,,MUTE,mute_phone_download,,mute_phone_download,,,src_charge|src_hearing|src_mg_forms|src_parties|src_cctv|src_cctv_stills|src_continuity|client_claims_18,10732,,"CLIENT_SAFE | We are reviewing the papers in your case (Offence Affray, contrary to section 3 of the Public Order Act 1986). This is early-stage — nothing is final until we have full disclosure and your instructions. Some evidence is still "
sha:257a17804ad6c932c5eabf81da88a9723d61ac62ebfb3493c8534e6100227369,PDF-257a17804ad6,CB-TB-676_Coleman,257a17804ad6c932c5eabf81da88a9723d61ac62ebfb3493c8534e6100227369,OFFLINE_CLIENT_PROJECTION,,MUTE,mute_cctv_master,,mute_cctv_master,,,src_charge|src_hearing|src_mg_forms|src_parties|src_dates|src_cctv|src_continuity|client_claims_17,7090,,"CLIENT_SAFE | We are reviewing the papers in your case (Robbery, contrary to s.8 Theft Act 1968). This is early-stage — nothing is final until we have full disclosure and your instructions. Some evidence is still outstanding on the papers, "
sha:255e9fbd8352936883424618028af152c34eae76577bfb257b2f8945f87b8686,PDF-255e9fbd8352,CB-TB-2171_Mason,255e9fbd8352936883424618028af152c34eae76577bfb257b2f8945f87b8686,OFFLINE_CLIENT_PROJECTION,,MUTE,mute_cad_999,,mute_cad_999,,,src_charge|src_hearing|src_mg_forms|src_parties|src_dates|src_cctv|src_continuity|client_claims_18,7546,,"CLIENT_SAFE | We are reviewing the papers in your case (Wounding with intent to cause grievous bodily harm, s.18 OAPA 1861). This is early-stage — nothing is final until we have full disclosure and your instructions. Some evidence is still "
sha:260dd6b4d764adfcb8a8624b8036905cb03004970dced3c0d1659b49726265f9,PDF-260dd6b4d764,CB-TB-441_Flint,260dd6b4d764adfcb8a8624b8036905cb03004970dced3c0d1659b49726265f9,OFFLINE_CLIENT_PROJECTION,,MODALITY,modality_screenshot_vs_download,,,modality_screenshot_vs_download,,src_charge|src_hearing|src_mg_forms|src_parties|src_cctv|src_continuity|client_claims_17,3987,,"CLIENT_SAFE | We are reviewing the papers in your case (Primary charge:Concealing criminal property, contrary to section 327 Proceeds of Crime Act 2002). This is early-stage — nothing is final until we have full disclosure and your instruct"
sha:2629344790d9e1b4cbaca5950283a1edb26f05e44569fa7f7947e95a5ca0ef3e,PDF-2629344790d9,CB-TB-763_Marsh,2629344790d9e1b4cbaca5950283a1edb26f05e44569fa7f7947e95a5ca0ef3e,OFFLINE_CLIENT_PROJECTION,,MUTE,mute_cctv_master,,mute_cctv_master,,,src_charge|src_hearing|src_mg_forms|src_parties|src_dates|src_cctv|src_cctv_stills|client_claims_16,2601,,"CLIENT_SAFE | We are reviewing the papers in your case (Driving a motor vehicle with alcohol concentration above the prescribed limit, contrary to section 5(1)(a) of the Road Traffic Act 1988). This is early-stage — nothing is final until w"
sha:26e05eb846c4d6bf6e9e0434f27ff409a6d34397d1ccf873f0bfeb1df07a8a10,PDF-26e05eb846c4,CB-TB-2136_Pike,26e05eb846c4d6bf6e9e0434f27ff409a6d34397d1ccf873f0bfeb1df07a8a10,OFFLINE_CLIENT_PROJECTION,,MUTE,mute_cad_999,,mute_cad_999,,,src_charge|src_hearing|src_mg_forms|src_parties|src_dates|src_cctv|src_continuity|client_claims_17,6451,,"CLIENT_SAFE | We are reviewing the papers in your case (Offence Doing an act tending and intended to pervert the course of public justice, contrary to common law). This is early-stage — nothing is final until we have full disclosure and you"
sha:273e889ddb8ca9b249fc83b40c8f46b101af44f08801e6768c0f9055474bc125,PDF-273e889ddb8c,CB-TB-228_Doyle,273e889ddb8ca9b249fc83b40c8f46b101af44f08801e6768c0f9055474bc125,OFFLINE_CLIENT_PROJECTION,,MUTE,mute_phone_download,,mute_phone_download,,,src_charge|src_hearing|src_mg_forms|src_parties|src_dates|src_cctv|src_cctv_stills|client_claims_18,6860,,"CLIENT_SAFE | We are reviewing the papers in your case (Fraud by abuse of position, contrary to section 4 of the Fraud Act 2006). This is early-stage — nothing is final until we have full disclosure and your instructions. Some evidence is s"
sha:2781ba503c552ea4747351c6ed35d9393bac214b4df044f265f95c1acdb0516e,PDF-2781ba503c55,CB-TB-2048_Fletcher,2781ba503c552ea4747351c6ed35d9393bac214b4df044f265f95c1acdb0516e,OFFLINE_CLIENT_PROJECTION,,MUTE,mute_cad_999,,mute_cad_999,,,src_charge|src_hearing|src_mg_forms|src_parties|src_dates|src_cctv|src_continuity|client_claims_17,5757,,"CLIENT_SAFE | We are reviewing the papers in your case (Offence Using threatening or abusive words or behaviour, contrary to section 4 Public Order Act 1986). This is early-stage — nothing is final until we have full disclosure and your ins"
sha:279f34df600c85b0313b4ab8e70d84434f1ff960d8e9cb8f79809001ff05c537,PDF-279f34df600c,CB-TB-595_Khan,279f34df600c85b0313b4ab8e70d84434f1ff960d8e9cb8f79809001ff05c537,OFFLINE_CLIENT_PROJECTION,,MODALITY,modality_summary_vs_recording,,,modality_summary_vs_recording,,src_charge|src_hearing|src_mg_forms|src_parties|src_dates|src_continuity|client_claims_19,3175,,"CLIENT_SAFE | We are reviewing the papers in your case (Having an offensive weapon, contrary to s.1(1) Prevention of Crime Act 1953). This is early-stage — nothing is final until we have full disclosure and your instructions. Some evidence "
sha:27863b425fa80105c4f4b7d86510b720a8ba1953e56aef1c8778734a1d10cbb9,PDF-27863b425fa8,CB-TB-2062_Hayes,27863b425fa80105c4f4b7d86510b720a8ba1953e56aef1c8778734a1d10cbb9,OFFLINE_CLIENT_PROJECTION,,MUTE,mute_cad_999,,mute_cad_999,,,src_charge|src_hearing|src_mg_forms|src_parties|src_dates|src_cctv|src_continuity|client_claims_17,3018,,"CLIENT_SAFE | We are reviewing the papers in your case (Possession of a controlled drug of Class A with intent to supply, contrary to section 5(3) Misuse of Drugs Act). This is early-stage — nothing is final until we have full disclosure an"
sha:27a13a45394bdb8a8912e8f5cca29d6002f39eba95aeff01ed4be0a8f9bd2369,PDF-27a13a45394b,CB-TB-101_Palmer,27a13a45394bdb8a8912e8f5cca29d6002f39eba95aeff01ed4be0a8f9bd2369,OFFLINE_CLIENT_PROJECTION,,MUTE,mute_phone_download,,mute_phone_download,,,src_charge|src_hearing|src_mg_forms|src_parties|src_cctv|src_continuity|client_claims_19,14331,,"CLIENT_SAFE | We are reviewing the papers in your case (Burglary dwelling). This is early-stage — nothing is final until we have full disclosure and your instructions. Some evidence is still outstanding on the papers, and we will update you"
sha:287c7211fa15c443bbd097a6165049c86a4f2001bea0ddc0630ebcd511ab7052,PDF-287c7211fa15,gauntlet-06-dup-mg6,287c7211fa15c443bbd097a6165049c86a4f2001bea0ddc0630ebcd511ab7052,OFFLINE_CLIENT_PROJECTION,,MUTE,mute_export_log,,mute_export_log,,,src_charge|src_hearing|src_mg_forms|src_parties|src_cctv|src_cctv_stills|client_claims_15,3733,,CLIENT_SAFE | We are reviewing the papers in your case (Offence Assault occasioning actual bodily harm - pub). This is early-stage — nothing is final until we have full disclosure and your instructions. What the witness describes does not f
sha:292c3e443e87d48c05371a8d047cd7d54f99de1beb3246a1f59c2b56eb412c58,PDF-292c3e443e87,CB-TB-1913_Marsh,292c3e443e87d48c05371a8d047cd7d54f99de1beb3246a1f59c2b56eb412c58,OFFLINE_CLIENT_PROJECTION,,MUTE,mute_cctv_master,,mute_cctv_master|mute_phone_download|mute_cad_999,,,src_charge|src_hearing|src_mg_forms|src_parties|src_dates|src_cctv|client_claims_14,3161,,"CLIENT_SAFE | We are reviewing the papers in your case (CB-TB-1913_Marsh.pdf). This is early-stage — nothing is final until we have full disclosure and your instructions. Some evidence is still outstanding on the papers, and we will update "
sha:291bae7216e8f1a3235e98ade53f69a823d6f6dbf124333554fe7b0b6f210662,PDF-291bae7216e8,CB-TB-1547_Ellis,291bae7216e8f1a3235e98ade53f69a823d6f6dbf124333554fe7b0b6f210662,OFFLINE_CLIENT_PROJECTION,,MUTE,mute_cad_999,,mute_cad_999,,,src_charge|src_hearing|src_mg_forms|src_parties|src_cctv|src_cctv_stills|src_continuity|client_claims_18,8480,,"CLIENT_SAFE | We are reviewing the papers in your case (Fraud by false representation, s.2 Fraud Act 2006). This is early-stage — nothing is final until we have full disclosure and your instructions. Some evidence is still outstanding on th"
sha:294e8c33ffc08f8b4dea821bc08c5006f433cacd0be984c5c0de8188bf638bfa,PDF-294e8c33ffc0,CB-TB-172_Rowe,294e8c33ffc08f8b4dea821bc08c5006f433cacd0be984c5c0de8188bf638bfa,OFFLINE_CLIENT_PROJECTION,,MUTE,mute_cad_999,,mute_cad_999,,,src_charge|src_hearing|src_mg_forms|src_parties|src_cctv|src_continuity|client_claims_16,6589,,"CLIENT_SAFE | We are reviewing the papers in your case (Theft, contrary to s.1 Theft Act 1968). This is early-stage — nothing is final until we have full disclosure and your instructions. Some evidence is still outstanding on the papers, an"
sha:29343237c834ed349e5f4a43f9c074a70f6757952749824125e8a90809a7ede1,PDF-29343237c834,CB-TB-619_Parker,29343237c834ed349e5f4a43f9c074a70f6757952749824125e8a90809a7ede1,OFFLINE_CLIENT_PROJECTION,,MUTE,mute_cctv_master,,mute_cctv_master,,,src_charge|src_hearing|src_mg_forms|src_parties|src_dates|src_cctv|src_continuity|client_claims_16,8133,,"CLIENT_SAFE | We are reviewing the papers in your case (Burglary of a dwelling, contrary to section 9(1)(b) of the Theft Act 1968). This is early-stage — nothing is final until we have full disclosure and your instructions. Some evidence is"
sha:29f2f472ff0991215de5c74479f98955d053a47bf9753663a0db22d4316ac722,PDF-29f2f472ff09,CB-TB-1056_Clarke,29f2f472ff0991215de5c74479f98955d053a47bf9753663a0db22d4316ac722,OFFLINE_CLIENT_PROJECTION,,MUTE,mute_phone_download,,mute_phone_download|mute_cad_999,,,src_charge|src_hearing|src_mg_forms|src_parties|src_dates|src_cctv|client_claims_17,5146,,CLIENT_SAFE | We are reviewing the papers in your case (Doing an act tending and intended to pervert the course of public justice). This is early-stage — nothing is final until we have full disclosure and your instructions. Some evidence is
sha:2a77776b1ccd9c80f1d5913b8c4d2d5eab71e7a8c06491cc20b816e264901164,PDF-2a77776b1ccd,CB-TB-904_Mason,2a77776b1ccd9c80f1d5913b8c4d2d5eab71e7a8c06491cc20b816e264901164,OFFLINE_CLIENT_PROJECTION,,MUTE,mute_cctv_master,,mute_cctv_master,,,src_charge|src_hearing|src_mg_forms|src_parties|src_cctv|client_claims_15,3883,,"CLIENT_SAFE | We are reviewing the papers in your case (Assault occasioning actual bodily harm, s.47 OAPA 1861). This is early-stage — nothing is final until we have full disclosure and your instructions. More than one complainant is mentio"
sha:2abe688f4f23dbdcb7030ed1b081db9a4186a3f9651ec684b9e8039b1764336b,PDF-2abe688f4f23,CB-TB-1099_Ross,2abe688f4f23dbdcb7030ed1b081db9a4186a3f9651ec684b9e8039b1764336b,OFFLINE_CLIENT_PROJECTION,,MUTE,mute_cad_999,,mute_cad_999,,,src_charge|src_hearing|src_mg_forms|src_parties|src_dates|src_cctv|src_continuity|client_claims_19,7890,,"CLIENT_SAFE | We are reviewing the papers in your case (Count 1: Burglary, contrary to section 9 Theft Act 1968; Count 2: Assault occasioning actual bodily). This is early-stage — nothing is final until we have full disclosure and your inst"
sha:2acfc2afe059ed6752c08a307f059f07ac6991e3ab6d0efb0302a5ce56fb1cbd,PDF-2acfc2afe059,CB-TB-2009_Ali,2acfc2afe059ed6752c08a307f059f07ac6991e3ab6d0efb0302a5ce56fb1cbd,OFFLINE_CLIENT_PROJECTION,,MUTE,mute_cad_999,,mute_cad_999,,,src_charge|src_hearing|src_mg_forms|src_parties|src_dates|src_cctv|src_continuity|client_claims_17,9982,,"CLIENT_SAFE | We are reviewing the papers in your case (Offence Doing an act tending and intended to pervert the course of public justice, contrary to common law). This is early-stage — nothing is final until we have full disclosure and you"
sha:2bb2752814db666dafd0f2f975de387e8fa39704ce0916d6e02ce98153f44c3b,PDF-2bb2752814db,NS-CPS-2026-0431 - Copy (2),2bb2752814db666dafd0f2f975de387e8fa39704ce0916d6e02ce98153f44c3b,OFFLINE_CLIENT_PROJECTION,,MUTE,mute_cctv_master,,mute_cctv_master,,,src_charge|src_hearing|src_mg_forms|src_parties|src_dates|src_cctv|src_continuity|client_claims_18,4645,,"CLIENT_SAFE | We are reviewing the papers in your case (Theft person (snatch)). This is early-stage — nothing is final until we have full disclosure and your instructions. Some evidence is still outstanding on the papers, and we will update"
sha:2ba6d5fe142e30b7c4a11e3b41a64a0ea3eecb7435eed39a5131caab688d2e71,PDF-2ba6d5fe142e,CB-TB-007_Pike,2ba6d5fe142e30b7c4a11e3b41a64a0ea3eecb7435eed39a5131caab688d2e71,OFFLINE_CLIENT_PROJECTION,,MUTE,mute_phone_download,,mute_phone_download,,,src_charge|src_hearing|src_mg_forms|src_parties|src_cctv|src_cctv_stills|src_continuity|client_claims_19,12887,,CLIENT_SAFE | We are reviewing the papers in your case (Offence Unlawful wounding<br/>contrary to section 20 of the Offences Against the Person Act 1861). This is early-stage — nothing is final until we have full disclosure and your instruc
sha:2c073ea8ce61403f22fe1f864fb3fbb7e46443efb493fb25f99f8e670ef5ab03,PDF-2c073ea8ce61,CB-TB-322_Ross,2c073ea8ce61403f22fe1f864fb3fbb7e46443efb493fb25f99f8e670ef5ab03,OFFLINE_CLIENT_PROJECTION,,MUTE,mute_phone_download,,mute_phone_download,,,src_charge|src_hearing|src_mg_forms|src_parties|src_dates|client_claims_17,3573,,"CLIENT_SAFE | We are reviewing the papers in your case (Driving with a specified controlled drug above the specified limit, contrary to section 5A of the Road Traffic Act 1988). This is early-stage — nothing is final until we have full disc"
sha:2c77806271f9b226ce639d7c183b73a2d7df6446240a9e295ecbbad83d2459dc,PDF-2c77806271f9,CB-TB-596_Nair,2c77806271f9b226ce639d7c183b73a2d7df6446240a9e295ecbbad83d2459dc,OFFLINE_CLIENT_PROJECTION,,MODALITY,modality_summary_vs_recording,,,modality_summary_vs_recording,,src_charge|src_hearing|src_mg_forms|src_parties|src_dates|src_continuity|client_claims_19,7821,,"CLIENT_SAFE | We are reviewing the papers in your case (Possession of a bladed article in a public place, contrary to section 139 Criminal Justice Act 1988). This is early-stage — nothing is final until we have full disclosure and your inst"
sha:2ca35b0511a7bd626e6a2f01280728ba6b3c7f97e89d675b2912a26cc37da291,PDF-2ca35b0511a7,CB-TB-514_Khan,2ca35b0511a7bd626e6a2f01280728ba6b3c7f97e89d675b2912a26cc37da291,OFFLINE_CLIENT_PROJECTION,,MODALITY,modality_summary_vs_recording,,,modality_summary_vs_recording,,src_charge|src_hearing|src_mg_forms|src_parties|src_dates|src_continuity|client_claims_19,8464,,"CLIENT_SAFE | We are reviewing the papers in your case (Assault by beating of an emergency worker, contrary to section 1 Assaults on Emergency Workers (Offences) Act 2018). This is early-stage — nothing is final until we have full disclosur"
sha:2d15ae33571f7ffc3fe67ae03e37d3546537260fad0d4b6b03f2ff98c33c8916,PDF-2d15ae33571f,CB-TB-426_Byrne,2d15ae33571f7ffc3fe67ae03e37d3546537260fad0d4b6b03f2ff98c33c8916,OFFLINE_CLIENT_PROJECTION,,MODALITY,modality_screenshot_vs_download,,mute_cad_999,modality_screenshot_vs_download,,src_charge|src_hearing|src_mg_forms|src_parties|src_cctv|src_continuity|client_claims_17,6243,,"CLIENT_SAFE | We are reviewing the papers in your case (Primary charge:Possession of a controlled drug of Class B, contrary to section 5(2) Misuse of Drugs Act 1971). This is early-stage — nothing is final until we have full disclosure and "
sha:2d1d564446bf09c3e3bc74aaa0d7131c6b0e97a5fb6d1d0777b2ad6e85b341b7,PDF-2d1d564446bf,CB-TB-892_Bennett,2d1d564446bf09c3e3bc74aaa0d7131c6b0e97a5fb6d1d0777b2ad6e85b341b7,OFFLINE_CLIENT_PROJECTION,,MUTE,mute_cctv_master,,mute_cctv_master,,,src_charge|src_hearing|src_mg_forms|src_parties|src_dates|src_cctv|src_continuity|client_claims_18,5200,,"CLIENT_SAFE | We are reviewing the papers in your case (Unlawful wounding, contrary to section 20 of the Offences Against the Person Act). This is early-stage — nothing is final until we have full disclosure and your instructions. Some evid"
sha:2d13a977eb118185c77b86ea7b9949700099a956f7b650cf4921855e96dcb55a,PDF-2d13a977eb11,CB-TB-014_Siddiq,2d13a977eb118185c77b86ea7b9949700099a956f7b650cf4921855e96dcb55a,OFFLINE_CLIENT_PROJECTION,,MUTE,mute_phone_download,,mute_phone_download,,,src_charge|src_hearing|src_mg_forms|src_parties|src_cctv_stills|src_continuity|client_claims_18,9230,,"CLIENT_SAFE | We are reviewing the papers in your case (Offence Possession of a controlled drug of Class B with intent to supply, contrary to section 5(3) of). This is early-stage — nothing is final until we have full disclosure and your in"
sha:2db96762fa4a6433485396463fbeca94c689bc28f610e13199d5218b31872c59,PDF-2db96762fa4a,CB-TB-529_Foster,2db96762fa4a6433485396463fbeca94c689bc28f610e13199d5218b31872c59,OFFLINE_CLIENT_PROJECTION,,MODALITY,modality_summary_vs_recording,,,modality_summary_vs_recording,,src_charge|src_hearing|src_mg_forms|src_parties|src_dates|src_continuity|client_claims_19,5385,,"CLIENT_SAFE | We are reviewing the papers in your case (Harassment, contrary to section 2 Protection from Harassment Act 1997). This is early-stage — nothing is final until we have full disclosure and your instructions. Some evidence is sti"
sha:2db5d5c19a33f2e25c3a7815e4b55e1a4c715d1e680a4769b497bbbb7f45ede1,PDF-2db5d5c19a33,CB-TB-240_Kent,2db5d5c19a33f2e25c3a7815e4b55e1a4c715d1e680a4769b497bbbb7f45ede1,OFFLINE_CLIENT_PROJECTION,,MUTE,mute_phone_download,,mute_phone_download,,,src_charge|src_hearing|src_mg_forms|src_parties|src_dates|src_cctv|client_claims_17,7936,,"CLIENT_SAFE | We are reviewing the papers in your case (Affray, contrary to section 3 of the Public Order Act 1986). This is early-stage — nothing is final until we have full disclosure and your instructions. Some evidence is still outstand"
sha:2d583e4cf505eb371429c07e8f339428f4d1d65175caa51297f38202960140b6,PDF-2d583e4cf505,CB-TB-749_Hale,2d583e4cf505eb371429c07e8f339428f4d1d65175caa51297f38202960140b6,OFFLINE_CLIENT_PROJECTION,,MUTE,mute_cctv_master,,mute_cctv_master,,,src_charge|src_hearing|src_mg_forms|src_parties|src_dates|src_cctv|src_cctv_stills|src_continuity|client_claims_15,9529,,"CLIENT_SAFE | We are reviewing the papers in your case (Possessing criminal property, contrary to section 329 of the Proceeds of Crime Act 2002). This is early-stage — nothing is final until we have full disclosure and your instructions. So"
sha:2dc93789e23cd62833c7f7b1866525fa766b717865bf94b11a394538ffd13e3e,PDF-2dc93789e23c,CB-TB-1621_Mitchell,2dc93789e23cd62833c7f7b1866525fa766b717865bf94b11a394538ffd13e3e,OFFLINE_CLIENT_PROJECTION,,MUTE,mute_cad_999,,mute_cad_999,,,src_charge|src_hearing|src_mg_forms|src_parties|src_dates|src_cctv|src_continuity|client_claims_18,5981,,"CLIENT_SAFE | We are reviewing the papers in your case (Offence Concealing, disguising, converting or transferring criminal property, contrary to section 327 Proceeds of Crime Act 2002). This is early-stage — nothing is final until we have "
sha:2e393e51120f1f99c5757c218eca6e690d4f3422b2879ad6340910e2217be6b5,PDF-2e393e51120f,CB-TB-773_Price,2e393e51120f1f99c5757c218eca6e690d4f3422b2879ad6340910e2217be6b5,OFFLINE_CLIENT_PROJECTION,,MUTE,mute_cctv_master,,mute_cctv_master,,,src_charge|src_hearing|src_mg_forms|src_parties|src_dates|src_cctv|src_continuity|client_claims_16,9213,,"CLIENT_SAFE | We are reviewing the papers in your case (Assault by beating of an emergency worker, contrary to section 1 of the Assaults on Emergency Workers (Offences) Act 2018). This is early-stage — nothing is final until we have full di"
sha:2f05ad705923597ef7615cd0846533e599ca3b81092aa3b1b94842b30c03e8b0,PDF-2f05ad705923,CB-TB-1645_Parker,2f05ad705923597ef7615cd0846533e599ca3b81092aa3b1b94842b30c03e8b0,OFFLINE_CLIENT_PROJECTION,,MUTE,mute_cad_999,,mute_cad_999,,,src_charge|src_hearing|src_mg_forms|src_parties|src_dates|src_cctv|src_continuity|client_claims_17,6308,,"CLIENT_SAFE | We are reviewing the papers in your case (Offence Using threatening or abusive words or behaviour, contrary to section 4 Public Order Act 1986). This is early-stage — nothing is final until we have full disclosure and your ins"
sha:2f484146c68a7ad59a35607f93f711b2a0f04b0fdb1182e56d4cc861d9d5d368,PDF-2f484146c68a,CB-TB-2189_Merritt,2f484146c68a7ad59a35607f93f711b2a0f04b0fdb1182e56d4cc861d9d5d368,OFFLINE_CLIENT_PROJECTION,,MUTE,mute_cad_999,,mute_cad_999,,,src_charge|src_hearing|src_mg_forms|src_parties|src_dates|src_cctv|src_continuity|client_claims_17,7840,,"CLIENT_SAFE | We are reviewing the papers in your case (Offence Being concerned in the supply of a controlled drug of Class A, contrary to section 4(3)(b) Misuse of Drugs Act 1971). This is early-stage — nothing is final until we have full "
sha:2f17511a54edaf0399e1830965273b7ca8d240c3cf15c72358f441269ec7c2c5,PDF-2f17511a54ed,CB-TB-1004_Hayes,2f17511a54edaf0399e1830965273b7ca8d240c3cf15c72358f441269ec7c2c5,OFFLINE_CLIENT_PROJECTION,,MUTE,mute_cad_999,,mute_cad_999,,,src_charge|src_hearing|src_mg_forms|src_parties|src_dates|src_cctv|src_cctv_stills|src_continuity|client_claims_18,7606,,"CLIENT_SAFE | We are reviewing the papers in your case (Assault occasioning actual bodily harm, s.47 OAPA 1861). This is early-stage — nothing is final until we have full disclosure and your instructions. Some evidence is still outstanding "
sha:2f945f46c4a627e4684aaf5d61a3c6270c4e2e4308ac8f25deefed6a09e47633,PDF-2f945f46c4a6,CB-TB-1538_Mason,2f945f46c4a627e4684aaf5d61a3c6270c4e2e4308ac8f25deefed6a09e47633,OFFLINE_CLIENT_PROJECTION,,MUTE,mute_cad_999,,mute_cad_999,,,src_charge|src_hearing|src_mg_forms|src_parties|src_cctv|src_cctv_stills|src_continuity|client_claims_17,9334,,"CLIENT_SAFE | We are reviewing the papers in your case (Wounding with intent to cause grievous bodily harm, s.18 OAPA 1861). This is early-stage — nothing is final until we have full disclosure and your instructions. Some evidence is still "
sha:303acb8612f8de132a45a9e1e9d98532fc254371a497278cc3e394329bc1ed50,PDF-303acb8612f8,CB-TB-780_Mitchell,303acb8612f8de132a45a9e1e9d98532fc254371a497278cc3e394329bc1ed50,OFFLINE_CLIENT_PROJECTION,,MUTE,mute_cctv_master,,mute_cctv_master,,,src_charge|src_hearing|src_mg_forms|src_parties|src_dates|src_cctv|src_continuity|client_claims_17,6414,,"CLIENT_SAFE | We are reviewing the papers in your case (Robbery, contrary to s.8 Theft Act 1968). This is early-stage — nothing is final until we have full disclosure and your instructions. Some evidence is still outstanding on the papers, "
sha:2fe458678cbc62f3ceb7150c36b4fcebc50f3ef136ca92ae1824991ec18148c0,PDF-2fe458678cbc,CB-TB-646_Hughes,2fe458678cbc62f3ceb7150c36b4fcebc50f3ef136ca92ae1824991ec18148c0,OFFLINE_CLIENT_PROJECTION,,MUTE,mute_cctv_master,,mute_cctv_master,,,src_charge|src_hearing|src_mg_forms|src_parties|src_dates|src_cctv|src_cctv_stills|client_claims_17,9493,,"CLIENT_SAFE | We are reviewing the papers in your case (Possessing criminal property, contrary to section 329 of the Proceeds of Crime Act 2002). This is early-stage — nothing is final until we have full disclosure and your instructions. So"
sha:309e28d94ecafbc94615aeab41442158eaf9d9c66e4f991d1ec04af03b2f3215,PDF-309e28d94eca,CB-TB-1083_Griffiths,309e28d94ecafbc94615aeab41442158eaf9d9c66e4f991d1ec04af03b2f3215,OFFLINE_CLIENT_PROJECTION,,MUTE,mute_phone_download,,mute_phone_download|mute_cad_999,,,src_charge|src_hearing|src_mg_forms|src_parties|src_dates|src_continuity|client_claims_16,4697,,"CLIENT_SAFE | We are reviewing the papers in your case (Burglary of a dwelling, contrary to section 9 Theft Act 1968). This is early-stage — nothing is final until we have full disclosure and your instructions. Some evidence is still outsta"
sha:3065fa9d521f8a972ab06fa12e62b6c7ceb63da39ad87c4284ca328ec3de69b9,PDF-3065fa9d521f,CB-TB-715_Merritt,3065fa9d521f8a972ab06fa12e62b6c7ceb63da39ad87c4284ca328ec3de69b9,OFFLINE_CLIENT_PROJECTION,,MUTE,mute_cctv_master,,mute_cctv_master|mute_phone_download,,,src_charge|src_hearing|src_mg_forms|src_parties|src_dates|src_cctv|client_claims_17,6624,,"CLIENT_SAFE | We are reviewing the papers in your case (Wounding with intent to cause grievous bodily harm, s.18 OAPA 1861). This is early-stage — nothing is final until we have full disclosure and your instructions. Some evidence is still "
sha:30eff70ad7bccea817c6f8fc88d4d0b9331c2837760afa19876adfa29db09952,PDF-30eff70ad7bc,CB-TB-406_Barker,30eff70ad7bccea817c6f8fc88d4d0b9331c2837760afa19876adfa29db09952,OFFLINE_CLIENT_PROJECTION,,MUTE,mute_phone_download,,mute_phone_download|mute_cad_999,,,src_charge|src_hearing|src_mg_forms|src_parties|src_cctv|client_claims_17,4990,,"CLIENT_SAFE | We are reviewing the papers in your case (Wounding with intent to cause grievous bodily harm, s.18 OAPA 1861). This is early-stage — nothing is final until we have full disclosure and your instructions. Some evidence is still "
sha:30e6b2fd8b72de47c6dfd986c62a82e04ed427a16769794f075f170c81b11f70,PDF-30e6b2fd8b72,CB-TB-894_Turner,30e6b2fd8b72de47c6dfd986c62a82e04ed427a16769794f075f170c81b11f70,OFFLINE_CLIENT_PROJECTION,,MUTE,mute_export_log,,mute_export_log,,,src_charge|src_hearing|src_mg_forms|src_parties|src_dates|src_cctv|src_continuity|client_claims_19,8079,,"CLIENT_SAFE | We are reviewing the papers in your case (Robbery, contrary to s.8 Theft Act 1968). This is early-stage — nothing is final until we have full disclosure and your instructions. Some evidence is still outstanding on the papers, "
sha:30ccd607c42d4ba62d36f25e2ab2a734f375e6b287c0eb9d446ba81704cdd11f,PDF-30ccd607c42d,CB-TB-1605_Cole,30ccd607c42d4ba62d36f25e2ab2a734f375e6b287c0eb9d446ba81704cdd11f,OFFLINE_CLIENT_PROJECTION,,MUTE,mute_cad_999,,mute_cad_999,,,src_charge|src_hearing|src_mg_forms|src_parties|src_cctv|src_continuity|client_claims_18,12515,,"CLIENT_SAFE | We are reviewing the papers in your case (Possession of a controlled drug of Class A with intent to supply, contrary to section 5(3) Misuse of Drugs Act). This is early-stage — nothing is final until we have full disclosure an"
sha:31d90bdd2395482a0de46edabdc8fa20d6109e9143641dc7bd065443ca22a625,PDF-31d90bdd2395,CB-TB-320_Spencer,31d90bdd2395482a0de46edabdc8fa20d6109e9143641dc7bd065443ca22a625,OFFLINE_CLIENT_PROJECTION,,MUTE,mute_phone_download,,mute_phone_download,,,src_charge|src_hearing|src_mg_forms|src_parties|src_dates|src_continuity|client_claims_18,5677,,"CLIENT_SAFE | We are reviewing the papers in your case (Possession of a Class B controlled drug, contrary to section 5(2) of the Misuse of Drugs Act 1971). This is early-stage — nothing is final until we have full disclosure and your instru"
sha:3176c95bde4393bb4495dd10057d7423c08cc90ec22d1d9327e06b9d55445911,PDF-3176c95bde43,CB-TB-1601_Okonkwo,3176c95bde4393bb4495dd10057d7423c08cc90ec22d1d9327e06b9d55445911,OFFLINE_CLIENT_PROJECTION,,MUTE,mute_cad_999,,mute_cad_999,,,src_charge|src_hearing|src_mg_forms|src_parties|src_dates|src_cctv|src_continuity|client_claims_18,7784,,"CLIENT_SAFE | We are reviewing the papers in your case (Wounding with intent to cause grievous bodily harm, s.18 OAPA 1861). This is early-stage — nothing is final until we have full disclosure and your instructions. Some evidence is still "
sha:313b5f2b5a5bd0e0961da2d9747540556994c4dda5fa4bc7ca2e463294724293,PDF-313b5f2b5a5b,CB-TB-2195_Clarke,313b5f2b5a5bd0e0961da2d9747540556994c4dda5fa4bc7ca2e463294724293,OFFLINE_CLIENT_PROJECTION,,MUTE,mute_cad_999,,mute_cad_999,,,src_charge|src_hearing|src_mg_forms|src_parties|src_dates|src_cctv|src_continuity|client_claims_18,9884,,"CLIENT_SAFE | We are reviewing the papers in your case (Offence Possession of a controlled drug of Class A with intent to supply, contrary to section 5(3) Misuse of Drugs Act 1971). This is early-stage — nothing is final until we have full "
sha:323fddafd396e712fbc374b56559daa24e63e21ba6f33bd6b689311ba510e635,PDF-323fddafd396,CB-TB-738_Mitchell,323fddafd396e712fbc374b56559daa24e63e21ba6f33bd6b689311ba510e635,OFFLINE_CLIENT_PROJECTION,,MUTE,mute_cctv_master,,mute_cctv_master,,,src_charge|src_hearing|src_mg_forms|src_parties|src_dates|src_cctv|src_cctv_stills|src_continuity|client_claims_17,6799,,"CLIENT_SAFE | We are reviewing the papers in your case (Possession of a controlled drug of Class B, namely cannabis, contrary to section 5(2) of the Misuse of Drugs Act 1971). This is early-stage — nothing is final until we have full disclo"
sha:323137bbafbf0748b8abf326748dc70b8feac90c0a29e7db9957bfc4b25cf944,PDF-323137bbafbf,CB-TB-188_Walsh,323137bbafbf0748b8abf326748dc70b8feac90c0a29e7db9957bfc4b25cf944,OFFLINE_CLIENT_PROJECTION,,MUTE,mute_cad_999,,mute_cad_999,,,src_charge|src_hearing|src_mg_forms|src_parties|src_cctv|src_cctv_stills|src_continuity|client_claims_18,7762,,"CLIENT_SAFE | We are reviewing the papers in your case (Robbery, contrary to s.8 Theft Act 1968). This is early-stage — nothing is final until we have full disclosure and your instructions. Some evidence is still outstanding on the papers, "
sha:3292e865e79c084bb408c98dd88f86a1eb7ff1d6be42831571718f95e7906a00,PDF-3292e865e79c,CB-TB-1988_Clarke,3292e865e79c084bb408c98dd88f86a1eb7ff1d6be42831571718f95e7906a00,OFFLINE_CLIENT_PROJECTION,,MUTE,mute_phone_download,,mute_phone_download,,,src_charge|src_hearing|src_mg_forms|src_parties|src_dates|src_cctv|src_continuity|client_claims_17,2804,,"CLIENT_SAFE | We are reviewing the papers in your case (Possession of a controlled drug of Class B, contrary to section 5(2) of the Misuse of Drugs). This is early-stage — nothing is final until we have full disclosure and your instructions"
sha:3299c527fd418429b6aaa3d510f80fe9ac4d708dfa5ccfc4149b986016e91d5e,PDF-3299c527fd41,CB-TB-692_Thornton,3299c527fd418429b6aaa3d510f80fe9ac4d708dfa5ccfc4149b986016e91d5e,OFFLINE_CLIENT_PROJECTION,,MUTE,mute_cctv_master,,mute_cctv_master,,,src_charge|src_hearing|src_mg_forms|src_parties|src_dates|src_cctv|src_continuity|client_claims_15,4262,,"CLIENT_SAFE | We are reviewing the papers in your case (Statement of offence). This is early-stage — nothing is final until we have full disclosure and your instructions. Some evidence is still outstanding on the papers, and we will update "
sha:3332f5bf946f1e7f394adb1fc5db1393d65921df0d932395ede7d60e6665cb96,PDF-3332f5bf946f,CB-TB-124_Ahmed,3332f5bf946f1e7f394adb1fc5db1393d65921df0d932395ede7d60e6665cb96,OFFLINE_CLIENT_PROJECTION,,MUTE,mute_cad_999,,mute_cad_999,,,src_charge|src_hearing|src_mg_forms|src_parties|src_continuity|client_claims_17,5685,,"CLIENT_SAFE | We are reviewing the papers in your case (Criminal damage, contrary to section 1 Criminal Damage Act 1971; assault by beating,). This is early-stage — nothing is final until we have full disclosure and your instructions. Some "
sha:3319e723496b34e5eb55165c0b961ec2290bd98a7f6b6e83e97b417d5a1189ab,PDF-3319e723496b,CB-TB-340_Hart,3319e723496b34e5eb55165c0b961ec2290bd98a7f6b6e83e97b417d5a1189ab,OFFLINE_CLIENT_PROJECTION,,MUTE,mute_phone_download,,mute_phone_download,,,src_charge|src_hearing|src_mg_forms|src_parties|src_dates|client_claims_16,7968,,"CLIENT_SAFE | We are reviewing the papers in your case (Affray, contrary to section 3 of the Public Order Act 1986). This is early-stage — nothing is final until we have full disclosure and your instructions. Some evidence is still outstand"
sha:33245afe3cec9b24e07f67668ce0e61414b6a7d97d2278862877f7f0cae32421,PDF-33245afe3cec,CB-TB-912_Archer,33245afe3cec9b24e07f67668ce0e61414b6a7d97d2278862877f7f0cae32421,OFFLINE_CLIENT_PROJECTION,,MUTE,mute_phone_download,,mute_phone_download,,,src_charge|src_hearing|src_mg_forms|src_parties|src_cctv|client_claims_18,5120,,"CLIENT_SAFE | We are reviewing the papers in your case (Possession of a controlled drug of Class A with intent to supply, contrary to section 5(3) of the Misuse of Drugs Act 1971). This is early-stage — nothing is final until we have full d"
sha:33b894dba3b8e737c200b0319c87621dfa64d18647cfbf05748fe3c373b4d020,PDF-33b894dba3b8,CB-TB-719_Brooks,33b894dba3b8e737c200b0319c87621dfa64d18647cfbf05748fe3c373b4d020,OFFLINE_CLIENT_PROJECTION,,MUTE,mute_cctv_master,,mute_cctv_master,,,src_charge|src_hearing|src_mg_forms|src_parties|src_dates|src_cctv|client_claims_16,6064,,"CLIENT_SAFE | We are reviewing the papers in your case (Burglary of a dwelling, contrary to section 9(1)(b) of the Theft Act 1968). This is early-stage — nothing is final until we have full disclosure and your instructions. Some evidence is"
sha:3424f87544def762cae30b3860293bd8077f7ca2cbe4a050fffb4aa165a7a525,PDF-3424f87544de,CB-TB-1687_Hale,3424f87544def762cae30b3860293bd8077f7ca2cbe4a050fffb4aa165a7a525,OFFLINE_CLIENT_PROJECTION,,MUTE,mute_export_log,,mute_export_log|mute_cad_999,,,src_charge|src_hearing|src_mg_forms|src_parties|src_dates|src_cctv|src_continuity|client_claims_17,6880,,"CLIENT_SAFE | We are reviewing the papers in your case (Offence Burglary of a dwelling, contrary to section 9 Theft Act 1968). This is early-stage — nothing is final until we have full disclosure and your instructions. Some evidence is stil"
sha:3448565bd97e105fd06630c71a90304ab4a4412aba8dca1dca8289cf0d5db88a,PDF-3448565bd97e,CB-TB-607_Evans,3448565bd97e105fd06630c71a90304ab4a4412aba8dca1dca8289cf0d5db88a,OFFLINE_CLIENT_PROJECTION,,MUTE,mute_cctv_master,,mute_cctv_master,,,src_charge|src_hearing|src_mg_forms|src_parties|src_dates|src_cctv|src_cctv_stills|client_claims_16,8940,,"CLIENT_SAFE | We are reviewing the papers in your case (Unlawful wounding, contrary to section 20 of the Offences Against the Person Act 1861). This is early-stage — nothing is final until we have full disclosure and your instructions. Some"
sha:345895dcbed75f2bf65ec6d01cec617d7289e2822bff1d3836114798795c860a,PDF-345895dcbed7,CB-TB-2049_Sutton,345895dcbed75f2bf65ec6d01cec617d7289e2822bff1d3836114798795c860a,OFFLINE_CLIENT_PROJECTION,,MUTE,mute_cad_999,,mute_cad_999,,,src_charge|src_hearing|src_mg_forms|src_parties|src_dates|src_cctv|src_continuity|client_claims_17,6647,,"CLIENT_SAFE | We are reviewing the papers in your case (Theft, contrary to s.1 Theft Act 1968). This is early-stage — nothing is final until we have full disclosure and your instructions. Some evidence is still outstanding on the papers, an"
sha:34709a3a1e6db6abd37619387de84020a1dce22c087dbf4e0dab13ec7007dca6,PDF-34709a3a1e6d,CB-TB-467_Smyth,34709a3a1e6db6abd37619387de84020a1dce22c087dbf4e0dab13ec7007dca6,OFFLINE_CLIENT_PROJECTION,,INVENT,invent_phone_download,invent_phone_download,,,,src_charge|src_hearing|src_mg_forms|src_parties|src_cctv|client_claims_18,7197,,"CLIENT_SAFE | We are reviewing the papers in your case (Primary charge:Intentional harassment, alarm or distress, contrary to section 4A Public Order Act 1986). This is early-stage — nothing is final until we have full disclosure and your i"
sha:34f42fa5f7203c2b9540a18ccfc431f2b83b3ddd7daed00709d1d568ab47bf86,PDF-34f42fa5f720,CB-TB-525_Ali,34f42fa5f7203c2b9540a18ccfc431f2b83b3ddd7daed00709d1d568ab47bf86,OFFLINE_CLIENT_PROJECTION,,MODALITY,modality_summary_vs_recording,,mute_cctv_master,modality_summary_vs_recording,,src_charge|src_hearing|src_mg_forms|src_parties|src_dates|src_cctv|src_continuity|client_claims_18,4104,,"CLIENT_SAFE | We are reviewing the papers in your case (Wounding with intent to cause grievous bodily harm, s.18 OAPA 1861). This is early-stage — nothing is final until we have full disclosure and your instructions. Some evidence is still "
sha:358cb87c792c838ce119671f49a7782a9667def8542164d5f1168fd0a9a18be1,PDF-358cb87c792c,CB-TB-597_Price,358cb87c792c838ce119671f49a7782a9667def8542164d5f1168fd0a9a18be1,OFFLINE_CLIENT_PROJECTION,,MODALITY,modality_summary_vs_recording,,,modality_summary_vs_recording,,src_charge|src_hearing|src_mg_forms|src_parties|src_dates|src_continuity|client_claims_20,5040,,"CLIENT_SAFE | We are reviewing the papers in your case (Dangerous driving, contrary to section 2 Road Traffic Act 1988). This is early-stage — nothing is final until we have full disclosure and your instructions. Some evidence is still outs"
sha:359e7c68a77197dd321ee3e1695a074e31894f7c4cbb3c3c338874934c8f2b12,PDF-359e7c68a771,CB-TB-726_Brooks,359e7c68a77197dd321ee3e1695a074e31894f7c4cbb3c3c338874934c8f2b12,OFFLINE_CLIENT_PROJECTION,,MUTE,mute_cctv_master,,mute_cctv_master,,,src_charge|src_hearing|src_mg_forms|src_parties|src_dates|src_cctv|client_claims_16,4767,,"CLIENT_SAFE | We are reviewing the papers in your case (Burglary of a dwelling, contrary to section 9(1)(b) of the Theft Act 1968). This is early-stage — nothing is final until we have full disclosure and your instructions. Some evidence is"
sha:362faab4ed6078cbba04ba6879423b602042c1bf2d301210699a7830810d531e,PDF-362faab4ed60,CB-TB-612_Evans,362faab4ed6078cbba04ba6879423b602042c1bf2d301210699a7830810d531e,OFFLINE_CLIENT_PROJECTION,,MUTE,mute_cctv_master,,mute_cctv_master,,,src_charge|src_hearing|src_mg_forms|src_parties|src_dates|src_cctv|src_cctv_stills|src_continuity|client_claims_16,6318,,"CLIENT_SAFE | We are reviewing the papers in your case (Assault occasioning actual bodily harm, s.47 OAPA 1861). This is early-stage — nothing is final until we have full disclosure and your instructions. Some evidence is still outstanding "
sha:359951ac5a943d048af3974fc68f886654e8b8e9d91c394c839ff35342c5ceef,PDF-359951ac5a94,CB-TB-2089_Parker,359951ac5a943d048af3974fc68f886654e8b8e9d91c394c839ff35342c5ceef,OFFLINE_CLIENT_PROJECTION,,MUTE,mute_cad_999,,mute_cad_999,,,src_charge|src_hearing|src_mg_forms|src_parties|src_dates|src_cctv|src_continuity|client_claims_17,7999,,"CLIENT_SAFE | We are reviewing the papers in your case (Having an offensive weapon, contrary to s.1(1) Prevention of Crime Act 1953). This is early-stage — nothing is final until we have full disclosure and your instructions. Some evidence "
sha:36753302f024d297ed5d4d74df61d5268300054582c537fccb7cdbbe5bf86299,PDF-36753302f024,CB-TB-1922_Huxley,36753302f024d297ed5d4d74df61d5268300054582c537fccb7cdbbe5bf86299,OFFLINE_CLIENT_PROJECTION,,MUTE,mute_cctv_master,,mute_cctv_master,,,src_charge|src_hearing|src_mg_forms|src_parties|src_dates|src_cctv|src_continuity|client_claims_19,2324,,"CLIENT_SAFE | We are reviewing the papers in your case (Unlawful wounding, contrary to section 20 of the Offences against the Person Act 1861). This is early-stage — nothing is final until we have full disclosure and your instructions. Some"
sha:3667a58b6d4e24a98d1d952a23bd2aa1229203ca45d5d6307f844eed42f52c3c,PDF-3667a58b6d4e,CB-TB-1949_Reed,3667a58b6d4e24a98d1d952a23bd2aa1229203ca45d5d6307f844eed42f52c3c,OFFLINE_CLIENT_PROJECTION,,MUTE,mute_cad_999,,mute_cad_999,,,src_charge|src_hearing|src_mg_forms|src_parties|src_dates|src_cctv|src_continuity|client_claims_18,6110,,"CLIENT_SAFE | We are reviewing the papers in your case (Fraud by false representation, s.2 Fraud Act 2006). This is early-stage — nothing is final until we have full disclosure and your instructions. Some evidence is still outstanding on th"
sha:37174895683698272b0c7d1fa2def9cdfe7dc582df2812fad3ee0b5dc54d3fed,PDF-371748956836,CB-TB-490_Pike,37174895683698272b0c7d1fa2def9cdfe7dc582df2812fad3ee0b5dc54d3fed,OFFLINE_CLIENT_PROJECTION,,MODALITY,modality_screenshot_vs_download,,mute_cad_999,modality_screenshot_vs_download,,src_charge|src_hearing|src_mg_forms|src_parties|src_continuity|client_claims_15,3972,,"CLIENT_SAFE | We are reviewing the papers in your case (Primary charge:Concealing criminal property, contrary to section 327 Proceeds of Crime Act 2002). This is early-stage — nothing is final until we have full disclosure and your instruct"
sha:370b9e30324491f309e3421b22da0a2d23c82fa62572c720e23d97cb01ca12e5,PDF-370b9e303244,CB-TB-319_Flynn,370b9e30324491f309e3421b22da0a2d23c82fa62572c720e23d97cb01ca12e5,OFFLINE_CLIENT_PROJECTION,,MUTE,mute_phone_download,,mute_phone_download,,,src_charge|src_hearing|src_mg_forms|src_parties|src_dates|src_cctv|client_claims_19,6124,,"CLIENT_SAFE | We are reviewing the papers in your case (Possession of a Class B controlled drug with intent to supply, contrary to section 5(3) of the Misuse of Drugs Act 1971). This is early-stage — nothing is final until we have full disc"
sha:36bbecd05803ecdf3f25406cd1f871b4cd2c47d2f4ae1b6c7aae6ec1f7b47e56,PDF-36bbecd05803,CB-TB-950_Ross,36bbecd05803ecdf3f25406cd1f871b4cd2c47d2f4ae1b6c7aae6ec1f7b47e56,OFFLINE_CLIENT_PROJECTION,,MUTE,mute_cctv_master,,mute_cctv_master,,,src_charge|src_mg_forms|src_parties|src_cctv|client_claims_18,5288,,"CLIENT_SAFE | We are reviewing the papers in your case (Driving with a specified controlled drug above the specified limit, contrary to section 5A of the Road Traffic Act 1988). This is early-stage — nothing is final until we have full disc"
sha:3846805e2cdf799b7b561f0bd0d77dd75330257d6cfeef688e8a58d0a3e09ea5,PDF-3846805e2cdf,CB-TB-1734_Keighley,3846805e2cdf799b7b561f0bd0d77dd75330257d6cfeef688e8a58d0a3e09ea5,OFFLINE_CLIENT_PROJECTION,,MUTE,mute_phone_download,,mute_phone_download,,,src_charge|src_hearing|src_mg_forms|src_parties|src_cctv|src_continuity|client_claims_15,2837,,"CLIENT_SAFE | We are reviewing the papers in your case (CB-TB-1734_Keighley.pdf). This is early-stage — nothing is final until we have full disclosure and your instructions. Some evidence is still outstanding on the papers, and we will upda"
sha:380823238c92489623b313d3aed5fac7c5ed4f6bbbe2ac1f2f008f5f71b94857,PDF-380823238c92,CB-TB-919_Mitchell,380823238c92489623b313d3aed5fac7c5ed4f6bbbe2ac1f2f008f5f71b94857,OFFLINE_CLIENT_PROJECTION,,MUTE,mute_phone_download,,mute_phone_download,,,src_charge|src_hearing|src_mg_forms|src_parties|src_cctv|client_claims_17,4946,,"CLIENT_SAFE | We are reviewing the papers in your case (Driving with excess alcohol, contrary to section 5(1)(a) of the Road Traffic Act 1988). This is early-stage — nothing is final until we have full disclosure and your instructions. More"
sha:38f40eec45c6a1ffdcd23bd903cd212eeed4b9a98362230d78d3a89c9a412f66,PDF-38f40eec45c6,CB-TB-713_Morley,38f40eec45c6a1ffdcd23bd903cd212eeed4b9a98362230d78d3a89c9a412f66,OFFLINE_CLIENT_PROJECTION,,MUTE,mute_cctv_master,,mute_cctv_master,,,src_charge|src_hearing|src_mg_forms|src_parties|src_dates|src_cctv|src_cctv_stills|client_claims_17,8331,,"CLIENT_SAFE | We are reviewing the papers in your case (Unlawful wounding, contrary to section 20 of the Offences Against the Person Act 1861). This is early-stage — nothing is final until we have full disclosure and your instructions. Some"
sha:393010dbcf866d196e90ebd42a85c3e100beeaa7b89c9584a0b36921ae4e7157,PDF-393010dbcf86,CB-TB-1616_Riley,393010dbcf866d196e90ebd42a85c3e100beeaa7b89c9584a0b36921ae4e7157,OFFLINE_CLIENT_PROJECTION,,MUTE,mute_cad_999,,mute_cad_999,,,src_charge|src_hearing|src_mg_forms|src_parties|src_dates|src_cctv|src_continuity|client_claims_17,8516,,"CLIENT_SAFE | We are reviewing the papers in your case (Offence Possession of a controlled drug of Class A with intent to supply, contrary to section 5(3) Misuse of Drugs Act 1971). This is early-stage — nothing is final until we have full "
sha:38b27ab169c730633766fd1f0d1abfb4e3319d001b1c5c6228db3bde9272933f,PDF-38b27ab169c7,CB-TB-174_Ross,38b27ab169c730633766fd1f0d1abfb4e3319d001b1c5c6228db3bde9272933f,OFFLINE_CLIENT_PROJECTION,,MUTE,mute_phone_download,,mute_phone_download,,,src_charge|src_hearing|src_mg_forms|src_parties|src_cctv|src_continuity|client_claims_19,12164,,"CLIENT_SAFE | We are reviewing the papers in your case (Aggravated burglary). This is early-stage — nothing is final until we have full disclosure and your instructions. Some evidence is still outstanding on the papers, and we will update y"
sha:39d4bbc959a6b89617ef3c5a3d88b6c55c4a07913da3d8cb583247852030b292,PDF-39d4bbc959a6,NS-CPS-2026-0436 - Copy (2),39d4bbc959a6b89617ef3c5a3d88b6c55c4a07913da3d8cb583247852030b292,OFFLINE_CLIENT_PROJECTION,,MUTE,mute_cctv_master,,mute_cctv_master,,,src_charge|src_hearing|src_mg_forms|src_parties|src_dates|src_cctv|src_continuity|client_claims_18,4710,,"CLIENT_SAFE | We are reviewing the papers in your case (Drug driving). This is early-stage — nothing is final until we have full disclosure and your instructions. Some evidence is still outstanding on the papers, and we will update you when"
sha:395e037fdf4b43dfde189d3979e65eaf876ed678c873bd276dff9f8a20d2b0b7,PDF-395e037fdf4b,CB-TB-655_Pike,395e037fdf4b43dfde189d3979e65eaf876ed678c873bd276dff9f8a20d2b0b7,OFFLINE_CLIENT_PROJECTION,,MUTE,mute_cctv_master,,mute_cctv_master,,,src_charge|src_hearing|src_mg_forms|src_parties|src_dates|src_cctv|src_cctv_stills|src_continuity|client_claims_16,8613,,"CLIENT_SAFE | We are reviewing the papers in your case (Fraud by false representation, s.2 Fraud Act 2006). This is early-stage — nothing is final until we have full disclosure and your instructions. Some evidence is still outstanding on th"
sha:3b58f5eaa9e646bca981b58edd567510ac5bd579fa7b44e3328582f2a6f2fc10,PDF-3b58f5eaa9e6,CB-TB-1908_Blythe,3b58f5eaa9e646bca981b58edd567510ac5bd579fa7b44e3328582f2a6f2fc10,OFFLINE_CLIENT_PROJECTION,,MUTE,mute_phone_download,,mute_phone_download|mute_cad_999,,,src_charge|src_hearing|src_mg_forms|src_parties|src_dates|src_cctv|client_claims_15,4359,,"CLIENT_SAFE | We are reviewing the papers in your case (Possession of a controlled drug of Class B, contrary to section 5(2) of the Misuse of Drugs). This is early-stage — nothing is final until we have full disclosure and your instructions"
sha:3addf269a3d418393389bf618b46472f945de14198d0eef6fe3054a4f54816b7,PDF-3addf269a3d4,CB-TB-2058_Hale,3addf269a3d418393389bf618b46472f945de14198d0eef6fe3054a4f54816b7,OFFLINE_CLIENT_PROJECTION,,MUTE,mute_cad_999,,mute_cad_999,,,src_charge|src_hearing|src_mg_forms|src_parties|src_dates|src_cctv|src_continuity|client_claims_18,6156,,"CLIENT_SAFE | We are reviewing the papers in your case (Assault occasioning actual bodily harm, s.47 OAPA 1861). This is early-stage — nothing is final until we have full disclosure and your instructions. Some evidence is still outstanding "
sha:3ba66dc1afd482f7aaaaf316f3c536cf9552cebec78abd6da23cab26c186feb5,PDF-3ba66dc1afd4,CB-TB-666_Mitchell,3ba66dc1afd482f7aaaaf316f3c536cf9552cebec78abd6da23cab26c186feb5,OFFLINE_CLIENT_PROJECTION,,MUTE,mute_cctv_master,,mute_cctv_master,,,src_charge|src_hearing|src_mg_forms|src_parties|src_dates|src_cctv|src_continuity|client_claims_16,5587,,"CLIENT_SAFE | We are reviewing the papers in your case (Affray, contrary to section 3 of the Public Order Act 1986). This is early-stage — nothing is final until we have full disclosure and your instructions. Some evidence is still outstand"
sha:3b92b7adea4e64bc836bbc11560f440b90cef96fb260a4d4abd1141190d68acc,PDF-3b92b7adea4e,CB-TB-1592_Wells,3b92b7adea4e64bc836bbc11560f440b90cef96fb260a4d4abd1141190d68acc,OFFLINE_CLIENT_PROJECTION,,INVENT,invent_cctv_master,invent_cctv_master,mute_cad_999,,,src_charge|src_hearing|src_mg_forms|src_parties|src_cctv|src_cctv_stills|client_claims_17,3394,,"CLIENT_SAFE | We are reviewing the papers in your case (Theft, contrary to s.1 Theft Act 1968). This is early-stage — nothing is final until we have full disclosure and your instructions. Some evidence is still outstanding on the papers, an"
sha:3ba5188b783d1d96a62664b3501bace8108f76e11a9b785ebfe2bc697bb8d21c,PDF-3ba5188b783d,CB-TB-1270_Coates,3ba5188b783d1d96a62664b3501bace8108f76e11a9b785ebfe2bc697bb8d21c,OFFLINE_CLIENT_PROJECTION,,MUTE,mute_cad_999,,mute_cad_999,,,src_charge|src_hearing|src_mg_forms|src_parties|src_dates|src_cctv|src_cctv_stills|src_continuity|client_claims_18,6332,,"CLIENT_SAFE | We are reviewing the papers in your case (Failing to stop after a road accident and failing to report, contrary to section 170 Road Traffic Act). This is early-stage — nothing is final until we have full disclosure and your in"
sha:3c3ef5207397769b422ae9d1d8e078bc623b8ec4685f5cbbb1580b22778e5eb2,PDF-3c3ef5207397,CB-TB-1042_Marsh,3c3ef5207397769b422ae9d1d8e078bc623b8ec4685f5cbbb1580b22778e5eb2,OFFLINE_CLIENT_PROJECTION,,MUTE,mute_cad_999,,mute_cad_999,,,src_charge|src_hearing|src_mg_forms|src_parties|src_dates|src_cctv|src_cctv_stills|src_continuity|client_claims_17,5769,,"CLIENT_SAFE | We are reviewing the papers in your case (Theft, contrary to s.1 Theft Act 1968). This is early-stage — nothing is final until we have full disclosure and your instructions. Some evidence is still outstanding on the papers, an"
sha:3c584979fa13d9cca8b943f67696bf58eed897fb17b3e7b8ca0350cf29808dc5,PDF-3c584979fa13,CB-TB-1059_Mitchell,3c584979fa13d9cca8b943f67696bf58eed897fb17b3e7b8ca0350cf29808dc5,OFFLINE_CLIENT_PROJECTION,,MUTE,mute_cad_999,,mute_cad_999,,,src_charge|src_hearing|src_mg_forms|src_parties|src_dates|src_cctv|src_cctv_stills|src_continuity|client_claims_19,9370,,"CLIENT_SAFE | We are reviewing the papers in your case (Count 1: Burglary, contrary to section 9 Theft Act 1968; Count 2: Assault occasioning actual bodily). This is early-stage — nothing is final until we have full disclosure and your inst"
sha:3d3cc90c8e5a102f1d42a7891b32d3e236868eaf5807ce252108ca7ebc71ff84,PDF-3d3cc90c8e5a,CB-TB-1041_Flint,3d3cc90c8e5a102f1d42a7891b32d3e236868eaf5807ce252108ca7ebc71ff84,OFFLINE_CLIENT_PROJECTION,,MUTE,mute_phone_download,,mute_phone_download,,,src_charge|src_hearing|src_mg_forms|src_parties|src_dates|src_cctv|client_claims_20,5532,,"CLIENT_SAFE | We are reviewing the papers in your case (Robbery, contrary to s.8 Theft Act 1968). This is early-stage — nothing is final until we have full disclosure and your instructions. Some evidence is still outstanding on the papers, "
sha:3d6275c7b7e78a5c3d7c69cde4c2da9c55dbd5f9457e87f21e360f58fa406b96,PDF-3d6275c7b7e7,CB-TB-1049_Thornton,3d6275c7b7e78a5c3d7c69cde4c2da9c55dbd5f9457e87f21e360f58fa406b96,OFFLINE_CLIENT_PROJECTION,,MUTE,mute_cad_999,,mute_cad_999,,,src_charge|src_hearing|src_mg_forms|src_parties|src_dates|src_cctv|src_cctv_stills|src_continuity|client_claims_19,7070,,"CLIENT_SAFE | We are reviewing the papers in your case (Fraud by false representation, s.2 Fraud Act 2006). This is early-stage — nothing is final until we have full disclosure and your instructions. The charge covers a longer period than t"
sha:3d7e6ba79f656b862fdc940776456ef2599587ecdd6a8e95aca2ab660a73f467,PDF-3d7e6ba79f65,CB-TB-1703_Redfern,3d7e6ba79f656b862fdc940776456ef2599587ecdd6a8e95aca2ab660a73f467,OFFLINE_CLIENT_PROJECTION,,MUTE,mute_phone_download,,mute_phone_download,,,src_charge|src_hearing|src_mg_forms|src_parties|src_cctv|src_continuity|client_claims_18,5977,,"CLIENT_SAFE | We are reviewing the papers in your case (Theft, contrary to s.1 Theft Act 1968). This is early-stage — nothing is final until we have full disclosure and your instructions. Some evidence is still outstanding on the papers, an"
sha:3db383a94604eb610e98712c7b8a662ddae9dcdbf4810f29541a7723ac40bb70,PDF-3db383a94604,CB-TB-1091_Richards,3db383a94604eb610e98712c7b8a662ddae9dcdbf4810f29541a7723ac40bb70,OFFLINE_CLIENT_PROJECTION,,MUTE,mute_cad_999,,mute_cad_999,,,src_charge|src_hearing|src_mg_forms|src_parties|src_dates|src_cctv|src_cctv_stills|src_continuity|client_claims_17,5310,,"CLIENT_SAFE | We are reviewing the papers in your case (Dangerous driving, contrary to section 2 Road Traffic Act 1988). This is early-stage — nothing is final until we have full disclosure and your instructions. Some evidence is still outs"
sha:3d9ac263ad56594442d9a48314e667780a027e0e72d5fa3e2f284119203c6e50,PDF-3d9ac263ad56,CB-TB-1700_Clarke,3d9ac263ad56594442d9a48314e667780a027e0e72d5fa3e2f284119203c6e50,OFFLINE_CLIENT_PROJECTION,,MUTE,mute_cad_999,,mute_cad_999,,,src_charge|src_hearing|src_mg_forms|src_parties|src_dates|src_cctv|src_continuity|client_claims_17,7045,,"CLIENT_SAFE | We are reviewing the papers in your case (Offence Having an article with a blade or point in a public place, contrary to section 139 Criminal Justice Act 1988). This is early-stage — nothing is final until we have full disclos"
sha:3e584fbda8d8b3e47b88e870eb2f563b0d131a50cf85f5fa6ef57dba2e6c5e9f,PDF-3e584fbda8d8,CB-TB-106_Sutton,3e584fbda8d8b3e47b88e870eb2f563b0d131a50cf85f5fa6ef57dba2e6c5e9f,OFFLINE_CLIENT_PROJECTION,,MUTE,mute_cad_999,,mute_cad_999,,,src_charge|src_hearing|src_mg_forms|src_parties|src_cctv|src_continuity|client_claims_18,9382,,"CLIENT_SAFE | We are reviewing the papers in your case (Robbery, contrary to s.8 Theft Act 1968). This is early-stage — nothing is final until we have full disclosure and your instructions. Some evidence is still outstanding on the papers, "
sha:3ebad0f3876ed61c67e8ab445457947fdc08822abf92e461c2a257f724a30258,PDF-3ebad0f3876e,CB-TB-1069_Okonkwo,3ebad0f3876ed61c67e8ab445457947fdc08822abf92e461c2a257f724a30258,OFFLINE_CLIENT_PROJECTION,,MUTE,mute_cad_999,,mute_cad_999,,,src_charge|src_hearing|src_mg_forms|src_parties|src_dates|src_cctv|src_cctv_stills|src_continuity|client_claims_20,9540,,"CLIENT_SAFE | We are reviewing the papers in your case (Fraud by false representation, s.2 Fraud Act 2006). This is early-stage — nothing is final until we have full disclosure and your instructions. The charge covers a longer period than t"
sha:3f3f887e5a687e76392562707f1af1594c078062a7f5ce3a7d9bb0428c0413c5,PDF-3f3f887e5a68,CB-TB-1528_Harding,3f3f887e5a687e76392562707f1af1594c078062a7f5ce3a7d9bb0428c0413c5,OFFLINE_CLIENT_PROJECTION,,MUTE,mute_phone_download,,mute_phone_download,,,src_charge|src_hearing|src_mg_forms|src_parties|src_cctv_stills|client_claims_17,3158,,"CLIENT_SAFE | We are reviewing the papers in your case (Offence Intimidating a witness, contrary to section 51 of the Criminal Justice and Public Order Act 1994). This is early-stage — nothing is final until we have full disclosure and your"
sha:3f45ab9699730f7d20a6cada647d5077747d5e8845e9461ea667204c348bb7d5,PDF-3f45ab969973,CB-TB-055_Hart,3f45ab9699730f7d20a6cada647d5077747d5e8845e9461ea667204c348bb7d5,OFFLINE_CLIENT_PROJECTION,,MUTE,mute_cad_999,,mute_cad_999,,,src_charge|src_hearing|src_mg_forms|src_parties|src_cctv|src_continuity|client_claims_18,6993,,"CLIENT_SAFE | We are reviewing the papers in your case (Charge/offence Possession of cocaine, contrary to section 5(2) Misuse of Drugs Act 1971). This is early-stage — nothing is final until we have full disclosure and your instructions. So"
sha:3faf843cf00c6d7eda4c67b1772814d2611ed94fab7ddad71dd5151a3acd8ae4,PDF-3faf843cf00c,CB-TB-498_Turner,3faf843cf00c6d7eda4c67b1772814d2611ed94fab7ddad71dd5151a3acd8ae4,OFFLINE_CLIENT_PROJECTION,,MUTE,mute_phone_download,,mute_phone_download,,,src_charge|src_hearing|src_mg_forms|src_parties|src_cctv|src_continuity|client_claims_19,3345,,"CLIENT_SAFE | We are reviewing the papers in your case (Primary charge:Driving with excess alcohol, contrary to section 5 Road Traffic Act 1988). This is early-stage — nothing is final until we have full disclosure and your instructions. So"
sha:3f942fd950b5fff0ea65d1a3cd42f3104013b2b49d5c8e430cf1b3255432bd39,PDF-3f942fd950b5,CB-TB-1029_Webb,3f942fd950b5fff0ea65d1a3cd42f3104013b2b49d5c8e430cf1b3255432bd39,OFFLINE_CLIENT_PROJECTION,,MUTE,mute_phone_download,,mute_phone_download|mute_cad_999,,,src_charge|src_hearing|src_mg_forms|src_parties|src_dates|src_cctv|src_continuity|client_claims_20,7674,,"CLIENT_SAFE | We are reviewing the papers in your case (Fraud by false representation, s.2 Fraud Act 2006). This is early-stage — nothing is final until we have full disclosure and your instructions. The charge covers a longer period than t"
sha:3f897b05ef6ac2423578f49ab947bb9a1cfb943d591cf1e58bf641d9b95c8dfb,PDF-3f897b05ef6a,CB-TB-859_Vale,3f897b05ef6ac2423578f49ab947bb9a1cfb943d591cf1e58bf641d9b95c8dfb,OFFLINE_CLIENT_PROJECTION,,MUTE,mute_export_log,,mute_export_log,,,src_charge|src_hearing|src_mg_forms|src_parties|src_dates|src_cctv|src_continuity|client_claims_18,9369,,"CLIENT_SAFE | We are reviewing the papers in your case (Theft, contrary to s.1 Theft Act 1968). This is early-stage — nothing is final until we have full disclosure and your instructions. Some evidence is still outstanding on the papers, an"
sha:410b94313168fb6798e0d386ed06af1b20faaf6967c73ed34045f0c97570f53c,PDF-410b94313168,CB-TB-1778_Holt,410b94313168fb6798e0d386ed06af1b20faaf6967c73ed34045f0c97570f53c,OFFLINE_CLIENT_PROJECTION,,MUTE,mute_phone_download,,mute_phone_download,,,src_charge|src_hearing|src_mg_forms|src_parties|src_cctv|src_continuity|client_claims_17,4245,,"CLIENT_SAFE | We are reviewing the papers in your case (Assault by beating of an emergency worker, contrary to section 1 of the Assaults on Emergency Workers (Offences) Act 2018). This is early-stage — nothing is final until we have full di"
sha:408013d4d69a528c87cae7992b7b450e840799b462bea4e8acc753a4fce876c0,PDF-408013d4d69a,CB-TB-1541_Brooks,408013d4d69a528c87cae7992b7b450e840799b462bea4e8acc753a4fce876c0,OFFLINE_CLIENT_PROJECTION,,MUTE,mute_cad_999,,mute_cad_999,,,src_charge|src_hearing|src_mg_forms|src_parties|src_cctv|src_cctv_stills|client_claims_16,4773,,"CLIENT_SAFE | We are reviewing the papers in your case (Offence Criminal damage, contrary to section 1 of the Criminal Damage Act 1971). This is early-stage — nothing is final until we have full disclosure and your instructions. Some eviden"
sha:40a0d870d8a9a84fd28902b0465d592de519d56e74c668a0d827ab7b8b0a784f,PDF-40a0d870d8a9,CB-TB-1979_Rahman,40a0d870d8a9a84fd28902b0465d592de519d56e74c668a0d827ab7b8b0a784f,OFFLINE_CLIENT_PROJECTION,,MUTE,mute_cctv_master,,mute_cctv_master|mute_phone_download|mute_cad_999,,,src_charge|src_hearing|src_mg_forms|src_parties|src_dates|src_cctv|src_continuity|client_claims_17,9756,,"CLIENT_SAFE | We are reviewing the papers in your case (Possessing criminal property, contrary to section 329 of the). This is early-stage — nothing is final until we have full disclosure and your instructions. Some evidence is still outsta"
sha:4208bb905ff511e931cfb0792995783f971f8aa614cbcb7d4e35435df5a3afd5,PDF-4208bb905ff5,CB-TB-1936_Vale,4208bb905ff511e931cfb0792995783f971f8aa614cbcb7d4e35435df5a3afd5,OFFLINE_CLIENT_PROJECTION,,MUTE,mute_phone_download,,mute_phone_download,,,src_charge|src_hearing|src_mg_forms|src_parties|src_dates|src_cctv|src_continuity|client_claims_19,3523,,"CLIENT_SAFE | We are reviewing the papers in your case (Unlawful wounding, contrary to section 20 of the Offences against the Person Act 1861). This is early-stage — nothing is final until we have full disclosure and your instructions. Some"
sha:431859b7a5b0c27777d33c5dd49e58a73438a65a1fe0f1609596c156485d6512,PDF-431859b7a5b0,CB-TB-1903_Quinn,431859b7a5b0c27777d33c5dd49e58a73438a65a1fe0f1609596c156485d6512,OFFLINE_CLIENT_PROJECTION,,MUTE,mute_cctv_master,,mute_cctv_master|mute_phone_download,,,src_charge|src_hearing|src_mg_forms|src_parties|src_dates|src_cctv|src_continuity|client_claims_18,12474,,"CLIENT_SAFE | We are reviewing the papers in your case (Burglary of a dwelling, contrary to section 9 of the Theft Act 1968). This is early-stage — nothing is final until we have full disclosure and your instructions. Some evidence is still"
sha:434c80ef97015f1808ccc654db19cba9b87ffa493f489db7679ef104faf8adbb,PDF-434c80ef9701,CB-TB-760_Coleman,434c80ef97015f1808ccc654db19cba9b87ffa493f489db7679ef104faf8adbb,OFFLINE_CLIENT_PROJECTION,,MUTE,mute_cctv_master,,mute_cctv_master,,,src_charge|src_hearing|src_mg_forms|src_parties|src_dates|src_cctv|src_cctv_stills|client_claims_16,6652,,"CLIENT_SAFE | We are reviewing the papers in your case (Dangerous driving, contrary to section 2 Road Traffic Act 1988). This is early-stage — nothing is final until we have full disclosure and your instructions. Some evidence is still outs"
sha:4353e475266dd949e5c74ff5ddf52f66c274585020766d729d240368c8ef4d45,PDF-4353e475266d,CB-TB-680_Price,4353e475266dd949e5c74ff5ddf52f66c274585020766d729d240368c8ef4d45,OFFLINE_CLIENT_PROJECTION,,MUTE,mute_cctv_master,,mute_cctv_master|mute_cad_999,,,src_charge|src_hearing|src_mg_forms|src_parties|src_dates|src_cctv|client_claims_16,5478,,"CLIENT_SAFE | We are reviewing the papers in your case (Robbery, contrary to s.8 Theft Act 1968). This is early-stage — nothing is final until we have full disclosure and your instructions. Some evidence is still outstanding on the papers, "
sha:43795de25552f54e79638e5e0c79b657a50c9e4ba38dc68956853c6013f6ac00,PDF-43795de25552,CB-TB-653_Clarke,43795de25552f54e79638e5e0c79b657a50c9e4ba38dc68956853c6013f6ac00,OFFLINE_CLIENT_PROJECTION,,MUTE,mute_cctv_master,,mute_cctv_master,,,src_charge|src_hearing|src_mg_forms|src_parties|src_dates|src_cctv|src_cctv_stills|src_continuity|client_claims_16,9032,,"CLIENT_SAFE | We are reviewing the papers in your case (Fraud by false representation, s.2 Fraud Act 2006). This is early-stage — nothing is final until we have full disclosure and your instructions. Some evidence is still outstanding on th"
sha:439d81f34d57469af8495a432cc16814cad241dca258ab9e8067b05366262acb,PDF-439d81f34d57,CB-TB-1493_Clarke,439d81f34d57469af8495a432cc16814cad241dca258ab9e8067b05366262acb,OFFLINE_CLIENT_PROJECTION,,INVENT,invent_cctv_master,invent_cctv_master,,,,src_charge|src_hearing|src_mg_forms|src_parties|src_dates|src_cctv|client_claims_17,3076,,"CLIENT_SAFE | We are reviewing the papers in your case (Having an offensive weapon, contrary to s.1(1) Prevention of Crime Act 1953). This is early-stage — nothing is final until we have full disclosure and your instructions. Some evidence "
sha:44068b884b783abbeb65e62bfcc925d313ace09af9850d6883011dfba5f938eb,PDF-44068b884b78,CB-TB-1665_West,44068b884b783abbeb65e62bfcc925d313ace09af9850d6883011dfba5f938eb,OFFLINE_CLIENT_PROJECTION,,MUTE,mute_cad_999,,mute_cad_999,,,src_charge|src_hearing|src_mg_forms|src_parties|src_dates|src_cctv|src_continuity|client_claims_17,3305,,"CLIENT_SAFE | We are reviewing the papers in your case (Offence Driving without due care and attention, contrary to section 3 Road Traffic Act 1988). This is early-stage — nothing is final until we have full disclosure and your instructions"
sha:440165fbdb289009aeb6bce7307cfbbf6d73acd3d592d327e280d38f1611f6e9,PDF-440165fbdb28,CB-TB-435_Rees,440165fbdb289009aeb6bce7307cfbbf6d73acd3d592d327e280d38f1611f6e9,OFFLINE_CLIENT_PROJECTION,,MODALITY,modality_screenshot_vs_download,,mute_cad_999,modality_screenshot_vs_download,,src_charge|src_hearing|src_mg_forms|src_parties|src_cctv|src_continuity|client_claims_17,6927,,"CLIENT_SAFE | We are reviewing the papers in your case (Primary charge:Possession of a controlled drug of Class B, contrary to section 5(2) Misuse of Drugs Act 1971). This is early-stage — nothing is final until we have full disclosure and "
sha:43cd5456d5b3f23613a50b9735c0c78c1f3dedfdf31c28c2c55aaacdff5ce8bd,PDF-43cd5456d5b3,CB-TB-331_Nolan,43cd5456d5b3f23613a50b9735c0c78c1f3dedfdf31c28c2c55aaacdff5ce8bd,OFFLINE_CLIENT_PROJECTION,,MUTE,mute_phone_download,,mute_phone_download,,,src_charge|src_hearing|src_mg_forms|src_parties|src_dates|src_cctv|src_continuity|client_claims_16,12104,,CLIENT_SAFE | We are reviewing the papers in your case (Doing an act tending and intended to pervert the course of public justice). This is early-stage — nothing is final until we have full disclosure and your instructions. Some evidence is
sha:44354a7cd350c3f0d5bd4c4a8ad2d276afbc2c8692bd219fc5b20cb34579911a,PDF-44354a7cd350,CB-TB-695_Brooks,44354a7cd350c3f0d5bd4c4a8ad2d276afbc2c8692bd219fc5b20cb34579911a,OFFLINE_CLIENT_PROJECTION,,MUTE,mute_export_log,,mute_export_log|mute_cctv_master,,,src_charge|src_hearing|src_mg_forms|src_parties|src_dates|src_cctv|src_cctv_stills|client_claims_14,4335,,"CLIENT_SAFE | We are reviewing the papers in your case (CB-TB-695_Brooks.pdf). This is early-stage — nothing is final until we have full disclosure and your instructions. Some evidence is still outstanding on the papers, and we will update "
sha:44314594003f3d58b71ba9bcb0ab11eceacc5cc310faf14d48971ab4660be723,PDF-44314594003f,CB-TB-2147_Hale,44314594003f3d58b71ba9bcb0ab11eceacc5cc310faf14d48971ab4660be723,OFFLINE_CLIENT_PROJECTION,,MUTE,mute_cad_999,,mute_cad_999,,,src_charge|src_hearing|src_mg_forms|src_parties|src_dates|src_cctv|client_claims_16,5391,,"CLIENT_SAFE | We are reviewing the papers in your case (Offence Driving without due care and attention, contrary to section 3 Road Traffic Act 1988). This is early-stage — nothing is final until we have full disclosure and your instructions"
sha:451588dd2ed3eab742ea563730c268a6b700f5df4ac6191f988cc13746e9df25,PDF-451588dd2ed3,CB-TB-1676_Okonkwo,451588dd2ed3eab742ea563730c268a6b700f5df4ac6191f988cc13746e9df25,OFFLINE_CLIENT_PROJECTION,,MUTE,mute_cad_999,,mute_cad_999,,,src_charge|src_hearing|src_mg_forms|src_parties|src_dates|src_cctv|src_continuity|client_claims_17,5324,,"CLIENT_SAFE | We are reviewing the papers in your case (Dangerous driving, contrary to section 2 Road Traffic Act 1988). This is early-stage — nothing is final until we have full disclosure and your instructions. Some evidence is still outs"
sha:44aa5a9b21568554692dd08cede0ecbbbd07cccfd1480cda3d6609d46d5233ea,PDF-44aa5a9b2156,CB-TB-047_Bennett,44aa5a9b21568554692dd08cede0ecbbbd07cccfd1480cda3d6609d46d5233ea,OFFLINE_CLIENT_PROJECTION,,MUTE,mute_cctv_master,,mute_cctv_master,,,src_charge|src_hearing|src_mg_forms|src_parties|src_cctv|src_continuity|client_claims_17,6768,,"CLIENT_SAFE | We are reviewing the papers in your case (Theft, contrary to s.1 Theft Act 1968). This is early-stage — nothing is final until we have full disclosure and your instructions. Some evidence is still outstanding on the papers, an"
sha:451a941ba3de6993b157fd45da7136aed6aaf7c1cfee22e9624ab09f53919c3d,PDF-451a941ba3de,CB-TB-543_Marsh,451a941ba3de6993b157fd45da7136aed6aaf7c1cfee22e9624ab09f53919c3d,OFFLINE_CLIENT_PROJECTION,,MODALITY,modality_summary_vs_recording,,,modality_summary_vs_recording,,src_charge|src_hearing|src_mg_forms|src_parties|src_dates|src_cctv|src_continuity|client_claims_19,8393,,"CLIENT_SAFE | We are reviewing the papers in your case (Wounding with intent to cause grievous bodily harm, s.18 OAPA 1861). This is early-stage — nothing is final until we have full disclosure and your instructions. Some evidence is still "
sha:4555fbb2150bddc81f18b565352dbed48f5a8b0e00ebe62f8b87a64af3f49aea,PDF-4555fbb2150b,CB-TB-617_Thornton,4555fbb2150bddc81f18b565352dbed48f5a8b0e00ebe62f8b87a64af3f49aea,OFFLINE_CLIENT_PROJECTION,,MUTE,mute_cctv_master,,mute_cctv_master,,,src_charge|src_hearing|src_mg_forms|src_parties|src_dates|src_cctv|src_cctv_stills|client_claims_17,7869,,"CLIENT_SAFE | We are reviewing the papers in your case (Robbery, contrary to s.8 Theft Act 1968). This is early-stage — nothing is final until we have full disclosure and your instructions. Some evidence is still outstanding on the papers, "
sha:4544efc180e6b8c95edde044d4fad839ef5e07f16dbc10b25c8be6fb2298bafd,PDF-4544efc180e6,CB-TB-1968_Kellett,4544efc180e6b8c95edde044d4fad839ef5e07f16dbc10b25c8be6fb2298bafd,OFFLINE_CLIENT_PROJECTION,,MUTE,mute_cctv_master,,mute_cctv_master,,,src_charge|src_hearing|src_mg_forms|src_parties|src_dates|src_cctv|src_continuity|client_claims_20,10811,,"CLIENT_SAFE | We are reviewing the papers in your case (Burglary of a dwelling, contrary to section 9 of the Theft Act 1968). This is early-stage — nothing is final until we have full disclosure and your instructions. Some evidence is still"
sha:460d3620f09065318339b1466edb58dbe5cbf4d2f1c57b95c4a1d72533cc6ea1,PDF-460d3620f090,CB-TB-777_Doyle,460d3620f09065318339b1466edb58dbe5cbf4d2f1c57b95c4a1d72533cc6ea1,OFFLINE_CLIENT_PROJECTION,,MUTE,mute_cctv_master,,mute_cctv_master,,,src_charge|src_hearing|src_mg_forms|src_parties|src_dates|src_cctv|src_continuity|client_claims_17,5908,,"CLIENT_SAFE | We are reviewing the papers in your case (Robbery, contrary to s.8 Theft Act 1968). This is early-stage — nothing is final until we have full disclosure and your instructions. Some evidence is still outstanding on the papers, "
sha:46857485c9f97fce2b479942f55fc521b2947a5b7283adcb6a2366f58751a682,PDF-46857485c9f9,CB-TB-431_Ryder,46857485c9f97fce2b479942f55fc521b2947a5b7283adcb6a2366f58751a682,OFFLINE_CLIENT_PROJECTION,,MODALITY,modality_screenshot_vs_download,,,modality_screenshot_vs_download,,src_charge|src_hearing|src_mg_forms|src_parties|src_cctv|src_continuity|client_claims_17,5936,,"CLIENT_SAFE | We are reviewing the papers in your case (Possession of a controlled drug of Class A with intent to supply, contrary to section 5(3) Misuse of). This is early-stage — nothing is final until we have full disclosure and your ins"
sha:459d4875c144cfbb6ede6b85ef79ab10ce9839d13dc391dab0c703b01bf0f735,PDF-459d4875c144,CB-TB-806_Hussain,459d4875c144cfbb6ede6b85ef79ab10ce9839d13dc391dab0c703b01bf0f735,OFFLINE_CLIENT_PROJECTION,,MUTE,mute_export_log,,mute_export_log,,,src_charge|src_hearing|src_mg_forms|src_parties|src_cctv|src_continuity|client_claims_19,7572,,"CLIENT_SAFE | We are reviewing the papers in your case (Main charge Burglary in a dwelling, contrary to section 9 of the Theft Act 1968). This is early-stage — nothing is final until we have full disclosure and your instructions. Some evide"
sha:46e10934c7a59dc7a93a04ef88e1fdadb3d860cb33524336814f28b485e29c5c,PDF-46e10934c7a5,CB-TB-590_Khan,46e10934c7a59dc7a93a04ef88e1fdadb3d860cb33524336814f28b485e29c5c,OFFLINE_CLIENT_PROJECTION,,MODALITY,modality_summary_vs_recording,,,modality_summary_vs_recording,,src_charge|src_hearing|src_mg_forms|src_parties|src_dates|src_continuity|client_claims_19,5079,,"CLIENT_SAFE | We are reviewing the papers in your case (Harassment, contrary to section 2 Protection from Harassment Act 1997). This is early-stage — nothing is final until we have full disclosure and your instructions. Some evidence is sti"
sha:47932fe5ecc059f632318694adfc308da9a4a77358573f3cae1efbd611c8fb8a,PDF-47932fe5ecc0,CB-TB-1663_Kerr,47932fe5ecc059f632318694adfc308da9a4a77358573f3cae1efbd611c8fb8a,OFFLINE_CLIENT_PROJECTION,,MUTE,mute_cad_999,,mute_cad_999,,,src_charge|src_hearing|src_mg_forms|src_parties|src_dates|src_cctv|src_continuity|client_claims_17,3476,,"CLIENT_SAFE | We are reviewing the papers in your case (Offence Concealing, disguising, converting or transferring criminal property, contrary to section 327 Proceeds of Crime Act 2002). This is early-stage — nothing is final until we have "
sha:47765825e48a9253e867714ca9f7dcbfc28834f7ba8a885df24f4186e014ba65,PDF-47765825e48a,CB-TB-913_Coates,47765825e48a9253e867714ca9f7dcbfc28834f7ba8a885df24f4186e014ba65,OFFLINE_CLIENT_PROJECTION,,MUTE,mute_phone_download,,mute_phone_download|mute_cad_999,,,src_charge|src_hearing|src_mg_forms|src_parties|src_cctv|client_claims_16,4580,,"CLIENT_SAFE | We are reviewing the papers in your case (Possession of a controlled drug of Class B, contrary to section 5(2) of the Misuse of Drugs Act 1971). This is early-stage — nothing is final until we have full disclosure and your ins"
sha:47a345b81edccac51ba9a1082dfcb987cac1b699c30c541a096dac2a4d0263f4,PDF-47a345b81edc,CB-TB-568_Grant,47a345b81edccac51ba9a1082dfcb987cac1b699c30c541a096dac2a4d0263f4,OFFLINE_CLIENT_PROJECTION,,MODALITY,modality_summary_vs_recording,,mute_phone_download,modality_summary_vs_recording,,src_charge|src_hearing|src_mg_forms|src_parties|src_dates|src_continuity|client_claims_19,3747,,"CLIENT_SAFE | We are reviewing the papers in your case (Possessing criminal property, contrary to section 329 Proceeds of Crime Act 2002). This is early-stage — nothing is final until we have full disclosure and your instructions. Some evid"
sha:47ba2289d71b8b2d05a09c97f9fdba1b433ebcd83fe261e38a28a0bdd62c1db1,PDF-47ba2289d71b,CB-TB-560_Clarke,47ba2289d71b8b2d05a09c97f9fdba1b433ebcd83fe261e38a28a0bdd62c1db1,OFFLINE_CLIENT_PROJECTION,,MODALITY,modality_summary_vs_recording,,mute_cctv_master,modality_summary_vs_recording,,src_charge|src_hearing|src_mg_forms|src_parties|src_dates|src_cctv|src_continuity|client_claims_19,6047,,"CLIENT_SAFE | We are reviewing the papers in your case (Possession of a bladed article in a public place, contrary to section 139 Criminal Justice Act 1988). This is early-stage — nothing is final until we have full disclosure and your inst"
sha:484a63e81850f7c1db3a19a71e2bf52a3c5c412a62245b7b80c5076c37c3d585,PDF-484a63e81850,CB-TB-491_Coleman,484a63e81850f7c1db3a19a71e2bf52a3c5c412a62245b7b80c5076c37c3d585,OFFLINE_CLIENT_PROJECTION,,MODALITY,modality_screenshot_vs_download,,,modality_screenshot_vs_download,,src_charge|src_hearing|src_mg_forms|src_parties|src_cctv|client_claims_17,3634,,"CLIENT_SAFE | We are reviewing the papers in your case (Primary charge:Possessing criminal property, contrary to section 329 Proceeds of Crime Act 2002). This is early-stage — nothing is final until we have full disclosure and your instruct"
sha:47ec9a3fe6f89cd54c6727b71786adfa28e0c5e69648df97ddff15d60f1719d4,PDF-47ec9a3fe6f8,CB-TB-1089_Griffiths,47ec9a3fe6f89cd54c6727b71786adfa28e0c5e69648df97ddff15d60f1719d4,OFFLINE_CLIENT_PROJECTION,,MUTE,mute_cad_999,,mute_cad_999,,,src_charge|src_hearing|src_mg_forms|src_parties|src_dates|src_cctv|src_cctv_stills|src_continuity|client_claims_20,9228,,"CLIENT_SAFE | We are reviewing the papers in your case (Fraud by false representation, s.2 Fraud Act 2006). This is early-stage — nothing is final until we have full disclosure and your instructions. The charge covers a longer period than t"
sha:484ad2c1358a808b1ee9cbf0c016fe4afa77dab6bc316e4997c9f106924aebbb,PDF-484ad2c1358a,CB-TB-1082_Mitchell,484ad2c1358a808b1ee9cbf0c016fe4afa77dab6bc316e4997c9f106924aebbb,OFFLINE_CLIENT_PROJECTION,,MUTE,mute_cad_999,,mute_cad_999,,,src_charge|src_hearing|src_mg_forms|src_parties|src_dates|src_cctv|client_claims_17,5867,,"CLIENT_SAFE | We are reviewing the papers in your case (Theft, contrary to s.1 Theft Act 1968). This is early-stage — nothing is final until we have full disclosure and your instructions. Some evidence is still outstanding on the papers, an"
sha:484da2add6a1571bf8f296c41f6c761dcd8510fadfb0f1d0ed9aba66e496c3cc,PDF-484da2add6a1,CB-TB-1313_Hale,484da2add6a1571bf8f296c41f6c761dcd8510fadfb0f1d0ed9aba66e496c3cc,OFFLINE_CLIENT_PROJECTION,,MUTE,mute_phone_download,,mute_phone_download,,,src_charge|src_hearing|src_mg_forms|src_id_procedure|src_parties|src_dates|src_cctv|src_continuity|client_claims_18,6308,,"CLIENT_SAFE | We are reviewing the papers in your case (Burglary of a dwelling, contrary to section 9 of the Theft Act 1968). This is early-stage — nothing is final until we have full disclosure and your instructions. Some evidence is still"
sha:48cc77fc52fcbedb4b81d576babca2b130854e776a9d8e7166d19f7f64f22c41,PDF-48cc77fc52fc,CB-TB-557_Flint,48cc77fc52fcbedb4b81d576babca2b130854e776a9d8e7166d19f7f64f22c41,OFFLINE_CLIENT_PROJECTION,,MODALITY,modality_summary_vs_recording,,mute_cctv_master,modality_summary_vs_recording,,src_charge|src_hearing|src_mg_forms|src_parties|src_dates|src_cctv|src_continuity|client_claims_19,4264,,"CLIENT_SAFE | We are reviewing the papers in your case (Having an offensive weapon, contrary to s.1(1) Prevention of Crime Act 1953). This is early-stage — nothing is final until we have full disclosure and your instructions. Some evidence "
sha:49084d9b07ee5cc68844c4497d685be29559320788b9e5a947c64320a214d4f6,PDF-49084d9b07ee,CB-TB-1316_Hart,49084d9b07ee5cc68844c4497d685be29559320788b9e5a947c64320a214d4f6,OFFLINE_CLIENT_PROJECTION,,MUTE,mute_phone_download,,mute_phone_download,,,src_charge|src_hearing|src_mg_forms|src_id_procedure|src_parties|src_dates|src_cctv|src_continuity|client_claims_17,6025,,"CLIENT_SAFE | We are reviewing the papers in your case (Possession of a controlled drug of Class B, contrary to section 5(2) of the Misuse of Drugs Act 1971). This is early-stage — nothing is final until we have full disclosure and your ins"
sha:49779ee4d973735b73284722fed485510aaa9aa9a44f8a9fe4b6a8333a2cadec,PDF-49779ee4d973,CB-TB-213_Dacre,49779ee4d973735b73284722fed485510aaa9aa9a44f8a9fe4b6a8333a2cadec,OFFLINE_CLIENT_PROJECTION,,MUTE,mute_phone_download,,mute_phone_download,,,src_charge|src_hearing|src_mg_forms|src_parties|src_dates|src_continuity|client_claims_17,6567,,"CLIENT_SAFE | We are reviewing the papers in your case (Threatening behaviour, contrary to section 4 of the Public Order Act 1986). This is early-stage — nothing is final until we have full disclosure and your instructions. Some evidence is"
sha:499f0b0dbed96d3995314120ac85231ab0679b4eb0f42d2137fc3e0d1264cd17,PDF-499f0b0dbed9,CB-TB-1523_Ahmed,499f0b0dbed96d3995314120ac85231ab0679b4eb0f42d2137fc3e0d1264cd17,OFFLINE_CLIENT_PROJECTION,,MUTE,mute_cad_999,,mute_cad_999,,,src_charge|src_hearing|src_mg_forms|src_parties|src_cctv|src_cctv_stills|client_claims_17,4669,,"CLIENT_SAFE | We are reviewing the papers in your case (Dangerous driving, contrary to section 2 Road Traffic Act 1988). This is early-stage — nothing is final until we have full disclosure and your instructions. Some evidence is still outs"
sha:4a2a0898343179ed522188056cb7d1e17b2798aefaf8063a647e29853ecfde28,PDF-4a2a08983431,CB-TB-622_Merritt,4a2a0898343179ed522188056cb7d1e17b2798aefaf8063a647e29853ecfde28,OFFLINE_CLIENT_PROJECTION,,MUTE,mute_cctv_master,,mute_cctv_master,,,src_charge|src_hearing|src_mg_forms|src_parties|src_dates|src_cctv|src_continuity|client_claims_17,8462,,"CLIENT_SAFE | We are reviewing the papers in your case (Robbery, contrary to s.8 Theft Act 1968). This is early-stage — nothing is final until we have full disclosure and your instructions. Some evidence is still outstanding on the papers, "
sha:4a06e2341551c268cf2db7fdc94fbeb88fbe6e4928cb5b8e73e7083c539e163c,PDF-4a06e2341551,CB-TB-714_Lewis,4a06e2341551c268cf2db7fdc94fbeb88fbe6e4928cb5b8e73e7083c539e163c,OFFLINE_CLIENT_PROJECTION,,MUTE,mute_export_log,,mute_export_log|mute_cctv_master,,,src_charge|src_hearing|src_mg_forms|src_parties|src_dates|src_cctv|client_claims_17,7958,,"CLIENT_SAFE | We are reviewing the papers in your case (Wounding with intent to cause grievous bodily harm, s.18 OAPA 1861). This is early-stage — nothing is final until we have full disclosure and your instructions. Some evidence is still "
sha:4a312a86cc7ea7680d4147fd03b36a03d64610aabb7ea8c6db70ee4eed433ef6,PDF-4a312a86cc7e,CB-TB-594_Khan,4a312a86cc7ea7680d4147fd03b36a03d64610aabb7ea8c6db70ee4eed433ef6,OFFLINE_CLIENT_PROJECTION,,MODALITY,modality_summary_vs_recording,,,modality_summary_vs_recording,,src_charge|src_hearing|src_mg_forms|src_parties|src_dates|src_continuity|client_claims_19,5472,,"CLIENT_SAFE | We are reviewing the papers in your case (Harassment, contrary to section 2 Protection from Harassment Act 1997). This is early-stage — nothing is final until we have full disclosure and your instructions. Some evidence is sti"
sha:4a3d07d5b74457db9ec833630018f03797b749db83c079d11d76a08355b32a18,PDF-4a3d07d5b744,CB-TB-329_Baines,4a3d07d5b74457db9ec833630018f03797b749db83c079d11d76a08355b32a18,OFFLINE_CLIENT_PROJECTION,,MUTE,mute_phone_download,,mute_phone_download,,,src_charge|src_hearing|src_mg_forms|src_parties|src_dates|src_cctv|src_cctv_stills|client_claims_16,11490,,"CLIENT_SAFE | We are reviewing the papers in your case (Concealing, disguising, converting, transferring or removing criminal property, contrary to section 327 of the Proceeds of). This is early-stage — nothing is final until we have full d"
sha:4ae13608938b9458f3420e82a728e258d59cd4ef533cdc9357426fbb5a06ee59,PDF-4ae13608938b,CB-TB-1289_Hart,4ae13608938b9458f3420e82a728e258d59cd4ef533cdc9357426fbb5a06ee59,OFFLINE_CLIENT_PROJECTION,,MUTE,mute_cad_999,,mute_cad_999,,,src_charge|src_hearing|src_mg_forms|src_parties|src_dates|src_cctv_stills|src_continuity|client_claims_17,3739,,"CLIENT_SAFE | We are reviewing the papers in your case (Theft, contrary to s.1 Theft Act 1968). This is early-stage — nothing is final until we have full disclosure and your instructions. Some evidence is still outstanding on the papers, an"
sha:4aa58a8715a54a7365d0ad4da8793c141ed17ea8267ea597df9cba65a2e6e74a,PDF-4aa58a8715a5,CB-TB-1205_Kent,4aa58a8715a54a7365d0ad4da8793c141ed17ea8267ea597df9cba65a2e6e74a,OFFLINE_CLIENT_PROJECTION,,MUTE,mute_cad_999,,mute_cad_999,,,src_charge|src_hearing|src_mg_forms|src_parties|src_dates|src_cctv|src_cctv_stills|src_continuity|client_claims_19,4023,,"CLIENT_SAFE | We are reviewing the papers in your case (Aggravated burglary, contrary to s.10 Theft Act 1968). This is early-stage — nothing is final until we have full disclosure and your instructions. Some evidence is still outstanding on"
sha:4aa30a36748b070eaff00a3887b6a7bda870912322cb76dc7918385e14682470,PDF-4aa30a36748b,CB-TB-1417_Turner,4aa30a36748b070eaff00a3887b6a7bda870912322cb76dc7918385e14682470,OFFLINE_CLIENT_PROJECTION,,INVENT,invent_cctv_master,invent_cctv_master,,,,src_charge|src_hearing|src_mg_forms|src_parties|src_dates|src_cctv|client_claims_16,3388,,"CLIENT_SAFE | We are reviewing the papers in your case (CB-TB-1417_Turner.pdf). This is early-stage — nothing is final until we have full disclosure and your instructions. Some evidence is still outstanding on the papers, and we will update"
sha:4b2da1b1a974ac237462bdd85dfbb89763cf350a06fe824367e01189720a6414,PDF-4b2da1b1a974,CB-TB-779_Quinn,4b2da1b1a974ac237462bdd85dfbb89763cf350a06fe824367e01189720a6414,OFFLINE_CLIENT_PROJECTION,,MUTE,mute_cctv_master,,mute_cctv_master,,,src_charge|src_hearing|src_mg_forms|src_parties|src_dates|src_cctv|client_claims_17,5363,,"CLIENT_SAFE | We are reviewing the papers in your case (Robbery, contrary to s.8 Theft Act 1968). This is early-stage — nothing is final until we have full disclosure and your instructions. Some evidence is still outstanding on the papers, "
sha:4b2393731d305f488e2f9f863bdc2eba6dc020d99f096bf3eace45becc7a228f,PDF-4b2393731d30,CB-TB-1516_Fletcher,4b2393731d305f488e2f9f863bdc2eba6dc020d99f096bf3eace45becc7a228f,OFFLINE_CLIENT_PROJECTION,,MUTE,mute_phone_download,,mute_phone_download,,,src_charge|src_hearing|src_mg_forms|src_parties|src_cctv|src_cctv_stills|client_claims_16,3784,,"CLIENT_SAFE | We are reviewing the papers in your case (Offence Being concerned in the supply of a controlled drug of Class A, contrary to section 4(3)(b) of the Misuse of Drugs Act 1971). This is early-stage — nothing is final until we hav"
sha:4bb2b94085802e2aea4d3d575809f64479f01e238bdce0c5c8fdc1ac09a315e7,PDF-4bb2b9408580,CB-TB-790_Quinn,4bb2b94085802e2aea4d3d575809f64479f01e238bdce0c5c8fdc1ac09a315e7,OFFLINE_CLIENT_PROJECTION,,MUTE,mute_cctv_master,,mute_cctv_master,,,src_charge|src_hearing|src_mg_forms|src_parties|src_dates|src_cctv|src_cctv_stills|src_continuity|client_claims_17,8870,,"CLIENT_SAFE | We are reviewing the papers in your case (Robbery, contrary to s.8 Theft Act 1968). This is early-stage — nothing is final until we have full disclosure and your instructions. Some evidence is still outstanding on the papers, "
sha:4b76ed62740f34c9a2a5f6593a5aec073a026904388d8494f18d73b8841a3d98,PDF-4b76ed62740f,CB-TB-288_Stone,4b76ed62740f34c9a2a5f6593a5aec073a026904388d8494f18d73b8841a3d98,OFFLINE_CLIENT_PROJECTION,,MUTE,mute_phone_download,,mute_phone_download,,,src_charge|src_hearing|src_mg_forms|src_parties|src_dates|src_cctv|client_claims_16,10622,,"CLIENT_SAFE | We are reviewing the papers in your case (Assault occasioning actual bodily harm, s.47 OAPA 1861). This is early-stage — nothing is final until we have full disclosure and your instructions. Some evidence is still outstanding "
sha:4c0b33066bd0d77b503251d8f49c39791ad81d54dfb0a6657e7e61e3fed51522,PDF-4c0b33066bd0,CB-TB-752_Pike,4c0b33066bd0d77b503251d8f49c39791ad81d54dfb0a6657e7e61e3fed51522,OFFLINE_CLIENT_PROJECTION,,MUTE,mute_cctv_master,,mute_cctv_master,,,src_charge|src_hearing|src_mg_forms|src_parties|src_dates|src_cctv|src_cctv_stills|client_claims_16,9163,,"CLIENT_SAFE | We are reviewing the papers in your case (Fraud by false representation, s.2 Fraud Act 2006). This is early-stage — nothing is final until we have full disclosure and your instructions. Some evidence is still outstanding on th"
sha:4c4a281658fda316e5696bfbedac3426b3c44e7a0368bead31cb5255427ed23d,PDF-4c4a281658fd,CB-TB-2052_Doyle,4c4a281658fda316e5696bfbedac3426b3c44e7a0368bead31cb5255427ed23d,OFFLINE_CLIENT_PROJECTION,,MUTE,mute_cad_999,,mute_cad_999,,,src_charge|src_hearing|src_mg_forms|src_parties|src_dates|src_cctv|client_claims_17,4875,,"CLIENT_SAFE | We are reviewing the papers in your case (Assault occasioning actual bodily harm, s.47 OAPA 1861). This is early-stage — nothing is final until we have full disclosure and your instructions. Some evidence is still outstanding "
sha:4c2ccca82de91a1be5c3b9cc1801933a2e1b5bbfda648ad081ecfaafd936352a,PDF-4c2ccca82de9,CB-TB-2123_Fletcher,4c2ccca82de91a1be5c3b9cc1801933a2e1b5bbfda648ad081ecfaafd936352a,OFFLINE_CLIENT_PROJECTION,,MUTE,mute_export_log,,mute_export_log|mute_cad_999,,,src_charge|src_hearing|src_mg_forms|src_parties|src_dates|src_cctv|src_continuity|client_claims_17,7616,,"CLIENT_SAFE | We are reviewing the papers in your case (Offence Affray, contrary to section 3 Public Order Act 1986). This is early-stage — nothing is final until we have full disclosure and your instructions. Some evidence is still outstan"
sha:4ca42690de8526b8585b4b365ca5832c4374ba264d10a960e9a946a4a2661fde,PDF-4ca42690de85,CB-TB-1993_Mercer,4ca42690de8526b8585b4b365ca5832c4374ba264d10a960e9a946a4a2661fde,OFFLINE_CLIENT_PROJECTION,,MUTE,mute_cctv_master,,mute_cctv_master|mute_phone_download,,,src_charge|src_hearing|src_mg_forms|src_parties|src_dates|src_cctv|src_continuity|client_claims_20,7014,,"CLIENT_SAFE | We are reviewing the papers in your case (Dangerous driving, contrary to section 2 Road Traffic Act 1988). This is early-stage — nothing is final until we have full disclosure and your instructions. Some evidence is still outs"
sha:4c4e6e8d655c9a2f27d0c70e5772bcc62ae53822164d21261dde4ed60fffd8fb,PDF-4c4e6e8d655c,CB-TB-447_Rees,4c4e6e8d655c9a2f27d0c70e5772bcc62ae53822164d21261dde4ed60fffd8fb,OFFLINE_CLIENT_PROJECTION,,MODALITY,modality_screenshot_vs_download,,,modality_screenshot_vs_download,,src_charge|src_hearing|src_mg_forms|src_parties|src_cctv|client_claims_18,7190,,CLIENT_SAFE | We are reviewing the papers in your case (Doing an act tending and intended to pervert the course of public justice). This is early-stage — nothing is final until we have full disclosure and your instructions. Some evidence is
sha:4cd6d65a10f9341e4befd420e4f0fe4ee8c869276b33fc03275f994de217ee58,PDF-4cd6d65a10f9,CB-TB-300_Patterson,4cd6d65a10f9341e4befd420e4f0fe4ee8c869276b33fc03275f994de217ee58,OFFLINE_CLIENT_PROJECTION,,MUTE,mute_phone_download,,mute_phone_download,,,src_charge|src_hearing|src_mg_forms|src_dates|client_claims_17,4002,,"CLIENT_SAFE | We are reviewing the papers in your case (Possession of a controlled drug, contrary to section 5(2) of the Misuse of Drugs Act 1971). This is early-stage — nothing is final until we have full disclosure and your instructions. "
sha:4d3bd1a153db45ed053b29c81670241881a86fe043f6335fe7961375af7dfc00,PDF-4d3bd1a153db,CB-TB-995_Okonkwo,4d3bd1a153db45ed053b29c81670241881a86fe043f6335fe7961375af7dfc00,OFFLINE_CLIENT_PROJECTION,,MUTE,mute_phone_download,,mute_phone_download,,,src_charge|src_hearing|src_mg_forms|src_parties|src_dates|src_cctv|client_claims_17,6542,,"CLIENT_SAFE | We are reviewing the papers in your case (1Unlawful wounding, contrary to section 20 of). This is early-stage — nothing is final until we have full disclosure and your instructions. Some evidence is still outstanding on the pa"
sha:4d69d196c87ba535ee5105359782d2713c58b248ac9326b6870b8d2ed9f8c273,PDF-4d69d196c87b,CB-TB-504_Marsh,4d69d196c87ba535ee5105359782d2713c58b248ac9326b6870b8d2ed9f8c273,OFFLINE_CLIENT_PROJECTION,,MODALITY,modality_summary_vs_recording,,,modality_summary_vs_recording,,src_charge|src_hearing|src_mg_forms|src_parties|src_dates|src_cctv|src_continuity|client_claims_19,4713,,"CLIENT_SAFE | We are reviewing the papers in your case (Assault occasioning actual bodily harm, s.47 OAPA 1861). This is early-stage — nothing is final until we have full disclosure and your instructions. Some evidence is still outstanding "
sha:4d7b674d53887dd32e58690264bf275cbd65e2956c175489cb1fd44b9a6c153e,PDF-4d7b674d5388,CB-TB-516_Nair,4d7b674d53887dd32e58690264bf275cbd65e2956c175489cb1fd44b9a6c153e,OFFLINE_CLIENT_PROJECTION,,MODALITY,modality_summary_vs_recording,,,modality_summary_vs_recording,,src_charge|src_hearing|src_mg_forms|src_parties|src_dates|src_continuity|client_claims_20,5815,,"CLIENT_SAFE | We are reviewing the papers in your case (Unlawful wounding, contrary to section 20 Offences Against the Person Act 1861). This is early-stage — nothing is final until we have full disclosure and your instructions. Some eviden"
sha:4d636fc97165d693306f72160402fb1a64bdf6c347b731c3966a08e163f1b229,PDF-4d636fc97165,CB-TB-2090_Clarke,4d636fc97165d693306f72160402fb1a64bdf6c347b731c3966a08e163f1b229,OFFLINE_CLIENT_PROJECTION,,MUTE,mute_cad_999,,mute_cad_999,,,src_charge|src_hearing|src_mg_forms|src_parties|src_dates|src_cctv|src_continuity|client_claims_17,10678,,"CLIENT_SAFE | We are reviewing the papers in your case (Offence Using threatening or abusive words or behaviour, contrary to section 4 Public Order Act 1986). This is early-stage — nothing is final until we have full disclosure and your ins"
sha:4ddb982ce7aacfc1c02db0cdf97f332da5bb62b2dbd10ce7a5179ed3a455ef8e,PDF-4ddb982ce7aa,CB-TB-725_Ali,4ddb982ce7aacfc1c02db0cdf97f332da5bb62b2dbd10ce7a5179ed3a455ef8e,OFFLINE_CLIENT_PROJECTION,,MUTE,mute_cctv_master,,mute_cctv_master,,,src_charge|src_hearing|src_mg_forms|src_parties|src_dates|src_cctv|client_claims_17,6865,,"CLIENT_SAFE | We are reviewing the papers in your case (Robbery, contrary to s.8 Theft Act 1968). This is early-stage — nothing is final until we have full disclosure and your instructions. Some evidence is still outstanding on the papers, "
sha:4e310fa33eb02c350bff1e76a5736b19e06da52903abbb2d9ac1cdcb546a92f6,PDF-4e310fa33eb0,CB-TB-691_Shaw,4e310fa33eb02c350bff1e76a5736b19e06da52903abbb2d9ac1cdcb546a92f6,OFFLINE_CLIENT_PROJECTION,,MUTE,mute_cctv_master,,mute_cctv_master,,,src_charge|src_hearing|src_mg_forms|src_parties|src_dates|src_cctv|src_cctv_stills|src_continuity|client_claims_17,9328,,"CLIENT_SAFE | We are reviewing the papers in your case (Robbery, contrary to s.8 Theft Act 1968). This is early-stage — nothing is final until we have full disclosure and your instructions. Some evidence is still outstanding on the papers, "
sha:4eaffc8125eebd02a8daf72d8ea30f4099ec7643f16b508719ed5218854147dc,PDF-4eaffc8125ee,CB-TB-740_Bennett,4eaffc8125eebd02a8daf72d8ea30f4099ec7643f16b508719ed5218854147dc,OFFLINE_CLIENT_PROJECTION,,MUTE,mute_cctv_master,,mute_cctv_master|mute_phone_download,,,src_charge|src_hearing|src_mg_forms|src_parties|src_dates|src_cctv|src_continuity|client_claims_16,6991,,"CLIENT_SAFE | We are reviewing the papers in your case (Possession of a controlled drug of Class A, namely cocaine, with intent to supply, contrary to section 5(3) of the Misuse of Drugs Act 1971). This is early-stage — nothing is final unt"
sha:4eb6ba2e97f7f64449dad8102c6a02973855d268092d995ee6791b0ec64a412c,PDF-4eb6ba2e97f7,CB-TB-513_Flint,4eb6ba2e97f7f64449dad8102c6a02973855d268092d995ee6791b0ec64a412c,OFFLINE_CLIENT_PROJECTION,,MODALITY,modality_summary_vs_recording,,mute_cctv_master,modality_summary_vs_recording,,src_charge|src_hearing|src_mg_forms|src_parties|src_dates|src_cctv|src_continuity|client_claims_19,4970,,"CLIENT_SAFE | We are reviewing the papers in your case (Possession of a controlled drug of Class A with intent to supply, contrary to section 5(3) Misuse of Drugs Act 1971). This is early-stage — nothing is final until we have full disclosu"
sha:4f023ee0cb26b46ca0eed6bee60af7f9abdee8cacac58c639ea71f913a56dee6,PDF-4f023ee0cb26,CB-TB-555_Khan,4f023ee0cb26b46ca0eed6bee60af7f9abdee8cacac58c639ea71f913a56dee6,OFFLINE_CLIENT_PROJECTION,,MODALITY,modality_summary_vs_recording,,mute_phone_download,modality_summary_vs_recording,,src_charge|src_hearing|src_mg_forms|src_parties|src_dates|src_continuity|client_claims_19,6982,,"CLIENT_SAFE | We are reviewing the papers in your case (Wounding with intent to cause grievous bodily harm, s.18 OAPA 1861). This is early-stage — nothing is final until we have full disclosure and your instructions. Some evidence is still "
sha:4f4464aad5aa7d523ccc72e578486c88b76ce94ab957fb58ebf8dfa39555cfa6,PDF-4f4464aad5aa,CB-TB-606_Doyle,4f4464aad5aa7d523ccc72e578486c88b76ce94ab957fb58ebf8dfa39555cfa6,OFFLINE_CLIENT_PROJECTION,,MUTE,mute_cctv_master,,mute_cctv_master,,,src_charge|src_hearing|src_mg_forms|src_parties|src_dates|src_cctv|src_cctv_stills|src_continuity|client_claims_16,9984,,"CLIENT_SAFE | We are reviewing the papers in your case (Assault occasioning actual bodily harm, s.47 OAPA 1861). This is early-stage — nothing is final until we have full disclosure and your instructions. Some evidence is still outstanding "
sha:5005ecb5a90e7cafe89bacfb920c949e542df475140d57e32d80aad2ec0f0d98,PDF-5005ecb5a90e,CB-TB-1237_Doyle,5005ecb5a90e7cafe89bacfb920c949e542df475140d57e32d80aad2ec0f0d98,OFFLINE_CLIENT_PROJECTION,,MUTE,mute_cad_999,,mute_cad_999,,,src_charge|src_hearing|src_mg_forms|src_parties|src_dates|src_cctv|src_cctv_stills|src_continuity|client_claims_19,3772,,"CLIENT_SAFE | We are reviewing the papers in your case (Assault occasioning actual bodily harm, s.47 OAPA 1861). This is early-stage — nothing is final until we have full disclosure and your instructions. Some evidence is still outstanding "
sha:5069ed8db0396bff31b41719f45ec26092fd1ebe57e247ee837626b75c8ba4bd,PDF-5069ed8db039,CB-TB-2103_Walsh,5069ed8db0396bff31b41719f45ec26092fd1ebe57e247ee837626b75c8ba4bd,OFFLINE_CLIENT_PROJECTION,,MUTE,mute_cad_999,,mute_cad_999,,,src_charge|src_hearing|src_mg_forms|src_parties|src_dates|src_cctv|src_continuity|client_claims_17,8168,,"CLIENT_SAFE | We are reviewing the papers in your case (Offence Criminal damage, contrary to section 1 Criminal Damage Act 1971). This is early-stage — nothing is final until we have full disclosure and your instructions. Some evidence is s"
sha:502283931ef90e77dfbe7ee79cccd5f71f4f02af8d3d4d1bfb407145494a418c,PDF-502283931ef9,CB-TB-1850_Ashcroft,502283931ef90e77dfbe7ee79cccd5f71f4f02af8d3d4d1bfb407145494a418c,OFFLINE_CLIENT_PROJECTION,,MUTE,mute_phone_download,,mute_phone_download,,,src_charge|src_hearing|src_mg_forms|src_parties|src_dates|client_claims_19,8183,,"CLIENT_SAFE | We are reviewing the papers in your case (Possession of a controlled drug of Class A with intent to supply, contrary to section 5(3) of the Misuse of Drugs Act 1971). This is early-stage — nothing is final until we have full d"
sha:50aa19e24d03cb7f4a2bdc96cb09d00ef8350d3e4b6886f49ec6604733fc3465,PDF-50aa19e24d03,CB-TB-664_Wright,50aa19e24d03cb7f4a2bdc96cb09d00ef8350d3e4b6886f49ec6604733fc3465,OFFLINE_CLIENT_PROJECTION,,MUTE,mute_cctv_master,,mute_cctv_master,,,src_charge|src_hearing|src_mg_forms|src_parties|src_dates|src_cctv|client_claims_16,4576,,"CLIENT_SAFE | We are reviewing the papers in your case (Dangerous driving, contrary to section 2 Road Traffic Act 1988). This is early-stage — nothing is final until we have full disclosure and your instructions. Some evidence is still outs"
sha:50ecc0139f835be246b623956e79817752d9eeb8dbd9acff2c38a27867c471e0,PDF-50ecc0139f83,CB-TB-2025_Austin,50ecc0139f835be246b623956e79817752d9eeb8dbd9acff2c38a27867c471e0,OFFLINE_CLIENT_PROJECTION,,MUTE,mute_cad_999,,mute_cad_999,,,src_charge|src_hearing|src_mg_forms|src_parties|src_dates|src_cctv|src_continuity|client_claims_17,5910,,"CLIENT_SAFE | We are reviewing the papers in your case (Offence Possession of criminal property, contrary to section 329 Proceeds of Crime Act 2002). This is early-stage — nothing is final until we have full disclosure and your instructions"
sha:5150a93a1d0e9e0febc5efc031efd8e3de0306c62ecda74b08db54e06fddf968,PDF-5150a93a1d0e,CB-TB-1036_Shaw,5150a93a1d0e9e0febc5efc031efd8e3de0306c62ecda74b08db54e06fddf968,OFFLINE_CLIENT_PROJECTION,,MUTE,mute_cad_999,,mute_cad_999,,,src_charge|src_hearing|src_mg_forms|src_parties|src_dates|src_continuity|client_claims_16,4196,,CLIENT_SAFE | We are reviewing the papers in your case (Doing an act tending and intended to pervert the course of public justice). This is early-stage — nothing is final until we have full disclosure and your instructions. Some evidence is
sha:518af4ea5cd835ca897759c119f70394edeb8c57a8563cf8c044c67691a451fe,PDF-518af4ea5cd8,CB-TB-1081_Lloyd,518af4ea5cd835ca897759c119f70394edeb8c57a8563cf8c044c67691a451fe,OFFLINE_CLIENT_PROJECTION,,MUTE,mute_cad_999,,mute_cad_999,,,src_charge|src_hearing|src_mg_forms|src_parties|src_dates|src_cctv|src_continuity|client_claims_19,6275,,"CLIENT_SAFE | We are reviewing the papers in your case (Robbery, contrary to s.8 Theft Act 1968). This is early-stage — nothing is final until we have full disclosure and your instructions. Some evidence is still outstanding on the papers, "
sha:517c437d3c587951385c63f7b98ce119b3394d78b7940e2af9285e3456103ad7,PDF-517c437d3c58,CB-TB-2174_Ford,517c437d3c587951385c63f7b98ce119b3394d78b7940e2af9285e3456103ad7,OFFLINE_CLIENT_PROJECTION,,MUTE,mute_cad_999,,mute_cad_999,,,src_charge|src_hearing|src_mg_forms|src_parties|src_dates|src_cctv|src_continuity|client_claims_17,7561,,"CLIENT_SAFE | We are reviewing the papers in your case (Offence Intimidating a witness, contrary to section 51 Criminal Justice and Public Order Act 1994). This is early-stage — nothing is final until we have full disclosure and your instru"
sha:51727ce983d864bd96887b4e062dc157d8c04771f30c31bdca78fb3a4a56a4e2,PDF-51727ce983d8,CB-TB-162_Nolan,51727ce983d864bd96887b4e062dc157d8c04771f30c31bdca78fb3a4a56a4e2,OFFLINE_CLIENT_PROJECTION,,MUTE,mute_phone_download,,mute_phone_download,,,src_charge|src_hearing|src_mg_forms|src_parties|src_cctv|src_continuity|client_claims_18,12455,,"CLIENT_SAFE | We are reviewing the papers in your case (Fraud by false representation, s.2 Fraud Act 2006). This is early-stage — nothing is final until we have full disclosure and your instructions. Some evidence is still outstanding on th"
sha:5207bbff19ca8a1a3539e1c9923b214609ff064a13302d1cb9bca4579b268f6a,PDF-5207bbff19ca,CB-TB-582_Walsh,5207bbff19ca8a1a3539e1c9923b214609ff064a13302d1cb9bca4579b268f6a,OFFLINE_CLIENT_PROJECTION,,MODALITY,modality_summary_vs_recording,,,modality_summary_vs_recording,,src_charge|src_hearing|src_mg_forms|src_parties|src_dates|src_continuity|client_claims_20,3124,,"CLIENT_SAFE | We are reviewing the papers in your case (Assault by beating of an emergency worker, contrary to section 1 Assaults on Emergency Workers (Offences) Act 2018). This is early-stage — nothing is final until we have full disclosur"
sha:51fef641f54fe9b520f5f0f7d75b2216a302908755e5eb78e5ad88d4abe7fb1c,PDF-51fef641f54f,CB-TB-2180_Nolan,51fef641f54fe9b520f5f0f7d75b2216a302908755e5eb78e5ad88d4abe7fb1c,OFFLINE_CLIENT_PROJECTION,,MUTE,mute_cad_999,,mute_cad_999,,,src_charge|src_hearing|src_mg_forms|src_parties|src_dates|src_cctv|src_continuity|client_claims_17,11262,,"CLIENT_SAFE | We are reviewing the papers in your case (Offence Criminal damage, contrary to section 1 Criminal Damage Act 1971). This is early-stage — nothing is final until we have full disclosure and your instructions. Some evidence is s"
sha:52658ce78a2799ba17c14e18ef52b4d7d26c84bae7771ea4aa313817b39e6519,PDF-52658ce78a27,CB-TB-640_Marsh,52658ce78a2799ba17c14e18ef52b4d7d26c84bae7771ea4aa313817b39e6519,OFFLINE_CLIENT_PROJECTION,,MUTE,mute_cctv_master,,mute_cctv_master|mute_phone_download,,,src_charge|src_hearing|src_mg_forms|src_parties|src_dates|src_cctv|client_claims_16,5506,,"CLIENT_SAFE | We are reviewing the papers in your case (Possession of a controlled drug of Class A, namely cocaine, with intent to supply, contrary to section 5(3) of the Misuse of Drugs Act). This is early-stage — nothing is final until we"
sha:523057dc1ced89aad8047d974bc37d782b3f7a2900f5e98a95c683db16899092,PDF-523057dc1ced,CB-TB-1028_Coates,523057dc1ced89aad8047d974bc37d782b3f7a2900f5e98a95c683db16899092,OFFLINE_CLIENT_PROJECTION,,MUTE,mute_cad_999,,mute_cad_999,,,src_charge|src_hearing|src_mg_forms|src_parties|src_dates|src_cctv|src_cctv_stills|src_continuity|client_claims_16,6900,,"CLIENT_SAFE | We are reviewing the papers in your case (Possession of cannabis, contrary to section 5(2) Misuse of Drugs Act 1971). This is early-stage — nothing is final until we have full disclosure and your instructions. Some evidence is"
sha:5221c5bf0e12d8ec6516319e2504d94a8e1a4677536b1524153cbb27ba9ca091,PDF-5221c5bf0e12,CB-TB-917_Stone,5221c5bf0e12d8ec6516319e2504d94a8e1a4677536b1524153cbb27ba9ca091,OFFLINE_CLIENT_PROJECTION,,MUTE,mute_cctv_master,,mute_cctv_master,,,src_charge|src_hearing|src_mg_forms|src_parties|src_cctv|client_claims_16,5810,,"CLIENT_SAFE | We are reviewing the papers in your case (Assault by beating, contrary to section 39 of the Criminal Justice Act 1988). This is early-stage — nothing is final until we have full disclosure and your instructions. Some evidence "
sha:52cb4c0db3d35825a96a76c8f2367ed169ea0a2d5b94b963dc8c26a70c891656,PDF-52cb4c0db3d3,CB-TB-1884_Quinn,52cb4c0db3d35825a96a76c8f2367ed169ea0a2d5b94b963dc8c26a70c891656,OFFLINE_CLIENT_PROJECTION,,MUTE,mute_phone_download,,mute_phone_download,,,src_charge|src_hearing|src_mg_forms|src_parties|src_dates|src_cctv|client_claims_20,8853,,"CLIENT_SAFE | We are reviewing the papers in your case (Possession of a controlled drug of Class A with intent to supply, contrary to section 5(3) of the Misuse of Drugs Act 1971). This is early-stage — nothing is final until we have full d"
sha:52d9d8fca71854747e494e99d01e153f02af2627d4104e3995098068d195d8f2,PDF-52d9d8fca718,CB-TB-015_Mitchell,52d9d8fca71854747e494e99d01e153f02af2627d4104e3995098068d195d8f2,OFFLINE_CLIENT_PROJECTION,,MUTE,mute_phone_download,,mute_phone_download,,,src_charge|src_hearing|src_mg_forms|src_parties|src_cctv|src_cctv_stills|src_continuity|client_claims_18,10304,,"CLIENT_SAFE | We are reviewing the papers in your case (Fraud by false representation, s.2 Fraud Act 2006). This is early-stage — nothing is final until we have full disclosure and your instructions. The loss figures in the papers do not fu"
sha:52ffbe65aad95def31dd040b303f6280ff980dc7b23e0fe32c9bf07393f7f324,PDF-52ffbe65aad9,CB-TB-1618_Doyle,52ffbe65aad95def31dd040b303f6280ff980dc7b23e0fe32c9bf07393f7f324,OFFLINE_CLIENT_PROJECTION,,MUTE,mute_cad_999,,mute_cad_999,,,src_charge|src_hearing|src_mg_forms|src_parties|src_dates|src_cctv|src_continuity|client_claims_17,6217,,CLIENT_SAFE | We are reviewing the papers in your case (Doing an act tending and intended to pervert the course of public justice). This is early-stage — nothing is final until we have full disclosure and your instructions. Some evidence is
sha:5350c520250fd52ee2702b36c6e1e1c475394418371939d9b3ffeb74bdd7ac2a,PDF-5350c520250f,CB-TB-744_Merritt,5350c520250fd52ee2702b36c6e1e1c475394418371939d9b3ffeb74bdd7ac2a,OFFLINE_CLIENT_PROJECTION,,MUTE,mute_export_log,,mute_export_log|mute_cctv_master,,,src_charge|src_hearing|src_mg_forms|src_parties|src_dates|src_cctv|src_cctv_stills|client_claims_15,8728,,"CLIENT_SAFE | We are reviewing the papers in your case (Possessing criminal property, contrary to section 329 of the Proceeds of Crime Act 2002). This is early-stage — nothing is final until we have full disclosure and your instructions. So"
sha:5325d3dcd3339effa2f1d1f8dd4b6c0c10b8eadae1ee08fe67cf7e37f3d21850,PDF-5325d3dcd333,CB-TB-2158_Austin,5325d3dcd3339effa2f1d1f8dd4b6c0c10b8eadae1ee08fe67cf7e37f3d21850,OFFLINE_CLIENT_PROJECTION,,MUTE,mute_cad_999,,mute_cad_999,,,src_charge|src_hearing|src_mg_forms|src_parties|src_dates|src_cctv|src_continuity|client_claims_18,10356,,"CLIENT_SAFE | We are reviewing the papers in your case (Offence Being concerned in the supply of a controlled drug of Class A, contrary to section 4(3)(b) Misuse of Drugs Act 1971). This is early-stage — nothing is final until we have full "
sha:53feb2700a19c89156a05abe0ed8225beff2751f472d700d2e3bea4d7c20b624,PDF-53feb2700a19,CB-TB-279_Hart,53feb2700a19c89156a05abe0ed8225beff2751f472d700d2e3bea4d7c20b624,OFFLINE_CLIENT_PROJECTION,,MUTE,mute_phone_download,,mute_phone_download,,,src_charge|src_hearing|src_mg_forms|src_parties|src_dates|client_claims_16,10557,,"CLIENT_SAFE | We are reviewing the papers in your case (Concealing, disguising, converting, transferring or removing criminal property, contrary to section 327 of the Proceeds of). This is early-stage — nothing is final until we have full d"
sha:547e48480db13fd06148d468d5d0c668b0421dc31df71a8c0897e377aa134d55,PDF-547e48480db1,CB-TB-1606_Hughes,547e48480db13fd06148d468d5d0c668b0421dc31df71a8c0897e377aa134d55,OFFLINE_CLIENT_PROJECTION,,MUTE,mute_cad_999,,mute_cad_999,,,src_charge|src_hearing|src_mg_forms|src_parties|src_dates|src_cctv|src_continuity|client_claims_17,8017,,"CLIENT_SAFE | We are reviewing the papers in your case (Robbery, contrary to s.8 Theft Act 1968). This is early-stage — nothing is final until we have full disclosure and your instructions. Some evidence is still outstanding on the papers, "
sha:53f5e5842fa15329e879a2d29a9df5f69a5896105d9d3a548e4d0b2f3fa5dc89,PDF-53f5e5842fa1,CB-TB-2096_Shaw,53f5e5842fa15329e879a2d29a9df5f69a5896105d9d3a548e4d0b2f3fa5dc89,OFFLINE_CLIENT_PROJECTION,,MUTE,mute_cad_999,,mute_cad_999,,,src_charge|src_hearing|src_mg_forms|src_parties|src_dates|src_cctv|src_continuity|client_claims_17,9635,,"CLIENT_SAFE | We are reviewing the papers in your case (Theft, contrary to s.1 Theft Act 1968). This is early-stage — nothing is final until we have full disclosure and your instructions. Some evidence is still outstanding on the papers, an"
sha:548bfd18507f617437a915270bb98e560fb02511e209d659bee978380a1b6197,PDF-548bfd18507f,CB-TB-541_Evans,548bfd18507f617437a915270bb98e560fb02511e209d659bee978380a1b6197,OFFLINE_CLIENT_PROJECTION,,MODALITY,modality_summary_vs_recording,,,modality_summary_vs_recording,,src_charge|src_hearing|src_mg_forms|src_parties|src_dates|src_cctv|src_continuity|client_claims_18,4157,,"CLIENT_SAFE | We are reviewing the papers in your case (Possession of a controlled drug of Class A with intent to supply, contrary to section 5(3) Misuse of Drugs Act 1971). This is early-stage — nothing is final until we have full disclosu"
sha:54ed13cf63c48f09e15669a51cfbbb5b7cf61c8644bd32206d0dcdbf7d1b6030,PDF-54ed13cf63c4,CB-TB-796_Thornton,54ed13cf63c48f09e15669a51cfbbb5b7cf61c8644bd32206d0dcdbf7d1b6030,OFFLINE_CLIENT_PROJECTION,,MUTE,mute_cctv_master,,mute_cctv_master,,,src_charge|src_hearing|src_mg_forms|src_parties|src_dates|src_cctv|client_claims_14,5143,,"CLIENT_SAFE | We are reviewing the papers in your case (CB-TB-796_Thornton.pdf). This is early-stage — nothing is final until we have full disclosure and your instructions. Some evidence is still outstanding on the papers, and we will updat"
sha:552b2b342d4e10187c4babadecfef20bb1e2ab7ef8b950769eb9240913f40b98,PDF-552b2b342d4e,CB-TB-635_Hughes,552b2b342d4e10187c4babadecfef20bb1e2ab7ef8b950769eb9240913f40b98,OFFLINE_CLIENT_PROJECTION,,MUTE,mute_cctv_master,,mute_cctv_master,,,src_charge|src_hearing|src_mg_forms|src_parties|src_dates|src_cctv|src_cctv_stills|client_claims_16,9570,,"CLIENT_SAFE | We are reviewing the papers in your case (Possession of a controlled drug of Class A, namely cocaine, with intent to supply, contrary to section 5(3) of the Misuse of Drugs Act). This is early-stage — nothing is final until we"
sha:55584a460b7cde8578205862003f05580e4388c4504fef84c6aa1bf8eee27a74,PDF-55584a460b7c,NS-CPS-2026-0433 - Copy (2),55584a460b7cde8578205862003f05580e4388c4504fef84c6aa1bf8eee27a74,OFFLINE_CLIENT_PROJECTION,,MUTE,mute_cctv_master,,mute_cctv_master,,,src_charge|src_hearing|src_mg_forms|src_parties|src_dates|src_cctv|src_continuity|client_claims_17,4604,,"CLIENT_SAFE | We are reviewing the papers in your case (Possession offensive weapon (non-blade)). This is early-stage — nothing is final until we have full disclosure and your instructions. Some evidence is still outstanding on the papers, "
sha:55b58dbae232b79823ef196f0a6e842330ac8cf90563a95c7ee05340e9c7dc04,PDF-55b58dbae232,CB-TB-550_Reed,55b58dbae232b79823ef196f0a6e842330ac8cf90563a95c7ee05340e9c7dc04,OFFLINE_CLIENT_PROJECTION,,MODALITY,modality_summary_vs_recording,,,modality_summary_vs_recording,,src_charge|src_hearing|src_mg_forms|src_parties|src_dates|src_continuity|client_claims_19,4880,,CLIENT_SAFE | We are reviewing the papers in your case (Doing an act tending and intended to pervert the course of public justice). This is early-stage — nothing is final until we have full disclosure and your instructions. Some evidence is
sha:5565e83e7c37ff513497d68d89a6fb8e23271e0a3220d5b7b80d42a1e6905181,PDF-5565e83e7c37,CB-TB-2020_Hale,5565e83e7c37ff513497d68d89a6fb8e23271e0a3220d5b7b80d42a1e6905181,OFFLINE_CLIENT_PROJECTION,,MUTE,mute_cad_999,,mute_cad_999,,,src_charge|src_hearing|src_mg_forms|src_parties|src_dates|src_cctv|src_continuity|client_claims_17,8630,,"CLIENT_SAFE | We are reviewing the papers in your case (Offence Being concerned in the supply of a controlled drug of Class A, contrary to section 4(3)(b) Misuse of Drugs Act 1971). This is early-stage — nothing is final until we have full "
sha:56124edce58e7438f063e797fe60ff3b37f63704f491eaebc1690806b62d2883,PDF-56124edce58e,CB-TB-503_Walsh,56124edce58e7438f063e797fe60ff3b37f63704f491eaebc1690806b62d2883,OFFLINE_CLIENT_PROJECTION,,MODALITY,modality_summary_vs_recording,,mute_cctv_master,modality_summary_vs_recording,,src_charge|src_hearing|src_mg_forms|src_parties|src_dates|src_cctv|src_continuity|client_claims_20,4994,,"CLIENT_SAFE | We are reviewing the papers in your case (Wounding with intent to cause grievous bodily harm, s.18 OAPA 1861). This is early-stage — nothing is final until we have full disclosure and your instructions. Some evidence is still "
sha:560c0f0d501d30f598c294d9a08148529b7aa637d01faba870bd18fefbc5d877,PDF-560c0f0d501d,CB-TB-2167_Booth,560c0f0d501d30f598c294d9a08148529b7aa637d01faba870bd18fefbc5d877,OFFLINE_CLIENT_PROJECTION,,MUTE,mute_phone_download,,mute_phone_download|mute_cad_999,,,src_charge|src_hearing|src_mg_forms|src_parties|src_dates|src_cctv|src_continuity|client_claims_16,9206,,"CLIENT_SAFE | We are reviewing the papers in your case (Offence Possession of a controlled drug of Class B, contrary to section 5(2) Misuse of Drugs Act 1971). This is early-stage — nothing is final until we have full disclosure and your in"
sha:55ec6f517c15dd2f29e9e920d39bdb360253e154c4e3ee04831313e59fba8205,PDF-55ec6f517c15,CB-TB-1718_Wardle,55ec6f517c15dd2f29e9e920d39bdb360253e154c4e3ee04831313e59fba8205,OFFLINE_CLIENT_PROJECTION,,MUTE,mute_phone_download,,mute_phone_download,,,src_charge|src_hearing|src_mg_forms|src_parties|src_continuity|client_claims_19,7331,,"CLIENT_SAFE | We are reviewing the papers in your case (Being concerned in the supply of a controlled drug of Class A, contrary to section 4(3)(b) of the Misuse of Drugs Act 1971). This is early-stage — nothing is final until we have full d"
sha:563b3d29dac500bec22f52e0ad42ab6ff3155c980a88154cf7fad825cbc3a18a,PDF-563b3d29dac5,CB-TB-1806_Walsh,563b3d29dac500bec22f52e0ad42ab6ff3155c980a88154cf7fad825cbc3a18a,OFFLINE_CLIENT_PROJECTION,,MUTE,mute_phone_download,,mute_phone_download,,,src_charge|src_hearing|src_mg_forms|src_parties|src_continuity|client_claims_16,4458,,"CLIENT_SAFE | We are reviewing the papers in your case (Assault occasioning actual bodily harm, s.47 OAPA 1861). This is early-stage — nothing is final until we have full disclosure and your instructions. Some evidence is still outstanding "
sha:567c95f0835904e74e4e39973e33679ab416c094882f125d189898a269de5ca4,PDF-567c95f08359,CB-TB-766_Price,567c95f0835904e74e4e39973e33679ab416c094882f125d189898a269de5ca4,OFFLINE_CLIENT_PROJECTION,,MUTE,mute_cctv_master,,mute_cctv_master,,,src_charge|src_hearing|src_mg_forms|src_parties|src_dates|src_cctv|src_continuity|client_claims_16,5343,,"CLIENT_SAFE | We are reviewing the papers in your case (Assault by beating of an emergency worker, contrary to section 1 of the Assaults on Emergency Workers (Offences) Act 2018). This is early-stage — nothing is final until we have full di"
sha:56bdc1944fc039865525d9d7ab50c701890b08ad6724eaa94a8fa4da79381cc5,PDF-56bdc1944fc0,CB-TB-679_Ali,56bdc1944fc039865525d9d7ab50c701890b08ad6724eaa94a8fa4da79381cc5,OFFLINE_CLIENT_PROJECTION,,MUTE,mute_cctv_master,,mute_cctv_master,,,src_charge|src_hearing|src_mg_forms|src_parties|src_dates|src_cctv|src_continuity|client_claims_17,7456,,"CLIENT_SAFE | We are reviewing the papers in your case (Robbery, contrary to s.8 Theft Act 1968). This is early-stage — nothing is final until we have full disclosure and your instructions. Some evidence is still outstanding on the papers, "
sha:56a103037ce8994720be3b2fdb1f28f1eab3d00f0a61ea93b48b12922996230d,PDF-56a103037ce8,CB-TB-1917_Vale,56a103037ce8994720be3b2fdb1f28f1eab3d00f0a61ea93b48b12922996230d,OFFLINE_CLIENT_PROJECTION,,MUTE,mute_phone_download,,mute_phone_download,,,src_charge|src_hearing|src_mg_forms|src_parties|src_dates|src_cctv|src_continuity|client_claims_21,15624,,"CLIENT_SAFE | We are reviewing the papers in your case (Wounding with intent to cause grievous bodily harm, s.18 OAPA 1861). This is early-stage — nothing is final until we have full disclosure and your instructions. Some evidence is still "
sha:576a96c4d994a22e2900f240a07687cbc7488c74ca6d5506c0eaa7dc323345ec,PDF-576a96c4d994,CB-TB-699_Turner,576a96c4d994a22e2900f240a07687cbc7488c74ca6d5506c0eaa7dc323345ec,OFFLINE_CLIENT_PROJECTION,,MUTE,mute_cctv_master,,mute_cctv_master,,,src_charge|src_hearing|src_mg_forms|src_parties|src_dates|src_cctv|src_continuity|client_claims_17,5085,,"CLIENT_SAFE | We are reviewing the papers in your case (Controlling or coercive behaviour in an intimate or family relationship, contrary to section 76 of the Serious Crime Act 2015). This is early-stage — nothing is final until we have ful"
sha:57d21cc70b6f8de6d4381f95874f05ff52b4a55f522face2e11280790e80ea1d,PDF-57d21cc70b6f,CB-TB-380_Flynn,57d21cc70b6f8de6d4381f95874f05ff52b4a55f522face2e11280790e80ea1d,OFFLINE_CLIENT_PROJECTION,,MUTE,mute_phone_download,,mute_phone_download,,,src_charge|src_hearing|src_mg_forms|src_parties|src_dates|src_cctv|src_continuity|client_claims_17,8562,,"CLIENT_SAFE | We are reviewing the papers in your case (Possessing criminal property, contrary to section 329 of the Proceeds of Crime Act 2002). This is early-stage — nothing is final until we have full disclosure and your instructions. So"
sha:5701f9fede797443a3f2f52f3082bced1f8c8622bb051a666255a1def3af44d8,PDF-5701f9fede79,CB-TB-2001_Khan,5701f9fede797443a3f2f52f3082bced1f8c8622bb051a666255a1def3af44d8,OFFLINE_CLIENT_PROJECTION,,MUTE,mute_cad_999,,mute_cad_999,,,src_charge|src_hearing|src_mg_forms|src_parties|src_dates|src_cctv|src_continuity|client_claims_18,7396,,"CLIENT_SAFE | We are reviewing the papers in your case (Wounding with intent to cause grievous bodily harm, s.18 OAPA 1861). This is early-stage — nothing is final until we have full disclosure and your instructions. Some evidence is still "
sha:570757bbc114dd9fa1a60ece27458c20c820cc928adc6970b6cf3d2b145d15cf,PDF-570757bbc114,CB-TB-442_Morley,570757bbc114dd9fa1a60ece27458c20c820cc928adc6970b6cf3d2b145d15cf,OFFLINE_CLIENT_PROJECTION,,MODALITY,modality_screenshot_vs_download,,,modality_screenshot_vs_download,,src_charge|src_hearing|src_mg_forms|src_parties|src_cctv|src_continuity|client_claims_17,12520,,"CLIENT_SAFE | We are reviewing the papers in your case (Primary charge:Possessing criminal property, contrary to section 329 Proceeds of Crime Act 2002). This is early-stage — nothing is final until we have full disclosure and your instruct"
sha:582523e12ac09aa4396a7536dfc4075d1614d84ba862b5c1bac65cb9f1167b44,PDF-582523e12ac0,CB-TB-1218_Flynn,582523e12ac09aa4396a7536dfc4075d1614d84ba862b5c1bac65cb9f1167b44,OFFLINE_CLIENT_PROJECTION,,MUTE,mute_phone_download,,mute_phone_download,,,src_charge|src_hearing|src_mg_forms|src_id_procedure|src_parties|src_dates|src_cctv|src_continuity|client_claims_20,6137,,"CLIENT_SAFE | We are reviewing the papers in your case (Dangerous driving, contrary to section 2 Road Traffic Act 1988). This is early-stage — nothing is final until we have full disclosure and your instructions. Some evidence is still outs"
sha:589f23f4b3d037738c92a48d777497ec39302415ffcf2ee31cc9cacf92d12593,PDF-589f23f4b3d0,CB-TB-1383_Hart,589f23f4b3d037738c92a48d777497ec39302415ffcf2ee31cc9cacf92d12593,OFFLINE_CLIENT_PROJECTION,,MODALITY,modality_property_phone_vs_download,,,modality_property_phone_vs_download,,src_charge|src_hearing|src_mg_forms|src_id_procedure|src_parties|src_dates|src_cctv|src_continuity|client_claims_17,14406,,"CLIENT_SAFE | We are reviewing the papers in your case (Burglary of a dwelling, contrary to section 9 of the Theft Act 1968). This is early-stage — nothing is final until we have full disclosure and your instructions. Some evidence is still"
sha:586509c84c03e1fe476f0fa7b6ef9efb6e64a13344a33eba4828302e22cef8af,PDF-586509c84c03,CB-TB-957_Barker,586509c84c03e1fe476f0fa7b6ef9efb6e64a13344a33eba4828302e22cef8af,OFFLINE_CLIENT_PROJECTION,,MUTE,mute_phone_download,,mute_phone_download,,,src_charge|src_hearing|src_mg_forms|src_parties|src_dates|src_cctv|client_claims_17,11133,,"CLIENT_SAFE | We are reviewing the papers in your case (1Unlawful wounding, contrary to section 20 of). This is early-stage — nothing is final until we have full disclosure and your instructions. Some evidence is still outstanding on the pa"
sha:58cbc05628d5a838b8b17b1dff369848aa1341ab0a1f88647fdce1f54b14adfb,PDF-58cbc05628d5,CB-TB-792_Pike,58cbc05628d5a838b8b17b1dff369848aa1341ab0a1f88647fdce1f54b14adfb,OFFLINE_CLIENT_PROJECTION,,MUTE,mute_cctv_master,,mute_cctv_master,,,src_charge|src_hearing|src_mg_forms|src_parties|src_dates|src_cctv|src_continuity|client_claims_15,5919,,"CLIENT_SAFE | We are reviewing the papers in your case (Statement of offence). This is early-stage — nothing is final until we have full disclosure and your instructions. Some evidence is still outstanding on the papers, and we will update "
sha:5900951811c60854d1ec3d0198d7650c22f7ce473304b633cd7eeb5e2a5f57c3,PDF-5900951811c6,CB-TB-1094_Burke,5900951811c60854d1ec3d0198d7650c22f7ce473304b633cd7eeb5e2a5f57c3,OFFLINE_CLIENT_PROJECTION,,MUTE,mute_cad_999,,mute_cad_999,,,src_charge|src_hearing|src_mg_forms|src_parties|src_dates|src_cctv|src_cctv_stills|src_continuity|client_claims_17,7570,,"CLIENT_SAFE | We are reviewing the papers in your case (Assault by beating of an emergency worker, contrary to section 1 Assaults on Emergency Workers (Offences)). This is early-stage — nothing is final until we have full disclosure and you"
sha:596aa2a488c284dab0903589d2bdcdc724560f7993c87c7dedd9d33206d61fa8,PDF-596aa2a488c2,CB-TB-2057_Jennings,596aa2a488c284dab0903589d2bdcdc724560f7993c87c7dedd9d33206d61fa8,OFFLINE_CLIENT_PROJECTION,,MUTE,mute_cad_999,,mute_cad_999,,,src_charge|src_hearing|src_mg_forms|src_parties|src_dates|src_cctv|src_continuity|client_claims_17,5411,,"CLIENT_SAFE | We are reviewing the papers in your case (Theft, contrary to s.1 Theft Act 1968). This is early-stage — nothing is final until we have full disclosure and your instructions. Some evidence is still outstanding on the papers, an"
sha:5a42a04f98d820545f93ae923aa792e38b0c58dd893697b5af322d2d3491d225,PDF-5a42a04f98d8,CB-TB-1051_Pearson,5a42a04f98d820545f93ae923aa792e38b0c58dd893697b5af322d2d3491d225,OFFLINE_CLIENT_PROJECTION,,MUTE,mute_cad_999,,mute_cad_999,,,src_charge|src_hearing|src_mg_forms|src_parties|src_dates|client_claims_17,4045,,"CLIENT_SAFE | We are reviewing the papers in your case (Dangerous driving, contrary to section 2 Road Traffic Act 1988). This is early-stage — nothing is final until we have full disclosure and your instructions. Some evidence is still outs"
sha:597998ab7ce495b726c5d18394e5da2c1bdb89c3bfd55a425a551d03a5f27daf,PDF-597998ab7ce4,CB-TB-1905_Byrne,597998ab7ce495b726c5d18394e5da2c1bdb89c3bfd55a425a551d03a5f27daf,OFFLINE_CLIENT_PROJECTION,,MUTE,mute_phone_download,,mute_phone_download|mute_cad_999,,,src_charge|src_hearing|src_mg_forms|src_parties|src_dates|src_cctv|src_continuity|client_claims_19,8987,,"CLIENT_SAFE | We are reviewing the papers in your case (Count 1: theft; Count 2: possession of a bladed article, contrary to). This is early-stage — nothing is final until we have full disclosure and your instructions. Some evidence is stil"
sha:59ed1852f92d29acb23cc83a8b2c8f4a12cdb4e67855ac4df4f585daa227812c,PDF-59ed1852f92d,CB-TB-2113_Hale,59ed1852f92d29acb23cc83a8b2c8f4a12cdb4e67855ac4df4f585daa227812c,OFFLINE_CLIENT_PROJECTION,,MUTE,mute_cad_999,,mute_cad_999,,,src_charge|src_hearing|src_mg_forms|src_parties|src_dates|src_cctv|src_continuity|client_claims_18,8044,,"CLIENT_SAFE | We are reviewing the papers in your case (Offence Unlawful wounding, contrary to section 20 Offences Against the Person Act 1861). This is early-stage — nothing is final until we have full disclosure and your instructions. Som"
sha:5b3c63bf3e68f46ae3fecae981c09908488297def6d04c374cbd05c3eb71652c,PDF-5b3c63bf3e68,CB-TB-214_Patel,5b3c63bf3e68f46ae3fecae981c09908488297def6d04c374cbd05c3eb71652c,OFFLINE_CLIENT_PROJECTION,,MUTE,mute_phone_download,,mute_phone_download,,,src_charge|src_hearing|src_mg_forms|src_parties|src_dates|src_continuity|client_claims_19,7193,,"CLIENT_SAFE | We are reviewing the papers in your case (Intentional harassment, alarm or distress, contrary to section 4A of the Public Order Act 1986). This is early-stage — nothing is final until we have full disclosure and your instructi"
sha:5a56177ee5332a14f73ed078a96a2492c8c45d1386b5b3ba6c8ed548026a149b,PDF-5a56177ee533,CB-TB-1035_Khan,5a56177ee5332a14f73ed078a96a2492c8c45d1386b5b3ba6c8ed548026a149b,OFFLINE_CLIENT_PROJECTION,,MUTE,mute_cad_999,,mute_cad_999,,,src_charge|src_hearing|src_mg_forms|src_parties|src_dates|src_cctv|src_cctv_stills|src_continuity|client_claims_18,9655,,"CLIENT_SAFE | We are reviewing the papers in your case (Possession of a bladed article in a public place, contrary to section 139 Criminal Justice Act 1988). This is early-stage — nothing is final until we have full disclosure and your inst"
sha:5b67df3c4873922479e5af286b12132ada0dff8ce9c951c7dd5eed33a4ea3580,PDF-5b67df3c4873,CB-TB-941_Khan,5b67df3c4873922479e5af286b12132ada0dff8ce9c951c7dd5eed33a4ea3580,OFFLINE_CLIENT_PROJECTION,,MUTE,mute_phone_download,,mute_phone_download,,,src_charge|src_hearing|src_mg_forms|src_parties|src_cctv|client_claims_18,11100,,"CLIENT_SAFE | We are reviewing the papers in your case (Being concerned in the supply of a controlled drug of Class A, contrary to section 4(3)(b) of the Misuse of Drugs Act 1971). This is early-stage — nothing is final until we have full d"
sha:5b7170a9f2e71de00303913cdb7a0857c671df94b5ef80ae019851c22882a7fd,PDF-5b7170a9f2e7,CB-TB-1614_Booth,5b7170a9f2e71de00303913cdb7a0857c671df94b5ef80ae019851c22882a7fd,OFFLINE_CLIENT_PROJECTION,,MUTE,mute_cad_999,,mute_cad_999,,,src_charge|src_hearing|src_mg_forms|src_parties|src_dates|src_cctv|src_continuity|client_claims_17,9899,,"CLIENT_SAFE | We are reviewing the papers in your case (Robbery, contrary to s.8 Theft Act 1968). This is early-stage — nothing is final until we have full disclosure and your instructions. Some evidence is still outstanding on the papers, "
sha:5b8cdd4749b55bc2014ea6d9769fb4a7a09cccb032cf0bfd7f26a20f62e20936,PDF-5b8cdd4749b5,CB-TB-2002_Kerr,5b8cdd4749b55bc2014ea6d9769fb4a7a09cccb032cf0bfd7f26a20f62e20936,OFFLINE_CLIENT_PROJECTION,,MUTE,mute_cad_999,,mute_cad_999,,,src_charge|src_hearing|src_mg_forms|src_parties|src_dates|src_cctv|src_continuity|client_claims_18,13113,,"CLIENT_SAFE | We are reviewing the papers in your case (Wounding with intent to cause grievous bodily harm, s.18 OAPA 1861). This is early-stage — nothing is final until we have full disclosure and your instructions. Some evidence is still "
sha:5be483f39a9744622b1baaae08ad1b183a03a4b5a9187896be1737cf4d08e1ab,PDF-5be483f39a97,CB-TB-301_Kent,5be483f39a9744622b1baaae08ad1b183a03a4b5a9187896be1737cf4d08e1ab,OFFLINE_CLIENT_PROJECTION,,MUTE,mute_phone_download,,mute_phone_download,,,src_charge|src_hearing|src_mg_forms|src_parties|src_dates|src_cctv|src_continuity|client_claims_18,6938,,"CLIENT_SAFE | We are reviewing the papers in your case (Robbery, contrary to s.8 Theft Act 1968). This is early-stage — nothing is final until we have full disclosure and your instructions. Some evidence is still outstanding on the papers, "
sha:5bb01fd486626dce58630bde4db28983e96c091e02c2356a4eb03cc4db95b0c2,PDF-5bb01fd48662,CB-TB-1186_Forrest,5bb01fd486626dce58630bde4db28983e96c091e02c2356a4eb03cc4db95b0c2,OFFLINE_CLIENT_PROJECTION,,MUTE,mute_cad_999,,mute_cad_999,,,src_charge|src_hearing|src_mg_forms|src_id_procedure|src_parties|src_dates|src_cctv|src_continuity|client_claims_16,4715,,"CLIENT_SAFE | We are reviewing the papers in your case (Theft, contrary to s.1 Theft Act 1968). This is early-stage — nothing is final until we have full disclosure and your instructions. Some evidence is still outstanding on the papers, an"
sha:5bd8645864a0a16f6151663d00840f27ff4cb976d4ed7dae28d6587080a40ee7,PDF-5bd8645864a0,CB-TB-1020_Cross,5bd8645864a0a16f6151663d00840f27ff4cb976d4ed7dae28d6587080a40ee7,OFFLINE_CLIENT_PROJECTION,,MUTE,mute_cad_999,,mute_cad_999,,,src_charge|src_hearing|src_mg_forms|src_parties|src_dates|src_cctv|src_cctv_stills|src_continuity|client_claims_16,7073,,"CLIENT_SAFE | We are reviewing the papers in your case (CB-TB-1020_Cross.pdf). This is early-stage — nothing is final until we have full disclosure and your instructions. Some evidence is still outstanding on the papers, and we will update "
sha:5c5a7fc5f7668fe968a5b219aa8975d93c2a0ee0dd56277a53a69e988849663b,PDF-5c5a7fc5f766,CB-TB-660_Lewis,5c5a7fc5f7668fe968a5b219aa8975d93c2a0ee0dd56277a53a69e988849663b,OFFLINE_CLIENT_PROJECTION,,MUTE,mute_cctv_master,,mute_cctv_master,,,src_charge|src_hearing|src_mg_forms|src_parties|src_dates|src_cctv|client_claims_16,4621,,"CLIENT_SAFE | We are reviewing the papers in your case (Dangerous driving, contrary to section 2 Road Traffic Act 1988). This is early-stage — nothing is final until we have full disclosure and your instructions. Some evidence is still outs"
sha:5c0056e4d1ae18d7fe7ff2259aae7344650d011ae69033d8fa016675f4707b21,PDF-5c0056e4d1ae,CB-TB-2145_Merritt,5c0056e4d1ae18d7fe7ff2259aae7344650d011ae69033d8fa016675f4707b21,OFFLINE_CLIENT_PROJECTION,,MUTE,mute_cad_999,,mute_cad_999,,,src_charge|src_hearing|src_mg_forms|src_parties|src_dates|src_cctv|client_claims_16,5815,,"CLIENT_SAFE | We are reviewing the papers in your case (Offence Assault by beating of an emergency worker, contrary to section 1 Assaults on Emergency Workers (Offences) Act 2018). This is early-stage — nothing is final until we have full d"
sha:5c958d589912cceb6f5d42ee969c4728e1fff0130c40e9280ce5b5fe4689a4b5,PDF-5c958d589912,CB-TB-1098_Marsh,5c958d589912cceb6f5d42ee969c4728e1fff0130c40e9280ce5b5fe4689a4b5,OFFLINE_CLIENT_PROJECTION,,MUTE,mute_cad_999,,mute_cad_999,,,src_charge|src_hearing|src_mg_forms|src_parties|src_dates|src_cctv|src_continuity|client_claims_17,5913,,"CLIENT_SAFE | We are reviewing the papers in your case (Robbery, contrary to s.8 Theft Act 1968). This is early-stage — nothing is final until we have full disclosure and your instructions. Some evidence is still outstanding on the papers, "
sha:5c97d75eaaaf6eac9f281cab32cd29f206adb3f8c87cdbdae740aed87a3980b8,PDF-5c97d75eaaaf,CB-TB-2116_Cole,5c97d75eaaaf6eac9f281cab32cd29f206adb3f8c87cdbdae740aed87a3980b8,OFFLINE_CLIENT_PROJECTION,,MUTE,mute_cad_999,,mute_cad_999,,,src_charge|src_hearing|src_mg_forms|src_parties|src_dates|src_cctv|src_continuity|client_claims_17,5464,,"CLIENT_SAFE | We are reviewing the papers in your case (Robbery, contrary to s.8 Theft Act 1968). This is early-stage — nothing is final until we have full disclosure and your instructions. Some evidence is still outstanding on the papers, "
sha:5ce1e692cf9ee8885d9b7e86cce7b7cd16f42e827e973789c279af9f04a83586,PDF-5ce1e692cf9e,CB-TB-1096_Clarke,5ce1e692cf9ee8885d9b7e86cce7b7cd16f42e827e973789c279af9f04a83586,OFFLINE_CLIENT_PROJECTION,,MUTE,mute_phone_download,,mute_phone_download|mute_cad_999,,,src_charge|src_hearing|src_mg_forms|src_parties|src_dates|src_continuity|client_claims_16,4509,,CLIENT_SAFE | We are reviewing the papers in your case (Doing an act tending and intended to pervert the course of public justice). This is early-stage — nothing is final until we have full disclosure and your instructions. Some evidence is
sha:5cc594557521b92ba0732fcf325c5dfec3e65f4c54ad52760a81de4e99500647,PDF-5cc594557521,CB-TB-389_Okonkwo,5cc594557521b92ba0732fcf325c5dfec3e65f4c54ad52760a81de4e99500647,OFFLINE_CLIENT_PROJECTION,,MUTE,mute_phone_download,,mute_phone_download,,,src_charge|src_hearing|src_mg_forms|src_parties|src_dates|src_cctv|src_continuity|client_claims_19,8122,,"CLIENT_SAFE | We are reviewing the papers in your case (Fraud by false representation, s.2 Fraud Act 2006). This is early-stage — nothing is final until we have full disclosure and your instructions. Some evidence is still outstanding on th"
sha:5d5c231a577e736eed988b09cc79bffac9429e6d9748c3ddd1b570fa14d5c47f,PDF-5d5c231a577e,CB-TB-750_Brooks,5d5c231a577e736eed988b09cc79bffac9429e6d9748c3ddd1b570fa14d5c47f,OFFLINE_CLIENT_PROJECTION,,MUTE,mute_cctv_master,,mute_cctv_master,,,src_charge|src_hearing|src_mg_forms|src_parties|src_dates|src_cctv|src_cctv_stills|src_continuity|client_claims_16,6238,,"CLIENT_SAFE | We are reviewing the papers in your case (Possessing criminal property, contrary to section 329 of the Proceeds of Crime Act 2002). This is early-stage — nothing is final until we have full disclosure and your instructions. So"
sha:5dfc81103d33baf8f179a80981c9f4fc1fd8a10e9684e9f5d5cef5356c6c9f3a,PDF-5dfc81103d33,CB-TB-645_Morgan,5dfc81103d33baf8f179a80981c9f4fc1fd8a10e9684e9f5d5cef5356c6c9f3a,OFFLINE_CLIENT_PROJECTION,,MUTE,mute_cctv_master,,mute_cctv_master,,,src_charge|src_hearing|src_mg_forms|src_parties|src_dates|src_cctv|src_cctv_stills|client_claims_15,8289,,"CLIENT_SAFE | We are reviewing the papers in your case (Possessing criminal property, contrary to section 329 of the Proceeds of Crime Act 2002). This is early-stage — nothing is final until we have full disclosure and your instructions. So"
sha:5d4d0039e00e31c97c5380af1bff15ca8d8e581f38d8072e97f4f70b88546710,PDF-5d4d0039e00e,CB-TB-772_Harper,5d4d0039e00e31c97c5380af1bff15ca8d8e581f38d8072e97f4f70b88546710,OFFLINE_CLIENT_PROJECTION,,MUTE,mute_cctv_master,,mute_cctv_master,,,src_charge|src_hearing|src_mg_forms|src_parties|src_dates|src_cctv|src_cctv_stills|src_continuity|client_claims_16,9324,,"CLIENT_SAFE | We are reviewing the papers in your case (Assault by beating of an emergency worker, contrary to section 1 of the Assaults on Emergency Workers (Offences) Act 2018). This is early-stage — nothing is final until we have full di"
sha:5e01611204192dfa41fb1dd7e630eb2f3d2ce20692ab060f2b7bd194a0b5d7f6,PDF-5e0161120419,CB-TB-721_Mitchell,5e01611204192dfa41fb1dd7e630eb2f3d2ce20692ab060f2b7bd194a0b5d7f6,OFFLINE_CLIENT_PROJECTION,,MUTE,mute_cctv_master,,mute_cctv_master,,,src_charge|src_hearing|src_mg_forms|src_parties|src_dates|src_cctv|src_cctv_stills|client_claims_16,5847,,"CLIENT_SAFE | We are reviewing the papers in your case (Theft, contrary to s.1 Theft Act 1968). This is early-stage — nothing is final until we have full disclosure and your instructions. Some evidence is still outstanding on the papers, an"
sha:5e18539949dbd9cd40fb2701a67817ac0f5ffc924e5f1e27af0a45a8b621b66c,PDF-5e18539949db,CB-TB-548_Patel,5e18539949dbd9cd40fb2701a67817ac0f5ffc924e5f1e27af0a45a8b621b66c,OFFLINE_CLIENT_PROJECTION,,MODALITY,modality_summary_vs_recording,,,modality_summary_vs_recording,,src_charge|src_hearing|src_mg_forms|src_parties|src_dates|src_continuity|client_claims_19,5490,,"CLIENT_SAFE | We are reviewing the papers in your case (Wounding with intent to cause grievous bodily harm, s.18 OAPA 1861). This is early-stage — nothing is final until we have full disclosure and your instructions. Some evidence is still "
sha:5e1b849e49118a961e47d725a00ccd9ae4cbf017ca504e02a348c9268dca16dc,PDF-5e1b849e4911,CB-TB-1130_Cole,5e1b849e49118a961e47d725a00ccd9ae4cbf017ca504e02a348c9268dca16dc,OFFLINE_CLIENT_PROJECTION,,MUTE,mute_phone_download,,mute_phone_download,,,src_charge|src_hearing|src_mg_forms|src_id_procedure|src_parties|src_dates|src_cctv|src_continuity|client_claims_18,6420,,"CLIENT_SAFE | We are reviewing the papers in your case (Conspiracy to supply a controlled drug of Class A, contrary to section 1 of the Criminal Law Act 1977). This is early-stage — nothing is final until we have full disclosure and your in"
sha:5e790752ad252258f8f2827b9c576727e19a211cd04969027935894a5282e99d,PDF-5e790752ad25,CB-TB-1085_Morley,5e790752ad252258f8f2827b9c576727e19a211cd04969027935894a5282e99d,OFFLINE_CLIENT_PROJECTION,,MUTE,mute_cad_999,,mute_cad_999,,,src_charge|src_hearing|src_mg_forms|src_parties|src_dates|src_cctv|src_cctv_stills|src_continuity|client_claims_19,6648,,"CLIENT_SAFE | We are reviewing the papers in your case (Unlawful wounding, contrary to section 20 Offences Against the Person Act 1861). This is early-stage — nothing is final until we have full disclosure and your instructions. Some eviden"
sha:5ef363411baaeda40f2d9af4ddfaf9713e2cce2096d7ed6a6373e401fa28bb40,PDF-5ef363411baa,CB-TB-1580_Boyle,5ef363411baaeda40f2d9af4ddfaf9713e2cce2096d7ed6a6373e401fa28bb40,OFFLINE_CLIENT_PROJECTION,,INVENT,invent_phone_download,invent_phone_download,mute_cad_999,,,src_charge|src_hearing|src_mg_forms|src_parties|src_cctv|src_cctv_stills|client_claims_17,4943,,"CLIENT_SAFE | We are reviewing the papers in your case (Offence Harassment, contrary to section 2 of the Protection from Harassment Act 1997). This is early-stage — nothing is final until we have full disclosure and your instructions. Some "
sha:5f46c8faee70ebb508aba0a090b52e63e1c24c31b6813eced786cea82886aa56,PDF-5f46c8faee70,CB-TB-1942_Barton,5f46c8faee70ebb508aba0a090b52e63e1c24c31b6813eced786cea82886aa56,OFFLINE_CLIENT_PROJECTION,,MUTE,mute_phone_download,,mute_phone_download,,,src_charge|src_hearing|src_mg_forms|src_parties|src_dates|src_cctv|src_continuity|client_claims_18,7655,,"CLIENT_SAFE | We are reviewing the papers in your case (Wounding with intent to cause grievous bodily harm, s.18 OAPA 1861). This is early-stage — nothing is final until we have full disclosure and your instructions. Some evidence is still "
sha:5f4cc3df2cc4ce15495a5216fb4502b4ecd7e383d1cc8f4c8062a08ddf7bddc4,PDF-5f4cc3df2cc4,CB-TB-2120_Rees,5f4cc3df2cc4ce15495a5216fb4502b4ecd7e383d1cc8f4c8062a08ddf7bddc4,OFFLINE_CLIENT_PROJECTION,,MUTE,mute_cad_999,,mute_cad_999,,,src_charge|src_hearing|src_mg_forms|src_parties|src_dates|src_cctv|src_continuity|client_claims_18,8009,,"CLIENT_SAFE | We are reviewing the papers in your case (Assault occasioning actual bodily harm, s.47 OAPA 1861). This is early-stage — nothing is final until we have full disclosure and your instructions. Some evidence is still outstanding "
sha:5f9bb6551b7c502ec4f336571423c33a88cb73a63c4c14b50a27b7360ecbd87e,PDF-5f9bb6551b7c,CB-TB-1912_Quinn,5f9bb6551b7c502ec4f336571423c33a88cb73a63c4c14b50a27b7360ecbd87e,OFFLINE_CLIENT_PROJECTION,,MUTE,mute_cctv_master,,mute_cctv_master|mute_phone_download|mute_cad_999,,,src_charge|src_hearing|src_mg_forms|src_parties|src_dates|src_cctv|src_continuity|client_claims_17,13163,,"CLIENT_SAFE | We are reviewing the papers in your case (Count 1: theft; Count 2: possession of a bladed article, contrary to). This is early-stage — nothing is final until we have full disclosure and your instructions. Some evidence is stil"
sha:60248714943b2dbeb4fd68000197ff5dbffd177a9fa9ec811ebe1bfc56fd3764,PDF-60248714943b,CB-TB-634_Reed,60248714943b2dbeb4fd68000197ff5dbffd177a9fa9ec811ebe1bfc56fd3764,OFFLINE_CLIENT_PROJECTION,,MUTE,mute_export_log,,mute_export_log|mute_cctv_master,,,src_charge|src_hearing|src_mg_forms|src_parties|src_dates|src_cctv|src_cctv_stills|src_continuity|client_claims_16,9878,,"CLIENT_SAFE | We are reviewing the papers in your case (Possession of a controlled drug of Class A, namely cocaine, with intent to supply, contrary to section 5(3) of the Misuse of Drugs Act 1971). This is early-stage — nothing is final unt"
sha:603cb6c59c3473958e2483685d67efca931537bc59d37da0f06f7e0c7e29b3fa,PDF-603cb6c59c34,CB-TB-328_Okonkwo,603cb6c59c3473958e2483685d67efca931537bc59d37da0f06f7e0c7e29b3fa,OFFLINE_CLIENT_PROJECTION,,MUTE,mute_phone_download,,mute_phone_download,,,src_charge|src_hearing|src_mg_forms|src_parties|src_dates|client_claims_18,5781,,"CLIENT_SAFE | We are reviewing the papers in your case (Fraud by abuse of position, contrary to section 4 of the Fraud Act 2006). This is early-stage — nothing is final until we have full disclosure and your instructions. Some evidence is s"
sha:60f256684ed3df3de01a59594e925420e3786d311ef4a32fdab260ae9b7b2210,PDF-60f256684ed3,CB-TB-1046_Reynolds,60f256684ed3df3de01a59594e925420e3786d311ef4a32fdab260ae9b7b2210,OFFLINE_CLIENT_PROJECTION,,MUTE,mute_cad_999,,mute_cad_999,,,src_charge|src_hearing|src_mg_forms|src_parties|src_dates|src_cctv|src_cctv_stills|src_continuity|client_claims_18,9802,,"CLIENT_SAFE | We are reviewing the papers in your case (Wounding with intent to cause grievous bodily harm, s.18 OAPA 1861). This is early-stage — nothing is final until we have full disclosure and your instructions. Some evidence is still "
sha:61d67ac4fde89df2344745474820f016fa850538db9d398b5be2def0515a4d2b,PDF-61d67ac4fde8,CB-TB-603_Wright,61d67ac4fde89df2344745474820f016fa850538db9d398b5be2def0515a4d2b,OFFLINE_CLIENT_PROJECTION,,MUTE,mute_cctv_master,,mute_cctv_master,,,src_charge|src_hearing|src_mg_forms|src_parties|src_dates|src_cctv|src_continuity|client_claims_17,9632,,"CLIENT_SAFE | We are reviewing the papers in your case (Assault occasioning actual bodily harm, s.47 OAPA 1861). This is early-stage — nothing is final until we have full disclosure and your instructions. Some evidence is still outstanding "
sha:61d15aae51203fd4a1836c3bbe7675819893efb6b746817f8e63ab25e5e718c5,PDF-61d15aae5120,CB-TB-587_Grant,61d15aae51203fd4a1836c3bbe7675819893efb6b746817f8e63ab25e5e718c5,OFFLINE_CLIENT_PROJECTION,,MODALITY,modality_summary_vs_recording,,,modality_summary_vs_recording,,src_charge|src_hearing|src_mg_forms|src_parties|src_dates|src_continuity|client_claims_19,5204,,"CLIENT_SAFE | We are reviewing the papers in your case (Robbery, contrary to s.8 Theft Act 1968). This is early-stage — nothing is final until we have full disclosure and your instructions. Some evidence is still outstanding on the papers, "
sha:616d6d2e2fa695b14f790b0e42b8c1a26cbe8330907cb8d87671bcdc495d8a62,PDF-616d6d2e2fa6,CB-TB-1617_Rees,616d6d2e2fa695b14f790b0e42b8c1a26cbe8330907cb8d87671bcdc495d8a62,OFFLINE_CLIENT_PROJECTION,,MUTE,mute_cad_999,,mute_cad_999,,,src_charge|src_hearing|src_mg_forms|src_parties|src_dates|src_cctv|src_continuity|client_claims_17,6722,,"CLIENT_SAFE | We are reviewing the papers in your case (Offence Concealing, disguising, converting or transferring criminal property, contrary to section 327 Proceeds of Crime Act 2002). This is early-stage — nothing is final until we have "
sha:622cb504c06ba2d37a1801013c1a844c1440c1228123ea664b12a99299a8d92f,PDF-622cb504c06b,CB-TB-1995_Rahman,622cb504c06ba2d37a1801013c1a844c1440c1228123ea664b12a99299a8d92f,OFFLINE_CLIENT_PROJECTION,,MUTE,mute_phone_download,,mute_phone_download,,,src_charge|src_hearing|src_mg_forms|src_parties|src_dates|src_continuity|client_claims_18,3524,,"CLIENT_SAFE | We are reviewing the papers in your case (Possession of a controlled drug of Class A with intent to supply, contrary to section 5(3) of the Misuse of Drugs Act 1971). This is early-stage — nothing is final until we have full d"
sha:623996c4f69c6e7e491690ff84d93353d7f3b0fca745a93fd508b716f3af709d,PDF-623996c4f69c,CB-TB-998_Walsh,623996c4f69c6e7e491690ff84d93353d7f3b0fca745a93fd508b716f3af709d,OFFLINE_CLIENT_PROJECTION,,MUTE,mute_cctv_master,,mute_cctv_master,,,src_charge|src_hearing|src_mg_forms|src_parties|src_cctv|client_claims_16,4586,,"CLIENT_SAFE | We are reviewing the papers in your case (Having an article with a blade or point in a public place, contrary to section 139 of the Criminal Justice Act 1988). This is early-stage — nothing is final until we have full disclosu"
sha:6207655ecde58f618b5efd9eeef6c3ccbbabc7822524702b9fe413d5642c7914,PDF-6207655ecde5,CB-TB-519_Mitchell,6207655ecde58f618b5efd9eeef6c3ccbbabc7822524702b9fe413d5642c7914,OFFLINE_CLIENT_PROJECTION,,MODALITY,modality_summary_vs_recording,,mute_phone_download,modality_summary_vs_recording,,src_charge|src_hearing|src_mg_forms|src_parties|src_dates|src_continuity|client_claims_19,9583,,"CLIENT_SAFE | We are reviewing the papers in your case (Harassment, contrary to section 2 Protection from Harassment Act 1997). This is early-stage — nothing is final until we have full disclosure and your instructions. Some evidence is sti"
sha:6270c1f7d31a2b0586bbb0eeb0f33070818987f2430f46a0d964af3ef185982a,PDF-6270c1f7d31a,CB-TB-1952_Cotter,6270c1f7d31a2b0586bbb0eeb0f33070818987f2430f46a0d964af3ef185982a,OFFLINE_CLIENT_PROJECTION,,MUTE,mute_cctv_master,,mute_cctv_master,,,src_charge|src_hearing|src_mg_forms|src_parties|src_dates|src_cctv|src_continuity|client_claims_18,4514,,"CLIENT_SAFE | We are reviewing the papers in your case (Possession of a controlled drug of Class B, contrary to section 5(2) of the Misuse of Drugs). This is early-stage — nothing is final until we have full disclosure and your instructions"
sha:6274c8cdf9951d4b20e3565b02d66a00abb1b44c4ae3e4f781bb8e702778951b,PDF-6274c8cdf995,CB-TB-804_Okonkwo,6274c8cdf9951d4b20e3565b02d66a00abb1b44c4ae3e4f781bb8e702778951b,OFFLINE_CLIENT_PROJECTION,,MUTE,mute_export_log,,mute_export_log,,,src_charge|src_hearing|src_mg_forms|src_parties|src_dates|src_cctv|src_continuity|client_claims_19,5845,,"CLIENT_SAFE | We are reviewing the papers in your case (Robbery, contrary to s.8 Theft Act 1968). This is early-stage — nothing is final until we have full disclosure and your instructions. Some evidence is still outstanding on the papers, "
sha:626f0b19358068fc5263a3cb8f00f000527ad65755b144b6ced37ba6d77eb249,PDF-626f0b193580,CB-TB-1086_Dawson,626f0b19358068fc5263a3cb8f00f000527ad65755b144b6ced37ba6d77eb249,OFFLINE_CLIENT_PROJECTION,,MUTE,mute_cad_999,,mute_cad_999,,,src_charge|src_hearing|src_mg_forms|src_parties|src_dates|src_cctv|src_cctv_stills|src_continuity|client_claims_19,10573,,"CLIENT_SAFE | We are reviewing the papers in your case (Wounding with intent to cause grievous bodily harm, s.18 OAPA 1861). This is early-stage — nothing is final until we have full disclosure and your instructions. Some evidence is still "
sha:62aca56ab7f36eeac0644b40c9f7dabd61a32aaf7db5915a2739b54cc04fff9c,PDF-62aca56ab7f3,CB-TB-573_Patel,62aca56ab7f36eeac0644b40c9f7dabd61a32aaf7db5915a2739b54cc04fff9c,OFFLINE_CLIENT_PROJECTION,,MODALITY,modality_summary_vs_recording,,mute_cctv_master,modality_summary_vs_recording,,src_charge|src_hearing|src_mg_forms|src_parties|src_dates|src_cctv|src_continuity|client_claims_19,9722,,CLIENT_SAFE | We are reviewing the papers in your case (contrary to section 1 Assaults on Emergency Workers (Offences) Act 2018). This is early-stage — nothing is final until we have full disclosure and your instructions. Some evidence is s
sha:62a868c1213122b6b84bbdb573ae95cc93601776d832c5a0af25f4d1cc6d47f0,PDF-62a868c12131,CB-TB-1612_Moran,62a868c1213122b6b84bbdb573ae95cc93601776d832c5a0af25f4d1cc6d47f0,OFFLINE_CLIENT_PROJECTION,,MUTE,mute_cad_999,,mute_cad_999,,,src_charge|src_hearing|src_mg_forms|src_parties|src_dates|src_cctv|src_continuity|client_claims_17,12055,,"CLIENT_SAFE | We are reviewing the papers in your case (Offence Concealing, disguising, converting or transferring criminal property, contrary to section 327 Proceeds of Crime Act 2002). This is early-stage — nothing is final until we have "
sha:62ea413c865df38f64405582c6e5055598b2880a1a05ca4c44f35faef9c4584f,PDF-62ea413c865d,CB-TB-1710_Barker,62ea413c865df38f64405582c6e5055598b2880a1a05ca4c44f35faef9c4584f,OFFLINE_CLIENT_PROJECTION,,MUTE,mute_phone_download,,mute_phone_download,,,src_charge|src_hearing|src_mg_forms|src_parties|src_dates|client_claims_15,3373,,"CLIENT_SAFE | We are reviewing the papers in your case (Assault by beating of an emergency worker, contrary to section 1 of the Assaults on Emergency Workers (Offences) Act 2018). This is early-stage — nothing is final until we have full di"
sha:63c63b66d890ed9e0b6f4ab2579bef79a97f5052235f5412f4a8dc076aaed4f0,PDF-63c63b66d890,CB-TB-761_Clarke,63c63b66d890ed9e0b6f4ab2579bef79a97f5052235f5412f4a8dc076aaed4f0,OFFLINE_CLIENT_PROJECTION,,MUTE,mute_cctv_master,,mute_cctv_master,,,src_charge|src_hearing|src_mg_forms|src_parties|src_dates|src_cctv|client_claims_16,5037,,"CLIENT_SAFE | We are reviewing the papers in your case (Dangerous driving, contrary to section 2 Road Traffic Act 1988). This is early-stage — nothing is final until we have full disclosure and your instructions. Some evidence is still outs"
sha:63c900ef8148baf2a175a1ed30a3cfeb27270dbf4df7647812860423b0a7d13d,PDF-63c900ef8148,CB-TB-1991_Cotter,63c900ef8148baf2a175a1ed30a3cfeb27270dbf4df7647812860423b0a7d13d,OFFLINE_CLIENT_PROJECTION,,MUTE,mute_cctv_master,,mute_cctv_master|mute_phone_download|mute_cad_999,,,src_charge|src_hearing|src_mg_forms|src_parties|src_dates|src_cctv|src_continuity|client_claims_17,14960,,"CLIENT_SAFE | We are reviewing the papers in your case (Unlawful wounding, contrary to section 20 of the Offences against). This is early-stage — nothing is final until we have full disclosure and your instructions. Some evidence is still o"
sha:64517be58b0304695bae00b9a8d9f542477189702f17324db4b9a43d32617cf2,PDF-64517be58b03,CB-TB-436_Lloyd,64517be58b0304695bae00b9a8d9f542477189702f17324db4b9a43d32617cf2,OFFLINE_CLIENT_PROJECTION,,MODALITY,modality_screenshot_vs_download,,mute_cad_999,modality_screenshot_vs_download,,src_charge|src_hearing|src_mg_forms|src_parties|src_cctv|src_continuity|client_claims_17,9728,,"CLIENT_SAFE | We are reviewing the papers in your case (Primary charge:Possession of a controlled drug of Class B, contrary to section 5(2) Misuse of Drugs Act 1971). This is early-stage — nothing is final until we have full disclosure and "
sha:64a8df168a07d9fe4302e4baa6bfc98abfd6dc1cb6267e2c265cc4c2bc1a7aa5,PDF-64a8df168a07,CB-TB-1063_Marsh,64a8df168a07d9fe4302e4baa6bfc98abfd6dc1cb6267e2c265cc4c2bc1a7aa5,OFFLINE_CLIENT_PROJECTION,,MUTE,mute_phone_download,,mute_phone_download|mute_cad_999,,,src_charge|src_hearing|src_mg_forms|src_parties|src_dates|src_cctv|client_claims_17,5332,,"CLIENT_SAFE | We are reviewing the papers in your case (Burglary of a dwelling, contrary to section 9 Theft Act 1968). This is early-stage — nothing is final until we have full disclosure and your instructions. Some evidence is still outsta"
sha:65131fc9f3018404241c806abc7d602868c494ef14917e29f25729f7fe24131e,PDF-65131fc9f301,CB-TB-1902_Tobin,65131fc9f3018404241c806abc7d602868c494ef14917e29f25729f7fe24131e,OFFLINE_CLIENT_PROJECTION,,MUTE,mute_cctv_master,,mute_cctv_master|mute_phone_download|mute_cad_999,,,src_charge|src_hearing|src_mg_forms|src_parties|src_dates|src_cctv|src_continuity|client_claims_16,12053,,"CLIENT_SAFE | We are reviewing the papers in your case (Count 1: theft; Count 2: possession of a bladed article, contrary to). This is early-stage — nothing is final until we have full disclosure and your instructions. Some evidence is stil"
sha:6561e406079d781f5218af4b79850fbe565fe763e4c42b59801c72e5a8a4ca9f,PDF-6561e406079d,CB-TB-1923_Varga,6561e406079d781f5218af4b79850fbe565fe763e4c42b59801c72e5a8a4ca9f,OFFLINE_CLIENT_PROJECTION,,MUTE,mute_cctv_master,,mute_cctv_master|mute_phone_download|mute_cad_999,,,src_charge|src_hearing|src_mg_forms|src_parties|src_dates|src_cctv|src_continuity|client_claims_18,4329,,"CLIENT_SAFE | We are reviewing the papers in your case (Dangerous driving, contrary to section 2 Road Traffic Act 1988). This is early-stage — nothing is final until we have full disclosure and your instructions. Some evidence is still outs"
sha:658fe9bdff94c1243fa6349e71e42238d61dd372c7fbeadaa00d4f1e512d0766,PDF-658fe9bdff94,CB-TB-421_Coates,658fe9bdff94c1243fa6349e71e42238d61dd372c7fbeadaa00d4f1e512d0766,OFFLINE_CLIENT_PROJECTION,,MUTE,mute_phone_download,,mute_phone_download,,,src_charge|src_hearing|src_mg_forms|src_parties|src_cctv|src_continuity|client_claims_18,10793,,"CLIENT_SAFE | We are reviewing the papers in your case (Handling stolen goods, contrary to s.22 Theft Act 1968). This is early-stage — nothing is final until we have full disclosure and your instructions. Some evidence is still outstanding "
sha:65edb782ad8a7fe9916782601cd929e8f62237e655de5c41ecae3f96e411eb23,PDF-65edb782ad8a,CB-TB-638_Harper,65edb782ad8a7fe9916782601cd929e8f62237e655de5c41ecae3f96e411eb23,OFFLINE_CLIENT_PROJECTION,,MUTE,mute_cctv_master,,mute_cctv_master|mute_phone_download,,,src_charge|src_hearing|src_mg_forms|src_parties|src_dates|src_cctv|client_claims_16,3062,,"CLIENT_SAFE | We are reviewing the papers in your case (Possession of a controlled drug of Class B, namely cannabis, contrary to section 5(2) of the Misuse of Drugs Act 1971). This is early-stage — nothing is final until we have full disclo"
sha:661168462d1f2714dca92c803e638ffe7eb49b3837f1d6bcf461103daff11d94,PDF-661168462d1f,CB-TB-542_Brooks,661168462d1f2714dca92c803e638ffe7eb49b3837f1d6bcf461103daff11d94,OFFLINE_CLIENT_PROJECTION,,MODALITY,modality_summary_vs_recording,,mute_cctv_master,modality_summary_vs_recording,,src_charge|src_hearing|src_mg_forms|src_parties|src_dates|src_cctv|src_continuity|client_claims_19,4256,,"CLIENT_SAFE | We are reviewing the papers in your case (Burglary, contrary to section 9 Theft Act 1968). This is early-stage — nothing is final until we have full disclosure and your instructions. Some evidence is still outstanding on the p"
sha:6604856d89f56abecfbe0dea8c07657b09062538631d3c571c47f7ece2baea7c,PDF-6604856d89f5,CB-TB-517_Coleman,6604856d89f56abecfbe0dea8c07657b09062538631d3c571c47f7ece2baea7c,OFFLINE_CLIENT_PROJECTION,,MODALITY,modality_summary_vs_recording,,mute_cctv_master,modality_summary_vs_recording,,src_charge|src_hearing|src_mg_forms|src_parties|src_dates|src_cctv|src_continuity|client_claims_18,5530,,"CLIENT_SAFE | We are reviewing the papers in your case (Possession of a bladed article in a public place, contrary to section 139 Criminal Justice Act 1988). This is early-stage — nothing is final until we have full disclosure and your inst"
sha:66a3f89b5dc1237b664da649a0bf25841b5e0ab874697334ae643303a87be3c5,PDF-66a3f89b5dc1,CB-TB-764_Khan,66a3f89b5dc1237b664da649a0bf25841b5e0ab874697334ae643303a87be3c5,OFFLINE_CLIENT_PROJECTION,,MUTE,mute_cctv_master,,mute_cctv_master,,,src_charge|src_hearing|src_mg_forms|src_parties|src_dates|src_cctv|client_claims_16,5490,,"CLIENT_SAFE | We are reviewing the papers in your case (Driving a motor vehicle with alcohol concentration above the prescribed limit, contrary to section 5(1)(a) of the Road Traffic Act 1988). This is early-stage — nothing is final until w"
sha:66a5eaf8d577fc9c1ecb1258fab0c7ab478a2d35a9e2ba2d57f9f02d41f2cbc5,PDF-66a5eaf8d577,CB-TB-625_Clarke,66a5eaf8d577fc9c1ecb1258fab0c7ab478a2d35a9e2ba2d57f9f02d41f2cbc5,OFFLINE_CLIENT_PROJECTION,,MUTE,mute_cctv_master,,mute_cctv_master|mute_cad_999,,,src_charge|src_hearing|src_mg_forms|src_parties|src_dates|src_cctv|src_continuity|client_claims_16,4773,,"CLIENT_SAFE | We are reviewing the papers in your case (Robbery, contrary to s.8 Theft Act 1968). This is early-stage — nothing is final until we have full disclosure and your instructions. Some evidence is still outstanding on the papers, "
sha:66714b208fac4db0f7c81c009b129fb7518ccca43bcec476324ca7d1c0a9f6ed,PDF-66714b208fac,CB-TB-1013_Burke,66714b208fac4db0f7c81c009b129fb7518ccca43bcec476324ca7d1c0a9f6ed,OFFLINE_CLIENT_PROJECTION,,MUTE,mute_cad_999,,mute_cad_999,,,src_charge|src_hearing|src_mg_forms|src_parties|src_dates|src_cctv|src_cctv_stills|src_continuity|client_claims_16,6530,,"CLIENT_SAFE | We are reviewing the papers in your case (Affray, contrary to section 3 Public Order Act 1986). This is early-stage — nothing is final until we have full disclosure and your instructions. Some evidence is still outstanding on "
sha:66f6a88fb4a1cb9d05856620f7228f2033b0338ebf203d79931e3928ed2b669d,PDF-66f6a88fb4a1,CB-TB-507_Rees,66f6a88fb4a1cb9d05856620f7228f2033b0338ebf203d79931e3928ed2b669d,OFFLINE_CLIENT_PROJECTION,,MODALITY,modality_summary_vs_recording,,,modality_summary_vs_recording,,src_charge|src_hearing|src_mg_forms|src_parties|src_dates|src_continuity|client_claims_19,2685,,"CLIENT_SAFE | We are reviewing the papers in your case (Theft, contrary to s.1 Theft Act 1968). This is early-stage — nothing is final until we have full disclosure and your instructions. Some evidence is still outstanding on the papers, an"
sha:6730a3e4b1548f2845f6abbdb1e29b4848bcc87b6acac8ff3f95bbd1c66c0851,PDF-6730a3e4b154,CB-TB-1920_Kaur,6730a3e4b1548f2845f6abbdb1e29b4848bcc87b6acac8ff3f95bbd1c66c0851,OFFLINE_CLIENT_PROJECTION,,MUTE,mute_phone_download,,mute_phone_download,,,src_charge|src_hearing|src_mg_forms|src_parties|src_dates|src_cctv|src_continuity|client_claims_18,7017,,"CLIENT_SAFE | We are reviewing the papers in your case (Count 1: theft; Count 2: possession of a bladed article, contrary to). This is early-stage — nothing is final until we have full disclosure and your instructions. Some evidence is stil"
sha:66efca0530c962167f5a9bc5b1a22c2b852b195aa150d6d6586a31f74cfad3c2,PDF-66efca0530c9,CB-TB-559_Patel,66efca0530c962167f5a9bc5b1a22c2b852b195aa150d6d6586a31f74cfad3c2,OFFLINE_CLIENT_PROJECTION,,MODALITY,modality_summary_vs_recording,,,modality_summary_vs_recording,,src_charge|src_hearing|src_mg_forms|src_parties|src_dates|src_continuity|client_claims_19,9018,,"CLIENT_SAFE | We are reviewing the papers in your case (Possessing criminal property, contrary to section 329 Proceeds of Crime Act 2002). This is early-stage — nothing is final until we have full disclosure and your instructions. Some evid"
sha:681a215814f8603519339871908ed3525d21f66a20f21d4ed0a63351dfbbe6f0,PDF-681a215814f8,CB-TB-700_Parker,681a215814f8603519339871908ed3525d21f66a20f21d4ed0a63351dfbbe6f0,OFFLINE_CLIENT_PROJECTION,,MUTE,mute_cctv_master,,mute_cctv_master,,,src_charge|src_hearing|src_mg_forms|src_parties|src_dates|src_cctv|src_cctv_stills|src_continuity|client_claims_15,10463,,CLIENT_SAFE | We are reviewing the papers in your case (Doing an act tending and intended to pervert the course of public justice). This is early-stage — nothing is final until we have full disclosure and your instructions. Some evidence is
sha:68942a9e2a122322cea555d9c8f57b7de1c73f32f833d5976bef7e2c8b35a016,PDF-68942a9e2a12,CB-TB-751_Doyle,68942a9e2a122322cea555d9c8f57b7de1c73f32f833d5976bef7e2c8b35a016,OFFLINE_CLIENT_PROJECTION,,MUTE,mute_cctv_master,,mute_cctv_master,,,src_charge|src_hearing|src_mg_forms|src_parties|src_dates|src_cctv|src_cctv_stills|client_claims_16,5658,,"CLIENT_SAFE | We are reviewing the papers in your case (Possessing criminal property, contrary to section 329 of the Proceeds of Crime Act 2002). This is early-stage — nothing is final until we have full disclosure and your instructions. So"
sha:6903403e83136b34ae698c9f34745f7e7b0584b087a6a74a9d23b84772d99c0f,PDF-6903403e8313,CB-TB-156_Patel,6903403e83136b34ae698c9f34745f7e7b0584b087a6a74a9d23b84772d99c0f,OFFLINE_CLIENT_PROJECTION,,MUTE,mute_cad_999,,mute_cad_999,,,src_charge|src_hearing|src_mg_forms|src_parties|src_cctv|src_continuity|client_claims_18,6163,,"CLIENT_SAFE | We are reviewing the papers in your case (Driving without due care and attention, contrary to section 3 Road Traffic Act 1988). This is early-stage — nothing is final until we have full disclosure and your instructions. Some e"
sha:689cd77474c46bd04c2f3c994f1f733b533a61331c33da6bb79a33b7dd7cf017,PDF-689cd77474c4,CB-TB-674_Rees,689cd77474c46bd04c2f3c994f1f733b533a61331c33da6bb79a33b7dd7cf017,OFFLINE_CLIENT_PROJECTION,,MUTE,mute_cctv_master,,mute_cctv_master,,,src_charge|src_hearing|src_mg_forms|src_parties|src_dates|src_cctv|src_continuity|client_claims_16,7189,,"CLIENT_SAFE | We are reviewing the papers in your case (Assault by beating of an emergency worker, contrary to section 1 of the Assaults on Emergency Workers (Offences) Act 2018). This is early-stage — nothing is final until we have full di"
sha:694b9b99b6ccce380a5a70b1ded89eeac5adad2bfe7e929039e4a3cf574255e6,PDF-694b9b99b6cc,CB-TB-628_Turner,694b9b99b6ccce380a5a70b1ded89eeac5adad2bfe7e929039e4a3cf574255e6,OFFLINE_CLIENT_PROJECTION,,MUTE,mute_cctv_master,,mute_cctv_master,,,src_charge|src_hearing|src_mg_forms|src_parties|src_dates|src_cctv|src_continuity|client_claims_16,6364,,"CLIENT_SAFE | We are reviewing the papers in your case (Theft, contrary to s.1 Theft Act 1968). This is early-stage — nothing is final until we have full disclosure and your instructions. Some evidence is still outstanding on the papers, an"
sha:69a2d795e44c7d12c925a50ac2bd47ba136fdce6765b16a21c3c82b7503e0a5c,PDF-69a2d795e44c,CB-TB-753_Patterson,69a2d795e44c7d12c925a50ac2bd47ba136fdce6765b16a21c3c82b7503e0a5c,OFFLINE_CLIENT_PROJECTION,,MUTE,mute_cctv_master,,mute_cctv_master,,,src_charge|src_hearing|src_mg_forms|src_parties|src_dates|src_cctv|src_cctv_stills|client_claims_15,9864,,"CLIENT_SAFE | We are reviewing the papers in your case (Possessing criminal property, contrary to section 329 of the Proceeds of Crime Act 2002). This is early-stage — nothing is final until we have full disclosure and your instructions. So"
sha:69f46c4027ff8b9e9c7f4fba9eef6d46c8277f995c654d99158e7bf79c75d81c,PDF-69f46c4027ff,CB-TB-774_Quinn,69f46c4027ff8b9e9c7f4fba9eef6d46c8277f995c654d99158e7bf79c75d81c,OFFLINE_CLIENT_PROJECTION,,MUTE,mute_cctv_master,,mute_cctv_master,,,src_charge|src_hearing|src_mg_forms|src_parties|src_dates|src_cctv|src_continuity|client_claims_16,8068,,"CLIENT_SAFE | We are reviewing the papers in your case (Assault by beating of an emergency worker, contrary to section 1 of the Assaults on Emergency Workers (Offences) Act 2018). This is early-stage — nothing is final until we have full di"
sha:6a18e1a24a8446ff4e5cdcc92da04109a6a14ce024fac37a4fe88efd90831f7a,PDF-6a18e1a24a84,CB-TB-1030_Griffiths,6a18e1a24a8446ff4e5cdcc92da04109a6a14ce024fac37a4fe88efd90831f7a,OFFLINE_CLIENT_PROJECTION,,MUTE,mute_cad_999,,mute_cad_999,,,src_charge|src_hearing|src_mg_forms|src_parties|src_dates|src_cctv|src_cctv_stills|src_continuity|client_claims_17,8429,,"CLIENT_SAFE | We are reviewing the papers in your case (Possessing criminal property, contrary to section 329 Proceeds of Crime Act 2002). This is early-stage — nothing is final until we have full disclosure and your instructions. Some evid"
sha:6a670cc7a45e66ea83911e0fa721d86082a73aac7efe53834e51f57f9d1764e0,PDF-6a670cc7a45e,CB-TB-1535_Francis,6a670cc7a45e66ea83911e0fa721d86082a73aac7efe53834e51f57f9d1764e0,OFFLINE_CLIENT_PROJECTION,,MUTE,mute_cad_999,,mute_cad_999,,,src_charge|src_hearing|src_mg_forms|src_parties|src_cctv|src_cctv_stills|client_claims_16,6846,,"CLIENT_SAFE | We are reviewing the papers in your case (Handling stolen goods, contrary to s.22 Theft Act 1968). This is early-stage — nothing is final until we have full disclosure and your instructions. Some evidence is still outstanding "
sha:6aa74b0f439c2237f4ce54bb5cbde7ef0a581e8e022bf36d071c46ce331e19bb,PDF-6aa74b0f439c,CB-TB-694_Ross,6aa74b0f439c2237f4ce54bb5cbde7ef0a581e8e022bf36d071c46ce331e19bb,OFFLINE_CLIENT_PROJECTION,,MUTE,mute_cctv_master,,mute_cctv_master,,,src_charge|src_hearing|src_mg_forms|src_parties|src_dates|src_cctv|src_continuity|client_claims_14,5761,,"CLIENT_SAFE | We are reviewing the papers in your case (CB-TB-694_Ross.pdf). This is early-stage — nothing is final until we have full disclosure and your instructions. Some evidence is still outstanding on the papers, and we will update yo"
sha:6b147efaeef3fea1fd0f0e3214fe13a41e4ae8091ff39d38639677f4900e80ed,PDF-6b147efaeef3,CB-TB-1980_Doyle,6b147efaeef3fea1fd0f0e3214fe13a41e4ae8091ff39d38639677f4900e80ed,OFFLINE_CLIENT_PROJECTION,,MUTE,mute_phone_download,,mute_phone_download,,,src_charge|src_hearing|src_mg_forms|src_parties|src_dates|src_cctv|src_continuity|client_claims_20,4988,,"CLIENT_SAFE | We are reviewing the papers in your case (Robbery, contrary to s.8 Theft Act 1968). This is early-stage — nothing is final until we have full disclosure and your instructions. Some evidence is still outstanding on the papers, "
sha:6ae7a49336448f1ddb02568dbafc75b679587fab88753cf7cbce94edde572f7c,PDF-6ae7a4933644,CB-TB-1945_Lowry,6ae7a49336448f1ddb02568dbafc75b679587fab88753cf7cbce94edde572f7c,OFFLINE_CLIENT_PROJECTION,,MUTE,mute_phone_download,,mute_phone_download,,,src_charge|src_hearing|src_mg_forms|src_parties|src_dates|src_cctv|src_continuity|client_claims_21,13657,,"CLIENT_SAFE | We are reviewing the papers in your case (Theft, contrary to s.1 Theft Act 1968). This is early-stage — nothing is final until we have full disclosure and your instructions. There are multiple counts on the charge sheet, but t"
sha:6b3afef5130441701cc5705a34b3cd35b825ffd61a7b6075cc1860ba73e79a4e,PDF-6b3afef51304,CB-TB-2108_Ross,6b3afef5130441701cc5705a34b3cd35b825ffd61a7b6075cc1860ba73e79a4e,OFFLINE_CLIENT_PROJECTION,,MUTE,mute_cad_999,,mute_cad_999,,,src_charge|src_hearing|src_mg_forms|src_parties|src_dates|src_cctv|src_continuity|client_claims_17,4977,,"CLIENT_SAFE | We are reviewing the papers in your case (Offence Intimidating a witness, contrary to section 51 Criminal Justice and Public Order Act 1994). This is early-stage — nothing is final until we have full disclosure and your instru"
sha:6b22ef346c9a8d399ee706e696048d526e10594cc9ae3cc2f9ea41f840a9033c,PDF-6b22ef346c9a,CB-TB-464_Parker,6b22ef346c9a8d399ee706e696048d526e10594cc9ae3cc2f9ea41f840a9033c,OFFLINE_CLIENT_PROJECTION,,INVENT,invent_phone_download,invent_phone_download,,,,src_charge|src_hearing|src_mg_forms|src_parties|src_cctv|src_continuity|client_claims_18,4817,,"CLIENT_SAFE | We are reviewing the papers in your case (Primary charge:Affray, contrary to section 3 Public Order Act 1986). This is early-stage — nothing is final until we have full disclosure and your instructions. Some evidence is still "
sha:6b9bc26c01041f72f1103810beee9b47af1d50d95b34e7d2644abb49f1d7ae64,PDF-6b9bc26c0104,CB-TB-1966_Kellett,6b9bc26c01041f72f1103810beee9b47af1d50d95b34e7d2644abb49f1d7ae64,OFFLINE_CLIENT_PROJECTION,,MUTE,mute_cctv_master,,mute_cctv_master|mute_cad_999,,,src_charge|src_hearing|src_mg_forms|src_parties|src_dates|src_cctv|src_continuity|client_claims_18,7744,,"CLIENT_SAFE | We are reviewing the papers in your case (Burglary of a dwelling, contrary to section 9 of the Theft Act 1968). This is early-stage — nothing is final until we have full disclosure and your instructions. Some evidence is still"
sha:6ba45b0d4ccaceecdf03ea5b83b022b9b286bfd8a21772cf6fa45858e6b557b8,PDF-6ba45b0d4cca,CB-TB-743_Grant,6ba45b0d4ccaceecdf03ea5b83b022b9b286bfd8a21772cf6fa45858e6b557b8,OFFLINE_CLIENT_PROJECTION,,MUTE,mute_cctv_master,,mute_cctv_master,,,src_charge|src_hearing|src_mg_forms|src_parties|src_dates|src_cctv|src_cctv_stills|client_claims_18,10692,,"CLIENT_SAFE | We are reviewing the papers in your case (Possession of a controlled drug of Class B, namely cannabis, contrary to section 5(2) of the Misuse of Drugs Act 1971). This is early-stage — nothing is final until we have full disclo"
sha:6befe98e6b9400a37f8c7b24733e1524e97c691ab295ebb520a9e4d6389d8367,PDF-6befe98e6b94,CB-TB-795_Ross,6befe98e6b9400a37f8c7b24733e1524e97c691ab295ebb520a9e4d6389d8367,OFFLINE_CLIENT_PROJECTION,,MUTE,mute_cctv_master,,mute_cctv_master,,,src_charge|src_hearing|src_mg_forms|src_parties|src_dates|src_cctv|src_continuity|client_claims_15,4960,,"CLIENT_SAFE | We are reviewing the papers in your case (Statement of offence). This is early-stage — nothing is final until we have full disclosure and your instructions. Some evidence is still outstanding on the papers, and we will update "
sha:6c622932740293b4be3b3b7671010f38378a214f332b844fa481075a428fc779,PDF-6c6229327402,CB-TB-1048_Lloyd,6c622932740293b4be3b3b7671010f38378a214f332b844fa481075a428fc779,OFFLINE_CLIENT_PROJECTION,,MUTE,mute_cad_999,,mute_cad_999,,,src_charge|src_hearing|src_mg_forms|src_parties|src_dates|src_cctv|src_cctv_stills|src_continuity|client_claims_17,5206,,"CLIENT_SAFE | We are reviewing the papers in your case (Possession of cannabis, contrary to section 5(2) Misuse of Drugs Act 1971). This is early-stage — nothing is final until we have full disclosure and your instructions. Some evidence is"
sha:6ce5a5bde6c7ea915a725f9316f5a2064b5be0e42604bf1eca44118712a2bdad,PDF-6ce5a5bde6c7,CB-TB-1659_Moran,6ce5a5bde6c7ea915a725f9316f5a2064b5be0e42604bf1eca44118712a2bdad,OFFLINE_CLIENT_PROJECTION,,MUTE,mute_cad_999,,mute_cad_999,,,src_charge|src_hearing|src_mg_forms|src_parties|src_dates|src_cctv|src_continuity|client_claims_17,7062,,"CLIENT_SAFE | We are reviewing the papers in your case (Offence Using threatening or abusive words or behaviour, contrary to section 4 Public Order Act 1986). This is early-stage — nothing is final until we have full disclosure and your ins"
sha:6c943a2618833e6d07df39d00660355ec33b67daa0beda7fef3b7ece4412f73f,PDF-6c943a261883,CB-TB-816_Mitchell,6c943a2618833e6d07df39d00660355ec33b67daa0beda7fef3b7ece4412f73f,OFFLINE_CLIENT_PROJECTION,,MUTE,mute_cctv_master,,mute_cctv_master,,,src_charge|src_hearing|src_mg_forms|src_cctv|src_continuity|client_claims_18,12246,,"CLIENT_SAFE | We are reviewing the papers in your case (Main charge Harassment, contrary to section 2 of the Protection from Harassment Act 1997). This is early-stage — nothing is final until we have full disclosure and your instructions. S"
sha:6d1b27130bcef8aa69eeec49ae98a5d3100f398eb067fc63fb49efe4208a0933,PDF-6d1b27130bce,CB-TB-1670_Riley,6d1b27130bcef8aa69eeec49ae98a5d3100f398eb067fc63fb49efe4208a0933,OFFLINE_CLIENT_PROJECTION,,MUTE,mute_cad_999,,mute_cad_999,,,src_charge|src_hearing|src_mg_forms|src_parties|src_cctv|client_claims_16,2766,,"CLIENT_SAFE | We are reviewing the papers in your case (Robbery, contrary to s.8 Theft Act 1968). This is early-stage — nothing is final until we have full disclosure and your instructions. Some evidence is still outstanding on the papers, "
sha:6d289043330f917939ee6ddc35dc95ad9b8b79423eb407c40f0df3deb126d1ef,PDF-6d289043330f,CB-TB-775_Khan,6d289043330f917939ee6ddc35dc95ad9b8b79423eb407c40f0df3deb126d1ef,OFFLINE_CLIENT_PROJECTION,,MUTE,mute_cctv_master,,mute_cctv_master,,,src_charge|src_hearing|src_mg_forms|src_parties|src_dates|src_cctv|client_claims_16,6327,,"CLIENT_SAFE | We are reviewing the papers in your case (Assault by beating of an emergency worker, contrary to section 1 of the Assaults on Emergency Workers (Offences) Act 2018). This is early-stage — nothing is final until we have full di"
sha:6d2a9951a0122e276cf97c3a628eab4057b2078125c321427b42337591e90d82,PDF-6d2a9951a012,CB-TB-2078_Merritt,6d2a9951a0122e276cf97c3a628eab4057b2078125c321427b42337591e90d82,OFFLINE_CLIENT_PROJECTION,,MUTE,mute_export_log,,mute_export_log|mute_cad_999,,,src_charge|src_hearing|src_mg_forms|src_parties|src_dates|src_cctv|src_continuity|client_claims_17,5339,,"CLIENT_SAFE | We are reviewing the papers in your case (Theft, contrary to s.1 Theft Act 1968). This is early-stage — nothing is final until we have full disclosure and your instructions. Some evidence is still outstanding on the papers, an"
sha:6d5c8d435062c90b7867a1f7804c331f6b6cd65d8fb673495f87010f345c71cd,PDF-6d5c8d435062,CB-TB-2131_Sutton,6d5c8d435062c90b7867a1f7804c331f6b6cd65d8fb673495f87010f345c71cd,OFFLINE_CLIENT_PROJECTION,,MUTE,mute_cad_999,,mute_cad_999,,,src_charge|src_hearing|src_mg_forms|src_parties|src_dates|src_cctv|src_continuity|client_claims_17,8384,,"CLIENT_SAFE | We are reviewing the papers in your case (Having an offensive weapon, contrary to s.1(1) Prevention of Crime Act 1953). This is early-stage — nothing is final until we have full disclosure and your instructions. Some evidence "
sha:6da0c2e9ff2c7339c029a0facc3f2291011c3aaffbd133d13837b1b805994fcf,PDF-6da0c2e9ff2c,CB-TB-1990_Blythe,6da0c2e9ff2c7339c029a0facc3f2291011c3aaffbd133d13837b1b805994fcf,OFFLINE_CLIENT_PROJECTION,,MUTE,mute_phone_download,,mute_phone_download,,,src_charge|src_hearing|src_mg_forms|src_parties|src_dates|src_cctv|src_continuity|client_claims_19,5325,,"CLIENT_SAFE | We are reviewing the papers in your case (Fraud by false representation, s.2 Fraud Act 2006). This is early-stage — nothing is final until we have full disclosure and your instructions. Some evidence is still outstanding on th"
sha:6e3f57b7a535761f016f7494c810717b3ca15b91292d6ff34f33ed85f409cd69,PDF-6e3f57b7a535,CB-TB-2199_Hale,6e3f57b7a535761f016f7494c810717b3ca15b91292d6ff34f33ed85f409cd69,OFFLINE_CLIENT_PROJECTION,,MUTE,mute_cad_999,,mute_cad_999,,,src_charge|src_hearing|src_mg_forms|src_parties|src_dates|src_cctv|src_continuity|client_claims_17,8607,,"CLIENT_SAFE | We are reviewing the papers in your case (Having an offensive weapon, contrary to s.1(1) Prevention of Crime Act 1953). This is early-stage — nothing is final until we have full disclosure and your instructions. Some evidence "
sha:6e820c3808a16762ad8f7d67c7b1755a4a83a03581b220018e77a4516baf8134,PDF-6e820c3808a1,CB-TB-720_Clarke,6e820c3808a16762ad8f7d67c7b1755a4a83a03581b220018e77a4516baf8134,OFFLINE_CLIENT_PROJECTION,,MUTE,mute_cctv_master,,mute_cctv_master,,,src_charge|src_hearing|src_mg_forms|src_parties|src_dates|src_cctv|src_continuity|client_claims_16,6711,,"CLIENT_SAFE | We are reviewing the papers in your case (Burglary of a dwelling, contrary to section 9(1)(b) of the Theft Act 1968). This is early-stage — nothing is final until we have full disclosure and your instructions. Some evidence is"
sha:6ec3e291c2b17f3a85483f557466aa79e0fb874e90d5fbf4b9fe4fac09a63a91,PDF-6ec3e291c2b1,CB-TB-2085_Okonkwo,6ec3e291c2b17f3a85483f557466aa79e0fb874e90d5fbf4b9fe4fac09a63a91,OFFLINE_CLIENT_PROJECTION,,MUTE,mute_cad_999,,mute_cad_999,,,src_charge|src_hearing|src_mg_forms|src_parties|src_dates|src_cctv|src_continuity|client_claims_18,5535,,"CLIENT_SAFE | We are reviewing the papers in your case (Wounding with intent to cause grievous bodily harm, s.18 OAPA 1861). This is early-stage — nothing is final until we have full disclosure and your instructions. Some evidence is still "
sha:6f0e3810dccd299f80145f117a768538cada73744fe2c3361d3c774a64914929,PDF-6f0e3810dccd,CB-TB-633_Flint,6f0e3810dccd299f80145f117a768538cada73744fe2c3361d3c774a64914929,OFFLINE_CLIENT_PROJECTION,,MUTE,mute_cctv_master,,mute_cctv_master|mute_phone_download,,,src_charge|src_hearing|src_mg_forms|src_parties|src_dates|src_cctv|client_claims_16,5312,,"CLIENT_SAFE | We are reviewing the papers in your case (Possession of a controlled drug of Class A, namely cocaine, with intent to supply, contrary to section 5(3) of the Misuse of Drugs Act). This is early-stage — nothing is final until we"
sha:6f452189a76e4c6b13916235054d98981aaeb863789c2a09901927046c336195,PDF-6f452189a76e,CB-TB-785_Hughes,6f452189a76e4c6b13916235054d98981aaeb863789c2a09901927046c336195,OFFLINE_CLIENT_PROJECTION,,MUTE,mute_cctv_master,,mute_cctv_master,,,src_charge|src_hearing|src_mg_forms|src_parties|src_dates|src_cctv|src_cctv_stills|client_claims_17,7527,,"CLIENT_SAFE | We are reviewing the papers in your case (Robbery, contrary to s.8 Theft Act 1968). This is early-stage — nothing is final until we have full disclosure and your instructions. Some evidence is still outstanding on the papers, "
sha:6f6e7bed0d100885c731f6956f73bbc455ab75e4524738a15305c809848bebae,PDF-6f6e7bed0d10,CB-TB-1829_Hobbs,6f6e7bed0d100885c731f6956f73bbc455ab75e4524738a15305c809848bebae,OFFLINE_CLIENT_PROJECTION,,MUTE,mute_phone_download,,mute_phone_download,,,src_charge|src_hearing|src_mg_forms|src_parties|src_dates|src_cctv|client_claims_17,3191,,"CLIENT_SAFE | We are reviewing the papers in your case (Failing to stop after a road accident, contrary to section 170 of the Road Traffic Act 1988). This is early-stage — nothing is final until we have full disclosure and your instructions"
sha:6fc3a67ef1c6e8dae24bad88beeef1f70306a15a404d87c42e1d967a332cd739,PDF-6fc3a67ef1c6,CB-TB-486_Brennan,6fc3a67ef1c6e8dae24bad88beeef1f70306a15a404d87c42e1d967a332cd739,OFFLINE_CLIENT_PROJECTION,,MUTE,mute_phone_download,,mute_phone_download,,,src_charge|src_hearing|src_mg_forms|src_parties|src_cctv|src_continuity|client_claims_18,7901,,"CLIENT_SAFE | We are reviewing the papers in your case (Primary charge:Burglary, contrary to section 9(1)(b) Theft Act 1968). This is early-stage — nothing is final until we have full disclosure and your instructions. Some evidence is still"
sha:706517419c86a2b9844449ac2b475952dfb3ec4e06cb55b5a2ef5722c0502ea3,PDF-706517419c86,CB-TB-793_Rees,706517419c86a2b9844449ac2b475952dfb3ec4e06cb55b5a2ef5722c0502ea3,OFFLINE_CLIENT_PROJECTION,,MUTE,mute_cctv_master,,mute_cctv_master,,,src_charge|src_hearing|src_mg_forms|src_parties|src_dates|src_cctv|src_cctv_stills|client_claims_14,4499,,"CLIENT_SAFE | We are reviewing the papers in your case (CB-TB-793_Rees.pdf). This is early-stage — nothing is final until we have full disclosure and your instructions. Some evidence is still outstanding on the papers, and we will update yo"
sha:708444c31712d48ca4e62d792494e2a519e1612d4db628c3bf5d35c9fd87b485,PDF-708444c31712,CB-TB-1230_Coates,708444c31712d48ca4e62d792494e2a519e1612d4db628c3bf5d35c9fd87b485,OFFLINE_CLIENT_PROJECTION,,MUTE,mute_phone_download,,mute_phone_download|mute_cad_999,,,src_charge|src_hearing|src_mg_forms|src_parties|src_dates|src_cctv|src_continuity|client_claims_17,6185,,"CLIENT_SAFE | We are reviewing the papers in your case (Having an offensive weapon, contrary to s.1(1) Prevention of Crime Act 1953). This is early-stage — nothing is final until we have full disclosure and your instructions. Some evidence "
sha:7043b1bf7bb0cf9dc5976bae18b1bfc041a40c0986177968a01a3f137021ee3d,PDF-7043b1bf7bb0,CB-TB-1867_Hobbs,7043b1bf7bb0cf9dc5976bae18b1bfc041a40c0986177968a01a3f137021ee3d,OFFLINE_CLIENT_PROJECTION,,MUTE,mute_phone_download,,mute_phone_download,,,src_charge|src_hearing|src_mg_forms|src_parties|src_dates|src_continuity|client_claims_20,7874,,"CLIENT_SAFE | We are reviewing the papers in your case (Robbery, contrary to s.8 Theft Act 1968). This is early-stage — nothing is final until we have full disclosure and your instructions. Some evidence is still outstanding on the papers, "
sha:70ccb3f20ab68017cecccbf74e44bcf958ebfe66d4c69b42b11fc3295ae419ae,PDF-70ccb3f20ab6,CB-TB-784_Coleman,70ccb3f20ab68017cecccbf74e44bcf958ebfe66d4c69b42b11fc3295ae419ae,OFFLINE_CLIENT_PROJECTION,,MUTE,mute_cctv_master,,mute_cctv_master,,,src_charge|src_hearing|src_mg_forms|src_parties|src_dates|src_cctv|src_cctv_stills|src_continuity|client_claims_17,9350,,"CLIENT_SAFE | We are reviewing the papers in your case (Robbery, contrary to s.8 Theft Act 1968). This is early-stage — nothing is final until we have full disclosure and your instructions. Some evidence is still outstanding on the papers, "
sha:70e710fc07eb4979d2c5fea56cfe3f71dafbb4b9f30a0f8035f5a0fe2b85eff9,PDF-70e710fc07eb,CB-TB-847_Morgan,70e710fc07eb4979d2c5fea56cfe3f71dafbb4b9f30a0f8035f5a0fe2b85eff9,OFFLINE_CLIENT_PROJECTION,,MUTE,mute_cctv_master,,mute_cctv_master,,,src_charge|src_hearing|src_mg_forms|src_dates|src_continuity|client_claims_18,7254,,"CLIENT_SAFE | We are reviewing the papers in your case (Main charge Driving with excess alcohol, contrary to section 5 of the Road Traffic Act 1988). This is early-stage — nothing is final until we have full disclosure and your instructions"
sha:71a16d17b543213980feed479b5b948adf6615866e74ab17d4893ccb18b5ca56,PDF-71a16d17b543,CB-TB-1556_Stephens,71a16d17b543213980feed479b5b948adf6615866e74ab17d4893ccb18b5ca56,OFFLINE_CLIENT_PROJECTION,,MUTE,mute_cad_999,,mute_cad_999,,,src_charge|src_hearing|src_mg_forms|src_parties|src_cctv|src_cctv_stills|client_claims_16,3130,,"CLIENT_SAFE | We are reviewing the papers in your case (Fraud by false representation, s.2 Fraud Act 2006). This is early-stage — nothing is final until we have full disclosure and your instructions. Some evidence is still outstanding on th"
sha:7180fd1decd50a4925732d720d5e15da3ffbd6da4266d3d43c661b88c9290058,PDF-7180fd1decd5,CB-TB-290_Rowe,7180fd1decd50a4925732d720d5e15da3ffbd6da4266d3d43c661b88c9290058,OFFLINE_CLIENT_PROJECTION,,MUTE,mute_phone_download,,mute_phone_download,,,src_charge|src_hearing|src_mg_forms|src_parties|src_dates|client_claims_16,7398,,"CLIENT_SAFE | We are reviewing the papers in your case (Affray, contrary to section 3 of the Public Order Act 1986). This is early-stage — nothing is final until we have full disclosure and your instructions. Some evidence is still outstand"
sha:72573cdaf21781be3e719412994cf105c4639e1c1cbf51bf0cd70cdd94426a0f,PDF-72573cdaf217,CB-TB-876_Hayes,72573cdaf21781be3e719412994cf105c4639e1c1cbf51bf0cd70cdd94426a0f,OFFLINE_CLIENT_PROJECTION,,MUTE,mute_export_log,,mute_export_log,,,src_charge|src_hearing|src_mg_forms|src_parties|src_cctv|src_continuity|client_claims_20,6147,,"CLIENT_SAFE | We are reviewing the papers in your case (Robbery, contrary to s.8 Theft Act 1968). This is early-stage — nothing is final until we have full disclosure and your instructions. Some evidence is still outstanding on the papers, "
sha:72ccff0d54a8348bc3b7f8f1509fe0a54ca549667dbd9c5de44177454b469be8,PDF-72ccff0d54a8,CB-TB-330_Bishop,72ccff0d54a8348bc3b7f8f1509fe0a54ca549667dbd9c5de44177454b469be8,OFFLINE_CLIENT_PROJECTION,,MUTE,mute_phone_download,,mute_phone_download,,,src_charge|src_hearing|src_mg_forms|src_parties|src_dates|src_cctv|src_continuity|client_claims_17,6873,,"CLIENT_SAFE | We are reviewing the papers in your case (Possessing criminal property, contrary to section 329 of the Proceeds of Crime Act 2002). This is early-stage — nothing is final until we have full disclosure and your instructions. So"
sha:7289e524281bb8ad7df82957027553297219c2d974dd54e23d90c90f74cf1e6b,PDF-7289e524281b,CB-TB-769_Coleman,7289e524281bb8ad7df82957027553297219c2d974dd54e23d90c90f74cf1e6b,OFFLINE_CLIENT_PROJECTION,,MUTE,mute_cctv_master,,mute_cctv_master,,,src_charge|src_hearing|src_mg_forms|src_parties|src_dates|src_cctv|src_continuity|client_claims_16,9545,,"CLIENT_SAFE | We are reviewing the papers in your case (Assault by beating of an emergency worker, contrary to section 1 of the Assaults on Emergency Workers (Offences) Act 2018). This is early-stage — nothing is final until we have full di"
sha:7299aaf3e2d45d1717ee3b0508b9210e218df43f63298213b925486a5ed24004,PDF-7299aaf3e2d4,CB-TB-1656_Fraser,7299aaf3e2d45d1717ee3b0508b9210e218df43f63298213b925486a5ed24004,OFFLINE_CLIENT_PROJECTION,,MUTE,mute_cad_999,,mute_cad_999,,,src_charge|src_hearing|src_mg_forms|src_parties|src_dates|src_cctv|src_continuity|client_claims_17,7269,,"CLIENT_SAFE | We are reviewing the papers in your case (Theft, contrary to s.1 Theft Act 1968). This is early-stage — nothing is final until we have full disclosure and your instructions. Some evidence is still outstanding on the papers, an"
sha:72fb8156f02cc39f9820bad062ee4fad1bdbd2a81a281a4db979cf235a86de0b,PDF-72fb8156f02c,CB-TB-271_Daly,72fb8156f02cc39f9820bad062ee4fad1bdbd2a81a281a4db979cf235a86de0b,OFFLINE_CLIENT_PROJECTION,,MUTE,mute_phone_download,,mute_phone_download,,,src_charge|src_hearing|src_mg_forms|src_parties|src_dates|src_cctv|src_cctv_stills|src_continuity|client_claims_19,8838,,"CLIENT_SAFE | We are reviewing the papers in your case (Being concerned in the supply of a Class A controlled drug, contrary to section 4(3)(b) of the Misuse of Drugs Act 1971). This is early-stage — nothing is final until we have full disc"
sha:73426e72fdfed3c19ab7ccad7d870d428afcb08102f625a4f363750df4492a3b,PDF-73426e72fdfe,CB-TB-2098_Hayes,73426e72fdfed3c19ab7ccad7d870d428afcb08102f625a4f363750df4492a3b,OFFLINE_CLIENT_PROJECTION,,MUTE,mute_cad_999,,mute_cad_999,,,src_charge|src_hearing|src_mg_forms|src_parties|src_dates|src_cctv|src_continuity|client_claims_17,8706,,"CLIENT_SAFE | We are reviewing the papers in your case (Offence Harassment, contrary to section 2 Protection from Harassment Act 1997). This is early-stage — nothing is final until we have full disclosure and your instructions. Some evidenc"
sha:7384bafe3c7360518cca35387830bbbe7cd48e1d5ba2c763c7b7666cc4c5becc,PDF-7384bafe3c73,CB-TB-219_Tanner,7384bafe3c7360518cca35387830bbbe7cd48e1d5ba2c763c7b7666cc4c5becc,OFFLINE_CLIENT_PROJECTION,,MUTE,mute_phone_download,,mute_phone_download,,,src_charge|src_hearing|src_mg_forms|src_parties|src_dates|client_claims_18,5621,,"CLIENT_SAFE | We are reviewing the papers in your case (Possession of a Class B controlled drug with intent to supply, contrary to section 5(3) of the Misuse of Drugs Act 1971). This is early-stage — nothing is final until we have full disc"
sha:73b67c06c7af45b40a5850e5591df767b1c3fbee15c0a83d31f439dce9d85dc0,PDF-73b67c06c7af,CB-TB-258_Flynn,73b67c06c7af45b40a5850e5591df767b1c3fbee15c0a83d31f439dce9d85dc0,OFFLINE_CLIENT_PROJECTION,,MUTE,mute_phone_download,,mute_phone_download,,,src_charge|src_hearing|src_mg_forms|src_parties|src_dates|src_cctv|src_continuity|client_claims_18,9390,,"CLIENT_SAFE | We are reviewing the papers in your case (Unlawful wounding, contrary to section 20 of the Offences Against the Person Act 1861). This is early-stage — nothing is final until we have full disclosure and your instructions. Some"
sha:74322fc0a6757f232e1e61a3e8f239055447ba1b647ae1084b998a98a6b2a991,PDF-74322fc0a675,CB-TB-1834_Pike,74322fc0a6757f232e1e61a3e8f239055447ba1b647ae1084b998a98a6b2a991,OFFLINE_CLIENT_PROJECTION,,MUTE,mute_phone_download,,mute_phone_download,,,src_charge|src_hearing|src_mg_forms|src_parties|src_dates|src_continuity|client_claims_16,3383,,"CLIENT_SAFE | We are reviewing the papers in your case (CB-TB-1834_Pike.pdf). This is early-stage — nothing is final until we have full disclosure and your instructions. Some evidence is still outstanding on the papers, and we will update y"
sha:7404435f11c53281d720209450d5c55e4a019f7c79e37a74fa6c2e0b26208abf,PDF-7404435f11c5,CB-TB-1019_Coleman,7404435f11c53281d720209450d5c55e4a019f7c79e37a74fa6c2e0b26208abf,OFFLINE_CLIENT_PROJECTION,,MUTE,mute_cad_999,,mute_cad_999,,,src_charge|src_hearing|src_mg_forms|src_parties|src_dates|src_cctv|src_cctv_stills|src_continuity|client_claims_18,6895,,"CLIENT_SAFE | We are reviewing the papers in your case (Count 1: Burglary, contrary to section 9 Theft Act 1968; Count 2: Assault occasioning actual bodily). This is early-stage — nothing is final until we have full disclosure and your inst"
sha:748a52df47b51a25df2275aa2a55dc5bcaef2af83b2293667246ce9ca1d89ba8,PDF-748a52df47b5,CB-TB-877_Ahmed,748a52df47b51a25df2275aa2a55dc5bcaef2af83b2293667246ce9ca1d89ba8,OFFLINE_CLIENT_PROJECTION,,MUTE,mute_export_log,,mute_export_log|mute_cctv_master,,,src_charge|src_hearing|src_mg_forms|src_id_procedure|src_parties|src_dates|src_cctv|src_continuity|client_claims_18,5177,,"CLIENT_SAFE | We are reviewing the papers in your case (Theft, contrary to s.1 Theft Act 1968). This is early-stage — nothing is final until we have full disclosure and your instructions. Some evidence is still outstanding on the papers, an"
sha:75357313f354e611403c850f46bc1cfb2a85789210bdc87ab60751def1dbe9a9,PDF-75357313f354,CB-TB-696_Khan,75357313f354e611403c850f46bc1cfb2a85789210bdc87ab60751def1dbe9a9,OFFLINE_CLIENT_PROJECTION,,MUTE,mute_cctv_master,,mute_cctv_master,,,src_charge|src_hearing|src_mg_forms|src_parties|src_dates|src_cctv|src_cctv_stills|src_continuity|client_claims_14,7717,,"CLIENT_SAFE | We are reviewing the papers in your case (CB-TB-696_Khan.pdf). This is early-stage — nothing is final until we have full disclosure and your instructions. Some evidence is still outstanding on the papers, and we will update yo"
sha:751c46f16cc4bc8a112ac42d4e55cf4e71e876dd1ba051c0e35e349ca7c0f9fd,PDF-751c46f16cc4,CB-TB-572_Patel,751c46f16cc4bc8a112ac42d4e55cf4e71e876dd1ba051c0e35e349ca7c0f9fd,OFFLINE_CLIENT_PROJECTION,,MODALITY,modality_summary_vs_recording,,mute_cctv_master,modality_summary_vs_recording,,src_charge|src_hearing|src_mg_forms|src_parties|src_dates|src_cctv|src_continuity|client_claims_18,8532,,"CLIENT_SAFE | We are reviewing the papers in your case (Possession of a controlled drug of Class A with intent to supply, contrary to section 5(3) Misuse of Drugs Act 1971). This is early-stage — nothing is final until we have full disclosu"
sha:75394b0b0da14d3a2492cc717fa8165d7f07706a20eb478fe47da69d51c6adc6,PDF-75394b0b0da1,CB-TB-004_Coates,75394b0b0da14d3a2492cc717fa8165d7f07706a20eb478fe47da69d51c6adc6,OFFLINE_CLIENT_PROJECTION,,MUTE,mute_phone_download,,mute_phone_download,,,src_charge|src_hearing|src_mg_forms|src_parties|src_cctv_stills|src_continuity|client_claims_17,9604,,"CLIENT_SAFE | We are reviewing the papers in your case (Offence Burglary of a dwelling, contrary to section 9(1)(b) of the Theft Act 1968). This is early-stage — nothing is final until we have full disclosure and your instructions. Some evi"
sha:75accda0d1775b8346d2f62035ae876f915f88e5e151584d51cb0a7ab41ce5f4,PDF-75accda0d177,CB-TB-1076_Porter,75accda0d1775b8346d2f62035ae876f915f88e5e151584d51cb0a7ab41ce5f4,OFFLINE_CLIENT_PROJECTION,,MUTE,mute_cad_999,,mute_cad_999,,,src_charge|src_hearing|src_mg_forms|src_parties|src_dates|src_cctv|src_cctv_stills|src_continuity|client_claims_16,5002,,CLIENT_SAFE | We are reviewing the papers in your case (Doing an act tending and intended to pervert the course of public justice). This is early-stage — nothing is final until we have full disclosure and your instructions. Some evidence is
sha:761d6db8907f58e8262dae457d080c8b7140dc168e19d2f121cb0a907a2d2bfa,PDF-761d6db8907f,CB-TB-1679_Hale,761d6db8907f58e8262dae457d080c8b7140dc168e19d2f121cb0a907a2d2bfa,OFFLINE_CLIENT_PROJECTION,,MUTE,mute_cad_999,,mute_cad_999,,,src_charge|src_hearing|src_mg_forms|src_parties|src_dates|src_cctv|client_claims_16,4242,,"CLIENT_SAFE | We are reviewing the papers in your case (Offence Intimidating a witness, contrary to section 51 Criminal Justice and Public Order Act 1994). This is early-stage — nothing is final until we have full disclosure and your instru"
sha:760fb526d347fbcb24eb58b4181f05198420a946bd028c59205d1dd54cead199,PDF-760fb526d347,CB-TB-136_Wright,760fb526d347fbcb24eb58b4181f05198420a946bd028c59205d1dd54cead199,OFFLINE_CLIENT_PROJECTION,,MUTE,mute_cad_999,,mute_cad_999,,,src_charge|src_hearing|src_mg_forms|src_parties|src_cctv|src_cctv_stills|src_continuity|client_claims_17,14824,,"CLIENT_SAFE | We are reviewing the papers in your case (Conspiracy burglary). This is early-stage — nothing is final until we have full disclosure and your instructions. Some evidence is still outstanding on the papers, and we will update y"
sha:76a23242e8aa56c209108146e9b4ebda94ecb25c9496cf60adc27f75c60395b6,PDF-76a23242e8aa,CB-TB-1958_Rourke,76a23242e8aa56c209108146e9b4ebda94ecb25c9496cf60adc27f75c60395b6,OFFLINE_CLIENT_PROJECTION,,MUTE,mute_cctv_master,,mute_cctv_master|mute_phone_download|mute_cad_999,,,src_charge|src_hearing|src_mg_forms|src_parties|src_dates|src_cctv|src_continuity|client_claims_18,7398,,"CLIENT_SAFE | We are reviewing the papers in your case (Burglary of a dwelling, contrary to section 9 of the Theft Act 1968). This is early-stage — nothing is final until we have full disclosure and your instructions. Some evidence is still"
sha:76d5ab2a229bfd16475064af982d15ed8f16f9e23421f8c14c94a46382c4e5ca,PDF-76d5ab2a229b,CB-TB-1552_Barnes,76d5ab2a229bfd16475064af982d15ed8f16f9e23421f8c14c94a46382c4e5ca,OFFLINE_CLIENT_PROJECTION,,MUTE,mute_cad_999,,mute_cad_999,,,src_charge|src_hearing|src_mg_forms|src_parties|src_cctv|src_cctv_stills|client_claims_16,3201,,"CLIENT_SAFE | We are reviewing the papers in your case (Offence Driving with a specified controlled drug above the prescribed limit, contrary to section 5A of the Road Traffic Act 1988). This is early-stage — nothing is final until we have "
sha:76ef428e100029f6e5325b572ee2c0d0f23c72208720fe90c814f0f7bd626eee,PDF-76ef428e1000,CB-TB-466_Coleman,76ef428e100029f6e5325b572ee2c0d0f23c72208720fe90c814f0f7bd626eee,OFFLINE_CLIENT_PROJECTION,,INVENT,invent_phone_download,invent_phone_download,,,,src_charge|src_hearing|src_mg_forms|src_parties|src_cctv|src_continuity|client_claims_18,6548,,"CLIENT_SAFE | We are reviewing the papers in your case (Primary charge:Affray, contrary to section 3 Public Order Act 1986). This is early-stage — nothing is final until we have full disclosure and your instructions. Some evidence is still "
sha:76e38ed4d7c88b44563483f88cb2f1976e1c6d9460d3f82126209dacd31f5f9f,PDF-76e38ed4d7c8,CB-TB-535_Rees,76e38ed4d7c88b44563483f88cb2f1976e1c6d9460d3f82126209dacd31f5f9f,OFFLINE_CLIENT_PROJECTION,,MODALITY,modality_summary_vs_recording,,,modality_summary_vs_recording,,src_charge|src_hearing|src_mg_forms|src_parties|src_dates|src_continuity|client_claims_18,8338,,"CLIENT_SAFE | We are reviewing the papers in your case (Having an offensive weapon, contrary to s.1(1) Prevention of Crime Act 1953). This is early-stage — nothing is final until we have full disclosure and your instructions. Some evidence "
sha:771871263afc9a90084cd552156d77846205c280568dbb849a131afecf9ec986,PDF-771871263afc,CB-TB-765_Coleman,771871263afc9a90084cd552156d77846205c280568dbb849a131afecf9ec986,OFFLINE_CLIENT_PROJECTION,,MUTE,mute_cctv_master,,mute_cctv_master,,,src_charge|src_hearing|src_mg_forms|src_parties|src_dates|src_cctv|src_continuity|client_claims_16,6420,,"CLIENT_SAFE | We are reviewing the papers in your case (Driving a motor vehicle with alcohol concentration above the prescribed limit, contrary to section 5(1)(a) of the Road Traffic Act 1988). This is early-stage — nothing is final until w"
sha:772d043564bd012de07d36461ec5ef5c2a3e8315d05419d028817da88f708c35,PDF-772d043564bd,CB-TB-1242_Blake,772d043564bd012de07d36461ec5ef5c2a3e8315d05419d028817da88f708c35,OFFLINE_CLIENT_PROJECTION,,MUTE,mute_phone_download,,mute_phone_download,,,src_charge|src_hearing|src_mg_forms|src_parties|src_dates|src_cctv|client_claims_20,4296,,"CLIENT_SAFE | We are reviewing the papers in your case (Robbery, contrary to s.8 Theft Act 1968). This is early-stage — nothing is final until we have full disclosure and your instructions. Some evidence is still outstanding on the papers, "
sha:772ead55442ef44be6982d2baeb1c033a5f344fa6a020667779e5e7003c9e145,PDF-772ead55442e,CB-TB-609_Thornton,772ead55442ef44be6982d2baeb1c033a5f344fa6a020667779e5e7003c9e145,OFFLINE_CLIENT_PROJECTION,,MUTE,mute_cctv_master,,mute_cctv_master|mute_phone_download,,,src_charge|src_hearing|src_mg_forms|src_parties|src_dates|src_cctv|src_continuity|client_claims_16,6644,,"CLIENT_SAFE | We are reviewing the papers in your case (Wounding with intent to cause grievous bodily harm, s.18 OAPA 1861). This is early-stage — nothing is final until we have full disclosure and your instructions. Some evidence is still "
sha:775e5d6496766a798ff39637fb78b668983a45125f71b5370577eff977fc2132,PDF-775e5d649676,CB-TB-717_Thornton,775e5d6496766a798ff39637fb78b668983a45125f71b5370577eff977fc2132,OFFLINE_CLIENT_PROJECTION,,MUTE,mute_cctv_master,,mute_cctv_master,,,src_charge|src_hearing|src_mg_forms|src_parties|src_dates|src_cctv|src_continuity|client_claims_16,6263,,"CLIENT_SAFE | We are reviewing the papers in your case (Theft, contrary to s.1 Theft Act 1968). This is early-stage — nothing is final until we have full disclosure and your instructions. Some evidence is still outstanding on the papers, an"
sha:774cfc85a370a2bac1b38a800738493037da77728bc6e6051dae077ec853d75f,PDF-774cfc85a370,CB-TB-1018_Dawson,774cfc85a370a2bac1b38a800738493037da77728bc6e6051dae077ec853d75f,OFFLINE_CLIENT_PROJECTION,,MUTE,mute_phone_download,,mute_phone_download|mute_cad_999,,,src_charge|src_hearing|src_mg_forms|src_parties|src_dates|src_cctv|client_claims_18,5600,,"CLIENT_SAFE | We are reviewing the papers in your case (Robbery, contrary to s.8 Theft Act 1968). This is early-stage — nothing is final until we have full disclosure and your instructions. Some evidence is still outstanding on the papers, "
sha:7874ccdd6d020f1287a3816d911121b9cdfff3953fb01ed4cd0bab7b490c1010,PDF-7874ccdd6d02,CB-TB-756_Patterson,7874ccdd6d020f1287a3816d911121b9cdfff3953fb01ed4cd0bab7b490c1010,OFFLINE_CLIENT_PROJECTION,,MUTE,mute_cctv_master,,mute_cctv_master|mute_phone_download,,,src_charge|src_hearing|src_mg_forms|src_parties|src_dates|src_cctv|client_claims_16,3602,,"CLIENT_SAFE | We are reviewing the papers in your case (Driving a motor vehicle with alcohol concentration above the prescribed limit, contrary to section 5(1)(a) of the Road Traffic Act 1988). This is early-stage — nothing is final until w"
sha:787e7e3caa1db684aae1031e7076db039e593ba2d6b332290200d3f60d06de7f,PDF-787e7e3caa1d,CB-TB-500_Shaw,787e7e3caa1db684aae1031e7076db039e593ba2d6b332290200d3f60d06de7f,OFFLINE_CLIENT_PROJECTION,,MODALITY,modality_screenshot_vs_download,,,modality_screenshot_vs_download,,src_charge|src_hearing|src_mg_forms|src_parties|src_cctv|src_continuity|client_claims_19,3446,,"CLIENT_SAFE | We are reviewing the papers in your case (Primary charge:Being concerned in the supply of a controlled drug of Class A, contrary to section 4(3)(b) Misuse of). This is early-stage — nothing is final until we have full disclosu"
sha:78a0d1c4846e1912c50698ba474cd19e3f183596c8cf4db8322fe88125411336,PDF-78a0d1c4846e,CB-TB-1382_Holt,78a0d1c4846e1912c50698ba474cd19e3f183596c8cf4db8322fe88125411336,OFFLINE_CLIENT_PROJECTION,,MUTE,mute_phone_download,,mute_phone_download,,,src_charge|src_hearing|src_mg_forms|src_id_procedure|src_parties|src_dates|src_cctv|src_continuity|client_claims_16,8211,,"CLIENT_SAFE | We are reviewing the papers in your case (Being concerned in the supply of a controlled drug of Class A, contrary to section 4(3)(b) of the Misuse of Drugs). This is early-stage — nothing is final until we have full disclosure"
sha:7996a909402d1618b5918301ec5028cd36e56081b76b423648bb2fa798ed17f8,PDF-7996a909402d,CB-TB-1666_Walsh,7996a909402d1618b5918301ec5028cd36e56081b76b423648bb2fa798ed17f8,OFFLINE_CLIENT_PROJECTION,,MUTE,mute_cad_999,,mute_cad_999,,,src_charge|src_hearing|src_mg_forms|src_parties|src_dates|src_cctv|client_claims_16,2571,,"CLIENT_SAFE | We are reviewing the papers in your case (Offence Affray, contrary to section 3 Public Order Act 1986). This is early-stage — nothing is final until we have full disclosure and your instructions. Some evidence is still outstan"
sha:79849120f31c9ebbca4814387180a93cccdd952c5c5f0b4cdca86faab93dba5e,PDF-79849120f31c,CB-TB-566_Morgan,79849120f31c9ebbca4814387180a93cccdd952c5c5f0b4cdca86faab93dba5e,OFFLINE_CLIENT_PROJECTION,,MODALITY,modality_summary_vs_recording,,,modality_summary_vs_recording,,src_charge|src_hearing|src_mg_forms|src_parties|src_dates|src_continuity|client_claims_19,3637,,"CLIENT_SAFE | We are reviewing the papers in your case (Burglary, contrary to section 9 Theft Act 1968). This is early-stage — nothing is final until we have full disclosure and your instructions. Some evidence is still outstanding on the p"
sha:797bc9c286d17b98f325a9df3ae858f64f4fc8643d0ab59185602d1089ea67d5,PDF-797bc9c286d1,CB-TB-1555_Newton,797bc9c286d17b98f325a9df3ae858f64f4fc8643d0ab59185602d1089ea67d5,OFFLINE_CLIENT_PROJECTION,,MUTE,mute_cad_999,,mute_cad_999,,,src_charge|src_hearing|src_mg_forms|src_parties|src_cctv|src_cctv_stills|src_continuity|client_claims_17,3658,,"CLIENT_SAFE | We are reviewing the papers in your case (Robbery, contrary to s.8 Theft Act 1968). This is early-stage — nothing is final until we have full disclosure and your instructions. Some evidence is still outstanding on the papers, "
sha:79f44f24d634cd2f95c0f7196a2b30f7f3f39dd268be98e28ef4ecbe617a8dbc,PDF-79f44f24d634,CB-TB-1928_Stone,79f44f24d634cd2f95c0f7196a2b30f7f3f39dd268be98e28ef4ecbe617a8dbc,OFFLINE_CLIENT_PROJECTION,,MUTE,mute_cctv_master,,mute_cctv_master|mute_phone_download,,,src_charge|src_hearing|src_mg_forms|src_parties|src_dates|src_cctv|src_continuity|client_claims_18,3518,,"CLIENT_SAFE | We are reviewing the papers in your case (Possession of a controlled drug of Class B, contrary to section 5(2) of the Misuse of Drugs). This is early-stage — nothing is final until we have full disclosure and your instructions"
sha:79cf2d0474372361879405ea9cce01113ff77098a4013408d7b6f7dbc3b3ae54,PDF-79cf2d047437,CB-TB-649_Bennett,79cf2d0474372361879405ea9cce01113ff77098a4013408d7b6f7dbc3b3ae54,OFFLINE_CLIENT_PROJECTION,,MUTE,mute_cctv_master,,mute_cctv_master,,,src_charge|src_hearing|src_mg_forms|src_parties|src_dates|src_cctv|src_cctv_stills|src_continuity|client_claims_15,7788,,"CLIENT_SAFE | We are reviewing the papers in your case (Possessing criminal property, contrary to section 329 of the Proceeds of Crime Act 2002). This is early-stage — nothing is final until we have full disclosure and your instructions. So"
sha:79ab2ce7f35cb3112f261e2f22b83b1cd15fa731439dd7d90c343480929b08a5,PDF-79ab2ce7f35c,CB-TB-1784_Nolan,79ab2ce7f35cb3112f261e2f22b83b1cd15fa731439dd7d90c343480929b08a5,OFFLINE_CLIENT_PROJECTION,,MUTE,mute_phone_download,,mute_phone_download,,,src_charge|src_hearing|src_mg_forms|src_parties|src_dates|src_cctv|client_claims_20,5778,,"CLIENT_SAFE | We are reviewing the papers in your case (Possession of a controlled drug of Class A with intent to supply, contrary to section 5(3) of the Misuse of Drugs Act 1971). This is early-stage — nothing is final until we have full d"
sha:7a4d2ab488e9427b7d082f58442da26d50b3be9a4b5aacdc509de1e61536fa35,PDF-7a4d2ab488e9,CB-TB-567_Ali,7a4d2ab488e9427b7d082f58442da26d50b3be9a4b5aacdc509de1e61536fa35,OFFLINE_CLIENT_PROJECTION,,MODALITY,modality_summary_vs_recording,,mute_cctv_master,modality_summary_vs_recording,,src_charge|src_hearing|src_mg_forms|src_parties|src_dates|src_cctv|src_continuity|client_claims_18,3279,,"CLIENT_SAFE | We are reviewing the papers in your case (Possession of a controlled drug of Class A with intent to supply, contrary to section 5(3) Misuse of Drugs Act 1971). This is early-stage — nothing is final until we have full disclosu"
sha:7a47657993e764822cbe77f04beee9d1dec8ca040f85f532b941a91b6a14fbbd,PDF-7a47657993e7,CB-TB-1568_Marsh,7a47657993e764822cbe77f04beee9d1dec8ca040f85f532b941a91b6a14fbbd,OFFLINE_CLIENT_PROJECTION,,MUTE,mute_phone_download,,mute_phone_download,,,src_charge|src_hearing|src_mg_forms|src_parties|src_cctv|src_cctv_stills|src_continuity|client_claims_19,7383,,"CLIENT_SAFE | We are reviewing the papers in your case (Wounding with intent to cause grievous bodily harm, s.18 OAPA 1861). This is early-stage — nothing is final until we have full disclosure and your instructions. Some evidence is still "
sha:7adcaef8277eea07d914f891b61d900b5f3f1b8ee263e8396513c4c9e9e7ef0f,PDF-7adcaef8277e,CB-TB-657_Bennett,7adcaef8277eea07d914f891b61d900b5f3f1b8ee263e8396513c4c9e9e7ef0f,OFFLINE_CLIENT_PROJECTION,,MUTE,mute_cctv_master,,mute_cctv_master|mute_phone_download,,,src_charge|src_hearing|src_mg_forms|src_parties|src_dates|src_cctv|client_claims_16,6465,,"CLIENT_SAFE | We are reviewing the papers in your case (Driving a motor vehicle with alcohol concentration above the prescribed limit, contrary to section 5(1)(a) of the Road Traffic Act 1988). This is early-stage — nothing is final until w"
sha:7a9c9de7ddfe52e318f5cd5811c851c3b78e8b3d274d916821eac0c68b7ea988,PDF-7a9c9de7ddfe,CB-TB-831_Reed,7a9c9de7ddfe52e318f5cd5811c851c3b78e8b3d274d916821eac0c68b7ea988,OFFLINE_CLIENT_PROJECTION,,MUTE,mute_cctv_master,,mute_cctv_master,,,src_charge|src_hearing|src_mg_forms|src_parties|src_cctv|src_continuity|client_claims_17,3982,,"CLIENT_SAFE | We are reviewing the papers in your case (Main charge Affray, contrary to section 3 of the Public Order Act 1986). This is early-stage — nothing is final until we have full disclosure and your instructions. Some evidence is st"
sha:7b1ae74d5acc1a04cff5987d04a46c4a374bc24f136fb3e45a9904b3a1eedadb,PDF-7b1ae74d5acc,CB-TB-1826_Morris,7b1ae74d5acc1a04cff5987d04a46c4a374bc24f136fb3e45a9904b3a1eedadb,OFFLINE_CLIENT_PROJECTION,,MUTE,mute_phone_download,,mute_phone_download,,,src_charge|src_hearing|src_mg_forms|src_parties|client_claims_18,4770,,"CLIENT_SAFE | We are reviewing the papers in your case (Driving with excess alcohol, contrary to section 5 of the Road Traffic Act 1988). This is early-stage — nothing is final until we have full disclosure and your instructions. Some evide"
sha:7b9e69cd44ec82ff1cd5bb06646eca1dcc2d756f6d823f54125d5ad29e91e663,PDF-7b9e69cd44ec,CB-TB-757_Parker,7b9e69cd44ec82ff1cd5bb06646eca1dcc2d756f6d823f54125d5ad29e91e663,OFFLINE_CLIENT_PROJECTION,,MUTE,mute_export_log,,mute_export_log|mute_cctv_master,,,src_charge|src_hearing|src_mg_forms|src_parties|src_dates|src_cctv|client_claims_16,5184,,"CLIENT_SAFE | We are reviewing the papers in your case (Driving a motor vehicle with alcohol concentration above the prescribed limit, contrary to section 5(1)(a) of the Road Traffic Act 1988). This is early-stage — nothing is final until w"
sha:7b73d6caf88604d8e7e5e2e0ea2dd13ddd3e9dde21a50c69b8d2f6e5878fd2b9,PDF-7b73d6caf886,CB-TB-445_Byrne,7b73d6caf88604d8e7e5e2e0ea2dd13ddd3e9dde21a50c69b8d2f6e5878fd2b9,OFFLINE_CLIENT_PROJECTION,,MODALITY,modality_screenshot_vs_download,,,modality_screenshot_vs_download,,src_charge|src_hearing|src_mg_forms|src_parties|src_cctv|src_continuity|client_claims_17,9728,,"CLIENT_SAFE | We are reviewing the papers in your case (Primary charge:Possessing criminal property, contrary to section 329 Proceeds of Crime Act 2002). This is early-stage — nothing is final until we have full disclosure and your instruct"
sha:7bef225ecd707d9595c0a703412fc19e3d0f1fab117a5b53d8e19a4d38790840,PDF-7bef225ecd70,CB-TB-1771_Slater,7bef225ecd707d9595c0a703412fc19e3d0f1fab117a5b53d8e19a4d38790840,OFFLINE_CLIENT_PROJECTION,,MUTE,mute_phone_download,,mute_phone_download,,,src_charge|src_hearing|src_mg_forms|src_parties|src_cctv|src_continuity|client_claims_19,6518,,"CLIENT_SAFE | We are reviewing the papers in your case (Theft, contrary to s.1 Theft Act 1968). This is early-stage — nothing is final until we have full disclosure and your instructions. Some evidence is still outstanding on the papers, an"
sha:7c0e46f69ad9e12915c64adaa3c2ab6c77d00d212ae528234af2851aba7951d3,PDF-7c0e46f69ad9,CB-TB-502_Marsh,7c0e46f69ad9e12915c64adaa3c2ab6c77d00d212ae528234af2851aba7951d3,OFFLINE_CLIENT_PROJECTION,,MODALITY,modality_summary_vs_recording,,,modality_summary_vs_recording,,src_charge|src_hearing|src_mg_forms|src_parties|src_dates|src_continuity|client_claims_18,4575,,"CLIENT_SAFE | We are reviewing the papers in your case (Possession of a controlled drug of Class B, contrary to section 5(2) Misuse of Drugs Act 1971). This is early-stage — nothing is final until we have full disclosure and your instructio"
sha:7c0482b064c447d59fdf93ea23a04183db384641dee97ca324c0b141375087aa,PDF-7c0482b064c4,CB-TB-802_Thornton,7c0482b064c447d59fdf93ea23a04183db384641dee97ca324c0b141375087aa,OFFLINE_CLIENT_PROJECTION,,MUTE,mute_cctv_master,,mute_cctv_master,,,src_charge|src_hearing|src_mg_forms|src_parties|src_dates|src_cctv|src_continuity|client_claims_18,5053,,"CLIENT_SAFE | We are reviewing the papers in your case (Unlawful wounding, contrary to section 20 of the Offences Against the Person Act). This is early-stage — nothing is final until we have full disclosure and your instructions. Some evid"
sha:7c20b1986087c4248ac36de09f453b65e6502522dda37296e4db6a2ebdf04844,PDF-7c20b1986087,CB-TB-2187_Grant,7c20b1986087c4248ac36de09f453b65e6502522dda37296e4db6a2ebdf04844,OFFLINE_CLIENT_PROJECTION,,MUTE,mute_cad_999,,mute_cad_999,,,src_charge|src_hearing|src_mg_forms|src_parties|src_dates|src_cctv|src_continuity|client_claims_17,10283,,"CLIENT_SAFE | We are reviewing the papers in your case (Theft, contrary to s.1 Theft Act 1968). This is early-stage — nothing is final until we have full disclosure and your instructions. Some evidence is still outstanding on the papers, an"
sha:7c81c819827861b6c3b15aa8fe51b5fba5e6e08037eb888b8689849be445d8e5,PDF-7c81c8198278,CB-TB-1544_Walsh,7c81c819827861b6c3b15aa8fe51b5fba5e6e08037eb888b8689849be445d8e5,OFFLINE_CLIENT_PROJECTION,,MUTE,mute_cad_999,,mute_cad_999,,,src_charge|src_hearing|src_mg_forms|src_parties|src_cctv|src_cctv_stills|src_continuity|client_claims_17,9557,,"CLIENT_SAFE | We are reviewing the papers in your case (Offence Possession of a controlled drug of Class A with intent to supply, contrary to section 5(3) of the Misuse of Drugs Act 1971). This is early-stage — nothing is final until we hav"
sha:7d24c00eecab039999494ff1f99120c52cd304fbcd2cd6962e54318fe9a9397c,PDF-7d24c00eecab,CB-TB-1261_Brooks,7d24c00eecab039999494ff1f99120c52cd304fbcd2cd6962e54318fe9a9397c,OFFLINE_CLIENT_PROJECTION,,MUTE,mute_cad_999,,mute_cad_999,,,src_charge|src_hearing|src_mg_forms|src_parties|src_dates|src_cctv_stills|src_continuity|client_claims_19,3988,,"CLIENT_SAFE | We are reviewing the papers in your case (Criminal damage, contrary to section 1 Criminal Damage Act 1971). This is early-stage — nothing is final until we have full disclosure and your instructions. Some evidence is still out"
sha:7d8b03bb100a3a0b4627e05fe180545d996cac3f5e53437765fc1e8959ae6571,PDF-7d8b03bb100a,CB-TB-2109_Mitchell,7d8b03bb100a3a0b4627e05fe180545d996cac3f5e53437765fc1e8959ae6571,OFFLINE_CLIENT_PROJECTION,,MUTE,mute_cad_999,,mute_cad_999,,,src_charge|src_hearing|src_mg_forms|src_parties|src_dates|src_cctv|src_continuity|client_claims_17,5091,,"CLIENT_SAFE | We are reviewing the papers in your case (Robbery, contrary to s.8 Theft Act 1968). This is early-stage — nothing is final until we have full disclosure and your instructions. Some evidence is still outstanding on the papers, "
sha:7cf30288f3d2b27b444140a0aa82d13daa398fab4b4ad6d90812c36eddf48440,PDF-7cf30288f3d2,CB-TB-1595_Iqbal,7cf30288f3d2b27b444140a0aa82d13daa398fab4b4ad6d90812c36eddf48440,OFFLINE_CLIENT_PROJECTION,,MUTE,mute_cad_999,,mute_cad_999,,,src_charge|src_hearing|src_mg_forms|src_parties|src_cctv|src_cctv_stills|client_claims_15,4308,,"CLIENT_SAFE | We are reviewing the papers in your case (Handling stolen goods, contrary to s.22 Theft Act 1968). This is early-stage — nothing is final until we have full disclosure and your instructions. Some evidence is still outstanding "
sha:7db1d019380c1f5b121fb0828d6c60e38f5e5b1dcdebcb0e1c402c7a15425d9b,PDF-7db1d019380c,CB-TB-1935_Denton,7db1d019380c1f5b121fb0828d6c60e38f5e5b1dcdebcb0e1c402c7a15425d9b,OFFLINE_CLIENT_PROJECTION,,MUTE,mute_phone_download,,mute_phone_download,,,src_charge|src_hearing|src_mg_forms|src_parties|src_dates|src_cctv|client_claims_17,5576,,"CLIENT_SAFE | We are reviewing the papers in your case (Dangerous driving, contrary to section 2 Road Traffic Act 1988). This is early-stage — nothing is final until we have full disclosure and your instructions. Some evidence is still outs"
sha:7db94093912768d2de3f18730bdec8702cede51fa7535de2c9047d9bd0ba40ee,PDF-7db940939127,CB-TB-2007_Sutton,7db94093912768d2de3f18730bdec8702cede51fa7535de2c9047d9bd0ba40ee,OFFLINE_CLIENT_PROJECTION,,MUTE,mute_cad_999,,mute_cad_999,,,src_charge|src_hearing|src_mg_forms|src_parties|src_dates|src_cctv|src_continuity|client_claims_18,6739,,"CLIENT_SAFE | We are reviewing the papers in your case (Wounding with intent to cause grievous bodily harm, s.18 OAPA 1861). This is early-stage — nothing is final until we have full disclosure and your instructions. Some evidence is still "
sha:7e3a59c678e50905d937cce950da5bf76d5daf21f99e4a73b7db4d40ae17bd41,PDF-7e3a59c678e5,CB-TB-446_Green,7e3a59c678e50905d937cce950da5bf76d5daf21f99e4a73b7db4d40ae17bd41,OFFLINE_CLIENT_PROJECTION,,MODALITY,modality_screenshot_vs_download,,,modality_screenshot_vs_download,,src_charge|src_hearing|src_mg_forms|src_parties|src_cctv|client_claims_18,5175,,"CLIENT_SAFE | We are reviewing the papers in your case (Fraud by false representation, s.2 Fraud Act 2006). This is early-stage — nothing is final until we have full disclosure and your instructions. Some evidence is still outstanding on th"
sha:7e493f20fa8e465d92262fd13c1569e29ebec8f075f475e1428ac0bf439b66f1,PDF-7e493f20fa8e,CB-TB-1611_Doyle,7e493f20fa8e465d92262fd13c1569e29ebec8f075f475e1428ac0bf439b66f1,OFFLINE_CLIENT_PROJECTION,,MUTE,mute_cad_999,,mute_cad_999,,,src_charge|src_hearing|src_mg_forms|src_parties|src_dates|src_cctv|src_continuity|client_claims_18,12565,,"CLIENT_SAFE | We are reviewing the papers in your case (Wounding with intent to cause grievous bodily harm, s.18 OAPA 1861). This is early-stage — nothing is final until we have full disclosure and your instructions. Some evidence is still "
sha:7eb1127fc347d5a4a8e58d4c38c01a9842b949e63f7ea079508eb6024746232d,PDF-7eb1127fc347,CB-TB-759_Wright,7eb1127fc347d5a4a8e58d4c38c01a9842b949e63f7ea079508eb6024746232d,OFFLINE_CLIENT_PROJECTION,,MUTE,mute_cctv_master,,mute_cctv_master,,,src_charge|src_hearing|src_mg_forms|src_parties|src_dates|src_cctv|client_claims_16,5291,,"CLIENT_SAFE | We are reviewing the papers in your case (Dangerous driving, contrary to section 2 Road Traffic Act 1988). This is early-stage — nothing is final until we have full disclosure and your instructions. Some evidence is still outs"
sha:7e8b72bfd96342c655422b1936496dae700e5ac972290573859843042c6448ad,PDF-7e8b72bfd963,CB-TB-531_Marsh,7e8b72bfd96342c655422b1936496dae700e5ac972290573859843042c6448ad,OFFLINE_CLIENT_PROJECTION,,MODALITY,modality_summary_vs_recording,,mute_phone_download,modality_summary_vs_recording,,src_charge|src_hearing|src_mg_forms|src_parties|src_dates|src_continuity|client_claims_19,4179,,CLIENT_SAFE | We are reviewing the papers in your case (contrary to section 1 Assaults on Emergency Workers (Offences) Act 2018). This is early-stage — nothing is final until we have full disclosure and your instructions. Some evidence is s
sha:7e77991436b29781cea27327a47427e75fdfc939b2ab60c3ded939c488694dcd,PDF-7e77991436b2,CB-TB-613_Morgan,7e77991436b29781cea27327a47427e75fdfc939b2ab60c3ded939c488694dcd,OFFLINE_CLIENT_PROJECTION,,MUTE,mute_cctv_master,,mute_cctv_master|mute_phone_download,,,src_charge|src_hearing|src_mg_forms|src_parties|src_dates|src_cctv|src_continuity|client_claims_17,8971,,"CLIENT_SAFE | We are reviewing the papers in your case (Assault occasioning actual bodily harm, s.47 OAPA 1861). This is early-stage — nothing is final until we have full disclosure and your instructions. Some evidence is still outstanding "
sha:7efe31c5868606a1656107577dc77d22c77de6438a9c1231050d2b9e10a5084b,PDF-7efe31c58686,CB-TB-1055_Nolan,7efe31c5868606a1656107577dc77d22c77de6438a9c1231050d2b9e10a5084b,OFFLINE_CLIENT_PROJECTION,,MUTE,mute_cad_999,,mute_cad_999,,,src_charge|src_hearing|src_mg_forms|src_parties|src_dates|src_cctv|src_cctv_stills|src_continuity|client_claims_18,6593,,"CLIENT_SAFE | We are reviewing the papers in your case (Possession of a bladed article in a public place, contrary to section 139 Criminal Justice Act 1988). This is early-stage — nothing is final until we have full disclosure and your inst"
sha:7fb35c37b423e2aedf4a63fd8a8b962aab965aa30e296ab584cef2ae9760aaea,PDF-7fb35c37b423,CB-TB-336_Patel,7fb35c37b423e2aedf4a63fd8a8b962aab965aa30e296ab584cef2ae9760aaea,OFFLINE_CLIENT_PROJECTION,,MUTE,mute_phone_download,,mute_phone_download,,,src_charge|src_hearing|src_mg_forms|src_parties|src_dates|src_continuity|client_claims_18,5556,,"CLIENT_SAFE | We are reviewing the papers in your case (Breach of a restraining order, contrary to section 5 of the Protection from Harassment Act 1997). This is early-stage — nothing is final until we have full disclosure and your instruct"
sha:7faeee59699199ba0febb7b3e24dd0f9c6bf3cbfb4ea3d75cd98d681c75d11d8,PDF-7faeee596991,CB-TB-532_Clarke,7faeee59699199ba0febb7b3e24dd0f9c6bf3cbfb4ea3d75cd98d681c75d11d8,OFFLINE_CLIENT_PROJECTION,,MODALITY,modality_summary_vs_recording,,,modality_summary_vs_recording,,src_charge|src_hearing|src_mg_forms|src_parties|src_dates|src_continuity|client_claims_19,5521,,"CLIENT_SAFE | We are reviewing the papers in your case (Having an offensive weapon, contrary to s.1(1) Prevention of Crime Act 1953). This is early-stage — nothing is final until we have full disclosure and your instructions. Some evidence "
sha:807ea856c3c489468855812e22d838efa9c6d43e58b4c4fb774fa88bfec77035,PDF-807ea856c3c4,CB-TB-1068_Hayes,807ea856c3c489468855812e22d838efa9c6d43e58b4c4fb774fa88bfec77035,OFFLINE_CLIENT_PROJECTION,,MUTE,mute_cad_999,,mute_cad_999,,,src_charge|src_hearing|src_mg_forms|src_parties|src_dates|src_continuity|client_claims_17,2513,,"CLIENT_SAFE | We are reviewing the papers in your case (Possession of cannabis, contrary to section 5(2) Misuse of Drugs Act 1971). This is early-stage — nothing is final until we have full disclosure and your instructions. Some evidence is"
sha:8097bb58682edda525039a71f6d3a532f727e21076da1e33ea0226763ad5acf3,PDF-8097bb58682e,CB-TB-747_Foster,8097bb58682edda525039a71f6d3a532f727e21076da1e33ea0226763ad5acf3,OFFLINE_CLIENT_PROJECTION,,MUTE,mute_cctv_master,,mute_cctv_master,,,src_charge|src_hearing|src_mg_forms|src_parties|src_dates|src_cctv|src_cctv_stills|client_claims_16,8526,,"CLIENT_SAFE | We are reviewing the papers in your case (Fraud by false representation, s.2 Fraud Act 2006). This is early-stage — nothing is final until we have full disclosure and your instructions. Some evidence is still outstanding on th"
sha:81115ceb347a7a13a7e2b8366d2a0f83a043e64d484bed0b1fd3afbf38864df3,PDF-81115ceb347a,CB-TB-731_Ross,81115ceb347a7a13a7e2b8366d2a0f83a043e64d484bed0b1fd3afbf38864df3,OFFLINE_CLIENT_PROJECTION,,MUTE,mute_cctv_master,,mute_cctv_master,,,src_charge|src_hearing|src_mg_forms|src_parties|src_dates|src_cctv|src_cctv_stills|src_continuity|client_claims_17,8210,,"CLIENT_SAFE | We are reviewing the papers in your case (Possession of a controlled drug of Class B, namely cannabis, contrary to section 5(2) of the Misuse of Drugs Act 1971). This is early-stage — nothing is final until we have full disclo"
sha:8121b33b1b5bc15dab7483cf6a5805b0bb3e7f4a74b744b9e775c802ac2ce567,PDF-8121b33b1b5b,CB-TB-705_Okonkwo,8121b33b1b5bc15dab7483cf6a5805b0bb3e7f4a74b744b9e775c802ac2ce567,OFFLINE_CLIENT_PROJECTION,,MUTE,mute_cctv_master,,mute_cctv_master,,,src_charge|src_hearing|src_mg_forms|src_parties|src_dates|src_cctv|src_continuity|client_claims_17,7785,,"CLIENT_SAFE | We are reviewing the papers in your case (Assault occasioning actual bodily harm, s.47 OAPA 1861). This is early-stage — nothing is final until we have full disclosure and your instructions. Some evidence is still outstanding "
sha:815753c601ff98b89ebb5cd917ed4b3fc5e2f78418831eb920d0c7fb716e6253,PDF-815753c601ff,CB-TB-147_Dacre,815753c601ff98b89ebb5cd917ed4b3fc5e2f78418831eb920d0c7fb716e6253,OFFLINE_CLIENT_PROJECTION,,MUTE,mute_phone_download,,mute_phone_download,,,src_charge|src_hearing|src_mg_forms|src_parties|src_cctv|src_continuity|client_claims_17,13608,,"CLIENT_SAFE | We are reviewing the papers in your case (Possession of a controlled drug of Class A with intent to supply, namely heroin, contrary to section 5(3) Misuse of Drugs Act 1971). This is early-stage — nothing is final until we hav"
sha:81bd9267c1761bcce875275a99da6ef70f2132b968a3eec43aa838de85ff90a6,PDF-81bd9267c176,CB-TB-901_Wright,81bd9267c1761bcce875275a99da6ef70f2132b968a3eec43aa838de85ff90a6,OFFLINE_CLIENT_PROJECTION,,MUTE,mute_phone_download,,mute_phone_download,,,src_charge|src_hearing|src_mg_forms|src_parties|src_cctv|client_claims_16,4100,,"CLIENT_SAFE | We are reviewing the papers in your case (Robbery, contrary to s.8 Theft Act 1968). This is early-stage — nothing is final until we have full disclosure and your instructions. Some evidence is still outstanding on the papers, "
sha:826f8ce46551f1e7b9c9c23ac5600c535e92e7693c30e428d31272ceacabbeba,PDF-826f8ce46551,CB-TB-951_Morgan,826f8ce46551f1e7b9c9c23ac5600c535e92e7693c30e428d31272ceacabbeba,OFFLINE_CLIENT_PROJECTION,,MUTE,mute_cad_999,,mute_cad_999,,,src_charge|src_mg_forms|src_parties|src_cctv|client_claims_17,9805,,"CLIENT_SAFE | We are reviewing the papers in your case (Driving without due care and attention, contrary to section 3 of the Road Traffic Act 1988). This is early-stage — nothing is final until we have full disclosure and your instructions."
sha:82daa9fa2434a0e65f575106a08e7d516391b83bc41d3a322aa1f556a62fe578,PDF-82daa9fa2434,CB-TB-410_Brennan,82daa9fa2434a0e65f575106a08e7d516391b83bc41d3a322aa1f556a62fe578,OFFLINE_CLIENT_PROJECTION,,MUTE,mute_phone_download,,mute_phone_download,,,src_charge|src_hearing|src_mg_forms|src_parties|src_cctv|src_continuity|client_claims_17,4836,,"CLIENT_SAFE | We are reviewing the papers in your case (Assault by beating, contrary to section 39 Criminal Justice Act 1988). This is early-stage — nothing is final until we have full disclosure and your instructions. Some evidence is stil"
sha:82787eb61194c5bd54e2a55c73cc171dffbf8635d554cab0f660655feb3fb84c,PDF-82787eb61194,CB-TB-716_Harper,82787eb61194c5bd54e2a55c73cc171dffbf8635d554cab0f660655feb3fb84c,OFFLINE_CLIENT_PROJECTION,,MUTE,mute_cctv_master,,mute_cctv_master,,,src_charge|src_hearing|src_mg_forms|src_parties|src_dates|src_cctv|client_claims_17,7832,,"CLIENT_SAFE | We are reviewing the papers in your case (Assault occasioning actual bodily harm, s.47 OAPA 1861). This is early-stage — nothing is final until we have full disclosure and your instructions. Some evidence is still outstanding "
sha:82717dc6dda511a2ec096c0abbfa31b2c699fb1f8a5c25f6256b35175844e7ef,PDF-82717dc6dda5,CB-TB-158_Sharp,82717dc6dda511a2ec096c0abbfa31b2c699fb1f8a5c25f6256b35175844e7ef,OFFLINE_CLIENT_PROJECTION,,MUTE,mute_phone_download,,mute_phone_download,,,src_charge|src_hearing|src_mg_forms|src_parties|src_cctv|src_continuity|client_claims_20,10958,,"CLIENT_SAFE | We are reviewing the papers in your case (Unlawful wounding, contrary to section 20 Offences against the Person Act 1861; affray,). This is early-stage — nothing is final until we have full disclosure and your instructions. Th"
sha:83bf4b8ce0be8e52b2813e2bf3b657ae495aaeef9736970969b4f05c2f833b24,PDF-83bf4b8ce0be,CB-TB-1259_Okonkwo,83bf4b8ce0be8e52b2813e2bf3b657ae495aaeef9736970969b4f05c2f833b24,OFFLINE_CLIENT_PROJECTION,,MUTE,mute_phone_download,,mute_phone_download,,,src_charge|src_hearing|src_mg_forms|src_parties|src_dates|src_cctv|src_cctv_stills|src_continuity|client_claims_19,4110,,"CLIENT_SAFE | We are reviewing the papers in your case (Wounding with intent to cause grievous bodily harm, s.18 OAPA 1861). This is early-stage — nothing is final until we have full disclosure and your instructions. Some evidence is still "
sha:82e20c83bf1917f3f207a5cf669d1096560042dc5b621b4d7c50f25d9e194d46,PDF-82e20c83bf19,CB-TB-1090_Richards,82e20c83bf1917f3f207a5cf669d1096560042dc5b621b4d7c50f25d9e194d46,OFFLINE_CLIENT_PROJECTION,,MUTE,mute_phone_download,,mute_phone_download|mute_cad_999,,,src_charge|src_hearing|src_mg_forms|src_parties|src_dates|src_cctv|src_continuity|client_claims_17,4999,,"CLIENT_SAFE | We are reviewing the papers in your case (Possessing criminal property, contrary to section 329 Proceeds of Crime Act 2002). This is early-stage — nothing is final until we have full disclosure and your instructions. Some evid"
sha:83ae1673c72c7112a452d1d014b869010997879e106241f2f0d6a066817bb94a,PDF-83ae1673c72c,CB-TB-1964_Hayes,83ae1673c72c7112a452d1d014b869010997879e106241f2f0d6a066817bb94a,OFFLINE_CLIENT_PROJECTION,,MUTE,mute_cctv_master,,mute_cctv_master|mute_phone_download,,,src_charge|src_hearing|src_mg_forms|src_parties|src_dates|src_cctv|src_continuity|client_claims_19,13683,,"CLIENT_SAFE | We are reviewing the papers in your case (Burglary of a dwelling, contrary to section 9 of the Theft Act 1968). This is early-stage — nothing is final until we have full disclosure and your instructions. Some evidence is still"
sha:83f98674d013e06cbe4d4e875260e1a08668322e69b66f84b4f77e027a460720,PDF-83f98674d013,CB-TB-1021_Coates,83f98674d013e06cbe4d4e875260e1a08668322e69b66f84b4f77e027a460720,OFFLINE_CLIENT_PROJECTION,,MUTE,mute_cad_999,,mute_cad_999,,,src_charge|src_hearing|src_mg_forms|src_parties|src_dates|src_cctv|src_continuity|client_claims_19,6734,,"CLIENT_SAFE | We are reviewing the papers in your case (Robbery, contrary to s.8 Theft Act 1968). This is early-stage — nothing is final until we have full disclosure and your instructions. Some evidence is still outstanding on the papers, "
sha:840868f084fd79a99600c026db54ea7a79aef41e2636f8abc39fefc2844fe09b,PDF-840868f084fd,CB-TB-072_Pike,840868f084fd79a99600c026db54ea7a79aef41e2636f8abc39fefc2844fe09b,OFFLINE_CLIENT_PROJECTION,,MUTE,mute_cctv_master,,mute_cctv_master,,,src_charge|src_hearing|src_mg_forms|src_parties|src_cctv|src_continuity|client_claims_17,5400,,"CLIENT_SAFE | We are reviewing the papers in your case (Using threatening behaviour with intent to, cause fear of violence, contrary to section 4). This is early-stage — nothing is final until we have full disclosure and your instructions. "
sha:84502f33d18c30d5ff8a58dedc618e7acdff0e334a32ad3545c3efcf90236ece,PDF-84502f33d18c,CB-TB-1201_Blake,84502f33d18c30d5ff8a58dedc618e7acdff0e334a32ad3545c3efcf90236ece,OFFLINE_CLIENT_PROJECTION,,MUTE,mute_phone_download,,mute_phone_download,,,src_charge|src_hearing|src_mg_forms|src_parties|src_dates|src_cctv|src_continuity|client_claims_18,3245,,"CLIENT_SAFE | We are reviewing the papers in your case (Robbery, contrary to s.8 Theft Act 1968). This is early-stage — nothing is final until we have full disclosure and your instructions. Some evidence is still outstanding on the papers, "
sha:8491a020e23d1a7488de4dd396476d901ade59ecd625db02803e9bfa4b41894a,PDF-8491a020e23d,CB-TB-2176_Hale,8491a020e23d1a7488de4dd396476d901ade59ecd625db02803e9bfa4b41894a,OFFLINE_CLIENT_PROJECTION,,MUTE,mute_cad_999,,mute_cad_999,,,src_charge|src_hearing|src_mg_forms|src_parties|src_dates|src_cctv|src_continuity|client_claims_18,8234,,"CLIENT_SAFE | We are reviewing the papers in your case (Offence Assault by beating of an emergency worker, contrary to section 1 Assaults on Emergency Workers (Offences) Act 2018). This is early-stage — nothing is final until we have full d"
sha:8627c8afbc21c744d94fe6daa90529a49ca1d46c4dc60a32763b8cb032ec3e50,PDF-8627c8afbc21,CB-TB-686_Flint,8627c8afbc21c744d94fe6daa90529a49ca1d46c4dc60a32763b8cb032ec3e50,OFFLINE_CLIENT_PROJECTION,,MUTE,mute_cctv_master,,mute_cctv_master,,,src_charge|src_hearing|src_mg_forms|src_parties|src_dates|src_cctv|src_cctv_stills|src_continuity|client_claims_17,9505,,"CLIENT_SAFE | We are reviewing the papers in your case (Robbery, contrary to s.8 Theft Act 1968). This is early-stage — nothing is final until we have full disclosure and your instructions. Some evidence is still outstanding on the papers, "
sha:86faa18c224b9fd2f65e4ee27b1112740106ea23e0e8267bacaaafc6fd45eb74,PDF-86faa18c224b,CB-TB-1969_Stone,86faa18c224b9fd2f65e4ee27b1112740106ea23e0e8267bacaaafc6fd45eb74,OFFLINE_CLIENT_PROJECTION,,MUTE,mute_phone_download,,mute_phone_download,,,src_charge|src_hearing|src_mg_forms|src_parties|src_dates|src_cctv|src_continuity|client_claims_18,5055,,"CLIENT_SAFE | We are reviewing the papers in your case (Theft, contrary to s.1 Theft Act 1968). This is early-stage — nothing is final until we have full disclosure and your instructions. Some evidence is still outstanding on the papers, an"
sha:864bf8f3dd7c1e04ad04aa306999f298470daf93daafd535028ae149dfc06b46,PDF-864bf8f3dd7c,CB-TB-1025_Merritt,864bf8f3dd7c1e04ad04aa306999f298470daf93daafd535028ae149dfc06b46,OFFLINE_CLIENT_PROJECTION,,MUTE,mute_phone_download,,mute_phone_download|mute_cad_999,,,src_charge|src_hearing|src_mg_forms|src_parties|src_dates|src_cctv|client_claims_18,5818,,"CLIENT_SAFE | We are reviewing the papers in your case (Unlawful wounding, contrary to section 20 Offences Against the Person Act 1861). This is early-stage — nothing is final until we have full disclosure and your instructions. Some eviden"
sha:873176ea117b42b034cf98c9f6d2933433883438368945a50d6b196d30f90776,PDF-873176ea117b,CB-TB-269_Bishop,873176ea117b42b034cf98c9f6d2933433883438368945a50d6b196d30f90776,OFFLINE_CLIENT_PROJECTION,,MUTE,mute_phone_download,,mute_phone_download,,,src_charge|src_hearing|src_mg_forms|src_parties|src_dates|src_continuity|client_claims_17,13208,,"CLIENT_SAFE | We are reviewing the papers in your case (Possession of a Class B controlled drug with intent to supply, contrary to section 5(3) of the Misuse of Drugs Act 1971). This is early-stage — nothing is final until we have full disc"
sha:870ea13d5089ad2472856aa8cada2fe0ff545f0d75a733e8761a8db36f2d466d,PDF-870ea13d5089,CB-TB-1574_Holden,870ea13d5089ad2472856aa8cada2fe0ff545f0d75a733e8761a8db36f2d466d,OFFLINE_CLIENT_PROJECTION,,MUTE,mute_cad_999,,mute_cad_999,,,src_charge|src_hearing|src_mg_forms|src_parties|src_cctv|src_cctv_stills|client_claims_17,12233,,"CLIENT_SAFE | We are reviewing the papers in your case (Offence Possession of a controlled drug of Class A with intent to supply, contrary to section 5(3) of the Misuse of Drugs Act 1971). This is early-stage — nothing is final until we hav"
sha:8777bc50b27ca41fe5a52dcfc6cc25b5ff002f9b43f5e5d088d2791371d143d7,PDF-8777bc50b27c,CB-TB-474_Rees,8777bc50b27ca41fe5a52dcfc6cc25b5ff002f9b43f5e5d088d2791371d143d7,OFFLINE_CLIENT_PROJECTION,,MUTE,mute_cad_999,,mute_cad_999,,,src_charge|src_hearing|src_mg_forms|src_parties|src_cctv|client_claims_18,4539,,"CLIENT_SAFE | We are reviewing the papers in your case (Primary charge:Stalking, contrary to section 2A Protection from Harassment Act 1997). This is early-stage — nothing is final until we have full disclosure and your instructions. Some e"
sha:87622bd4b250d11e92597f6da0431562f9a16eac9484984d043fdb791b89bfb3,PDF-87622bd4b250,CB-TB-682_Morgan,87622bd4b250d11e92597f6da0431562f9a16eac9484984d043fdb791b89bfb3,OFFLINE_CLIENT_PROJECTION,,MUTE,mute_cctv_master,,mute_cctv_master,,,src_charge|src_hearing|src_mg_forms|src_parties|src_dates|src_cctv|src_cctv_stills|src_continuity|client_claims_17,10455,,"CLIENT_SAFE | We are reviewing the papers in your case (Robbery, contrary to s.8 Theft Act 1968). This is early-stage — nothing is final until we have full disclosure and your instructions. Some evidence is still outstanding on the papers, "
sha:875cda73820193ffa79552abf8d9fc2e9bf5e75ffe577c1c93080efb66783ec2,PDF-875cda738201,CB-TB-1987_Marsh,875cda73820193ffa79552abf8d9fc2e9bf5e75ffe577c1c93080efb66783ec2,OFFLINE_CLIENT_PROJECTION,,MUTE,mute_phone_download,,mute_phone_download,,,src_charge|src_hearing|src_mg_forms|src_parties|src_dates|src_cctv|src_continuity|client_claims_22,9691,,"CLIENT_SAFE | We are reviewing the papers in your case (Possessing criminal property, contrary to section 329 of the). This is early-stage — nothing is final until we have full disclosure and your instructions. Some evidence is still outsta"
sha:87a67160f46847403c3e2235165dfd3859f15f79db1c406852e7a5233743b9fd,PDF-87a67160f468,CB-TB-584_Coleman,87a67160f46847403c3e2235165dfd3859f15f79db1c406852e7a5233743b9fd,OFFLINE_CLIENT_PROJECTION,,MODALITY,modality_summary_vs_recording,,,modality_summary_vs_recording,,src_charge|src_hearing|src_mg_forms|src_parties|src_dates|src_continuity|client_claims_19,4408,,"CLIENT_SAFE | We are reviewing the papers in your case (Affray, contrary to section 3 Public Order Act 1986). This is early-stage — nothing is final until we have full disclosure and your instructions. Some evidence is still outstanding on "
sha:87c8edfaa64b0288fc79b431dbaa5c089d2d2ed229658a56fbe5b608b295af2f,PDF-87c8edfaa64b,CB-TB-1932_Blythe,87c8edfaa64b0288fc79b431dbaa5c089d2d2ed229658a56fbe5b608b295af2f,OFFLINE_CLIENT_PROJECTION,,MUTE,mute_phone_download,,mute_phone_download,,,src_charge|src_hearing|src_mg_forms|src_parties|src_dates|src_cctv|src_continuity|client_claims_19,6966,,"CLIENT_SAFE | We are reviewing the papers in your case (Fraud by false representation, s.2 Fraud Act 2006). This is early-stage — nothing is final until we have full disclosure and your instructions. Some evidence is still outstanding on th"
sha:87a423af6f6ba022480ffeafedaabaeba92bc23d40691604d7ec57bea2a2dfa7,PDF-87a423af6f6b,CB-TB-689_Thornton,87a423af6f6ba022480ffeafedaabaeba92bc23d40691604d7ec57bea2a2dfa7,OFFLINE_CLIENT_PROJECTION,,MUTE,mute_export_log,,mute_export_log|mute_cctv_master,,,src_charge|src_hearing|src_mg_forms|src_parties|src_dates|src_cctv|src_cctv_stills|src_continuity|client_claims_17,8972,,"CLIENT_SAFE | We are reviewing the papers in your case (Robbery, contrary to s.8 Theft Act 1968). This is early-stage — nothing is final until we have full disclosure and your instructions. Some evidence is still outstanding on the papers, "
sha:880c210d92f2a61a79c0c2019339ca056fce0471b06e92e27f419bbc1c027448,PDF-880c210d92f2,CB-TB-197_Cole,880c210d92f2a61a79c0c2019339ca056fce0471b06e92e27f419bbc1c027448,OFFLINE_CLIENT_PROJECTION,,MUTE,mute_cad_999,,mute_cad_999,,,src_charge|src_hearing|src_mg_forms|src_parties|src_cctv|src_continuity|client_claims_17,7989,,"CLIENT_SAFE | We are reviewing the papers in your case (Assault by beating of an emergency worker, contrary to section 1 Assaults on Emergency). This is early-stage — nothing is final until we have full disclosure and your instructions. Som"
sha:884c387e464fe09aa19ef58b4ae34f50834be34ee96f8ad62a93e3c5850e660c,PDF-884c387e464f,CB-TB-1220_Vale,884c387e464fe09aa19ef58b4ae34f50834be34ee96f8ad62a93e3c5850e660c,OFFLINE_CLIENT_PROJECTION,,MUTE,mute_phone_download,,mute_phone_download|mute_cad_999,,,src_charge|src_hearing|src_mg_forms|src_parties|src_dates|src_cctv|src_cctv_stills|src_continuity|client_claims_18,6934,,"CLIENT_SAFE | We are reviewing the papers in your case (Failing to stop after a road accident and failing to report, contrary to section 170 Road Traffic Act). This is early-stage — nothing is final until we have full disclosure and your in"
sha:88acb2c0a64f46a2aedae561c8afa2dced3ceb3495469327f5f93adda0a86ceb,PDF-88acb2c0a64f,CB-TB-449_Ahmed,88acb2c0a64f46a2aedae561c8afa2dced3ceb3495469327f5f93adda0a86ceb,OFFLINE_CLIENT_PROJECTION,,MUTE,mute_phone_download,,mute_phone_download,,,src_charge|src_hearing|src_mg_forms|src_parties|src_cctv|src_continuity|client_claims_17,4044,,"CLIENT_SAFE | We are reviewing the papers in your case (Primary charge:Driving with a specified controlled drug above the specified limit, contrary to section 5A Road Traffic). This is early-stage — nothing is final until we have full discl"
sha:88ec7fa640f704800f0d59b1b9caecca023e8b32a28b5419e74739a2716c67ad,PDF-88ec7fa640f7,CB-TB-934_Doyle,88ec7fa640f704800f0d59b1b9caecca023e8b32a28b5419e74739a2716c67ad,OFFLINE_CLIENT_PROJECTION,,MUTE,mute_cctv_master,,mute_cctv_master,,,src_charge|src_hearing|src_mg_forms|src_parties|src_cctv|client_claims_16,4763,,"CLIENT_SAFE | We are reviewing the papers in your case (Assault occasioning actual bodily harm, s.47 OAPA 1861). This is early-stage — nothing is final until we have full disclosure and your instructions. More than one complainant is mentio"
sha:89763fce74928e5b670979394353300b3a636a09a746820003b908701a980dda,PDF-89763fce7492,CB-TB-1662_Mitchell,89763fce74928e5b670979394353300b3a636a09a746820003b908701a980dda,OFFLINE_CLIENT_PROJECTION,,MUTE,mute_cad_999,,mute_cad_999,,,src_charge|src_hearing|src_mg_forms|src_parties|src_dates|src_cctv|client_claims_16,2942,,"CLIENT_SAFE | We are reviewing the papers in your case (Offence Affray, contrary to section 3 Public Order Act 1986). This is early-stage — nothing is final until we have full disclosure and your instructions. Some evidence is still outstan"
sha:898c5de52d5544117cbfb4a5ab9d86f11cb547a9f5ee6305c00d9aa8dc601972,PDF-898c5de52d55,CB-TB-1686_Barlow,898c5de52d5544117cbfb4a5ab9d86f11cb547a9f5ee6305c00d9aa8dc601972,OFFLINE_CLIENT_PROJECTION,,MUTE,mute_cad_999,,mute_cad_999,,,src_charge|src_hearing|src_mg_forms|src_parties|src_dates|src_cctv|client_claims_16,3356,,"CLIENT_SAFE | We are reviewing the papers in your case (Offence Affray, contrary to section 3 Public Order Act 1986). This is early-stage — nothing is final until we have full disclosure and your instructions. Some evidence is still outstan"
sha:89991d3b875c900b17f559322bbcabaafd91210a51ecb1854cf08327258c90db,PDF-89991d3b875c,CB-TB-593_Flint,89991d3b875c900b17f559322bbcabaafd91210a51ecb1854cf08327258c90db,OFFLINE_CLIENT_PROJECTION,,MODALITY,modality_summary_vs_recording,,,modality_summary_vs_recording,,src_charge|src_hearing|src_mg_forms|src_parties|src_dates|src_continuity|client_claims_19,3306,,CLIENT_SAFE | We are reviewing the papers in your case (Doing an act tending and intended to pervert the course of public justice). This is early-stage — nothing is final until we have full disclosure and your instructions. Some evidence is
sha:8a0a2dc43c4a2a15b11732a88945e28b53a0891ceb11b713ad22077d4931ee0d,PDF-8a0a2dc43c4a,CB-TB-179_Hughes,8a0a2dc43c4a2a15b11732a88945e28b53a0891ceb11b713ad22077d4931ee0d,OFFLINE_CLIENT_PROJECTION,,MUTE,mute_cad_999,,mute_cad_999,,,src_charge|src_hearing|src_mg_forms|src_parties|src_cctv|src_continuity|client_claims_17,8110,,"CLIENT_SAFE | We are reviewing the papers in your case (Assault occasioning actual bodily harm, s.47). This is early-stage — nothing is final until we have full disclosure and your instructions. Some evidence is still outstanding on the pap"
sha:8a56c7f16dee804b16d1e38d14cb64e4abb4458a9f75638f4d46d2c850a5d485,PDF-8a56c7f16dee,CB-TB-494_Carter,8a56c7f16dee804b16d1e38d14cb64e4abb4458a9f75638f4d46d2c850a5d485,OFFLINE_CLIENT_PROJECTION,,MUTE,mute_phone_download,,mute_phone_download,,,src_charge|src_hearing|src_mg_forms|src_parties|src_cctv|src_continuity|client_claims_17,3533,,"CLIENT_SAFE | We are reviewing the papers in your case (Handling stolen goods, contrary to s.22 Theft Act 1968). This is early-stage — nothing is final until we have full disclosure and your instructions. Some evidence is still outstanding "
sha:8a95377ad690726f10833d9477e0f30516be098854b63c105501ec34eb182106,PDF-8a95377ad690,CB-TB-789_Reed,8a95377ad690726f10833d9477e0f30516be098854b63c105501ec34eb182106,OFFLINE_CLIENT_PROJECTION,,MUTE,mute_export_log,,mute_export_log|mute_cctv_master,,,src_charge|src_hearing|src_mg_forms|src_parties|src_dates|src_cctv|src_cctv_stills|src_continuity|client_claims_17,6444,,"CLIENT_SAFE | We are reviewing the papers in your case (Robbery, contrary to s.8 Theft Act 1968). This is early-stage — nothing is final until we have full disclosure and your instructions. Some evidence is still outstanding on the papers, "
sha:8acb2b2f43fde03faf43a85f51092f77ec3a03cd87e888967e2f237d14597aaf,PDF-8acb2b2f43fd,CB-TB-661_Coleman,8acb2b2f43fde03faf43a85f51092f77ec3a03cd87e888967e2f237d14597aaf,OFFLINE_CLIENT_PROJECTION,,MUTE,mute_cctv_master,,mute_cctv_master,,,src_charge|src_hearing|src_mg_forms|src_parties|src_dates|src_cctv|client_claims_16,5380,,"CLIENT_SAFE | We are reviewing the papers in your case (Dangerous driving, contrary to section 2 Road Traffic Act 1988). This is early-stage — nothing is final until we have full disclosure and your instructions. Some evidence is still outs"
sha:8acfdfa651e4456dbc160ba617a26be78cc7dabe72c11fe519b5025712543e76,PDF-8acfdfa651e4,CB-TB-688_Price,8acfdfa651e4456dbc160ba617a26be78cc7dabe72c11fe519b5025712543e76,OFFLINE_CLIENT_PROJECTION,,MUTE,mute_cctv_master,,mute_cctv_master|mute_cad_999,,,src_charge|src_hearing|src_mg_forms|src_parties|src_dates|src_cctv|src_cctv_stills|src_continuity|client_claims_16,8644,,"CLIENT_SAFE | We are reviewing the papers in your case (Robbery, contrary to s.8 Theft Act 1968). This is early-stage — nothing is final until we have full disclosure and your instructions. Some evidence is still outstanding on the papers, "
sha:8ac9c75cd9e7cee5321e733d80785c62100f88f68d99aad177f8dd684e812bfa,PDF-8ac9c75cd9e7,CB-TB-581_Wright,8ac9c75cd9e7cee5321e733d80785c62100f88f68d99aad177f8dd684e812bfa,OFFLINE_CLIENT_PROJECTION,,MODALITY,modality_summary_vs_recording,,,modality_summary_vs_recording,,src_charge|src_hearing|src_mg_forms|src_parties|src_dates|src_continuity|client_claims_19,7441,,CLIENT_SAFE | We are reviewing the papers in your case (contrary to section 329 Proceeds of Crime Act 2002). This is early-stage — nothing is final until we have full disclosure and your instructions. Some evidence is still outstanding on t
sha:8aea8e457f1b009d8bdef0c84b1ca22bfb96606e47349fe89f14a1c5c51629b9,PDF-8aea8e457f1b,CB-TB-1972_Iqbal,8aea8e457f1b009d8bdef0c84b1ca22bfb96606e47349fe89f14a1c5c51629b9,OFFLINE_CLIENT_PROJECTION,,MUTE,mute_phone_download,,mute_phone_download|mute_cad_999,,,src_charge|src_hearing|src_mg_forms|src_parties|src_dates|src_cctv|src_continuity|client_claims_16,4995,,"CLIENT_SAFE | We are reviewing the papers in your case (CB-TB-1972_Iqbal.pdf). This is early-stage — nothing is final until we have full disclosure and your instructions. Some evidence is still outstanding on the papers, and we will update "
sha:8b279800cf460f0fe174e5f3fcd0eaf65065acaab65f843e4daf5303b6b60a5a,PDF-8b279800cf46,CB-TB-1031_Dawson,8b279800cf460f0fe174e5f3fcd0eaf65065acaab65f843e4daf5303b6b60a5a,OFFLINE_CLIENT_PROJECTION,,MUTE,mute_phone_download,,mute_phone_download|mute_cad_999,,,src_charge|src_hearing|src_mg_forms|src_parties|src_dates|src_cctv|src_continuity|client_claims_18,5906,,"CLIENT_SAFE | We are reviewing the papers in your case (Dangerous driving, contrary to section 2 Road Traffic Act 1988). This is early-stage — nothing is final until we have full disclosure and your instructions. Some evidence is still outs"
sha:8ae65265f9707019f8bc37f90ead64865ea235f0d296b533201ebd64a13a78be,PDF-8ae65265f970,CB-TB-577_Turner,8ae65265f9707019f8bc37f90ead64865ea235f0d296b533201ebd64a13a78be,OFFLINE_CLIENT_PROJECTION,,MODALITY,modality_summary_vs_recording,,,modality_summary_vs_recording,,src_charge|src_hearing|src_mg_forms|src_parties|src_dates|src_continuity|client_claims_19,7749,,"CLIENT_SAFE | We are reviewing the papers in your case (Possessing criminal property, contrary to section 329 Proceeds of Crime Act 2002). This is early-stage — nothing is final until we have full disclosure and your instructions. Some evid"
sha:8b357d4d64a453b684553186a4808c88ba9b3f29ac6bf2e22f81032b914c100e,PDF-8b357d4d64a4,CB-TB-1520_Cross,8b357d4d64a453b684553186a4808c88ba9b3f29ac6bf2e22f81032b914c100e,OFFLINE_CLIENT_PROJECTION,,MUTE,mute_cad_999,,mute_cad_999,,,src_charge|src_hearing|src_mg_forms|src_parties|src_cctv|src_cctv_stills|src_continuity|client_claims_17,3719,,"CLIENT_SAFE | We are reviewing the papers in your case (Offence Harassment, contrary to section 2 of the Protection from Harassment Act 1997). This is early-stage — nothing is final until we have full disclosure and your instructions. Some "
sha:8b3798a875eaebb02a5b6c15a332d7235d20a96eca927aba03b78e35fe5641da,PDF-8b3798a875ea,CB-TB-1037_Walsh,8b3798a875eaebb02a5b6c15a332d7235d20a96eca927aba03b78e35fe5641da,OFFLINE_CLIENT_PROJECTION,,MUTE,mute_cad_999,,mute_cad_999,,,src_charge|src_hearing|src_mg_forms|src_parties|src_dates|src_cctv|src_cctv_stills|src_continuity|client_claims_18,6055,,"CLIENT_SAFE | We are reviewing the papers in your case (Harassment, contrary to section 2 Protection from Harassment Act 1997). This is early-stage — nothing is final until we have full disclosure and your instructions. Some evidence is sti"
sha:8ba67582fd01aae66b24f15ac4d79cef161e9e582aea2aa2afd217342699fd64,PDF-8ba67582fd01,CB-TB-778_Stone,8ba67582fd01aae66b24f15ac4d79cef161e9e582aea2aa2afd217342699fd64,OFFLINE_CLIENT_PROJECTION,,MUTE,mute_cctv_master,,mute_cctv_master,,,src_charge|src_hearing|src_mg_forms|src_parties|src_dates|src_cctv|client_claims_17,5988,,"CLIENT_SAFE | We are reviewing the papers in your case (Robbery, contrary to s.8 Theft Act 1968). This is early-stage — nothing is final until we have full disclosure and your instructions. Some evidence is still outstanding on the papers, "
sha:8bb7c657d11d8a0ecec31889e1b5d5c3296bbc0dc89748d5cba34b41738daef3,PDF-8bb7c657d11d,CB-TB-1994_Cotter,8bb7c657d11d8a0ecec31889e1b5d5c3296bbc0dc89748d5cba34b41738daef3,OFFLINE_CLIENT_PROJECTION,,MUTE,mute_cctv_master,,mute_cctv_master|mute_phone_download,,,src_charge|src_hearing|src_mg_forms|src_parties|src_dates|src_cctv|src_continuity|client_claims_19,6098,,"CLIENT_SAFE | We are reviewing the papers in your case (Assault by beating of an emergency worker, contrary to section 1 of the Assaults on). This is early-stage — nothing is final until we have full disclosure and your instructions. Some e"
sha:8bf1e1e591157eed3fede79de0b44f1aa26f7bbc6e804020b1316c847536e17b,PDF-8bf1e1e59115,CB-TB-2054_West,8bf1e1e591157eed3fede79de0b44f1aa26f7bbc6e804020b1316c847536e17b,OFFLINE_CLIENT_PROJECTION,,MUTE,mute_cad_999,,mute_cad_999,,,src_charge|src_hearing|src_mg_forms|src_parties|src_dates|src_cctv|src_continuity|client_claims_17,7705,,"CLIENT_SAFE | We are reviewing the papers in your case (Theft, contrary to s.1 Theft Act 1968). This is early-stage — nothing is final until we have full disclosure and your instructions. Some evidence is still outstanding on the papers, an"
sha:8bf32e7689407abca0b3c061b6b92b8e49f09c278d3a8e798a64795f733fbf06,PDF-8bf32e768940,CB-TB-2179_Ali,8bf32e7689407abca0b3c061b6b92b8e49f09c278d3a8e798a64795f733fbf06,OFFLINE_CLIENT_PROJECTION,,MUTE,mute_cad_999,,mute_cad_999,,,src_charge|src_hearing|src_mg_forms|src_parties|src_dates|src_cctv|src_continuity|client_claims_17,7736,,"CLIENT_SAFE | We are reviewing the papers in your case (Offence Using threatening or abusive words or behaviour, contrary to section 4 Public Order Act 1986). This is early-stage — nothing is final until we have full disclosure and your ins"
sha:8cbca1f7f147d7460233f8541cfccecfd6a635621cf189b6be6e20d39df745cc,PDF-8cbca1f7f147,CB-TB-1077_Thornton,8cbca1f7f147d7460233f8541cfccecfd6a635621cf189b6be6e20d39df745cc,OFFLINE_CLIENT_PROJECTION,,MUTE,mute_cad_999,,mute_cad_999,,,src_charge|src_hearing|src_mg_forms|src_parties|src_dates|client_claims_18,4511,,"CLIENT_SAFE | We are reviewing the papers in your case (Harassment, contrary to section 2 Protection from Harassment Act 1997). This is early-stage — nothing is final until we have full disclosure and your instructions. Some evidence is sti"
sha:8c364bf0a1e81133fc5a8e276eb5ba8ded0b2fdcb8f6e00a0283c35d09a4ba70,PDF-8c364bf0a1e8,CB-TB-530_Thornton,8c364bf0a1e81133fc5a8e276eb5ba8ded0b2fdcb8f6e00a0283c35d09a4ba70,OFFLINE_CLIENT_PROJECTION,,MODALITY,modality_summary_vs_recording,,mute_cctv_master,modality_summary_vs_recording,,src_charge|src_hearing|src_mg_forms|src_parties|src_dates|src_cctv|src_continuity|client_claims_18,4284,,"CLIENT_SAFE | We are reviewing the papers in your case (Possession of a controlled drug of Class B, contrary to section 5(2) Misuse of Drugs Act 1971). This is early-stage — nothing is final until we have full disclosure and your instructio"
sha:8cc25a80cbc93da4c4697e8c7411ed1d2ee97475567c6837a774c418d13c3ecf,PDF-8cc25a80cbc9,CB-TB-2169_Khan,8cc25a80cbc93da4c4697e8c7411ed1d2ee97475567c6837a774c418d13c3ecf,OFFLINE_CLIENT_PROJECTION,,MUTE,mute_cad_999,,mute_cad_999,,,src_charge|src_hearing|src_mg_forms|src_parties|src_dates|src_cctv|src_continuity|client_claims_16,9581,,"CLIENT_SAFE | We are reviewing the papers in your case (Offence Driving with a specified controlled drug above the specified limit, contrary to section 5A Road Traffic Act 1988). This is early-stage — nothing is final until we have full dis"
sha:8ccb4461601afbb9d85c875521d993a2f7c149ede6ccb1feeaf5c42a3b419787,PDF-8ccb4461601a,CB-TB-164_Bryant,8ccb4461601afbb9d85c875521d993a2f7c149ede6ccb1feeaf5c42a3b419787,OFFLINE_CLIENT_PROJECTION,,MUTE,mute_cad_999,,mute_cad_999,,,src_charge|src_hearing|src_mg_forms|src_parties|src_cctv|src_continuity|client_claims_17,12823,,"CLIENT_SAFE | We are reviewing the papers in your case (Affray, contrary to section 3 Public Order Act 1986). This is early-stage — nothing is final until we have full disclosure and your instructions. Some evidence is still outstanding on "
sha:8d548ff944aa7bbcbe8590034157f0e7754b4c825195164d61fdb8e069712856,PDF-8d548ff944aa,CB-TB-382_Quinn,8d548ff944aa7bbcbe8590034157f0e7754b4c825195164d61fdb8e069712856,OFFLINE_CLIENT_PROJECTION,,MUTE,mute_phone_download,,mute_phone_download,,,src_charge|src_hearing|src_mg_forms|src_parties|src_dates|src_continuity|client_claims_17,13198,,"CLIENT_SAFE | We are reviewing the papers in your case (Intimidating a witness, contrary to section 51 of the Criminal Justice and Public Order Act 1994). This is early-stage — nothing is final until we have full disclosure and your instruc"
sha:8d67eac44255ec66cf37f06d7eaedb7fde12a3d7d05838edede0b29f901e5f59,PDF-8d67eac44255,CB-TB-718_Bennett,8d67eac44255ec66cf37f06d7eaedb7fde12a3d7d05838edede0b29f901e5f59,OFFLINE_CLIENT_PROJECTION,,MUTE,mute_cctv_master,,mute_cctv_master,,,src_charge|src_hearing|src_mg_forms|src_parties|src_dates|src_cctv|src_continuity|client_claims_17,5433,,"CLIENT_SAFE | We are reviewing the papers in your case (Robbery, contrary to s.8 Theft Act 1968). This is early-stage — nothing is final until we have full disclosure and your instructions. Some evidence is still outstanding on the papers, "
sha:8dcc58339a88b91413de9d53fc5ef51eb5ddd7285fca011beb51b461c965848d,PDF-8dcc58339a88,CB-TB-1957_Rourke,8dcc58339a88b91413de9d53fc5ef51eb5ddd7285fca011beb51b461c965848d,OFFLINE_CLIENT_PROJECTION,,MUTE,mute_cctv_master,,mute_cctv_master|mute_phone_download,,,src_charge|src_hearing|src_mg_forms|src_parties|src_dates|src_cctv|src_continuity|client_claims_20,6506,,"CLIENT_SAFE | We are reviewing the papers in your case (Affray, contrary to section 3 of the Public Order Act 1986). This is early-stage — nothing is final until we have full disclosure and your instructions. Some evidence is still outstand"
sha:8de818b2df1486bd33760c47329b08515c9dc2680d688bc9a6ae2a0f798090c8,PDF-8de818b2df14,CB-TB-1007_Barker,8de818b2df1486bd33760c47329b08515c9dc2680d688bc9a6ae2a0f798090c8,OFFLINE_CLIENT_PROJECTION,,MUTE,mute_cad_999,,mute_cad_999,,,src_charge|src_hearing|src_mg_forms|src_parties|src_dates|src_cctv|src_cctv_stills|src_continuity|client_claims_18,9195,,"CLIENT_SAFE | We are reviewing the papers in your case (Possession with intent to supply cocaine, contrary to section 5(3) Misuse of Drugs Act 1971). This is early-stage — nothing is final until we have full disclosure and your instructions"
sha:8de9b30821aa18246d7a62e1dadbb33ecc808989b8285e01d8b1c4e2ab19a556,PDF-8de9b30821aa,CB-TB-1393_Cole,8de9b30821aa18246d7a62e1dadbb33ecc808989b8285e01d8b1c4e2ab19a556,OFFLINE_CLIENT_PROJECTION,,MUTE,mute_phone_download,,mute_phone_download,,,src_charge|src_hearing|src_mg_forms|src_id_procedure|src_parties|src_dates|src_cctv|src_continuity|client_claims_19,5475,,"CLIENT_SAFE | We are reviewing the papers in your case (Burglary of a dwelling, contrary to section 9 of the Theft Act 1968). This is early-stage — nothing is final until we have full disclosure and your instructions. Some evidence is still"
sha:8e20028686b8f1caf7d8df8ce49d1e110b382afddf9b4e41dc47c7904b287af1,PDF-8e20028686b8,CB-TB-2161_Hayes,8e20028686b8f1caf7d8df8ce49d1e110b382afddf9b4e41dc47c7904b287af1,OFFLINE_CLIENT_PROJECTION,,MUTE,mute_cad_999,,mute_cad_999,,,src_charge|src_hearing|src_mg_forms|src_parties|src_dates|src_cctv|src_continuity|client_claims_17,8339,,"CLIENT_SAFE | We are reviewing the papers in your case (Offence Harassment, contrary to section 2 Protection from Harassment Act 1997). This is early-stage — nothing is final until we have full disclosure and your instructions. Some evidenc"
sha:8e3e35779ce3be19794889c37f8acf11fcba5e5b645e6a0c522aaeace34ecefe,PDF-8e3e35779ce3,CB-TB-758_Parker,8e3e35779ce3be19794889c37f8acf11fcba5e5b645e6a0c522aaeace34ecefe,OFFLINE_CLIENT_PROJECTION,,MUTE,mute_cctv_master,,mute_cctv_master,,,src_charge|src_hearing|src_mg_forms|src_parties|src_dates|src_cctv|client_claims_16,5175,,"CLIENT_SAFE | We are reviewing the papers in your case (Dangerous driving, contrary to section 2 Road Traffic Act 1988). This is early-stage — nothing is final until we have full disclosure and your instructions. Some evidence is still outs"
sha:8e39dde336088acbcd5fc6c3f83bf510e6141c86eb98f69a9ee7b64fbd6f5875,PDF-8e39dde33608,CB-TB-2112_Thornton,8e39dde336088acbcd5fc6c3f83bf510e6141c86eb98f69a9ee7b64fbd6f5875,OFFLINE_CLIENT_PROJECTION,,MUTE,mute_cad_999,,mute_cad_999,,,src_charge|src_hearing|src_mg_forms|src_parties|src_dates|src_cctv|src_continuity|client_claims_16,5873,,"CLIENT_SAFE | We are reviewing the papers in your case (Offence Driving with a specified controlled drug above the specified limit, contrary to section 5A Road Traffic Act 1988). This is early-stage — nothing is final until we have full dis"
sha:8f290ba56ff9e77460b0c6456ad0c5c0a1fb0a1d31199c4044a2c89fd3511c75,PDF-8f290ba56ff9,CB-TB-1609_West,8f290ba56ff9e77460b0c6456ad0c5c0a1fb0a1d31199c4044a2c89fd3511c75,OFFLINE_CLIENT_PROJECTION,,MUTE,mute_cad_999,,mute_cad_999,,,src_charge|src_hearing|src_mg_forms|src_parties|src_dates|src_cctv|src_continuity|client_claims_17,8491,,"CLIENT_SAFE | We are reviewing the papers in your case (Offence Doing an act tending and intended to pervert the course of public justice, contrary to common law). This is early-stage — nothing is final until we have full disclosure and you"
sha:8f429a1a414afbc259b00da3941da7ad33975415383439b540a09371994c1c29,PDF-8f429a1a414a,NS-CPS-2026-0435 - Copy (2),8f429a1a414afbc259b00da3941da7ad33975415383439b540a09371994c1c29,OFFLINE_CLIENT_PROJECTION,,MUTE,mute_cctv_master,,mute_cctv_master,,,src_charge|src_hearing|src_mg_forms|src_parties|src_dates|src_cctv|src_continuity|client_claims_18,4675,,"CLIENT_SAFE | We are reviewing the papers in your case (Public order s.4 + CD). This is early-stage — nothing is final until we have full disclosure and your instructions. Some evidence is still outstanding on the papers, and we will update"
sha:8f5e5650e4f480ff6d38d6468a7edabdee820d40e57d8793def50c3bb7f820c3,PDF-8f5e5650e4f4,CB-TB-278_Shaw,8f5e5650e4f480ff6d38d6468a7edabdee820d40e57d8793def50c3bb7f820c3,OFFLINE_CLIENT_PROJECTION,,MUTE,mute_phone_download,,mute_phone_download,,,src_charge|src_hearing|src_mg_forms|src_parties|src_dates|src_cctv|src_continuity|client_claims_18,5951,,"CLIENT_SAFE | We are reviewing the papers in your case (Fraud by abuse of position, contrary to section 4 of the Fraud Act 2006). This is early-stage — nothing is final until we have full disclosure and your instructions. Some evidence is s"
sha:8f4acb7741471fa13fd4696e632ce96f20a45bab9220a6f2843f5bd445f3fdf5,PDF-8f4acb774147,CB-TB-2104_Okonkwo,8f4acb7741471fa13fd4696e632ce96f20a45bab9220a6f2843f5bd445f3fdf5,OFFLINE_CLIENT_PROJECTION,,MUTE,mute_export_log,,mute_export_log|mute_cad_999,,,src_charge|src_hearing|src_mg_forms|src_parties|src_dates|src_cctv|src_continuity|client_claims_17,8050,,"CLIENT_SAFE | We are reviewing the papers in your case (Offence Using threatening or abusive words or behaviour, contrary to section 4 Public Order Act 1986). This is early-stage — nothing is final until we have full disclosure and your ins"
sha:8fb9410a87b5c69ca5610659ce15c50a62a4ac76020ae199097cfad84c5b4803,PDF-8fb9410a87b5,CB-TB-729_Thornton,8fb9410a87b5c69ca5610659ce15c50a62a4ac76020ae199097cfad84c5b4803,OFFLINE_CLIENT_PROJECTION,,MUTE,mute_cctv_master,,mute_cctv_master,,,src_charge|src_hearing|src_mg_forms|src_parties|src_dates|src_cctv|src_continuity|client_claims_17,7296,,"CLIENT_SAFE | We are reviewing the papers in your case (Robbery, contrary to s.8 Theft Act 1968). This is early-stage — nothing is final until we have full disclosure and your instructions. Some evidence is still outstanding on the papers, "
sha:900fedf65d3f6d290d06cc1ca2d2fc6873e739f374df7bb8a7fd533157cb779e,PDF-900fedf65d3f,CB-TB-1184_Stone,900fedf65d3f6d290d06cc1ca2d2fc6873e739f374df7bb8a7fd533157cb779e,OFFLINE_CLIENT_PROJECTION,,MUTE,mute_cad_999,,mute_cad_999,,,src_charge|src_hearing|src_mg_forms|src_id_procedure|src_parties|src_dates|src_cctv|src_continuity|client_claims_18,5803,,"CLIENT_SAFE | We are reviewing the papers in your case (Theft, contrary to s.1 Theft Act 1968). This is early-stage — nothing is final until we have full disclosure and your instructions. Some evidence is still outstanding on the papers, an"
sha:8feeebe406ceaed5f4813c412adde9be4c0fdc302a52f929aa604c5e29a30080,PDF-8feeebe406ce,CB-TB-1689_Clarke,8feeebe406ceaed5f4813c412adde9be4c0fdc302a52f929aa604c5e29a30080,OFFLINE_CLIENT_PROJECTION,,MUTE,mute_cad_999,,mute_cad_999,,,src_charge|src_hearing|src_mg_forms|src_parties|src_dates|src_cctv|src_continuity|client_claims_17,6921,,"CLIENT_SAFE | We are reviewing the papers in your case (Offence Intimidating a witness, contrary to section 51 Criminal Justice and Public Order Act 1994). This is early-stage — nothing is final until we have full disclosure and your instru"
sha:903b2a7f94d3121199a46dc8c13507c667f9c7c922ad3b74ef32caf81ee16345,PDF-903b2a7f94d3,CB-TB-1975_Rahman,903b2a7f94d3121199a46dc8c13507c667f9c7c922ad3b74ef32caf81ee16345,OFFLINE_CLIENT_PROJECTION,,MUTE,mute_phone_download,,mute_phone_download|mute_cad_999,,,src_charge|src_hearing|src_mg_forms|src_parties|src_dates|src_cctv|src_continuity|client_claims_16,10758,,"CLIENT_SAFE | We are reviewing the papers in your case (Wounding with intent to cause grievous bodily harm, s.18 OAPA 1861). This is early-stage — nothing is final until we have full disclosure and your instructions. Some evidence is still "
sha:90d27288aee70922befccf1373f27c18d7ff2b771fd0da29e0ff3d0c9a971ecf,PDF-90d27288aee7,CB-TB-1697_Bennett,90d27288aee70922befccf1373f27c18d7ff2b771fd0da29e0ff3d0c9a971ecf,OFFLINE_CLIENT_PROJECTION,,MUTE,mute_export_log,,mute_export_log|mute_cad_999,,,src_charge|src_hearing|src_mg_forms|src_parties|src_dates|src_cctv|src_continuity|client_claims_17,8467,,"CLIENT_SAFE | We are reviewing the papers in your case (Theft, contrary to s.1 Theft Act 1968). This is early-stage — nothing is final until we have full disclosure and your instructions. Some evidence is still outstanding on the papers, an"
sha:907a459640d2480ac64d2ac2f6e048ca65deaf2a9a5d86b3632d2ca8db5d4c72,PDF-907a459640d2,CB-TB-1586_Khan,907a459640d2480ac64d2ac2f6e048ca65deaf2a9a5d86b3632d2ca8db5d4c72,OFFLINE_CLIENT_PROJECTION,,MUTE,mute_cad_999,,mute_cad_999,,,src_charge|src_hearing|src_mg_forms|src_parties|src_cctv|src_cctv_stills|client_claims_18,8786,,"CLIENT_SAFE | We are reviewing the papers in your case (Fraud by false representation, s.2 Fraud Act 2006). This is early-stage — nothing is final until we have full disclosure and your instructions. Some evidence is still outstanding on th"
sha:911e0e895b889ea06d0b4ae924426c02238d2ee9842c74877e79b084ae41b578,PDF-911e0e895b88,CB-TB-1684_Moran,911e0e895b889ea06d0b4ae924426c02238d2ee9842c74877e79b084ae41b578,OFFLINE_CLIENT_PROJECTION,,MUTE,mute_cad_999,,mute_cad_999,,,src_charge|src_hearing|src_mg_forms|src_parties|src_dates|src_cctv|src_continuity|client_claims_17,6337,,"CLIENT_SAFE | We are reviewing the papers in your case (Theft, contrary to s.1 Theft Act 1968). This is early-stage — nothing is final until we have full disclosure and your instructions. Some evidence is still outstanding on the papers, an"
sha:91710eac9378b031c9b78a0b205cf465722a33d9f13675922a20ed9c46b34ade,PDF-91710eac9378,CB-TB-735_Patel,91710eac9378b031c9b78a0b205cf465722a33d9f13675922a20ed9c46b34ade,OFFLINE_CLIENT_PROJECTION,,MUTE,mute_cctv_master,,mute_cctv_master|mute_phone_download,,,src_charge|src_hearing|src_mg_forms|src_parties|src_dates|src_cctv|src_continuity|client_claims_16,6097,,"CLIENT_SAFE | We are reviewing the papers in your case (Possession of a controlled drug of Class A, namely cocaine, with intent to supply, contrary to section 5(3) of the Misuse of Drugs Act 1971). This is early-stage — nothing is final unt"
sha:915f949ea103dde370f426d778ba95e980b8cbee7929a59ffd448172977278c4,PDF-915f949ea103,CB-TB-027_Morley,915f949ea103dde370f426d778ba95e980b8cbee7929a59ffd448172977278c4,OFFLINE_CLIENT_PROJECTION,,MUTE,mute_phone_download,,mute_phone_download,,,src_charge|src_hearing|src_mg_forms|src_parties|src_cctv|src_cctv_stills|src_continuity|client_claims_18,17794,,"CLIENT_SAFE | We are reviewing the papers in your case (Theft, contrary to s.1 Theft Act 1968). This is early-stage — nothing is final until we have full disclosure and your instructions. Some evidence is still outstanding on the papers, an"
sha:92419aff4bfdc7ddeb3a5b6226473e34c9b29e6d27414bfc534abe30906f8997,PDF-92419aff4bfd,CB-TB-620_Stone,92419aff4bfdc7ddeb3a5b6226473e34c9b29e6d27414bfc534abe30906f8997,OFFLINE_CLIENT_PROJECTION,,MUTE,mute_cctv_master,,mute_cctv_master,,,src_charge|src_hearing|src_mg_forms|src_parties|src_dates|src_cctv|src_continuity|client_claims_16,7977,,"CLIENT_SAFE | We are reviewing the papers in your case (Theft, contrary to s.1 Theft Act 1968). This is early-stage — nothing is final until we have full disclosure and your instructions. Some evidence is still outstanding on the papers, an"
sha:924feff916ca5998152433e865a3682eba509d2f5148ca7a5fde80c6ba828cd1,PDF-924feff916ca,CB-TB-024_Megan_Ryder,924feff916ca5998152433e865a3682eba509d2f5148ca7a5fde80c6ba828cd1,OFFLINE_CLIENT_PROJECTION,,INVENT,invent_phone_download,invent_phone_download,,,,src_charge|src_hearing|src_mg_forms|src_parties|src_dates|src_cctv|client_claims_16,4858,,"CLIENT_SAFE | We are reviewing the papers in your case (Stalking involving serious alarm or distress, contrary to section 4A Protection from Harassment Act 1997). This is early-stage — nothing is final until we have full disclosure and your"
sha:92503775d732268fb02fbab6d9955d0e9e4f93b1ca57ecbb10b8873e7063bdaf,PDF-92503775d732,CB-TB-377_Graham,92503775d732268fb02fbab6d9955d0e9e4f93b1ca57ecbb10b8873e7063bdaf,OFFLINE_CLIENT_PROJECTION,,MUTE,mute_phone_download,,mute_phone_download,,,src_charge|src_hearing|src_mg_forms|src_parties|src_dates|client_claims_18,8756,,"CLIENT_SAFE | We are reviewing the papers in your case (Fraud by false representation, s.2 Fraud Act 2006). This is early-stage — nothing is final until we have full disclosure and your instructions. Some evidence is still outstanding on th"
sha:93547ed6567253fb6f136f6c0fdb95339ca5942a05f5dbc81f30a6073dd1838b,PDF-93547ed65672,CB-TB-641_Ali,93547ed6567253fb6f136f6c0fdb95339ca5942a05f5dbc81f30a6073dd1838b,OFFLINE_CLIENT_PROJECTION,,MUTE,mute_cctv_master,,mute_cctv_master|mute_phone_download,,,src_charge|src_hearing|src_mg_forms|src_parties|src_dates|src_cctv|src_continuity|client_claims_16,5673,,"CLIENT_SAFE | We are reviewing the papers in your case (Possession of a controlled drug of Class B, namely cannabis, contrary to section 5(2) of the Misuse of Drugs Act 1971). This is early-stage — nothing is final until we have full disclo"
sha:92f67d1105b433d0571785b2f003addb50b0b33161dd2bcfe2f9773b42498d99,PDF-92f67d1105b4,CB-TB-2017_Ross,92f67d1105b433d0571785b2f003addb50b0b33161dd2bcfe2f9773b42498d99,OFFLINE_CLIENT_PROJECTION,,MUTE,mute_cad_999,,mute_cad_999,,,src_charge|src_hearing|src_mg_forms|src_parties|src_dates|src_cctv|src_continuity|client_claims_17,6150,,"CLIENT_SAFE | We are reviewing the papers in your case (Offence Concealing, disguising, converting or transferring criminal property, contrary to section 327 Proceeds of Crime Act 2002). This is early-stage — nothing is final until we have "
sha:9337b1e0838d6319472f025a3e2185b455012a2e6028d6807319abcdcd1eaf6c,PDF-9337b1e0838d,CB-TB-2191_Jennings,9337b1e0838d6319472f025a3e2185b455012a2e6028d6807319abcdcd1eaf6c,OFFLINE_CLIENT_PROJECTION,,MUTE,mute_cad_999,,mute_cad_999,,,src_charge|src_hearing|src_mg_forms|src_parties|src_dates|src_cctv|src_continuity|client_claims_17,11111,,"CLIENT_SAFE | We are reviewing the papers in your case (Dangerous driving, contrary to section 2 Road Traffic Act 1988). This is early-stage — nothing is final until we have full disclosure and your instructions. Some evidence is still outs"
sha:935c0e00d2779b0c6daf54521c9c6cc040489bf97d62c20a4064a8359a0ed44d,PDF-935c0e00d277,CB-TB-1100_Bennett,935c0e00d2779b0c6daf54521c9c6cc040489bf97d62c20a4064a8359a0ed44d,OFFLINE_CLIENT_PROJECTION,,MUTE,mute_cad_999,,mute_cad_999,,,src_charge|src_hearing|src_mg_forms|src_parties|src_dates|src_continuity|client_claims_16,2628,,"CLIENT_SAFE | We are reviewing the papers in your case (CB-TB-1100_Bennett.pdf). This is early-stage — nothing is final until we have full disclosure and your instructions. Some evidence is still outstanding on the papers, and we will updat"
sha:936cdac27e48e482fdf856e046f258683fab3e430ff90f4eb550d5a225773a7f,PDF-936cdac27e48,CB-TB-783_Rees,936cdac27e48e482fdf856e046f258683fab3e430ff90f4eb550d5a225773a7f,OFFLINE_CLIENT_PROJECTION,,MUTE,mute_cctv_master,,mute_cctv_master,,,src_charge|src_hearing|src_mg_forms|src_parties|src_dates|src_cctv|client_claims_17,6217,,"CLIENT_SAFE | We are reviewing the papers in your case (Robbery, contrary to s.8 Theft Act 1968). This is early-stage — nothing is final until we have full disclosure and your instructions. Some evidence is still outstanding on the papers, "
sha:93d18eb87827a97186ead127f8f99a0c15beca2a97369c0d119b79da2e885b16,PDF-93d18eb87827,CB-TB-768_Ali,93d18eb87827a97186ead127f8f99a0c15beca2a97369c0d119b79da2e885b16,OFFLINE_CLIENT_PROJECTION,,MUTE,mute_cctv_master,,mute_cctv_master,,,src_charge|src_hearing|src_mg_forms|src_parties|src_dates|src_cctv|src_continuity|client_claims_16,4890,,"CLIENT_SAFE | We are reviewing the papers in your case (Assault by beating of an emergency worker, contrary to section 1 of the Assaults on Emergency Workers (Offences) Act 2018). This is early-stage — nothing is final until we have full di"
sha:948db353eb26c2ebf0c0ff886529678a4a472be2ea9705a261a84d88f3af9946,PDF-948db353eb26,CB-TB-702_Merritt,948db353eb26c2ebf0c0ff886529678a4a472be2ea9705a261a84d88f3af9946,OFFLINE_CLIENT_PROJECTION,,MUTE,mute_cctv_master,,mute_cctv_master,,,src_charge|src_hearing|src_mg_forms|src_parties|src_dates|src_cctv|src_cctv_stills|client_claims_16,6240,,"CLIENT_SAFE | We are reviewing the papers in your case (Assault occasioning actual bodily harm, s.47 OAPA 1861). This is early-stage — nothing is final until we have full disclosure and your instructions. Some evidence is still outstanding "
sha:945ca215c38777a0393cf0ed4095f7a9e3ba5b93616f5585eeedcc9fc1a4cb5d,PDF-945ca215c387,CB-TB-1075_Bradley,945ca215c38777a0393cf0ed4095f7a9e3ba5b93616f5585eeedcc9fc1a4cb5d,OFFLINE_CLIENT_PROJECTION,,MUTE,mute_cad_999,,mute_cad_999,,,src_charge|src_hearing|src_mg_forms|src_parties|src_dates|src_cctv|src_cctv_stills|src_continuity|client_claims_18,6608,,"CLIENT_SAFE | We are reviewing the papers in your case (Possession of a bladed article in a public place, contrary to section 139 Criminal Justice Act 1988). This is early-stage — nothing is final until we have full disclosure and your inst"
sha:94b36e02544182f7981a1bb9e4b72ab9962ae2638230a67fa4b251967e11f55a,PDF-94b36e025441,CB-TB-484_Pike,94b36e02544182f7981a1bb9e4b72ab9962ae2638230a67fa4b251967e11f55a,OFFLINE_CLIENT_PROJECTION,,MUTE,mute_phone_download,,mute_phone_download,,,src_charge|src_hearing|src_mg_forms|src_parties|src_cctv|src_continuity|client_claims_17,11084,,"CLIENT_SAFE | We are reviewing the papers in your case (Primary charge:Intimidating a witness, contrary to section 51 Criminal Justice and Public Order Act 1994). This is early-stage — nothing is final until we have full disclosure and your"
sha:9516c69fda174738fe53e772840b96fb62aeae55d4ae36d808eae1f8f470a1b6,PDF-9516c69fda17,CB-TB-1277_Doyle,9516c69fda174738fe53e772840b96fb62aeae55d4ae36d808eae1f8f470a1b6,OFFLINE_CLIENT_PROJECTION,,MUTE,mute_cad_999,,mute_cad_999,,,src_charge|src_hearing|src_mg_forms|src_parties|src_dates|src_cctv|src_cctv_stills|src_continuity|client_claims_17,3550,,"CLIENT_SAFE | We are reviewing the papers in your case (Using threatening, abusive or insulting words or behaviour, contrary to section 4 Public Order Act 1986). This is early-stage — nothing is final until we have full disclosure and your "
sha:94dd5f1ffcd652ec30cdc3bf2a88991f6ed70e354ffdf5ec7ac15c850cde14ff,PDF-94dd5f1ffcd6,CB-TB-1941_Armitage,94dd5f1ffcd652ec30cdc3bf2a88991f6ed70e354ffdf5ec7ac15c850cde14ff,OFFLINE_CLIENT_PROJECTION,,MUTE,mute_cctv_master,,mute_cctv_master|mute_phone_download,,,src_charge|src_hearing|src_mg_forms|src_parties|src_dates|src_cctv|client_claims_17,5742,,"CLIENT_SAFE | We are reviewing the papers in your case (CB-TB-1941_Armitage.pdf). This is early-stage — nothing is final until we have full disclosure and your instructions. Some evidence is still outstanding on the papers, and we will upda"
sha:95357912f666521b21fe50cd55f5d1fba8750dd6bd3ef1a95abb813cda6326f6,PDF-95357912f666,CB-TB-1142_Marsh,95357912f666521b21fe50cd55f5d1fba8750dd6bd3ef1a95abb813cda6326f6,OFFLINE_CLIENT_PROJECTION,,MUTE,mute_cad_999,,mute_cad_999,,,src_charge|src_hearing|src_mg_forms|src_id_procedure|src_parties|src_dates|src_cctv|src_continuity|client_claims_18,7059,,"CLIENT_SAFE | We are reviewing the papers in your case (Unlawfully and maliciously wounding another person, contrary to section 20 of the Offences against the Person Act). This is early-stage — nothing is final until we have full disclosure"
sha:9569c68419e26cbd14407553954a2c79677ec2f707e71f874e490aa0ca9caa30,PDF-9569c68419e2,CB-TB-1015_Shaw,9569c68419e26cbd14407553954a2c79677ec2f707e71f874e490aa0ca9caa30,OFFLINE_CLIENT_PROJECTION,,MUTE,mute_cad_999,,mute_cad_999,,,src_charge|src_hearing|src_mg_forms|src_parties|src_dates|src_cctv|src_cctv_stills|src_continuity|client_claims_18,10020,,"CLIENT_SAFE | We are reviewing the papers in your case (Possession of a bladed article in a public place, contrary to section 139 Criminal Justice Act 1988). This is early-stage — nothing is final until we have full disclosure and your inst"
sha:95b453cbf5485acacea18728bcf298feed085630eedd2f17aebf2fb54c6f4ed0,PDF-95b453cbf548,CB-TB-1943_Ellis,95b453cbf5485acacea18728bcf298feed085630eedd2f17aebf2fb54c6f4ed0,OFFLINE_CLIENT_PROJECTION,,MUTE,mute_cctv_master,,mute_cctv_master|mute_phone_download|mute_cad_999,,,src_charge|src_hearing|src_mg_forms|src_parties|src_dates|src_cctv|src_continuity|client_claims_18,12885,,"CLIENT_SAFE | We are reviewing the papers in your case (Wounding with intent to cause grievous bodily harm, s.18 OAPA 1861). This is early-stage — nothing is final until we have full disclosure and your instructions. Some evidence is still "
sha:9625bc65d580012c44499aea70fa1a40025c4ca251ef189aaab5d0d48b8f65be,PDF-9625bc65d580,CB-TB-1550_Rowe,9625bc65d580012c44499aea70fa1a40025c4ca251ef189aaab5d0d48b8f65be,OFFLINE_CLIENT_PROJECTION,,INVENT,invent_phone_download_from_property,invent_phone_download_from_property,mute_cad_999,,,src_charge|src_hearing|src_mg_forms|src_parties|src_cctv|src_cctv_stills|client_claims_18,4882,,"CLIENT_SAFE | We are reviewing the papers in your case (Offence Harassment, contrary to section 2 of the Protection from Harassment Act 1997). This is early-stage — nothing is final until we have full disclosure and your instructions. Some "
sha:966387d36ef0a2f148d4b81e7dc842382bbe0e2572174177fe79be831852e109,PDF-966387d36ef0,CB-TB-798_Merritt,966387d36ef0a2f148d4b81e7dc842382bbe0e2572174177fe79be831852e109,OFFLINE_CLIENT_PROJECTION,,MUTE,mute_cctv_master,,mute_cctv_master,,,src_charge|src_hearing|src_mg_forms|src_parties|src_dates|src_cctv|client_claims_16,4758,,CLIENT_SAFE | We are reviewing the papers in your case (Doing an act tending and intended to pervert the course of public justice). This is early-stage — nothing is final until we have full disclosure and your instructions. Some evidence is
sha:96e30d133f69ec33745bc954e011f23da18f9c246350bf43051c36f80dbbbc3c,PDF-96e30d133f69,CB-TB-1576_Barker,96e30d133f69ec33745bc954e011f23da18f9c246350bf43051c36f80dbbbc3c,OFFLINE_CLIENT_PROJECTION,,MUTE,mute_cad_999,,mute_cad_999,,,src_charge|src_hearing|src_mg_forms|src_parties|src_cctv|src_cctv_stills|src_continuity|client_claims_17,8818,,"CLIENT_SAFE | We are reviewing the papers in your case (Offence Being concerned in the supply of a controlled drug of Class A, contrary to section 4(3)(b) of the Misuse of Drugs Act 1971). This is early-stage — nothing is final until we hav"
sha:972c7366f5382c2fc33fde87f71f8b35777f851415d77fbb7d3d7b13f4ee6d50,PDF-972c7366f538,CB-TB-723_Foster,972c7366f5382c2fc33fde87f71f8b35777f851415d77fbb7d3d7b13f4ee6d50,OFFLINE_CLIENT_PROJECTION,,MUTE,mute_cctv_master,,mute_cctv_master,,,src_charge|src_hearing|src_mg_forms|src_parties|src_dates|src_cctv|src_continuity|client_claims_16,5106,,"CLIENT_SAFE | We are reviewing the papers in your case (Burglary of a dwelling, contrary to section 9(1)(b) of the Theft Act 1968). This is early-stage — nothing is final until we have full disclosure and your instructions. Some evidence is"
sha:96e9186d4ccb4d6986a17d282a30b40075572d7e2ed003c6b18808e999b047ad,PDF-96e9186d4ccb,CB-TB-737_Mitchell,96e9186d4ccb4d6986a17d282a30b40075572d7e2ed003c6b18808e999b047ad,OFFLINE_CLIENT_PROJECTION,,MUTE,mute_cctv_master,,mute_cctv_master,,,src_charge|src_hearing|src_mg_forms|src_parties|src_dates|src_cctv|src_cctv_stills|client_claims_16,6231,,"CLIENT_SAFE | We are reviewing the papers in your case (Possession of a controlled drug of Class B, namely cannabis, contrary to section 5(2) of the Misuse of Drugs Act 1971). This is early-stage — nothing is final until we have full disclo"
sha:9731ff2d3a7dde1dd83d8453fd01ad342e0480a72400458ace4a103a564ceba7,PDF-9731ff2d3a7d,CB-TB-086_Khan,9731ff2d3a7dde1dd83d8453fd01ad342e0480a72400458ace4a103a564ceba7,OFFLINE_CLIENT_PROJECTION,,MODALITY,modality_screenshot_vs_download,,,modality_screenshot_vs_download,,src_charge|src_hearing|src_mg_forms|src_parties|src_cctv|src_continuity|client_claims_19,9937,,"CLIENT_SAFE | We are reviewing the papers in your case (Wounding with intent to cause grievous bodily harm, s.18 OAPA 1861). This is early-stage — nothing is final until we have full disclosure and your instructions. Some evidence is still "
sha:97a8bf4a78b0aa61e36bdabff310a3973fb96ad3b9f0a735f3116f4cace93e36,PDF-97a8bf4a78b0,CB-TB-506_Rees,97a8bf4a78b0aa61e36bdabff310a3973fb96ad3b9f0a735f3116f4cace93e36,OFFLINE_CLIENT_PROJECTION,,MODALITY,modality_summary_vs_recording,,,modality_summary_vs_recording,,src_charge|src_hearing|src_mg_forms|src_parties|src_dates|src_continuity|client_claims_19,2997,,"CLIENT_SAFE | We are reviewing the papers in your case (Affray, contrary to section 3 Public Order Act 1986). This is early-stage — nothing is final until we have full disclosure and your instructions. Some evidence is still outstanding on "
sha:97c9dd9cecc094764f7cdf7036871a20967c42c30570779eb4cf135145c99413,PDF-97c9dd9cecc0,CB-TB-088_Cole,97c9dd9cecc094764f7cdf7036871a20967c42c30570779eb4cf135145c99413,OFFLINE_CLIENT_PROJECTION,,MODALITY,modality_screenshot_vs_download,,,modality_screenshot_vs_download,,src_charge|src_hearing|src_mg_forms|src_parties|src_cctv|src_continuity|client_claims_19,4221,,"CLIENT_SAFE | We are reviewing the papers in your case (Charge/offence Breach of a restraining order, contrary to section 5 Protection from Harassment Act 1997). This is early-stage — nothing is final until we have full disclosure and your "
sha:987ae9e3d5f7ad1f6a610b7c310e38212c18c3225d685c161634e3b4702c6c18,PDF-987ae9e3d5f7,CB-TB-564_Marsh,987ae9e3d5f7ad1f6a610b7c310e38212c18c3225d685c161634e3b4702c6c18,OFFLINE_CLIENT_PROJECTION,,MODALITY,modality_summary_vs_recording,,,modality_summary_vs_recording,,src_charge|src_hearing|src_mg_forms|src_parties|src_dates|src_continuity|client_claims_19,3768,,"CLIENT_SAFE | We are reviewing the papers in your case (Possession of a controlled drug of Class A with intent to supply, contrary to section 5(3) Misuse of Drugs Act 1971). This is early-stage — nothing is final until we have full disclosu"
sha:98aa5b71883ced92051b8645ece6d34f545afcc2c961d50d185618b514f57484,PDF-98aa5b71883c,CB-TB-538_Walsh,98aa5b71883ced92051b8645ece6d34f545afcc2c961d50d185618b514f57484,OFFLINE_CLIENT_PROJECTION,,MODALITY,modality_summary_vs_recording,,,modality_summary_vs_recording,,src_charge|src_hearing|src_mg_forms|src_parties|src_dates|src_continuity|client_claims_19,6555,,"CLIENT_SAFE | We are reviewing the papers in your case (Theft, contrary to s.1 Theft Act 1968). This is early-stage — nothing is final until we have full disclosure and your instructions. Some evidence is still outstanding on the papers, an"
sha:98b341273a0c67986373206355ff6d937f8dcc33d9cbd52d2915842db1993dd5,PDF-98b341273a0c,CB-TB-097_Price,98b341273a0c67986373206355ff6d937f8dcc33d9cbd52d2915842db1993dd5,OFFLINE_CLIENT_PROJECTION,,MUTE,mute_cctv_master,,mute_cctv_master,,,src_charge|src_hearing|src_mg_forms|src_parties|src_cctv|src_continuity|client_claims_18,8002,,"CLIENT_SAFE | We are reviewing the papers in your case (Charge Burglary of a dwelling, contrary to section 9). This is early-stage — nothing is final until we have full disclosure and your instructions. Some evidence is still outstanding on"
sha:9902aa7c10ffbc497ac674ebc27b0cb3208e983765fab9a16d1ce127654e7fc1,PDF-9902aa7c10ff,CB-TB-537_Brooks,9902aa7c10ffbc497ac674ebc27b0cb3208e983765fab9a16d1ce127654e7fc1,OFFLINE_CLIENT_PROJECTION,,MODALITY,modality_summary_vs_recording,,mute_phone_download,modality_summary_vs_recording,,src_charge|src_hearing|src_mg_forms|src_parties|src_dates|src_continuity|client_claims_19,5030,,"CLIENT_SAFE | We are reviewing the papers in your case (Having an offensive weapon, contrary to s.1(1) Prevention of Crime Act 1953). This is early-stage — nothing is final until we have full disclosure and your instructions. Some evidence "
sha:991148cc25d16cca3a7e5bb0095adaf929c7081d70af43d6fd0520a800a6542d,PDF-991148cc25d1,CB-TB-558_Doyle,991148cc25d16cca3a7e5bb0095adaf929c7081d70af43d6fd0520a800a6542d,OFFLINE_CLIENT_PROJECTION,,MODALITY,modality_summary_vs_recording,,,modality_summary_vs_recording,,src_charge|src_hearing|src_mg_forms|src_parties|src_dates|src_continuity|client_claims_19,8316,,"CLIENT_SAFE | We are reviewing the papers in your case (Possession of a bladed article in a public place, contrary to section 139 Criminal Justice Act 1988). This is early-stage — nothing is final until we have full disclosure and your inst"
sha:98d047fa94691d42528ae5187ebc2f9ab798b9670b69b382d4cca66759c189ae,PDF-98d047fa9469,CB-TB-1608_Mason,98d047fa94691d42528ae5187ebc2f9ab798b9670b69b382d4cca66759c189ae,OFFLINE_CLIENT_PROJECTION,,MUTE,mute_cad_999,,mute_cad_999,,,src_charge|src_hearing|src_mg_forms|src_parties|src_dates|src_cctv|src_continuity|client_claims_18,10764,,"CLIENT_SAFE | We are reviewing the papers in your case (Offence Unlawful wounding, contrary to section 20 Offences Against the Person Act 1861). This is early-stage — nothing is final until we have full disclosure and your instructions. Som"
sha:99715b4f91b5260fb1953caec72be6865c8629ca52e86134d74dfff844577ad8,PDF-99715b4f91b5,CB-TB-1930_Lowry,99715b4f91b5260fb1953caec72be6865c8629ca52e86134d74dfff844577ad8,OFFLINE_CLIENT_PROJECTION,,MUTE,mute_cctv_master,,mute_cctv_master|mute_phone_download,,,src_charge|src_hearing|src_mg_forms|src_parties|src_dates|src_cctv|src_continuity|client_claims_18,4999,,"CLIENT_SAFE | We are reviewing the papers in your case (Assault occasioning actual bodily harm,). This is early-stage — nothing is final until we have full disclosure and your instructions. Some evidence is still outstanding on the papers, "
sha:995670efcd9c57a1e7ca2463d6f337b6b1dfa96934c3ad0f1ef4ec416416a64e,PDF-995670efcd9c,CB-TB-732_Parker,995670efcd9c57a1e7ca2463d6f337b6b1dfa96934c3ad0f1ef4ec416416a64e,OFFLINE_CLIENT_PROJECTION,,MUTE,mute_cctv_master,,mute_cctv_master,,,src_charge|src_hearing|src_mg_forms|src_parties|src_dates|src_cctv|src_cctv_stills|client_claims_17,8323,,"CLIENT_SAFE | We are reviewing the papers in your case (Possession of a controlled drug of Class B, namely cannabis, contrary to section 5(2) of the Misuse of Drugs Act 1971). This is early-stage — nothing is final until we have full disclo"
sha:9a271ba429f6ea201ba186acbdf7cfae67917262bc8efc698597e2c432de5ead,PDF-9a271ba429f6,CB-TB-073_Barker,9a271ba429f6ea201ba186acbdf7cfae67917262bc8efc698597e2c432de5ead,OFFLINE_CLIENT_PROJECTION,,MUTE,mute_cctv_master,,mute_cctv_master,,,src_charge|src_hearing|src_mg_forms|src_parties|src_cctv|src_continuity|client_claims_18,5051,,"CLIENT_SAFE | We are reviewing the papers in your case (behaviour with intent to cause harassment,, alarm or distress, contrary to section 4A). This is early-stage — nothing is final until we have full disclosure and your instructions. Some"
sha:9ac29c7d43ada63c10760928e67164c19e7aad1d008d91ad68eb7f6af6c31dc2,PDF-9ac29c7d43ad,CB-TB-611_Stone,9ac29c7d43ada63c10760928e67164c19e7aad1d008d91ad68eb7f6af6c31dc2,OFFLINE_CLIENT_PROJECTION,,MUTE,mute_cctv_master,,mute_cctv_master,,,src_charge|src_hearing|src_mg_forms|src_parties|src_dates|src_cctv|src_cctv_stills|client_claims_17,9132,,"CLIENT_SAFE | We are reviewing the papers in your case (Assault occasioning actual bodily harm, s.47 OAPA 1861). This is early-stage — nothing is final until we have full disclosure and your instructions. Some evidence is still outstanding "
sha:9b1d6f062b5761217420e082e9d6430df2e7aa09beeb0cbc4dc1e17ca7d4ee5b,PDF-9b1d6f062b57,CB-TB-1283_Stone,9b1d6f062b5761217420e082e9d6430df2e7aa09beeb0cbc4dc1e17ca7d4ee5b,OFFLINE_CLIENT_PROJECTION,,MUTE,mute_cad_999,,mute_cad_999,,,src_charge|src_hearing|src_mg_forms|src_parties|src_dates|src_cctv_stills|src_continuity|client_claims_18,4071,,"CLIENT_SAFE | We are reviewing the papers in your case (Intimidating a witness, contrary to section 51 Criminal Justice and Public Order Act 1994). This is early-stage — nothing is final until we have full disclosure and your instructions. "
sha:9b823116c36aee798d2a7f223c87ea5e3ab6d7e51503d74dde45672f94a94363,PDF-9b823116c36a,CB-TB-1933_Doyle,9b823116c36aee798d2a7f223c87ea5e3ab6d7e51503d74dde45672f94a94363,OFFLINE_CLIENT_PROJECTION,,MUTE,mute_cctv_master,,mute_cctv_master,,,src_charge|src_hearing|src_mg_forms|src_parties|src_dates|src_cctv|src_continuity|client_claims_19,10314,,"CLIENT_SAFE | We are reviewing the papers in your case (Count 1: theft; Count 2: possession of a bladed article, contrary to). This is early-stage — nothing is final until we have full disclosure and your instructions. Some evidence is stil"
sha:9bbca1728c076651a0a45545c549644d63ff8078e268a0a321356bf75a044991,PDF-9bbca1728c07,CB-TB-677_Reed,9bbca1728c076651a0a45545c549644d63ff8078e268a0a321356bf75a044991,OFFLINE_CLIENT_PROJECTION,,MUTE,mute_export_log,,mute_export_log|mute_cctv_master,,,src_charge|src_hearing|src_mg_forms|src_parties|src_dates|src_cctv|src_cctv_stills|client_claims_17,7875,,"CLIENT_SAFE | We are reviewing the papers in your case (Robbery, contrary to s.8 Theft Act 1968). This is early-stage — nothing is final until we have full disclosure and your instructions. Some evidence is still outstanding on the papers, "
sha:9bd50cc0b112b7b298d5a49cbe82fb3baa1844ea8afa6709c33662c61108a10c,PDF-9bd50cc0b112,CB-TB-636_Turner,9bd50cc0b112b7b298d5a49cbe82fb3baa1844ea8afa6709c33662c61108a10c,OFFLINE_CLIENT_PROJECTION,,MUTE,mute_cctv_master,,mute_cctv_master,,,src_charge|src_hearing|src_mg_forms|src_parties|src_dates|src_cctv|src_cctv_stills|client_claims_16,8638,,"CLIENT_SAFE | We are reviewing the papers in your case (Possession of a controlled drug of Class B, namely cannabis, contrary to section 5(2) of the Misuse of Drugs Act 1971). This is early-stage — nothing is final until we have full disclo"
sha:9cf48b50804a79bed9c4749071bc251633215ced68c949aa3258b5d74a7c649a,PDF-9cf48b50804a,CB-TB-224_Carver,9cf48b50804a79bed9c4749071bc251633215ced68c949aa3258b5d74a7c649a,OFFLINE_CLIENT_PROJECTION,,MUTE,mute_phone_download,,mute_phone_download,,,src_charge|src_hearing|src_mg_forms|src_parties|src_dates|src_cctv|src_cctv_stills|src_continuity|client_claims_18,5619,,"CLIENT_SAFE | We are reviewing the papers in your case (Dangerous driving, contrary to section 2 Road Traffic Act 1988). This is early-stage — nothing is final until we have full disclosure and your instructions. Some evidence is still outs"
sha:9cb983f17dfbfc927c8848be60210104821443213f0e5ffc99870d3efeeba486,PDF-9cb983f17dfb,CB-TB-840_Dawson,9cb983f17dfbfc927c8848be60210104821443213f0e5ffc99870d3efeeba486,OFFLINE_CLIENT_PROJECTION,,MUTE,mute_export_log,,mute_export_log,,,src_charge|src_hearing|src_mg_forms|src_parties|src_dates|src_cctv|src_continuity|client_claims_19,5979,,"CLIENT_SAFE | We are reviewing the papers in your case (Robbery, contrary to s.8 Theft Act 1968). This is early-stage — nothing is final until we have full disclosure and your instructions. Some evidence is still outstanding on the papers, "
sha:9cca59fe4d54a3ad90e9e005f85900420c634b41b6556a678b2cb0e52b59bc7e,PDF-9cca59fe4d54,CB-TB-1000_Price,9cca59fe4d54a3ad90e9e005f85900420c634b41b6556a678b2cb0e52b59bc7e,OFFLINE_CLIENT_PROJECTION,,MUTE,mute_phone_download,,mute_phone_download,,,src_charge|src_hearing|src_mg_forms|src_parties|src_cctv|client_claims_19,5362,,"CLIENT_SAFE | We are reviewing the papers in your case (Possession of a controlled drug of Class A with intent to supply, contrary to section 5(3) of the Misuse of Drugs Act 1971). This is early-stage — nothing is final until we have full d"
sha:9d3f361ad002b63a1505e33f2e724d2ebed66a46a6bc66868d2443d3f697d4b5,PDF-9d3f361ad002,CB-TB-675_Khan,9d3f361ad002b63a1505e33f2e724d2ebed66a46a6bc66868d2443d3f697d4b5,OFFLINE_CLIENT_PROJECTION,,MUTE,mute_cctv_master,,mute_cctv_master,,,src_charge|src_hearing|src_mg_forms|src_parties|src_dates|src_cctv|client_claims_16,7595,,"CLIENT_SAFE | We are reviewing the papers in your case (Assault by beating of an emergency worker, contrary to section 1 of the Assaults on Emergency Workers (Offences) Act 2018). This is early-stage — nothing is final until we have full di"
sha:9d6541e685c41aa2a48c12e7c216f8eb8f9cbda8d826c59c6f753faded05d75e,PDF-9d6541e685c4,CB-TB-1927_Kellett,9d6541e685c41aa2a48c12e7c216f8eb8f9cbda8d826c59c6f753faded05d75e,OFFLINE_CLIENT_PROJECTION,,MUTE,mute_phone_download,,mute_phone_download|mute_cad_999,,,src_charge|src_hearing|src_mg_forms|src_parties|src_dates|src_cctv|src_continuity|client_claims_19,5267,,"CLIENT_SAFE | We are reviewing the papers in your case (Affray, contrary to section 3 of the Public Order Act 1986). This is early-stage — nothing is final until we have full disclosure and your instructions. Some evidence is still outstand"
sha:9d6c239255f6a5a4f8eadbdce435dd178495c165b1b48bdcda3f2b597beb2d93,PDF-9d6c239255f6,CB-TB-1254_Akhtar,9d6c239255f6a5a4f8eadbdce435dd178495c165b1b48bdcda3f2b597beb2d93,OFFLINE_CLIENT_PROJECTION,,MUTE,mute_cad_999,,mute_cad_999,,,src_charge|src_hearing|src_mg_forms|src_parties|src_dates|src_cctv|src_continuity|client_claims_18,6480,,"CLIENT_SAFE | We are reviewing the papers in your case (Burglary dwelling, contrary to section 9 Theft Act 1968). This is early-stage — nothing is final until we have full disclosure and your instructions. Some evidence is still outstanding"
sha:9d929220d88e62ef9dbca5578e284b22dbfc8d5dce9b455293a640b8566eb981,PDF-9d929220d88e,CB-TB-125_Barker,9d929220d88e62ef9dbca5578e284b22dbfc8d5dce9b455293a640b8566eb981,OFFLINE_CLIENT_PROJECTION,,MUTE,mute_phone_download,,mute_phone_download,,,src_charge|src_hearing|src_mg_forms|src_parties|src_cctv|src_cctv_stills|src_continuity|client_claims_18,14397,,"CLIENT_SAFE | We are reviewing the papers in your case (Concerned in supply). This is early-stage — nothing is final until we have full disclosure and your instructions. Some evidence is still outstanding on the papers, and we will update y"
sha:9e14295a4fc12d58994f152b4985b9ca682d8edd32880f2b278df5cd70f4b4be,PDF-9e14295a4fc1,CB-TB-605_Patterson,9e14295a4fc12d58994f152b4985b9ca682d8edd32880f2b278df5cd70f4b4be,OFFLINE_CLIENT_PROJECTION,,MUTE,mute_export_log,,mute_export_log|mute_cctv_master,,,src_charge|src_hearing|src_mg_forms|src_parties|src_dates|src_cctv|src_cctv_stills|src_continuity|client_claims_16,11811,,"CLIENT_SAFE | We are reviewing the papers in your case (Assault occasioning actual bodily harm, s.47 OAPA 1861). This is early-stage — nothing is final until we have full disclosure and your instructions. Some evidence is still outstanding "
sha:9df310801542a6f4b607bbad82e20b98c30f31bca0a6e68f58bec39d653715af,PDF-9df310801542,CB-TB-2114_Nolan,9df310801542a6f4b607bbad82e20b98c30f31bca0a6e68f58bec39d653715af,OFFLINE_CLIENT_PROJECTION,,MUTE,mute_cad_999,,mute_cad_999,,,src_charge|src_hearing|src_mg_forms|src_parties|src_dates|src_cctv|src_continuity|client_claims_18,11537,,"CLIENT_SAFE | We are reviewing the papers in your case (Offence Unlawful wounding, contrary to section 20 Offences Against the Person Act 1861). This is early-stage — nothing is final until we have full disclosure and your instructions. Som"
sha:9e1f370696fb5590c93543e7fd2e4742b21b1f1afbe3bb139c6f895da3cfdec1,PDF-9e1f370696fb,CB-TB-438_Miah,9e1f370696fb5590c93543e7fd2e4742b21b1f1afbe3bb139c6f895da3cfdec1,OFFLINE_CLIENT_PROJECTION,,MODALITY,modality_screenshot_vs_download,,,modality_screenshot_vs_download,,src_charge|src_hearing|src_mg_forms|src_parties|src_cctv|src_continuity|client_claims_18,4727,,"CLIENT_SAFE | We are reviewing the papers in your case (Primary charge:Concealing criminal property, contrary to section 327 Proceeds of Crime Act 2002). This is early-stage — nothing is final until we have full disclosure and your instruct"
sha:9e2d2f4c9bb2be36636ef6bad8a878b52986c4ecacdf10b97b0df9dc6a0979f4,PDF-9e2d2f4c9bb2,CB-TB-1053_Ellis,9e2d2f4c9bb2be36636ef6bad8a878b52986c4ecacdf10b97b0df9dc6a0979f4,OFFLINE_CLIENT_PROJECTION,,MUTE,mute_cad_999,,mute_cad_999,,,src_charge|src_hearing|src_mg_forms|src_parties|src_dates|src_cctv|src_cctv_stills|src_continuity|client_claims_18,6570,,"CLIENT_SAFE | We are reviewing the papers in your case (Affray, contrary to section 3 Public Order Act 1986). This is early-stage — nothing is final until we have full disclosure and your instructions. Some evidence is still outstanding on "
sha:9e311b53f7bb9771d5034a5023f5038ede0342e2eda7074a5db0795d94af766f,PDF-9e311b53f7bb,CB-TB-1045_Foster,9e311b53f7bb9771d5034a5023f5038ede0342e2eda7074a5db0795d94af766f,OFFLINE_CLIENT_PROJECTION,,MUTE,mute_cad_999,,mute_cad_999,,,src_charge|src_hearing|src_mg_forms|src_parties|src_dates|src_cctv|src_cctv_stills|src_continuity|client_claims_18,6741,,"CLIENT_SAFE | We are reviewing the papers in your case (Unlawful wounding, contrary to section 20 Offences Against the Person Act 1861). This is early-stage — nothing is final until we have full disclosure and your instructions. Some eviden"
sha:9e6d7fc435dc25b79d5529a6a745a868f4fa48cbfa1fc6e2b3ed72b8023f0a94,PDF-9e6d7fc435dc,CB-TB-659_Quinn,9e6d7fc435dc25b79d5529a6a745a868f4fa48cbfa1fc6e2b3ed72b8023f0a94,OFFLINE_CLIENT_PROJECTION,,MUTE,mute_cctv_master,,mute_cctv_master,,,src_charge|src_hearing|src_mg_forms|src_parties|src_dates|src_cctv|src_cctv_stills|client_claims_16,5934,,"CLIENT_SAFE | We are reviewing the papers in your case (Driving a motor vehicle with alcohol concentration above the prescribed limit, contrary to section 5(1)(a) of the Road Traffic Act 1988). This is early-stage — nothing is final until w"
sha:9f80971e7fc9f82e4b796adf72ccef32aaa46a50d952549f77d1ea31b47466f0,PDF-9f80971e7fc9,CB-TB-2069_Doyle,9f80971e7fc9f82e4b796adf72ccef32aaa46a50d952549f77d1ea31b47466f0,OFFLINE_CLIENT_PROJECTION,,MUTE,mute_cad_999,,mute_cad_999,,,src_charge|src_hearing|src_mg_forms|src_parties|src_cctv|src_continuity|client_claims_17,3360,,CLIENT_SAFE | We are reviewing the papers in your case (Doing an act tending and intended to pervert the course of public justice). This is early-stage — nothing is final until we have full disclosure and your instructions. Some evidence is
sha:9ffcab01008f08e727581d369ca93cca4eec07c5ee993140f37b9f0cab2b937b,PDF-9ffcab01008f,CB-TB-1235_Ashton,9ffcab01008f08e727581d369ca93cca4eec07c5ee993140f37b9f0cab2b937b,OFFLINE_CLIENT_PROJECTION,,MUTE,mute_cad_999,,mute_cad_999,,,src_charge|src_hearing|src_mg_forms|src_parties|src_dates|src_cctv|src_cctv_stills|src_continuity|client_claims_18,3758,,"CLIENT_SAFE | We are reviewing the papers in your case (Breach of a court order, contrary to section 5 Protection from Harassment Act 1997). This is early-stage — nothing is final until we have full disclosure and your instructions. Some ev"
sha:9f9040279e0a8cb6c2fc908cd1068c2d666210c5d60986a5231f9927ba959c2e,PDF-9f9040279e0a,CB-TB-708_Mitchell,9f9040279e0a8cb6c2fc908cd1068c2d666210c5d60986a5231f9927ba959c2e,OFFLINE_CLIENT_PROJECTION,,MUTE,mute_cctv_master,,mute_cctv_master,,,src_charge|src_hearing|src_mg_forms|src_parties|src_dates|src_cctv|src_continuity|client_claims_17,3839,,"CLIENT_SAFE | We are reviewing the papers in your case (Unlawful wounding, contrary to section 20 of the Offences Against the Person Act 1861). This is early-stage — nothing is final until we have full disclosure and your instructions. Some"
sha:a049084d2eb0ad56f8992acaffe44c095078264105fbddace51199272253c5f6,PDF-a049084d2eb0,CB-TB-312_Marsh,a049084d2eb0ad56f8992acaffe44c095078264105fbddace51199272253c5f6,OFFLINE_CLIENT_PROJECTION,,MUTE,mute_phone_download,,mute_phone_download,,,src_charge|src_hearing|src_mg_forms|src_parties|src_dates|client_claims_18,7365,,"CLIENT_SAFE | We are reviewing the papers in your case (Affray, contrary to section 3 of the Public Order Act 1986). This is early-stage — nothing is final until we have full disclosure and your instructions. Some evidence is still outstand"
sha:a04ab778d49b8e9c607a4927c2d4bf6933a2c25d3185e0b1a5b407d547901983,PDF-a04ab778d49b,CB-TB-930_Fletcher,a04ab778d49b8e9c607a4927c2d4bf6933a2c25d3185e0b1a5b407d547901983,OFFLINE_CLIENT_PROJECTION,,MUTE,mute_phone_download,,mute_phone_download,,,src_hearing|src_mg_forms|src_parties|src_dates|src_cctv|client_claims_16,5115,,"CLIENT_SAFE | We are reviewing the papers in your case (1Wounding with intent to cause grievous bodily, harm, contrary to section 18 of the Offences). This is early-stage — nothing is final until we have full disclosure and your instruction"
sha:a08211ae991a57a7d2b67174164b2b42d306f8380d6d3772a746fb32b4d77d9b,PDF-a08211ae991a,CB-TB-736_Morgan,a08211ae991a57a7d2b67174164b2b42d306f8380d6d3772a746fb32b4d77d9b,OFFLINE_CLIENT_PROJECTION,,MUTE,mute_cctv_master,,mute_cctv_master|mute_phone_download,,,src_charge|src_hearing|src_mg_forms|src_parties|src_dates|src_cctv|src_continuity|client_claims_16,5888,,"CLIENT_SAFE | We are reviewing the papers in your case (Possession of a controlled drug of Class B, namely cannabis, contrary to section 5(2) of the Misuse of Drugs Act 1971). This is early-stage — nothing is final until we have full disclo"
sha:a1648f7191a7cd0abdbd814bf5cef41b99cc853d00b0fdced5ae0cae70632d7f,PDF-a1648f7191a7,CB-TB-1911_Keane,a1648f7191a7cd0abdbd814bf5cef41b99cc853d00b0fdced5ae0cae70632d7f,OFFLINE_CLIENT_PROJECTION,,MUTE,mute_cctv_master,,mute_cctv_master,,,src_charge|src_hearing|src_mg_forms|src_parties|src_dates|src_cctv|client_claims_18,4276,,"CLIENT_SAFE | We are reviewing the papers in your case (Wounding with intent to cause grievous bodily harm, s.18 OAPA 1861). This is early-stage — nothing is final until we have full disclosure and your instructions. Some evidence is still "
sha:a0dfe8d8ca146583a84a898d46071f0713698a8f9f523bdd36724fb06aeae860,PDF-a0dfe8d8ca14,CB-TB-2000_Pike,a0dfe8d8ca146583a84a898d46071f0713698a8f9f523bdd36724fb06aeae860,OFFLINE_CLIENT_PROJECTION,,MUTE,mute_cctv_master,,mute_cctv_master|mute_phone_download|mute_cad_999,,,src_charge|src_hearing|src_mg_forms|src_parties|src_dates|src_cctv|src_continuity|client_claims_18,10536,,"CLIENT_SAFE | We are reviewing the papers in your case (Fraud by false representation, s.2 Fraud Act 2006). This is early-stage — nothing is final until we have full disclosure and your instructions. Some evidence is still outstanding on th"
sha:a0d80b5b07e03095d25126eb371181c362084137f396d3a9411fc41ec9ac2f7c,PDF-a0d80b5b07e0,CB-TB-008_Patterson,a0d80b5b07e03095d25126eb371181c362084137f396d3a9411fc41ec9ac2f7c,OFFLINE_CLIENT_PROJECTION,,MUTE,mute_phone_download,,mute_phone_download,,,src_charge|src_hearing|src_mg_forms|src_parties|src_cctv|src_cctv_stills|src_continuity|client_claims_19,15142,,"CLIENT_SAFE | We are reviewing the papers in your case (Wounding with intent to cause grievous bodily harm, s.18 OAPA 1861). This is early-stage — nothing is final until we have full disclosure and your instructions. Some evidence is still "
sha:a201dbb044409189904db32f4623e818b81d9baf32781f0a8ffbe155fb1da342,PDF-a201dbb04440,CB-TB-782_Parker,a201dbb044409189904db32f4623e818b81d9baf32781f0a8ffbe155fb1da342,OFFLINE_CLIENT_PROJECTION,,MUTE,mute_cctv_master,,mute_cctv_master,,,src_charge|src_hearing|src_mg_forms|src_parties|src_dates|src_cctv|src_continuity|client_claims_17,6433,,"CLIENT_SAFE | We are reviewing the papers in your case (Robbery, contrary to s.8 Theft Act 1968). This is early-stage — nothing is final until we have full disclosure and your instructions. Some evidence is still outstanding on the papers, "
sha:a236fb19b597c307c112aee77a888c7a11ce8cd8ecb5b06a9536b44c3cb5c4dd,PDF-a236fb19b597,CB-TB-481_Singh,a236fb19b597c307c112aee77a888c7a11ce8cd8ecb5b06a9536b44c3cb5c4dd,OFFLINE_CLIENT_PROJECTION,,MODALITY,modality_screenshot_vs_download,,,modality_screenshot_vs_download,,src_charge|src_hearing|src_mg_forms|src_parties|src_cctv|src_continuity|client_claims_17,5508,,"CLIENT_SAFE | We are reviewing the papers in your case (Primary charge:Possession of a bladed article in a public place, contrary to section 139 Criminal Justice Act 1988). This is early-stage — nothing is final until we have full disclosur"
sha:a1630111ff7bd5693f39003a447822311fa4f922be3a2c356954f841a5028938,PDF-a1630111ff7b,CB-TB-746_Coleman,a1630111ff7bd5693f39003a447822311fa4f922be3a2c356954f841a5028938,OFFLINE_CLIENT_PROJECTION,,MUTE,mute_cctv_master,,mute_cctv_master,,,src_charge|src_hearing|src_mg_forms|src_parties|src_dates|src_cctv|src_cctv_stills|src_continuity|client_claims_15,10630,,"CLIENT_SAFE | We are reviewing the papers in your case (Possessing criminal property, contrary to section 329 of the Proceeds of Crime Act 2002). This is early-stage — nothing is final until we have full disclosure and your instructions. So"
sha:a285546802861c01ea47721237ac8fa217b94d4973b8c0ec52f24ec65e558d30,PDF-a28554680286,CB-TB-016_Kian_Doyle,a285546802861c01ea47721237ac8fa217b94d4973b8c0ec52f24ec65e558d30,OFFLINE_CLIENT_PROJECTION,,MUTE,mute_phone_download,,mute_phone_download,,,src_charge|src_hearing|src_mg_forms|src_parties|src_dates|client_claims_16,5072,,"CLIENT_SAFE | We are reviewing the papers in your case (Possession of a controlled drug of Class A with intent to supply, contrary to section 5(3) Misuse of Drugs Act 1971). This is early-stage — nothing is final until we have full disclosu"
sha:a2371019338b26304c8333c80d36f437fec71f47026e7962957f4c7db71a163d,PDF-a2371019338b,CB-TB-2003_Okonkwo,a2371019338b26304c8333c80d36f437fec71f47026e7962957f4c7db71a163d,OFFLINE_CLIENT_PROJECTION,,MUTE,mute_cad_999,,mute_cad_999,,,src_charge|src_hearing|src_mg_forms|src_parties|src_dates|src_cctv|src_continuity|client_claims_18,11440,,"CLIENT_SAFE | We are reviewing the papers in your case (Offence Unlawful wounding, contrary to section 20 Offences Against the Person Act 1861). This is early-stage — nothing is final until we have full disclosure and your instructions. Som"
sha:a2e4429423259dca25680b15cc7e4093e8dfd1f79a8b1f5e4de60c68daeadf98,PDF-a2e442942325,CB-TB-427_Brennan,a2e4429423259dca25680b15cc7e4093e8dfd1f79a8b1f5e4de60c68daeadf98,OFFLINE_CLIENT_PROJECTION,,MODALITY,modality_screenshot_vs_download,,,modality_screenshot_vs_download,,src_charge|src_hearing|src_mg_forms|src_parties|src_cctv|src_continuity|client_claims_18,4185,,"CLIENT_SAFE | We are reviewing the papers in your case (Possession of a controlled drug of Class B, contrary to section 5(2) Misuse of Drugs Act 1971). This is early-stage — nothing is final until we have full disclosure and your instructio"
sha:a2eee44ac04d2769c9578a3307dedfd85f3902f404993580bf52b9a8dc534e64,PDF-a2eee44ac04d,CB-TB-2134_Hughes,a2eee44ac04d2769c9578a3307dedfd85f3902f404993580bf52b9a8dc534e64,OFFLINE_CLIENT_PROJECTION,,MUTE,mute_cad_999,,mute_cad_999,,,src_charge|src_hearing|src_mg_forms|src_parties|src_dates|src_cctv|src_continuity|client_claims_17,7247,,"CLIENT_SAFE | We are reviewing the papers in your case (Offence Criminal damage, contrary to section 1 Criminal Damage Act 1971). This is early-stage — nothing is final until we have full disclosure and your instructions. Some evidence is s"
sha:a2948f774531df1f05e170d804fde1a4d4d88111c0cded51694d98bd4233c42c,PDF-a2948f774531,CB-TB-259_Spencer,a2948f774531df1f05e170d804fde1a4d4d88111c0cded51694d98bd4233c42c,OFFLINE_CLIENT_PROJECTION,,MUTE,mute_phone_download,,mute_phone_download,,,src_charge|src_hearing|src_mg_forms|src_parties|src_dates|src_cctv|client_claims_17,11677,,"CLIENT_SAFE | We are reviewing the papers in your case (Wounding with intent to cause grievous bodily harm, s.18 OAPA 1861). This is early-stage — nothing is final until we have full disclosure and your instructions. Some evidence is still "
sha:a35884e37345b2ebf80529e995a951b60849e48d080d5c29d003ad2203215b71,PDF-a35884e37345,NS-CPS-2026-0432 - Copy (2),a35884e37345b2ebf80529e995a951b60849e48d080d5c29d003ad2203215b71,OFFLINE_CLIENT_PROJECTION,,MUTE,mute_cctv_master,,mute_cctv_master,,,src_charge|src_hearing|src_mg_forms|src_parties|src_dates|src_cctv|src_continuity|client_claims_18,4766,,"CLIENT_SAFE | We are reviewing the papers in your case (ABH, s.47). This is early-stage — nothing is final until we have full disclosure and your instructions. Some evidence is still outstanding on the papers, and we will update you when it"
sha:a3aa33e8050f3dc8d1d8bad991acec8a9f194f624841d807f9130046e7173f68,PDF-a3aa33e8050f,CB-TB-434_Brennan,a3aa33e8050f3dc8d1d8bad991acec8a9f194f624841d807f9130046e7173f68,OFFLINE_CLIENT_PROJECTION,,MODALITY,modality_screenshot_vs_download,,,modality_screenshot_vs_download,,src_charge|src_hearing|src_mg_forms|src_parties|src_continuity|client_claims_17,4018,,"CLIENT_SAFE | We are reviewing the papers in your case (Primary charge:Possession of a controlled drug of Class B, contrary to section 5(2) Misuse of Drugs Act 1971). This is early-stage — nothing is final until we have full disclosure and "
sha:a42fbb3996318530d4660fd13fb81858b11e7e9015feb17aff60b92480315f55,PDF-a42fbb399631,CB-TB-891_Rees,a42fbb3996318530d4660fd13fb81858b11e7e9015feb17aff60b92480315f55,OFFLINE_CLIENT_PROJECTION,,MUTE,mute_cctv_master,,mute_cctv_master,,,src_charge|src_hearing|src_mg_forms|src_parties|src_cctv|src_continuity|client_claims_18,5245,,"CLIENT_SAFE | We are reviewing the papers in your case (Assault occasioning actual bodily harm, s.47). This is early-stage — nothing is final until we have full disclosure and your instructions. Some evidence is still outstanding on the pap"
sha:a4c535e55cc02afec4388bb3bb10cd5b529e38eee1f5f8e7e87c2b8009ee1da8,PDF-a4c535e55cc0,CB-TB-993_Patel,a4c535e55cc02afec4388bb3bb10cd5b529e38eee1f5f8e7e87c2b8009ee1da8,OFFLINE_CLIENT_PROJECTION,,MUTE,mute_cctv_master,,mute_cctv_master,,,src_charge|src_hearing|src_mg_forms|src_parties|src_dates|src_cctv|client_claims_17,7392,,"CLIENT_SAFE | We are reviewing the papers in your case (Wounding with intent to cause grievous bodily harm, s.18 OAPA 1861). This is early-stage — nothing is final until we have full disclosure and your instructions. Some evidence is still "
sha:a5135613b5f5aa7a1ed8982e3af598214b5d5910e80391d6304b7ed5944329b8,PDF-a5135613b5f5,CB-TB-1296_Rees,a5135613b5f5aa7a1ed8982e3af598214b5d5910e80391d6304b7ed5944329b8,OFFLINE_CLIENT_PROJECTION,,MUTE,mute_phone_download,,mute_phone_download,,,src_charge|src_hearing|src_mg_forms|src_parties|src_dates|src_cctv|src_continuity|client_claims_16,4586,,"CLIENT_SAFE | We are reviewing the papers in your case (CB-TB-1296_Rees.pdf). This is early-stage — nothing is final until we have full disclosure and your instructions. Some evidence is still outstanding on the papers, and we will update y"
sha:a543c89216e85664bb9af8c039facd5c184c4d56c9727f59105d5bf4c5d0459d,PDF-a543c89216e8,CB-TB-684_Hale,a543c89216e85664bb9af8c039facd5c184c4d56c9727f59105d5bf4c5d0459d,OFFLINE_CLIENT_PROJECTION,,MUTE,mute_cctv_master,,mute_cctv_master|mute_cad_999,,,src_charge|src_hearing|src_mg_forms|src_parties|src_dates|src_cctv|src_cctv_stills|src_continuity|client_claims_16,8299,,"CLIENT_SAFE | We are reviewing the papers in your case (Robbery, contrary to s.8 Theft Act 1968). This is early-stage — nothing is final until we have full disclosure and your instructions. Some evidence is still outstanding on the papers, "
sha:a50fc3f5ae1fba7d6080873d7f8e4743d49e9c7da94858e95a27e0b6fb1171ae,PDF-a50fc3f5ae1f,CB-TB-414_Davies,a50fc3f5ae1fba7d6080873d7f8e4743d49e9c7da94858e95a27e0b6fb1171ae,OFFLINE_CLIENT_PROJECTION,,MUTE,mute_phone_download,,mute_phone_download,,,src_charge|src_hearing|src_mg_forms|src_parties|src_cctv|src_continuity|client_claims_18,5652,,"CLIENT_SAFE | We are reviewing the papers in your case (Burglary, contrary to section 9(1)(b) Theft Act 1968). This is early-stage — nothing is final until we have full disclosure and your instructions. Some evidence is still outstanding on"
sha:a5b3e8c1b0d1f79212a9ed9e1f0f8f03557515ecbc0cde3c48580055bcd22aa9,PDF-a5b3e8c1b0d1,CB-TB-1252_Rowe,a5b3e8c1b0d1f79212a9ed9e1f0f8f03557515ecbc0cde3c48580055bcd22aa9,OFFLINE_CLIENT_PROJECTION,,MUTE,mute_cad_999,,mute_cad_999,,,src_charge|src_hearing|src_mg_forms|src_parties|src_dates|src_cctv|src_cctv_stills|src_continuity|client_claims_17,4048,,"CLIENT_SAFE | We are reviewing the papers in your case (Theft, contrary to s.1 Theft Act 1968). This is early-stage — nothing is final until we have full disclosure and your instructions. Some evidence is still outstanding on the papers, an"
sha:a663b294b26dbe39e772426d480e328aa2973a837576d880249aca1c839fe87a,PDF-a663b294b26d,CB-TB-539_Ross,a663b294b26dbe39e772426d480e328aa2973a837576d880249aca1c839fe87a,OFFLINE_CLIENT_PROJECTION,,MODALITY,modality_summary_vs_recording,,mute_cctv_master,modality_summary_vs_recording,,src_charge|src_hearing|src_mg_forms|src_parties|src_dates|src_cctv|src_continuity|client_claims_19,3754,,"CLIENT_SAFE | We are reviewing the papers in your case (Possession of a controlled drug of Class B, contrary to section 5(2) Misuse of Drugs Act 1971). This is early-stage — nothing is final until we have full disclosure and your instructio"
sha:a67176ef5bc23472f8f946b73ae0430a03b81065b05569c759b6e0c472acfc03,PDF-a67176ef5bc2,CB-TB-1585_Francis,a67176ef5bc23472f8f946b73ae0430a03b81065b05569c759b6e0c472acfc03,OFFLINE_CLIENT_PROJECTION,,INVENT,invent_cctv_master,invent_cctv_master,mute_cad_999,,,src_charge|src_hearing|src_mg_forms|src_parties|src_cctv|src_cctv_stills|client_claims_18,3453,,"CLIENT_SAFE | We are reviewing the papers in your case (Robbery, contrary to s.8 Theft Act 1968). This is early-stage — nothing is final until we have full disclosure and your instructions. Some evidence is still outstanding on the papers, "
sha:a6f36778e49b593852334e2464a948b87c5e4dbd470d626d7fb9cb94724c1e80,PDF-a6f36778e49b,CB-TB-545_Thornton,a6f36778e49b593852334e2464a948b87c5e4dbd470d626d7fb9cb94724c1e80,OFFLINE_CLIENT_PROJECTION,,MODALITY,modality_summary_vs_recording,,,modality_summary_vs_recording,,src_charge|src_hearing|src_mg_forms|src_parties|src_dates|src_continuity|client_claims_19,3264,,"CLIENT_SAFE | We are reviewing the papers in your case (Possession of a bladed article in a public place, contrary to section 139 Criminal Justice Act 1988). This is early-stage — nothing is final until we have full disclosure and your inst"
sha:a6e61144e9b2ee8cd24d5698e7f3bdc2ac7518eae88a19f89adea050fe5a465f,PDF-a6e61144e9b2,CB-TB-671_Ross,a6e61144e9b2ee8cd24d5698e7f3bdc2ac7518eae88a19f89adea050fe5a465f,OFFLINE_CLIENT_PROJECTION,,MUTE,mute_export_log,,mute_export_log|mute_cctv_master,,,src_charge|src_hearing|src_mg_forms|src_parties|src_dates|src_cctv|client_claims_16,6115,,"CLIENT_SAFE | We are reviewing the papers in your case (Affray, contrary to section 3 of the Public Order Act 1986). This is early-stage — nothing is final until we have full disclosure and your instructions. Some evidence is still outstand"
sha:a6ebed83771a11e83250f3786770534eff4a55875464c261aab4c4f7570cd1b8,PDF-a6ebed83771a,CB-TB-1985_Shaw,a6ebed83771a11e83250f3786770534eff4a55875464c261aab4c4f7570cd1b8,OFFLINE_CLIENT_PROJECTION,,MUTE,mute_cctv_master,,mute_cctv_master,,,src_charge|src_hearing|src_mg_forms|src_parties|src_dates|src_cctv|src_continuity|client_claims_19,7630,,"CLIENT_SAFE | We are reviewing the papers in your case (Burglary of a dwelling, contrary to section 9 of the Theft Act 1968). This is early-stage — nothing is final until we have full disclosure and your instructions. Some evidence is still"
sha:a6a9ac3d32578ccba3084138a0e7c66d260cb7d34b9427f7d56bcd770553e418,PDF-a6a9ac3d3257,CB-TB-556_Wright,a6a9ac3d32578ccba3084138a0e7c66d260cb7d34b9427f7d56bcd770553e418,OFFLINE_CLIENT_PROJECTION,,MODALITY,modality_summary_vs_recording,,,modality_summary_vs_recording,,src_charge|src_hearing|src_mg_forms|src_parties|src_dates|src_continuity|client_claims_19,7892,,"CLIENT_SAFE | We are reviewing the papers in your case (Theft, contrary to s.1 Theft Act 1968). This is early-stage — nothing is final until we have full disclosure and your instructions. Some evidence is still outstanding on the papers, an"
sha:a6fc95634505c144694d90eca76bf8d11f8d2136ed87d50cc1dd0d55d7090ce7,PDF-a6fc95634505,CB-TB-1986_Quinn,a6fc95634505c144694d90eca76bf8d11f8d2136ed87d50cc1dd0d55d7090ce7,OFFLINE_CLIENT_PROJECTION,,MUTE,mute_cctv_master,,mute_cctv_master,,,src_charge|src_hearing|src_mg_forms|src_parties|src_dates|src_cctv|src_continuity|client_claims_19,3824,,"CLIENT_SAFE | We are reviewing the papers in your case (Fraud by false representation, s.2 Fraud Act 2006). This is early-stage — nothing is final until we have full disclosure and your instructions. Some evidence is still outstanding on th"
sha:a72236fb7116e9d9d780fa2039f199b48338de6e43f1b9ab71309f440aad3680,PDF-a72236fb7116,CB-TB-824_Evans,a72236fb7116e9d9d780fa2039f199b48338de6e43f1b9ab71309f440aad3680,OFFLINE_CLIENT_PROJECTION,,MUTE,mute_export_log,,mute_export_log,,,src_charge|src_hearing|src_mg_forms|src_parties|src_dates|src_cctv|src_continuity|client_claims_18,10211,,"CLIENT_SAFE | We are reviewing the papers in your case (Main charge Burglary in a dwelling, contrary to section 9 of the Theft Act 1968). This is early-stage — nothing is final until we have full disclosure and your instructions. Some evide"
sha:a74e679c3653a30b09d92057b4c30de1f15eb989d2e8bfc16f15e38a80efb740,PDF-a74e679c3653,CB-TB-1984_Denton,a74e679c3653a30b09d92057b4c30de1f15eb989d2e8bfc16f15e38a80efb740,OFFLINE_CLIENT_PROJECTION,,MUTE,mute_cctv_master,,mute_cctv_master|mute_phone_download,,,src_charge|src_hearing|src_mg_forms|src_parties|src_dates|src_cctv|client_claims_17,4762,,"CLIENT_SAFE | We are reviewing the papers in your case (Affray, contrary to section 3 of the Public Order Act 1986). This is early-stage — nothing is final until we have full disclosure and your instructions. Some evidence is still outstand"
sha:a73c493624a3989b84a873ed23691bcc61f09c3adb8b6a1036873b5589ea1f76,PDF-a73c493624a3,CB-TB-1562_White,a73c493624a3989b84a873ed23691bcc61f09c3adb8b6a1036873b5589ea1f76,OFFLINE_CLIENT_PROJECTION,,MUTE,mute_cad_999,,mute_cad_999,,,src_charge|src_hearing|src_mg_forms|src_parties|src_cctv|src_cctv_stills|client_claims_15,3904,,"CLIENT_SAFE | We are reviewing the papers in your case (Theft, contrary to s.1 Theft Act 1968). This is early-stage — nothing is final until we have full disclosure and your instructions. Some evidence is still outstanding on the papers, an"
sha:a74c00c7ba29dc5e3b75b2cbd4c3348892bd4b9283ff14aac98aa5f3a3e35b11,PDF-a74c00c7ba29,CB-TB-1455_Ross,a74c00c7ba29dc5e3b75b2cbd4c3348892bd4b9283ff14aac98aa5f3a3e35b11,OFFLINE_CLIENT_PROJECTION,,MUTE,mute_phone_download,,mute_phone_download,,,src_charge|src_hearing|src_mg_forms|src_id_procedure|src_parties|src_dates|src_cctv|src_continuity|client_claims_18,7477,,"CLIENT_SAFE | We are reviewing the papers in your case (Possession of a controlled drug of Class B with intent to supply, contrary to section 5(3) of the Misuse of Drugs Act). This is early-stage — nothing is final until we have full disclo"
sha:a8212b59135e7160a06fd948acf7ac158542565077ac4224bafa06a09cf284ea,PDF-a8212b59135e,CB-TB-2018_Doyle,a8212b59135e7160a06fd948acf7ac158542565077ac4224bafa06a09cf284ea,OFFLINE_CLIENT_PROJECTION,,MUTE,mute_cad_999,,mute_cad_999,,,src_charge|src_hearing|src_mg_forms|src_parties|src_dates|src_cctv|src_continuity|client_claims_17,8297,,"CLIENT_SAFE | We are reviewing the papers in your case (Offence Being concerned in the supply of a controlled drug of Class A, contrary to section 4(3)(b) Misuse of Drugs Act 1971). This is early-stage — nothing is final until we have full "
sha:a7b7490c5e4ea47a4811f405a55b5a6c504a9f81cd6c60e58b5f73a51558a154,PDF-a7b7490c5e4e,CB-TB-010_Ross,a7b7490c5e4ea47a4811f405a55b5a6c504a9f81cd6c60e58b5f73a51558a154,OFFLINE_CLIENT_PROJECTION,,MUTE,mute_phone_download,,mute_phone_download,,,src_charge|src_hearing|src_mg_forms|src_parties|src_cctv|src_cctv_stills|src_continuity|client_claims_18,10193,,"CLIENT_SAFE | We are reviewing the papers in your case (Offence Affray, contrary to section 3 of the Public Order Act 1986; assault by beating of an). This is early-stage — nothing is final until we have full disclosure and your instruction"
sha:a82d607b0310460d808eb2ab3b9d881c4543fdf5a4393e070b39beb8404e6d99,PDF-a82d607b0310,CB-TB-683_Merritt,a82d607b0310460d808eb2ab3b9d881c4543fdf5a4393e070b39beb8404e6d99,OFFLINE_CLIENT_PROJECTION,,MUTE,mute_cctv_master,,mute_cctv_master,,,src_charge|src_hearing|src_mg_forms|src_parties|src_dates|src_cctv|src_continuity|client_claims_17,6886,,"CLIENT_SAFE | We are reviewing the papers in your case (Robbery, contrary to s.8 Theft Act 1968). This is early-stage — nothing is final until we have full disclosure and your instructions. Some evidence is still outstanding on the papers, "
sha:a9a6937cf786ab30bed62dd98c0de507114f272e56b6aad01e14d40dfa2b8f72,PDF-a9a6937cf786,CB-TB-1034_Dawson,a9a6937cf786ab30bed62dd98c0de507114f272e56b6aad01e14d40dfa2b8f72,OFFLINE_CLIENT_PROJECTION,,MUTE,mute_cad_999,,mute_cad_999,,,src_charge|src_hearing|src_mg_forms|src_parties|src_dates|src_cctv|src_continuity|client_claims_16,5053,,"CLIENT_SAFE | We are reviewing the papers in your case (Assault by beating of an emergency worker, contrary to section 1 Assaults on Emergency Workers (Offences)). This is early-stage — nothing is final until we have full disclosure and you"
sha:a9a76a8e577d92ec1be87f49c50d339314e18f22601643d8ca1ed847afdd2fa4,PDF-a9a76a8e577d,CB-TB-518_Walsh,a9a76a8e577d92ec1be87f49c50d339314e18f22601643d8ca1ed847afdd2fa4,OFFLINE_CLIENT_PROJECTION,,MODALITY,modality_summary_vs_recording,,mute_phone_download,modality_summary_vs_recording,,src_charge|src_hearing|src_mg_forms|src_parties|src_dates|src_continuity|client_claims_19,3999,,"CLIENT_SAFE | We are reviewing the papers in your case (Burglary, contrary to section 9 Theft Act 1968). This is early-stage — nothing is final until we have full disclosure and your instructions. Some evidence is still outstanding on the p"
sha:a95ed4ea59a83c31189156473aae56d87dec9dc66f1d8c2db6a884a26151e716,PDF-a95ed4ea59a8,CB-TB-551_Parker,a95ed4ea59a83c31189156473aae56d87dec9dc66f1d8c2db6a884a26151e716,OFFLINE_CLIENT_PROJECTION,,MODALITY,modality_summary_vs_recording,,,modality_summary_vs_recording,,src_charge|src_hearing|src_mg_forms|src_parties|src_dates|src_continuity|client_claims_19,5850,,"CLIENT_SAFE | We are reviewing the papers in your case (Harassment, contrary to section 2 Protection from Harassment Act 1997). This is early-stage — nothing is final until we have full disclosure and your instructions. Some evidence is sti"
sha:a9900dcbe8d8fcbc08198ac090e1e1d697e3c62f7d2c6aa731559734efde3457,PDF-a9900dcbe8d8,CB-TB-167_Coates,a9900dcbe8d8fcbc08198ac090e1e1d697e3c62f7d2c6aa731559734efde3457,OFFLINE_CLIENT_PROJECTION,,MUTE,mute_phone_download,,mute_phone_download,,,src_charge|src_hearing|src_mg_forms|src_parties|src_cctv|src_continuity|client_claims_20,11929,,"CLIENT_SAFE | We are reviewing the papers in your case (Burglary non-dwelling). This is early-stage — nothing is final until we have full disclosure and your instructions. Some evidence is still outstanding on the papers, and we will update"
sha:a9b6847aa2bbf971a976c354dc479bca1f5e3fbc7480f1f7e94553b5614b455a,PDF-a9b6847aa2bb,gauntlet-01-thin-charge,a9b6847aa2bbf971a976c354dc479bca1f5e3fbc7480f1f7e94553b5614b455a,OFFLINE_CLIENT_PROJECTION,,MUTE,mute_export_log,,mute_export_log,,,src_charge|src_hearing|src_mg_forms|src_parties|src_cctv|src_continuity|client_claims_17,1747,,"CLIENT_SAFE | We are reviewing the papers in your case (Wounding with intent to cause grievous bodily harm, s.18 OAPA 1861). This is early-stage — nothing is final until we have full disclosure and your instructions. What the witness descri"
sha:aa1ad6cc1a9dbcecd7cd276904165f81bf6ddccecde767a0d3e97a30dc0b1573,PDF-aa1ad6cc1a9d,CB-TB-709_Marsh,aa1ad6cc1a9dbcecd7cd276904165f81bf6ddccecde767a0d3e97a30dc0b1573,OFFLINE_CLIENT_PROJECTION,,MUTE,mute_cctv_master,,mute_cctv_master,,,src_charge|src_hearing|src_mg_forms|src_parties|src_dates|src_cctv|src_continuity|client_claims_16,6639,,"CLIENT_SAFE | We are reviewing the papers in your case (Wounding with intent to cause grievous bodily harm, s.18 OAPA 1861). This is early-stage — nothing is final until we have full disclosure and your instructions. Some evidence is still "
sha:a9f4d03b0b030477bfafc5514b9b82d9e09f4235475561796389a967b7de8bca,PDF-a9f4d03b0b03,CB-TB-2183_Mason,a9f4d03b0b030477bfafc5514b9b82d9e09f4235475561796389a967b7de8bca,OFFLINE_CLIENT_PROJECTION,,MUTE,mute_cad_999,,mute_cad_999,,,src_charge|src_hearing|src_mg_forms|src_parties|src_dates|src_cctv|src_continuity|client_claims_17,5987,,"CLIENT_SAFE | We are reviewing the papers in your case (Offence Driving without due care and attention, contrary to section 3 Road Traffic Act 1988). This is early-stage — nothing is final until we have full disclosure and your instructions"
sha:aa721d359c77e5ef690947a0b6edf4bc86fc471763c6917cd932e9e6bb28ec5f,PDF-aa721d359c77,CB-TB-221_Dunn,aa721d359c77e5ef690947a0b6edf4bc86fc471763c6917cd932e9e6bb28ec5f,OFFLINE_CLIENT_PROJECTION,,MUTE,mute_phone_download,,mute_phone_download,,,src_charge|src_hearing|src_mg_forms|src_parties|src_dates|src_cctv|src_continuity|client_claims_18,12129,,"CLIENT_SAFE | We are reviewing the papers in your case (Being concerned in the supply of a Class A controlled drug, contrary to section 4(3)(b) of the Misuse of Drugs Act 1971). This is early-stage — nothing is final until we have full disc"
sha:aac73c92cb75a160a9bd71ef4bc5c03c36bc0851f83ab4569eaa25e393adc1aa,PDF-aac73c92cb75,CB-TB-1658_Okonkwo,aac73c92cb75a160a9bd71ef4bc5c03c36bc0851f83ab4569eaa25e393adc1aa,OFFLINE_CLIENT_PROJECTION,,MUTE,mute_cad_999,,mute_cad_999,,,src_charge|src_hearing|src_mg_forms|src_parties|src_dates|src_cctv|src_continuity|client_claims_17,4092,,"CLIENT_SAFE | We are reviewing the papers in your case (Theft, contrary to s.1 Theft Act 1968). This is early-stage — nothing is final until we have full disclosure and your instructions. Some evidence is still outstanding on the papers, an"
sha:ab149b586219bd0844108d6db4d8a19dc46a0e7bb5e6392f319aa062a6fac2f9,PDF-ab149b586219,CB-TB-631_Marsh,ab149b586219bd0844108d6db4d8a19dc46a0e7bb5e6392f319aa062a6fac2f9,OFFLINE_CLIENT_PROJECTION,,MUTE,mute_cctv_master,,mute_cctv_master|mute_phone_download,,,src_charge|src_hearing|src_mg_forms|src_parties|src_dates|src_cctv|src_continuity|client_claims_16,3849,,"CLIENT_SAFE | We are reviewing the papers in your case (Possession of a controlled drug of Class A, namely cocaine, with intent to supply, contrary to section 5(3) of the Misuse of Drugs Act 1971). This is early-stage — nothing is final unt"
sha:aafa683a2d10e8a5543a791c4276047e09e46c11c6b0f8db3c023b39d3ece0e4,PDF-aafa683a2d10,CB-TB-437_Wright,aafa683a2d10e8a5543a791c4276047e09e46c11c6b0f8db3c023b39d3ece0e4,OFFLINE_CLIENT_PROJECTION,,MODALITY,modality_screenshot_vs_download,,,modality_screenshot_vs_download,,src_charge|src_hearing|src_mg_forms|src_parties|src_cctv|src_continuity|client_claims_19,5970,,"CLIENT_SAFE | We are reviewing the papers in your case (Primary charge:Concealing criminal property, contrary to section 327 Proceeds of Crime Act 2002). This is early-stage — nothing is final until we have full disclosure and your instruct"
sha:ab7adbe9f02e93c15583b99cc56a529c829424c5770d5265c682872b80c5bf03,PDF-ab7adbe9f02e,CB-TB-1060_Porter,ab7adbe9f02e93c15583b99cc56a529c829424c5770d5265c682872b80c5bf03,OFFLINE_CLIENT_PROJECTION,,MUTE,mute_cad_999,,mute_cad_999,,,src_charge|src_hearing|src_mg_forms|src_parties|src_dates|client_claims_16,2620,,"CLIENT_SAFE | We are reviewing the papers in your case (CB-TB-1060_Porter.pdf). This is early-stage — nothing is final until we have full disclosure and your instructions. Some evidence is still outstanding on the papers, and we will update"
sha:abf54951ea4b35c70ff90ddd07b9189ad616ab32e7b3382e1fcd3ea180f8fb68,PDF-abf54951ea4b,CB-TB-570_Okonkwo,abf54951ea4b35c70ff90ddd07b9189ad616ab32e7b3382e1fcd3ea180f8fb68,OFFLINE_CLIENT_PROJECTION,,MODALITY,modality_summary_vs_recording,,mute_phone_download,modality_summary_vs_recording,,src_charge|src_hearing|src_mg_forms|src_parties|src_dates|src_continuity|client_claims_19,4957,,"CLIENT_SAFE | We are reviewing the papers in your case (Burglary, contrary to section 9 Theft Act 1968). This is early-stage — nothing is final until we have full disclosure and your instructions. Some evidence is still outstanding on the p"
sha:ac3e97f7d56bd9b55163056aab6e0026847cc22eb986b7dcb707e40f07e3ac20,PDF-ac3e97f7d56b,CB-TB-712_Mitchell,ac3e97f7d56bd9b55163056aab6e0026847cc22eb986b7dcb707e40f07e3ac20,OFFLINE_CLIENT_PROJECTION,,MUTE,mute_cctv_master,,mute_cctv_master,,,src_charge|src_hearing|src_mg_forms|src_parties|src_dates|src_cctv|src_continuity|client_claims_17,6898,,"CLIENT_SAFE | We are reviewing the papers in your case (Wounding with intent to cause grievous bodily harm, s.18 OAPA 1861). This is early-stage — nothing is final until we have full disclosure and your instructions. Some evidence is still "
sha:ab8f59d554512319ce78c9adaf88ae618b91a4409d50d6f5bc2644e4c0eb7f4e,PDF-ab8f59d55451,CB-TB-2150_Hughes,ab8f59d554512319ce78c9adaf88ae618b91a4409d50d6f5bc2644e4c0eb7f4e,OFFLINE_CLIENT_PROJECTION,,MUTE,mute_cad_999,,mute_cad_999,,,src_charge|src_hearing|src_mg_forms|src_parties|src_dates|src_cctv|src_continuity|client_claims_17,10631,,"CLIENT_SAFE | We are reviewing the papers in your case (Unlawful wounding, contrary to section 20 Offences Against the Person Act 1861). This is early-stage — nothing is final until we have full disclosure and your instructions. Some eviden"
sha:ac5dc8c840118fe1dc4aeab92681843ff744cecaa7d490aeade165d9ddf9b34b,PDF-ac5dc8c84011,CB-TB-799_Parker,ac5dc8c840118fe1dc4aeab92681843ff744cecaa7d490aeade165d9ddf9b34b,OFFLINE_CLIENT_PROJECTION,,MUTE,mute_cctv_master,,mute_cctv_master,,,src_charge|src_hearing|src_mg_forms|src_parties|src_dates|src_cctv|client_claims_15,4272,,"CLIENT_SAFE | We are reviewing the papers in your case (Possession of a bladed article in a public place, contrary to section 139 of the Criminal Justice Act 1988). This is early-stage — nothing is final until we have full disclosure and yo"
sha:ac63ec9bc93b371288567d024062793771e3e3c123fee0ee663547827bd2200a,PDF-ac63ec9bc93b,CB-TB-1266_Patterson,ac63ec9bc93b371288567d024062793771e3e3c123fee0ee663547827bd2200a,OFFLINE_CLIENT_PROJECTION,,MUTE,mute_phone_download,,mute_phone_download,,,src_charge|src_hearing|src_mg_forms|src_parties|src_dates|src_cctv|src_continuity|client_claims_18,4794,,"CLIENT_SAFE | We are reviewing the papers in your case (Wounding with intent to cause grievous bodily harm, s.18 OAPA 1861). This is early-stage — nothing is final until we have full disclosure and your instructions. Some evidence is still "
sha:ac698005cd5c9b26de1e258359d8207795afa27e7025d89a97e5fc41cb6a0ccf,PDF-ac698005cd5c,CB-TB-1647_Cole,ac698005cd5c9b26de1e258359d8207795afa27e7025d89a97e5fc41cb6a0ccf,OFFLINE_CLIENT_PROJECTION,,MUTE,mute_cad_999,,mute_cad_999,,,src_charge|src_hearing|src_mg_forms|src_parties|src_dates|src_cctv|client_claims_16,4821,,"CLIENT_SAFE | We are reviewing the papers in your case (Offence Having an article with a blade or point in a public place, contrary to section 139 Criminal Justice Act 1988). This is early-stage — nothing is final until we have full disclos"
sha:ac49fb2cf0c2fa1edf2de24fa4d88e53b012e396dcf3190c8264c19cda65b24b,PDF-ac49fb2cf0c2,CB-TB-944_Khan,ac49fb2cf0c2fa1edf2de24fa4d88e53b012e396dcf3190c8264c19cda65b24b,OFFLINE_CLIENT_PROJECTION,,MUTE,mute_phone_download,,mute_phone_download,,,src_charge|src_hearing|src_mg_forms|src_parties|src_cctv|client_claims_18,5144,,"CLIENT_SAFE | We are reviewing the papers in your case (Being concerned in the supply of a controlled drug of Class A, contrary to section 4(3)(b) of the Misuse of Drugs Act 1971). This is early-stage — nothing is final until we have full d"
sha:adf157639a41248ac682906343181fc62fdd2d31978ef0312a8545c401e9fbb7,PDF-adf157639a41,CB-TB-472_Nolan,adf157639a41248ac682906343181fc62fdd2d31978ef0312a8545c401e9fbb7,OFFLINE_CLIENT_PROJECTION,,MUTE,mute_phone_download,,mute_phone_download,,,src_charge|src_hearing|src_mg_forms|src_parties|client_claims_18,4555,,"CLIENT_SAFE | We are reviewing the papers in your case (Primary charge:Controlling or coercive behaviour in an intimate or family relationship, contrary to section 76 Serious). This is early-stage — nothing is final until we have full discl"
sha:ad708433ce7361c36f9d047fef18200f8b0d3239873775bdb4f0d48db120845d,PDF-ad708433ce73,CB-TB-654_Parker,ad708433ce7361c36f9d047fef18200f8b0d3239873775bdb4f0d48db120845d,OFFLINE_CLIENT_PROJECTION,,MUTE,mute_export_log,,mute_export_log|mute_cctv_master,,,src_charge|src_hearing|src_mg_forms|src_parties|src_dates|src_cctv|src_cctv_stills|src_continuity|client_claims_15,10228,,"CLIENT_SAFE | We are reviewing the papers in your case (Possessing criminal property, contrary to section 329 of the Proceeds of Crime Act 2002). This is early-stage — nothing is final until we have full disclosure and your instructions. So"
sha:adc1d2db6081bb33a08f7f7b959a74650e8310783a5b645f8974dd2352bb8af8,PDF-adc1d2db6081,CB-TB-2194_Sutton,adc1d2db6081bb33a08f7f7b959a74650e8310783a5b645f8974dd2352bb8af8,OFFLINE_CLIENT_PROJECTION,,MUTE,mute_cad_999,,mute_cad_999,,,src_charge|src_hearing|src_mg_forms|src_parties|src_dates|src_cctv|src_continuity|client_claims_17,11225,,"CLIENT_SAFE | We are reviewing the papers in your case (Theft, contrary to s.1 Theft Act 1968). This is early-stage — nothing is final until we have full disclosure and your instructions. Some evidence is still outstanding on the papers, an"
sha:ae0e8d3115e202f88f26004000bf3c6ab6a1e9c36f3e64b0d2af5c91d5e343b1,PDF-ae0e8d3115e2,CB-TB-1946_Denton,ae0e8d3115e202f88f26004000bf3c6ab6a1e9c36f3e64b0d2af5c91d5e343b1,OFFLINE_CLIENT_PROJECTION,,MUTE,mute_cad_999,,mute_cad_999,,,src_charge|src_hearing|src_mg_forms|src_parties|src_dates|src_cctv|src_continuity|client_claims_18,7593,,"CLIENT_SAFE | We are reviewing the papers in your case (Assault occasioning actual bodily harm, s.47). This is early-stage — nothing is final until we have full disclosure and your instructions. Some evidence is still outstanding on the pap"
sha:ae021b3947b90f060326d798191624de39d8a0ed727913dc534667da54497123,PDF-ae021b3947b9,CB-TB-2128_Mason,ae021b3947b90f060326d798191624de39d8a0ed727913dc534667da54497123,OFFLINE_CLIENT_PROJECTION,,MUTE,mute_cad_999,,mute_cad_999,,,src_charge|src_hearing|src_mg_forms|src_parties|src_dates|src_cctv|src_continuity|client_claims_17,7606,,"CLIENT_SAFE | We are reviewing the papers in your case (Offence Assault by beating of an emergency worker, contrary to section 1 Assaults on Emergency Workers (Offences) Act 2018). This is early-stage — nothing is final until we have full d"
sha:ae39b2f411e2f32b8dac53f5cd6a6d38f2de8f03dbce914ad6b608d6d95466ba,PDF-ae39b2f411e2,CB-TB-2168_West,ae39b2f411e2f32b8dac53f5cd6a6d38f2de8f03dbce914ad6b608d6d95466ba,OFFLINE_CLIENT_PROJECTION,,MUTE,mute_cad_999,,mute_cad_999,,,src_charge|src_hearing|src_mg_forms|src_parties|src_dates|src_cctv|src_continuity|client_claims_17,7540,,"CLIENT_SAFE | We are reviewing the papers in your case (Offence Driving without due care and attention, contrary to section 3 Road Traffic Act 1988). This is early-stage — nothing is final until we have full disclosure and your instructions"
sha:aee743dbea54d0a23b5dff872444f82f86b67e21afce0e1075bd548cc631acd2,PDF-aee743dbea54,CB-TB-157_Marsh,aee743dbea54d0a23b5dff872444f82f86b67e21afce0e1075bd548cc631acd2,OFFLINE_CLIENT_PROJECTION,,MUTE,mute_cad_999,,mute_cad_999,,,src_charge|src_hearing|src_mg_forms|src_parties|src_cctv|src_continuity|client_claims_18,7900,,"CLIENT_SAFE | We are reviewing the papers in your case (Robbery, contrary to s.8 Theft Act 1968). This is early-stage — nothing is final until we have full disclosure and your instructions. Some evidence is still outstanding on the papers, "
sha:aed99790b486b87bec9ae071d98e1ae7146f22b3e5059f11e13f0b103b6776c9,PDF-aed99790b486,CB-TB-642_Walsh,aed99790b486b87bec9ae071d98e1ae7146f22b3e5059f11e13f0b103b6776c9,OFFLINE_CLIENT_PROJECTION,,MUTE,mute_export_log,,mute_export_log|mute_cctv_master,,,src_charge|src_hearing|src_mg_forms|src_parties|src_dates|src_cctv|src_cctv_stills|client_claims_16,8935,,"CLIENT_SAFE | We are reviewing the papers in your case (Possession of a controlled drug of Class A, namely cocaine, with intent to supply, contrary to section 5(3) of the Misuse of Drugs Act). This is early-stage — nothing is final until we"
sha:aee815a3b291b070ba66bf84299f15a91a580cd87d30422b4b2186ea83851c8d,PDF-aee815a3b291,CB-TB-1970_Mercer,aee815a3b291b070ba66bf84299f15a91a580cd87d30422b4b2186ea83851c8d,OFFLINE_CLIENT_PROJECTION,,MUTE,mute_cctv_master,,mute_cctv_master|mute_phone_download|mute_cad_999,,,src_charge|src_hearing|src_mg_forms|src_parties|src_dates|src_cctv|src_continuity|client_claims_18,11808,,"CLIENT_SAFE | We are reviewing the papers in your case (Possession of a controlled drug of Class A with intent to supply, contrary to section 5(3) of the Misuse of Drugs Act 1971). This is early-stage — nothing is final until we have full d"
sha:af39df05ae799f04df3b73d2270df99d4282c0c973198da5084b315345d2d83a,PDF-af39df05ae79,CB-TB-1974_Blythe,af39df05ae799f04df3b73d2270df99d4282c0c973198da5084b315345d2d83a,OFFLINE_CLIENT_PROJECTION,,MUTE,mute_cctv_master,,mute_cctv_master|mute_phone_download,,,src_charge|src_hearing|src_mg_forms|src_parties|src_dates|src_cctv|src_continuity|client_claims_16,5402,,"CLIENT_SAFE | We are reviewing the papers in your case (Possession of a controlled drug of Class B, contrary to section 5(2)). This is early-stage — nothing is final until we have full disclosure and your instructions. Some evidence is stil"
sha:afc7ecab5f4c09c5d180ccec005f65ce77cffc860f3eaa7569c70b41aaf7882d,PDF-afc7ecab5f4c,CB-TB-571_Walsh,afc7ecab5f4c09c5d180ccec005f65ce77cffc860f3eaa7569c70b41aaf7882d,OFFLINE_CLIENT_PROJECTION,,MODALITY,modality_summary_vs_recording,,,modality_summary_vs_recording,,src_charge|src_hearing|src_mg_forms|src_parties|src_dates|src_continuity|client_claims_19,3771,,"CLIENT_SAFE | We are reviewing the papers in your case (Having an offensive weapon, contrary to s.1(1) Prevention of Crime Act 1953). This is early-stage — nothing is final until we have full disclosure and your instructions. Some evidence "
sha:af4a0d1cc92f532596131e2975784863d6535a9fb3548eaae97d194d7f41ed3c,PDF-af4a0d1cc92f,CB-TB-1934_Arden,af4a0d1cc92f532596131e2975784863d6535a9fb3548eaae97d194d7f41ed3c,OFFLINE_CLIENT_PROJECTION,,MUTE,mute_phone_download,,mute_phone_download,,,src_charge|src_hearing|src_mg_forms|src_parties|src_dates|src_cctv|src_continuity|client_claims_18,8445,,"CLIENT_SAFE | We are reviewing the papers in your case (Possession of a controlled drug of Class A with intent to supply, contrary to section 5(3) of the Misuse of Drugs Act 1971). This is early-stage — nothing is final until we have full d"
sha:aff8f630988344e9f3c27fc2949fd7af6960ca2d55cc3e58ff7aaf26b28effbd,PDF-aff8f6309883,CB-TB-339_Shaw,aff8f630988344e9f3c27fc2949fd7af6960ca2d55cc3e58ff7aaf26b28effbd,OFFLINE_CLIENT_PROJECTION,,MUTE,mute_phone_download,,mute_phone_download,,,src_charge|src_hearing|src_mg_forms|src_parties|src_dates|src_continuity|client_claims_19,7462,,"CLIENT_SAFE | We are reviewing the papers in your case (Fraud by false representation, s.2 Fraud Act 2006). This is early-stage — nothing is final until we have full disclosure and your instructions. Some evidence is still outstanding on th"
sha:b08de8c834320acdd7dbf02a6079721adf85d9c7f3ac055e4e22134965f82268,PDF-b08de8c83432,CB-TB-1010_Thornton,b08de8c834320acdd7dbf02a6079721adf85d9c7f3ac055e4e22134965f82268,OFFLINE_CLIENT_PROJECTION,,MUTE,mute_cad_999,,mute_cad_999,,,src_charge|src_hearing|src_mg_forms|src_parties|src_dates|src_cctv|src_continuity|client_claims_17,6795,,"CLIENT_SAFE | We are reviewing the papers in your case (Possessing criminal property, contrary to section 329 Proceeds of Crime Act 2002). This is early-stage — nothing is final until we have full disclosure and your instructions. Some evid"
sha:b0b43b3869d6ee07a4e90e2d819127a7616efecc714b41f6c90f3a61f89bd908,PDF-b0b43b3869d6,CB-TB-724_Morley,b0b43b3869d6ee07a4e90e2d819127a7616efecc714b41f6c90f3a61f89bd908,OFFLINE_CLIENT_PROJECTION,,MUTE,mute_cctv_master,,mute_cctv_master,,,src_charge|src_hearing|src_mg_forms|src_parties|src_dates|src_cctv|client_claims_16,2635,,"CLIENT_SAFE | We are reviewing the papers in your case (Theft, contrary to s.1 Theft Act 1968). This is early-stage — nothing is final until we have full disclosure and your instructions. Some evidence is still outstanding on the papers, an"
sha:b0d2bd4ddfc3fd56e1ac50533ed9651762f64d47aa7b524dbf2037b1c250c51c,PDF-b0d2bd4ddfc3,CB-TB-707_Merritt,b0d2bd4ddfc3fd56e1ac50533ed9651762f64d47aa7b524dbf2037b1c250c51c,OFFLINE_CLIENT_PROJECTION,,MUTE,mute_cctv_master,,mute_cctv_master,,,src_charge|src_hearing|src_mg_forms|src_parties|src_dates|src_cctv|src_continuity|client_claims_17,7076,,"CLIENT_SAFE | We are reviewing the papers in your case (Wounding with intent to cause grievous bodily harm, s.18 OAPA 1861). This is early-stage — nothing is final until we have full disclosure and your instructions. Some evidence is still "
sha:b0aa866779d633bcf22dcafb399656ac8d5a9b022087c3999a41d2915ad343f8,PDF-b0aa866779d6,CB-TB-152_West,b0aa866779d633bcf22dcafb399656ac8d5a9b022087c3999a41d2915ad343f8,OFFLINE_CLIENT_PROJECTION,,MUTE,mute_cad_999,,mute_cad_999,,,src_charge|src_hearing|src_mg_forms|src_parties|src_cctv|src_continuity|client_claims_17,14988,,"CLIENT_SAFE | We are reviewing the papers in your case (Burglary dwelling). This is early-stage — nothing is final until we have full disclosure and your instructions. Some evidence is still outstanding on the papers, and we will update you"
sha:b142df952756fc065083968b03b82c7d7c9d5fb6d9e592b3b52f063424e873d9,PDF-b142df952756,CB-TB-578_Patel,b142df952756fc065083968b03b82c7d7c9d5fb6d9e592b3b52f063424e873d9,OFFLINE_CLIENT_PROJECTION,,MODALITY,modality_summary_vs_recording,,,modality_summary_vs_recording,,src_charge|src_hearing|src_mg_forms|src_parties|src_dates|src_continuity|client_claims_19,2671,,"CLIENT_SAFE | We are reviewing the papers in your case (Harassment, contrary to section 2 Protection from Harassment Act 1997). This is early-stage — nothing is final until we have full disclosure and your instructions. Some evidence is sti"
sha:b13fc11143bd4c50b2c838955f6f42ae7f16d8570c1f4d288942afc8ca70d32a,PDF-b13fc11143bd,CB-TB-1959_Akhtar,b13fc11143bd4c50b2c838955f6f42ae7f16d8570c1f4d288942afc8ca70d32a,OFFLINE_CLIENT_PROJECTION,,MUTE,mute_cctv_master,,mute_cctv_master,,,src_charge|src_hearing|src_mg_forms|src_parties|src_dates|src_cctv|client_claims_18,3405,,"CLIENT_SAFE | We are reviewing the papers in your case (Possession of a controlled drug of Class A with intent to supply, contrary to section 5(3) of the Misuse of Drugs Act 1971). This is early-stage — nothing is final until we have full d"
sha:b18061fd6ad5e8448885949c4de235dda0873280a86c2ef8d66533549f3aa652,PDF-b18061fd6ad5,CB-TB-1002_Mitchell,b18061fd6ad5e8448885949c4de235dda0873280a86c2ef8d66533549f3aa652,OFFLINE_CLIENT_PROJECTION,,MUTE,mute_cad_999,,mute_cad_999,,,src_charge|src_hearing|src_mg_forms|src_parties|src_dates|src_cctv|src_cctv_stills|src_continuity|client_claims_17,6497,,"CLIENT_SAFE | We are reviewing the papers in your case (Theft, contrary to s.1 Theft Act 1968). This is early-stage — nothing is final until we have full disclosure and your instructions. Some evidence is still outstanding on the papers, an"
sha:b14d86cdae81d9504a7f2a3be9e0a651e88037c3ab4cb06079956bf9d5070291,PDF-b14d86cdae81,CB-TB-1073_Cross,b14d86cdae81d9504a7f2a3be9e0a651e88037c3ab4cb06079956bf9d5070291,OFFLINE_CLIENT_PROJECTION,,MUTE,mute_cad_999,,mute_cad_999,,,src_charge|src_hearing|src_mg_forms|src_parties|src_dates|src_cctv|src_cctv_stills|src_continuity|client_claims_19,9912,,"CLIENT_SAFE | We are reviewing the papers in your case (Affray, contrary to section 3 Public Order Act 1986). This is early-stage — nothing is final until we have full disclosure and your instructions. Some evidence is still outstanding on "
sha:b1a900474385c527685087b8f6aaa6c866ef186ff53723afcb003a04c483bd60,PDF-b1a900474385,CB-TB-1909_Huxley,b1a900474385c527685087b8f6aaa6c866ef186ff53723afcb003a04c483bd60,OFFLINE_CLIENT_PROJECTION,,MUTE,mute_cctv_master,,mute_cctv_master|mute_phone_download,,,src_charge|src_hearing|src_mg_forms|src_parties|src_dates|src_cctv|src_continuity|client_claims_20,10085,,"CLIENT_SAFE | We are reviewing the papers in your case (Possessing criminal property, contrary to section 329 of the). This is early-stage — nothing is final until we have full disclosure and your instructions. Some evidence is still outsta"
sha:b1ce41c00da666c5ace2f64f1fad077125008211a14f89f7bd29f6f9eaed259e,PDF-b1ce41c00da6,CB-TB-1954_Lowry,b1ce41c00da666c5ace2f64f1fad077125008211a14f89f7bd29f6f9eaed259e,OFFLINE_CLIENT_PROJECTION,,MUTE,mute_cctv_master,,mute_cctv_master|mute_cad_999,,,src_charge|src_hearing|src_mg_forms|src_parties|src_dates|src_cctv|src_continuity|client_claims_20,6972,,"CLIENT_SAFE | We are reviewing the papers in your case (Dangerous driving, contrary to section 2 Road Traffic Act 1988). This is early-stage — nothing is final until we have full disclosure and your instructions. Some evidence is still outs"
sha:b1fbb47b19979e36e64f1c6f8242325b48052d4d6044d62e8a97d607348eec7e,PDF-b1fbb47b1997,CB-TB-1620_Nolan,b1fbb47b19979e36e64f1c6f8242325b48052d4d6044d62e8a97d607348eec7e,OFFLINE_CLIENT_PROJECTION,,MUTE,mute_cad_999,,mute_cad_999,,,src_charge|src_hearing|src_mg_forms|src_parties|src_dates|src_cctv|src_continuity|client_claims_18,8106,,"CLIENT_SAFE | We are reviewing the papers in your case (Offence Possession of criminal property, contrary to section 329 Proceeds of Crime Act 2002). This is early-stage — nothing is final until we have full disclosure and your instructions"
sha:b25a1d0bf8495ff834a93d513353dc3baa5c785c3c632563433191f9a541986d,PDF-b25a1d0bf849,CB-TB-1008_Blake,b25a1d0bf8495ff834a93d513353dc3baa5c785c3c632563433191f9a541986d,OFFLINE_CLIENT_PROJECTION,,MUTE,mute_cad_999,,mute_cad_999,,,src_charge|src_hearing|src_mg_forms|src_parties|src_dates|src_cctv|src_cctv_stills|src_continuity|client_claims_17,5793,,"CLIENT_SAFE | We are reviewing the papers in your case (Possession of cannabis, contrary to section 5(2) Misuse of Drugs Act 1971). This is early-stage — nothing is final until we have full disclosure and your instructions. Some evidence is"
sha:b3ab82c406b504e69f7b5d220c308961c68add333313c62b5e1ac7f8c4bc74c7,PDF-b3ab82c406b5,CB-TB-1548_Foster,b3ab82c406b504e69f7b5d220c308961c68add333313c62b5e1ac7f8c4bc74c7,OFFLINE_CLIENT_PROJECTION,,MUTE,mute_phone_download,,mute_phone_download,,,src_charge|src_hearing|src_mg_forms|src_parties|src_cctv|src_cctv_stills|client_claims_18,4143,,"CLIENT_SAFE | We are reviewing the papers in your case (Possessing criminal property, contrary to section 329 of). This is early-stage — nothing is final until we have full disclosure and your instructions. Some evidence is still outstandin"
sha:b3af7fe1a3036e1108e28a7d71cf7fc6ab93145156261c845dc81843eb349fce,PDF-b3af7fe1a303,CB-TB-019_Santos,b3af7fe1a3036e1108e28a7d71cf7fc6ab93145156261c845dc81843eb349fce,OFFLINE_CLIENT_PROJECTION,,MUTE,mute_phone_download,,mute_phone_download,,,src_charge|src_hearing|src_mg_forms|src_cctv|src_continuity|client_claims_19,10079,,"CLIENT_SAFE | We are reviewing the papers in your case (Primary charge Being concerned in the supply of a controlled drug of Class A, contrary to section 4(3)(b) Misuse). This is early-stage — nothing is final until we have full disclosure "
sha:b3d2dbde2c12875238d1a4415aa1c55dc851a71c524557aa9bac8ed92976beaf,PDF-b3d2dbde2c12,CB-TB-212_Clarke,b3d2dbde2c12875238d1a4415aa1c55dc851a71c524557aa9bac8ed92976beaf,OFFLINE_CLIENT_PROJECTION,,MUTE,mute_phone_download,,mute_phone_download,,,src_charge|src_hearing|src_mg_forms|src_parties|src_dates|src_cctv|client_claims_17,7794,,"CLIENT_SAFE | We are reviewing the papers in your case (Affray, contrary to section 3 of the Public Order Act 1986). This is early-stage — nothing is final until we have full disclosure and your instructions. Some evidence is still outstand"
sha:b3c8b69c4ca349a7e05c7f9a45b7ba7b2d251462ebe1f05dfb9b4490f8813a70,PDF-b3c8b69c4ca3,CB-TB-817_Shaw,b3c8b69c4ca349a7e05c7f9a45b7ba7b2d251462ebe1f05dfb9b4490f8813a70,OFFLINE_CLIENT_PROJECTION,,MUTE,mute_cctv_master,,mute_cctv_master,,,src_charge|src_hearing|src_mg_forms|src_id_procedure|src_dates|src_cctv|client_claims_19,6734,,"CLIENT_SAFE | We are reviewing the papers in your case (Main charge Perverting the course of justice, contrary to common law). This is early-stage — nothing is final until we have full disclosure and your instructions. Some evidence is stil"
sha:b3e60df4b485dc2ef289fb5a2adf71602267211efc5fa0324bf5af2397d1d2a4,PDF-b3e60df4b485,CB-TB-1016_Griffiths,b3e60df4b485dc2ef289fb5a2adf71602267211efc5fa0324bf5af2397d1d2a4,OFFLINE_CLIENT_PROJECTION,,MUTE,mute_cad_999,,mute_cad_999,,,src_charge|src_hearing|src_mg_forms|src_parties|src_dates|src_cctv|src_cctv_stills|src_continuity|client_claims_18,10304,,CLIENT_SAFE | We are reviewing the papers in your case (Doing an act tending and intended to pervert the course of public justice). This is early-stage — nothing is final until we have full disclosure and your instructions. Some evidence is
sha:b3f8eee524e73ecef9e374086ee540ed7dffb4f43b94176e3b14e8b62d8ff3f9,PDF-b3f8eee524e7,CB-TB-1989_Vale,b3f8eee524e73ecef9e374086ee540ed7dffb4f43b94176e3b14e8b62d8ff3f9,OFFLINE_CLIENT_PROJECTION,,MUTE,mute_phone_download,,mute_phone_download,,,src_charge|src_hearing|src_mg_forms|src_parties|src_dates|src_cctv|src_continuity|client_claims_17,4118,,"CLIENT_SAFE | We are reviewing the papers in your case (Dangerous driving, contrary to section 2 Road Traffic Act 1988). This is early-stage — nothing is final until we have full disclosure and your instructions. Some evidence is still outs"
sha:b48571ee80be791f5e2cd9372377857cad4c2c0ee111350eb7cf663e123395ec,PDF-b48571ee80be,CB-TB-2072_Okonkwo,b48571ee80be791f5e2cd9372377857cad4c2c0ee111350eb7cf663e123395ec,OFFLINE_CLIENT_PROJECTION,,MUTE,mute_cad_999,,mute_cad_999,,,src_charge|src_hearing|src_mg_forms|src_parties|src_dates|src_cctv|client_claims_16,2876,,"CLIENT_SAFE | We are reviewing the papers in your case (Dangerous driving, contrary to section 2 Road Traffic Act 1988). This is early-stage — nothing is final until we have full disclosure and your instructions. Some evidence is still outs"
sha:b4764009323c30d4f1c2e4cbdc86cff907a33c9d8118e14e705df2cbb4359489,PDF-b4764009323c,CB-TB-1940_Tobin,b4764009323c30d4f1c2e4cbdc86cff907a33c9d8118e14e705df2cbb4359489,OFFLINE_CLIENT_PROJECTION,,MUTE,mute_phone_download,,mute_phone_download,,,src_charge|src_hearing|src_mg_forms|src_parties|src_dates|src_cctv|src_continuity|client_claims_19,4251,,"CLIENT_SAFE | We are reviewing the papers in your case (Robbery, contrary to s.8 Theft Act 1968). This is early-stage — nothing is final until we have full disclosure and your instructions. Some evidence is still outstanding on the papers, "
sha:b4590a6e40ae8fb0a8f8b3468eecc5804cec30f2f74d7954f3dedccb6c305c6e,PDF-b4590a6e40ae,CB-TB-2126_Archer,b4590a6e40ae8fb0a8f8b3468eecc5804cec30f2f74d7954f3dedccb6c305c6e,OFFLINE_CLIENT_PROJECTION,,MUTE,mute_cad_999,,mute_cad_999,,,src_charge|src_hearing|src_mg_forms|src_parties|src_dates|src_cctv|src_continuity|client_claims_17,9061,,"CLIENT_SAFE | We are reviewing the papers in your case (Offence Assault by beating of an emergency worker, contrary to section 1 Assaults on Emergency Workers (Offences) Act 2018). This is early-stage — nothing is final until we have full d"
sha:b4a69704af0235e0c7a94293b330b926f6f63da7cf9320e027887bc0d665d73e,PDF-b4a69704af02,CB-TB-770_Ali,b4a69704af0235e0c7a94293b330b926f6f63da7cf9320e027887bc0d665d73e,OFFLINE_CLIENT_PROJECTION,,MUTE,mute_cctv_master,,mute_cctv_master,,,src_charge|src_hearing|src_mg_forms|src_parties|src_dates|src_cctv|client_claims_16,3424,,"CLIENT_SAFE | We are reviewing the papers in your case (Assault by beating of an emergency worker, contrary to section 1 of the Assaults on Emergency Workers (Offences) Act 2018). This is early-stage — nothing is final until we have full di"
sha:b4d7ece89530fd975cf49042d634ef8799256a21db0cdd547ac020783ebb11f4,PDF-b4d7ece89530,CB-TB-1398_Turner,b4d7ece89530fd975cf49042d634ef8799256a21db0cdd547ac020783ebb11f4,OFFLINE_CLIENT_PROJECTION,,MUTE,mute_phone_download,,mute_phone_download,,,src_charge|src_hearing|src_mg_forms|src_id_procedure|src_parties|src_dates|src_cctv|src_continuity|client_claims_17,7233,,"CLIENT_SAFE | We are reviewing the papers in your case (Conspiracy to supply a controlled drug of Class A, contrary to section 1 of the Criminal Law Act 1977). This is early-stage — nothing is final until we have full disclosure and your in"
sha:b4b7809e482c8d9cf339ddf311c941c009159960f0b7e29f8d67f9341a741f65,PDF-b4b7809e482c,CB-TB-860_Clarke,b4b7809e482c8d9cf339ddf311c941c009159960f0b7e29f8d67f9341a741f65,OFFLINE_CLIENT_PROJECTION,,MUTE,mute_export_log,,mute_export_log,,,src_charge|src_hearing|src_mg_forms|src_parties|src_dates|src_cctv|src_continuity|client_claims_18,6888,,"CLIENT_SAFE | We are reviewing the papers in your case (Main charge Burglary in a dwelling, contrary to section 9 of the Theft Act 1968). This is early-stage — nothing is final until we have full disclosure and your instructions. Some evide"
sha:b4e3e5b05e578263b58ec8fcae9a6288e9d761f194183c2bbfbda47e4ba2188e,PDF-b4e3e5b05e57,CB-TB-1937_Rahman,b4e3e5b05e578263b58ec8fcae9a6288e9d761f194183c2bbfbda47e4ba2188e,OFFLINE_CLIENT_PROJECTION,,MUTE,mute_phone_download,,mute_phone_download|mute_cad_999,,,src_charge|src_hearing|src_mg_forms|src_parties|src_dates|src_cctv|src_continuity|client_claims_17,8574,,"CLIENT_SAFE | We are reviewing the papers in your case (Assault occasioning actual bodily harm, s.47). This is early-stage — nothing is final until we have full disclosure and your instructions. Some evidence is still outstanding on the pap"
sha:b4ec7d2ef2d89c6ea9cfc920623e4583692972e3d53a8f50fc262b12b3688d6a,PDF-b4ec7d2ef2d8,CB-TB-896_Mitchell,b4ec7d2ef2d89c6ea9cfc920623e4583692972e3d53a8f50fc262b12b3688d6a,OFFLINE_CLIENT_PROJECTION,,MUTE,mute_export_log,,mute_export_log,,,src_charge|src_hearing|src_mg_forms|src_parties|src_cctv|src_continuity|client_claims_18,4341,,"CLIENT_SAFE | We are reviewing the papers in your case (Main charge Burglary in a dwelling, contrary to section 9 of the Theft Act 1968). This is early-stage — nothing is final until we have full disclosure and your instructions. Some evide"
sha:b57415a7c36e4b09317d4fe64f4e117d7dd4becea4a799def17d05f0311dfc30,PDF-b57415a7c36e,NS-CPS-2026-0440 - Copy (2),b57415a7c36e4b09317d4fe64f4e117d7dd4becea4a799def17d05f0311dfc30,OFFLINE_CLIENT_PROJECTION,,MUTE,mute_cctv_master,,mute_cctv_master,,,src_charge|src_hearing|src_mg_forms|src_parties|src_dates|src_cctv|src_continuity|client_claims_18,4706,,"CLIENT_SAFE | We are reviewing the papers in your case (Mixed counts: theft + blade + POA). This is early-stage — nothing is final until we have full disclosure and your instructions. Some evidence is still outstanding on the papers, and we"
sha:b569949a488c7b776e779c471b636aea8d39782764ca6359b3717fdf83c7493f,PDF-b569949a488c,CB-TB-1062_Reynolds,b569949a488c7b776e779c471b636aea8d39782764ca6359b3717fdf83c7493f,OFFLINE_CLIENT_PROJECTION,,MUTE,mute_phone_download,,mute_phone_download|mute_cad_999,,,src_charge|src_hearing|src_mg_forms|src_parties|src_dates|src_cctv|client_claims_16,4446,,"CLIENT_SAFE | We are reviewing the papers in your case (Theft, contrary to s.1 Theft Act 1968). This is early-stage — nothing is final until we have full disclosure and your instructions. Some evidence is still outstanding on the papers, an"
sha:b55c481f0090eec55973e0fafb2ab4d85f38d9fb8f87a0bdc2da378144913eaa,PDF-b55c481f0090,CB-TB-822_Mason,b55c481f0090eec55973e0fafb2ab4d85f38d9fb8f87a0bdc2da378144913eaa,OFFLINE_CLIENT_PROJECTION,,MUTE,mute_export_log,,mute_export_log,,,src_charge|src_hearing|src_mg_forms|src_parties|src_dates|src_cctv|src_continuity|client_claims_19,5718,,"CLIENT_SAFE | We are reviewing the papers in your case (Robbery, contrary to s.8 Theft Act 1968). This is early-stage — nothing is final until we have full disclosure and your instructions. Some evidence is still outstanding on the papers, "
sha:b5a195f15f3ef7e17b68560fe05f307f89850eeec7457af14801a53a43bc8754,PDF-b5a195f15f3e,CB-TB-270_Nolan,b5a195f15f3ef7e17b68560fe05f307f89850eeec7457af14801a53a43bc8754,OFFLINE_CLIENT_PROJECTION,,MUTE,mute_phone_download,,mute_phone_download,,,src_charge|src_hearing|src_mg_forms|src_parties|src_dates|src_cctv|client_claims_17,12587,,"CLIENT_SAFE | We are reviewing the papers in your case (Possession of a Class B controlled drug, contrary to section 5(2) of the Misuse of Drugs Act 1971). This is early-stage — nothing is final until we have full disclosure and your instru"
sha:b611668ff47de75c7a1cd38935f60fe2e8359ff92104142b9dad566a37373121,PDF-b611668ff47d,CB-TB-1672_Barlow,b611668ff47de75c7a1cd38935f60fe2e8359ff92104142b9dad566a37373121,OFFLINE_CLIENT_PROJECTION,,MUTE,mute_cad_999,,mute_cad_999,,,src_charge|src_hearing|src_mg_forms|src_parties|src_dates|src_cctv|src_continuity|client_claims_17,2754,,"CLIENT_SAFE | We are reviewing the papers in your case (Theft, contrary to s.1 Theft Act 1968). This is early-stage — nothing is final until we have full disclosure and your instructions. Some evidence is still outstanding on the papers, an"
sha:b62afb4b65d3fb814b93a15387d69c8bae58463068fa2c74ddac673752930764,PDF-b62afb4b65d3,CB-TB-601_Grant,b62afb4b65d3fb814b93a15387d69c8bae58463068fa2c74ddac673752930764,OFFLINE_CLIENT_PROJECTION,,MUTE,mute_cctv_master,,mute_cctv_master,,,src_charge|src_hearing|src_mg_forms|src_parties|src_dates|src_cctv|src_continuity|client_claims_17,7531,,"CLIENT_SAFE | We are reviewing the papers in your case (Wounding with intent to cause grievous bodily harm, s.18 OAPA 1861). This is early-stage — nothing is final until we have full disclosure and your instructions. Some evidence is still "
sha:b626549716466ffae714afaabc3f2c3509b63319b657b1a5023882e151bad7e4,PDF-b62654971646,CB-TB-1998_Keane,b626549716466ffae714afaabc3f2c3509b63319b657b1a5023882e151bad7e4,OFFLINE_CLIENT_PROJECTION,,MUTE,mute_cctv_master,,mute_cctv_master|mute_phone_download|mute_cad_999,,,src_charge|src_hearing|src_mg_forms|src_parties|src_dates|src_cctv|src_continuity|client_claims_19,7544,,"CLIENT_SAFE | We are reviewing the papers in your case (Possession of a controlled drug of Class A with intent to supply, contrary to section 5(3) of the Misuse of Drugs Act 1971). This is early-stage — nothing is final until we have full d"
sha:b633fb6a20e2a50aa5ed4509d34e1b04fdc40ebafd8bea9b2660e617806d9196,PDF-b633fb6a20e2,CB-TB-265_Ward,b633fb6a20e2a50aa5ed4509d34e1b04fdc40ebafd8bea9b2660e617806d9196,OFFLINE_CLIENT_PROJECTION,,MUTE,mute_phone_download,,mute_phone_download,,,src_charge|src_hearing|src_mg_forms|src_parties|src_dates|src_cctv|src_cctv_stills|src_continuity|client_claims_17,6792,,"CLIENT_SAFE | We are reviewing the papers in your case (Assault by beating of an emergency worker, contrary to section 1 of the Assaults on Emergency Workers (Offences) Act). This is early-stage — nothing is final until we have full disclos"
sha:b6633c86ce49a2c5377e8c539efc9eb0fb7b6562a489d1bdefcf51df769af112,PDF-b6633c86ce49,CB-TB-218_Hart,b6633c86ce49a2c5377e8c539efc9eb0fb7b6562a489d1bdefcf51df769af112,OFFLINE_CLIENT_PROJECTION,,MUTE,mute_phone_download,,mute_phone_download,,,src_charge|src_hearing|src_mg_forms|src_parties|src_dates|src_continuity|client_claims_17,7949,,"CLIENT_SAFE | We are reviewing the papers in your case (Possession of a Class A controlled drug with intent to supply, contrary to section 5(3) of the Misuse of Drugs Act 1971). This is early-stage — nothing is final until we have full disc"
sha:b69ad96bd8a0648a7816fdb041b4a8feae90ed611a4985cfe9b249f130ef8753,PDF-b69ad96bd8a0,CB-TB-2173_Okonkwo,b69ad96bd8a0648a7816fdb041b4a8feae90ed611a4985cfe9b249f130ef8753,OFFLINE_CLIENT_PROJECTION,,MUTE,mute_cad_999,,mute_cad_999,,,src_charge|src_hearing|src_mg_forms|src_parties|src_cctv|src_continuity|client_claims_18,6729,,"CLIENT_SAFE | We are reviewing the papers in your case (Offence Possession of criminal property, contrary to section 329 Proceeds of Crime Act 2002). This is early-stage — nothing is final until we have full disclosure and your instructions"
sha:b66ef5497d8b0e7eb234662f638192622e3f805d0821e4a5ef7d2995369159e2,PDF-b66ef5497d8b,CB-TB-926_Ellis,b66ef5497d8b0e7eb234662f638192622e3f805d0821e4a5ef7d2995369159e2,OFFLINE_CLIENT_PROJECTION,,MUTE,mute_phone_download,,mute_phone_download,,,src_charge|src_hearing|src_mg_forms|src_parties|src_cctv|client_claims_17,4709,,"CLIENT_SAFE | We are reviewing the papers in your case (Breach of a restraining order, contrary to section 5 of the Protection from Harassment Act 1997). This is early-stage — nothing is final until we have full disclosure and your instruct"
sha:b696f2e50d972ab8d811e2c2a46687b01afa173ff4c7074d6da8d6f961b9bda1,PDF-b696f2e50d97,CB-TB-1997_Naylor,b696f2e50d972ab8d811e2c2a46687b01afa173ff4c7074d6da8d6f961b9bda1,OFFLINE_CLIENT_PROJECTION,,MUTE,mute_cad_999,,mute_cad_999,,,src_charge|src_hearing|src_mg_forms|src_parties|src_dates|src_cctv|client_claims_19,9985,,"CLIENT_SAFE | We are reviewing the papers in your case (Unlawful wounding, contrary to section 20 of the Offences against the Person Act 1861). This is early-stage — nothing is final until we have full disclosure and your instructions. Some"
sha:b6dea1752d4ab480ff47064677fa52831e85b94e3695be7efc3ceb8324564a03,PDF-b6dea1752d4a,CB-TB-1224_Mason,b6dea1752d4ab480ff47064677fa52831e85b94e3695be7efc3ceb8324564a03,OFFLINE_CLIENT_PROJECTION,,MUTE,mute_phone_download,,mute_phone_download,,,src_charge|src_hearing|src_mg_forms|src_parties|src_dates|src_cctv|src_cctv_stills|src_continuity|client_claims_17,6618,,"CLIENT_SAFE | We are reviewing the papers in your case (removing criminal property, contrary to section 327). This is early-stage — nothing is final until we have full disclosure and your instructions. Some evidence is still outstanding on "
sha:b6c63785bb46a0b2d4be65022bed1b182e643a926e18188d9d11139597f383ca,PDF-b6c63785bb46,CB-TB-586_Nair,b6c63785bb46a0b2d4be65022bed1b182e643a926e18188d9d11139597f383ca,OFFLINE_CLIENT_PROJECTION,,MODALITY,modality_summary_vs_recording,,,modality_summary_vs_recording,,src_charge|src_hearing|src_mg_forms|src_parties|src_dates|src_cctv|src_continuity|client_claims_19,7735,,"CLIENT_SAFE | We are reviewing the papers in your case (Wounding with intent to cause grievous bodily harm, s.18 OAPA 1861). This is early-stage — nothing is final until we have full disclosure and your instructions. Some evidence is still "
sha:b78d06ec997d032fa06da625af632696568c9423f294b5e8f51a921fee7ef16c,PDF-b78d06ec997d,CB-TB-1269_Price,b78d06ec997d032fa06da625af632696568c9423f294b5e8f51a921fee7ef16c,OFFLINE_CLIENT_PROJECTION,,MUTE,mute_cad_999,,mute_cad_999,,,src_charge|src_hearing|src_mg_forms|src_parties|src_dates|src_cctv|client_claims_17,3720,,"CLIENT_SAFE | We are reviewing the papers in your case (Driving without due care and attention, contrary to section 3 Road Traffic Act 1988). This is early-stage — nothing is final until we have full disclosure and your instructions. Some e"
sha:b7e2c1718d1ec5d1db561cbed415216e7be771e2ebc07516f20000e20ac5f653,PDF-b7e2c1718d1e,CB-TB-549_Hale,b7e2c1718d1ec5d1db561cbed415216e7be771e2ebc07516f20000e20ac5f653,OFFLINE_CLIENT_PROJECTION,,MODALITY,modality_summary_vs_recording,,mute_cctv_master,modality_summary_vs_recording,,src_charge|src_hearing|src_mg_forms|src_parties|src_dates|src_cctv|src_continuity|client_claims_18,5012,,"CLIENT_SAFE | We are reviewing the papers in your case (Burglary, contrary to section 9 Theft Act 1968). This is early-stage — nothing is final until we have full disclosure and your instructions. Some evidence is still outstanding on the p"
sha:b817d8be9f55a30b477800eef0a0c64ceb7f350d337560371c155ce9f642c715,PDF-b817d8be9f55,CB-TB-1971_Quinn,b817d8be9f55a30b477800eef0a0c64ceb7f350d337560371c155ce9f642c715,OFFLINE_CLIENT_PROJECTION,,MUTE,mute_cctv_master,,mute_cctv_master|mute_phone_download,,,src_charge|src_hearing|src_mg_forms|src_parties|src_dates|src_cctv|src_continuity|client_claims_19,10440,,"CLIENT_SAFE | We are reviewing the papers in your case (Theft, contrary to s.1 Theft Act 1968). This is early-stage — nothing is final until we have full disclosure and your instructions. Some evidence is still outstanding on the papers, an"
sha:b92ec00fb6ff4dd381444976e77ab19d12fc644724df58260ee1f34ef08e87bf,PDF-b92ec00fb6ff,NS-CPS-2026-0439 - Copy (2),b92ec00fb6ff4dd381444976e77ab19d12fc644724df58260ee1f34ef08e87bf,OFFLINE_CLIENT_PROJECTION,,MUTE,mute_cctv_master,,mute_cctv_master,,,src_charge|src_hearing|src_mg_forms|src_parties|src_dates|src_cctv|src_continuity|client_claims_18,4655,,"CLIENT_SAFE | We are reviewing the papers in your case (Affray + assault PC). This is early-stage — nothing is final until we have full disclosure and your instructions. Some evidence is still outstanding on the papers, and we will update y"
sha:b91c5880a2bde199e063d593e580c818d7dcedb2bb56ffcb7e21ed697e8ec784,PDF-b91c5880a2bd,CB-TB-711_Stone,b91c5880a2bde199e063d593e580c818d7dcedb2bb56ffcb7e21ed697e8ec784,OFFLINE_CLIENT_PROJECTION,,MUTE,mute_cctv_master,,mute_cctv_master,,,src_charge|src_hearing|src_mg_forms|src_parties|src_dates|src_cctv|src_cctv_stills|src_continuity|client_claims_16,6408,,"CLIENT_SAFE | We are reviewing the papers in your case (Unlawful wounding, contrary to section 20 of the Offences Against the Person Act 1861). This is early-stage — nothing is final until we have full disclosure and your instructions. Some"
sha:b9ed34c4b2832801aa321f1b954ebf0b6e8571016515bbb56461fe63dd476053,PDF-b9ed34c4b283,CB-TB-536_Foster,b9ed34c4b2832801aa321f1b954ebf0b6e8571016515bbb56461fe63dd476053,OFFLINE_CLIENT_PROJECTION,,MODALITY,modality_summary_vs_recording,,,modality_summary_vs_recording,,src_charge|src_hearing|src_mg_forms|src_parties|src_dates|src_continuity|client_claims_19,3779,,CLIENT_SAFE | We are reviewing the papers in your case (contrary to section 20 Offences Against the Person Act 1861). This is early-stage — nothing is final until we have full disclosure and your instructions. Some evidence is still outstan
sha:b96efc508078f592aec543c7d46a21bfb427b61c22c8ee32e65bc9338efc299b,PDF-b96efc508078,CB-TB-289_Doyle,b96efc508078f592aec543c7d46a21bfb427b61c22c8ee32e65bc9338efc299b,OFFLINE_CLIENT_PROJECTION,,MUTE,mute_phone_download,,mute_phone_download,,,src_charge|src_hearing|src_mg_forms|src_parties|src_dates|src_cctv|src_continuity|client_claims_17,5676,,"CLIENT_SAFE | We are reviewing the papers in your case (Fraud by false representation, s.2 Fraud Act 2006). This is early-stage — nothing is final until we have full disclosure and your instructions. Some evidence is still outstanding on th"
sha:b9d541cf1f5cc4fa8c6ef3900bb3f824fc1e9bc9c1043ff974b7c1fdad056991,PDF-b9d541cf1f5c,CB-TB-2170_Kerr,b9d541cf1f5cc4fa8c6ef3900bb3f824fc1e9bc9c1043ff974b7c1fdad056991,OFFLINE_CLIENT_PROJECTION,,MUTE,mute_cad_999,,mute_cad_999,,,src_charge|src_hearing|src_mg_forms|src_parties|src_dates|src_cctv|src_continuity|client_claims_17,7842,,"CLIENT_SAFE | We are reviewing the papers in your case (Dangerous driving, contrary to section 2 Road Traffic Act 1988). This is early-stage — nothing is final until we have full disclosure and your instructions. Some evidence is still outs"
sha:ba48be4e4e9fbce4f65df84058c856a9e250f8d014b42e9485cec4a12983a54d,PDF-ba48be4e4e9f,CB-TB-1669_Okonkwo,ba48be4e4e9fbce4f65df84058c856a9e250f8d014b42e9485cec4a12983a54d,OFFLINE_CLIENT_PROJECTION,,MUTE,mute_cad_999,,mute_cad_999,,,src_charge|src_hearing|src_mg_forms|src_parties|src_dates|src_cctv|client_claims_16,2803,,"CLIENT_SAFE | We are reviewing the papers in your case (Offence Intimidating a witness, contrary to section 51 Criminal Justice and Public Order Act 1994). This is early-stage — nothing is final until we have full disclosure and your instru"
sha:ba1de2019abd567a626358b82ad651806037c381de7ba6dccebb9266f55e7078,PDF-ba1de2019abd,CB-TB-647_Patel,ba1de2019abd567a626358b82ad651806037c381de7ba6dccebb9266f55e7078,OFFLINE_CLIENT_PROJECTION,,MUTE,mute_cctv_master,,mute_cctv_master,,,src_charge|src_hearing|src_mg_forms|src_parties|src_dates|src_cctv|src_cctv_stills|src_continuity|client_claims_16,6299,,"CLIENT_SAFE | We are reviewing the papers in your case (Fraud by false representation, s.2 Fraud Act 2006). This is early-stage — nothing is final until we have full disclosure and your instructions. Some evidence is still outstanding on th"
sha:ba9b4c56e95c791b049447b09ad0ac4286d3d8c58b08bf86f828a17aea04e4e7,PDF-ba9b4c56e95c,CB-TB-049_Barton,ba9b4c56e95c791b049447b09ad0ac4286d3d8c58b08bf86f828a17aea04e4e7,OFFLINE_CLIENT_PROJECTION,,INVENT,invent_phone_download,invent_phone_download,,,,src_charge|src_hearing|src_mg_forms|client_claims_18,4804,,"CLIENT_SAFE | We are reviewing the papers in your case (Primary charge Harassment, contrary to section 2 Protection from Harassment Act 1997). This is early-stage — nothing is final until we have full disclosure and your instructions. Some "
sha:ba5ebe73ebc5d6f4ec6f69349653cbd6dabeb3eefb201cecaf7772fec83f457d,PDF-ba5ebe73ebc5,CB-TB-2196_Hughes,ba5ebe73ebc5d6f4ec6f69349653cbd6dabeb3eefb201cecaf7772fec83f457d,OFFLINE_CLIENT_PROJECTION,,MUTE,mute_phone_download,,mute_phone_download|mute_cad_999,,,src_charge|src_hearing|src_mg_forms|src_parties|src_dates|src_cctv|src_continuity|client_claims_16,7629,,"CLIENT_SAFE | We are reviewing the papers in your case (Offence Possession of a controlled drug of Class B, contrary to section 5(2) Misuse of Drugs Act 1971). This is early-stage — nothing is final until we have full disclosure and your in"
sha:bb2b958b7d0efdcb6a46dd877fa0e7baaae4eadb4170a4e8a6c29ca52119b98a,PDF-bb2b958b7d0e,CB-TB-552_Clarke,bb2b958b7d0efdcb6a46dd877fa0e7baaae4eadb4170a4e8a6c29ca52119b98a,OFFLINE_CLIENT_PROJECTION,,MODALITY,modality_summary_vs_recording,,mute_cctv_master,modality_summary_vs_recording,,src_charge|src_hearing|src_mg_forms|src_parties|src_dates|src_cctv|src_continuity|client_claims_18,9689,,"CLIENT_SAFE | We are reviewing the papers in your case (Possession of a bladed article in a public place, contrary to section 139 Criminal Justice Act 1988). This is early-stage — nothing is final until we have full disclosure and your inst"
sha:bc0bf6f64e6cd2044cdedfff7ee1d441fc0ef53b0574e0294642642ee807d58b,PDF-bc0bf6f64e6c,CB-TB-1907_Mills,bc0bf6f64e6cd2044cdedfff7ee1d441fc0ef53b0574e0294642642ee807d58b,OFFLINE_CLIENT_PROJECTION,,MUTE,mute_cctv_master,,mute_cctv_master,,,src_charge|src_hearing|src_mg_forms|src_parties|src_dates|src_cctv|src_continuity|client_claims_18,2380,,"CLIENT_SAFE | We are reviewing the papers in your case (CB-TB-1907_Mills.pdf). This is early-stage — nothing is final until we have full disclosure and your instructions. Some evidence is still outstanding on the papers, and we will update "
sha:bbf9db082ac02f162c3dc4905871904660929d03d507d94abcf13a5468ef3bef,PDF-bbf9db082ac0,CB-TB-1225_Ward,bbf9db082ac02f162c3dc4905871904660929d03d507d94abcf13a5468ef3bef,OFFLINE_CLIENT_PROJECTION,,MUTE,mute_phone_download,,mute_phone_download,,,src_charge|src_hearing|src_mg_forms|src_id_procedure|src_parties|src_dates|src_cctv_stills|src_continuity|client_claims_17,4268,,CLIENT_SAFE | We are reviewing the papers in your case (Doing an act tending and intended to pervert the course of public justice). This is early-stage — nothing is final until we have full disclosure and your instructions. Some evidence is
sha:bb959e4ea1699db914bc6442794aff189793dbf37e72b0142c65b9d9f8037027,PDF-bb959e4ea169,CB-TB-562_Thornton,bb959e4ea1699db914bc6442794aff189793dbf37e72b0142c65b9d9f8037027,OFFLINE_CLIENT_PROJECTION,,MODALITY,modality_summary_vs_recording,,,modality_summary_vs_recording,,src_charge|src_hearing|src_mg_forms|src_parties|src_dates|src_continuity|client_claims_18,4807,,CLIENT_SAFE | We are reviewing the papers in your case (Doing an act tending and intended to pervert the course of public justice). This is early-stage — nothing is final until we have full disclosure and your instructions. Some evidence is
sha:bc159f47c1a9c30eb4b78f0e2bc687ed4220a9c4cf8ab01b149d425ef1e90a5d,PDF-bc159f47c1a9,CB-TB-508_Price,bc159f47c1a9c30eb4b78f0e2bc687ed4220a9c4cf8ab01b149d425ef1e90a5d,OFFLINE_CLIENT_PROJECTION,,MODALITY,modality_summary_vs_recording,,,modality_summary_vs_recording,,src_charge|src_hearing|src_mg_forms|src_parties|src_dates|src_continuity|client_claims_19,3330,,CLIENT_SAFE | We are reviewing the papers in your case (Possession of a controlled drug of Class A with intent to supply contrary to section 5(3) Misuse of Drugs Act 1971). This is early-stage — nothing is final until we have full disclosur
sha:bd28054c194c6fad0f7b6c7d0ca18a737d4fbf3fdbf6caca4295e4d231acb30a,PDF-bd28054c194c,CB-TB-1565_Morris,bd28054c194c6fad0f7b6c7d0ca18a737d4fbf3fdbf6caca4295e4d231acb30a,OFFLINE_CLIENT_PROJECTION,,INVENT,invent_cctv_master,invent_cctv_master,mute_cad_999,,,src_charge|src_hearing|src_mg_forms|src_parties|src_cctv|src_cctv_stills|client_claims_16,3391,,"CLIENT_SAFE | We are reviewing the papers in your case (Handling stolen goods, contrary to s.22 Theft Act 1968). This is early-stage — nothing is final until we have full disclosure and your instructions. Some evidence is still outstanding "
sha:be281d8de2ee39f705951eb44ebee0abec18682f70f4358682c635068c5e7556,PDF-be281d8de2ee,CB-TB-1874_Marsden,be281d8de2ee39f705951eb44ebee0abec18682f70f4358682c635068c5e7556,OFFLINE_CLIENT_PROJECTION,,MUTE,mute_phone_download,,mute_phone_download,,,src_charge|src_hearing|src_mg_forms|src_parties|src_dates|src_cctv|src_continuity|client_claims_16,5064,,"CLIENT_SAFE | We are reviewing the papers in your case (Assault occasioning actual bodily harm, s.47 OAPA 1861). This is early-stage — nothing is final until we have full disclosure and your instructions. Some evidence is still outstanding "
sha:be806396c66dec6e4d99594483409de1a63e6d99214b06f7427d460385e0417e,PDF-be806396c66d,CB-TB-1003_Blake,be806396c66dec6e4d99594483409de1a63e6d99214b06f7427d460385e0417e,OFFLINE_CLIENT_PROJECTION,,MUTE,mute_cad_999,,mute_cad_999,,,src_charge|src_hearing|src_mg_forms|src_parties|src_dates|src_continuity|client_claims_16,4132,,"CLIENT_SAFE | We are reviewing the papers in your case (Burglary of a dwelling, contrary to section 9 Theft Act 1968). This is early-stage — nothing is final until we have full disclosure and your instructions. Some evidence is still outsta"
sha:bed8d7e795af8a40425a969e2acac5a9ec4518dd1db08ecc7db1cd9feb4411e7,PDF-bed8d7e795af,CB-TB-1929_Forrest,bed8d7e795af8a40425a969e2acac5a9ec4518dd1db08ecc7db1cd9feb4411e7,OFFLINE_CLIENT_PROJECTION,,MUTE,mute_cctv_master,,mute_cctv_master|mute_phone_download,,,src_charge|src_hearing|src_mg_forms|src_parties|src_dates|src_cctv|src_continuity|client_claims_17,6283,,"CLIENT_SAFE | We are reviewing the papers in your case (Assault occasioning actual bodily harm, s.47). This is early-stage — nothing is final until we have full disclosure and your instructions. Some evidence is still outstanding on the pap"
sha:bed943d806a788ea23e16b89c243087ce16bfc94c1de6f7258c8479db863f44f,PDF-bed943d806a7,CB-TB-2059_Hughes,bed943d806a788ea23e16b89c243087ce16bfc94c1de6f7258c8479db863f44f,OFFLINE_CLIENT_PROJECTION,,MUTE,mute_cad_999,,mute_cad_999,,,src_charge|src_hearing|src_mg_forms|src_parties|src_dates|src_cctv|src_continuity|client_claims_17,6896,,"CLIENT_SAFE | We are reviewing the papers in your case (Offence Having an article with a blade or point in a public place, contrary to section 139 Criminal Justice Act 1988). This is early-stage — nothing is final until we have full disclos"
sha:bf73e78b3b3c2b1bb21f3053826264a0eaa3f66bb46e002bbdca2e637f55e438,PDF-bf73e78b3b3c,CB-TB-533_Price,bf73e78b3b3c2b1bb21f3053826264a0eaa3f66bb46e002bbdca2e637f55e438,OFFLINE_CLIENT_PROJECTION,,MODALITY,modality_summary_vs_recording,,mute_phone_download,modality_summary_vs_recording,,src_charge|src_hearing|src_mg_forms|src_parties|src_dates|src_continuity|client_claims_17,6942,,"CLIENT_SAFE | We are reviewing the papers in your case (Having an offensive weapon, contrary to s.1(1) Prevention of Crime Act 1953). This is early-stage — nothing is final until we have full disclosure and your instructions. Some evidence "
sha:bfc5983e942df13b4a8b921d0c0f10b42b179a6dc5ec3a48527dd93df0e76944,PDF-bfc5983e942d,CB-TB-512_Hale,bfc5983e942df13b4a8b921d0c0f10b42b179a6dc5ec3a48527dd93df0e76944,OFFLINE_CLIENT_PROJECTION,,MODALITY,modality_summary_vs_recording,,mute_phone_download,modality_summary_vs_recording,,src_charge|src_hearing|src_mg_forms|src_parties|src_dates|src_continuity|client_claims_19,5974,,CLIENT_SAFE | We are reviewing the papers in your case (Doing an act tending and intended to pervert the course of public justice). This is early-stage — nothing is final until we have full disclosure and your instructions. Some evidence is
sha:c0618de08b8942d674daa0eaed9538dbeb342b18decfd7c2165e8c647b572002,PDF-c0618de08b89,CB-TB-652_Rees,c0618de08b8942d674daa0eaed9538dbeb342b18decfd7c2165e8c647b572002,OFFLINE_CLIENT_PROJECTION,,MUTE,mute_export_log,,mute_export_log|mute_cctv_master,,,src_charge|src_hearing|src_mg_forms|src_parties|src_dates|src_cctv|src_cctv_stills|src_continuity|client_claims_16,9255,,"CLIENT_SAFE | We are reviewing the papers in your case (Fraud by false representation, s.2 Fraud Act 2006). This is early-stage — nothing is final until we have full disclosure and your instructions. Some evidence is still outstanding on th"
sha:c0618fb06a0b7c245272d66cfee25323f37d51a180ef6ece3819bf46c4e9c73d,PDF-c0618fb06a0b,CB-TB-1904_Rahman,c0618fb06a0b7c245272d66cfee25323f37d51a180ef6ece3819bf46c4e9c73d,OFFLINE_CLIENT_PROJECTION,,MUTE,mute_phone_download,,mute_phone_download|mute_cad_999,,,src_charge|src_hearing|src_mg_forms|src_parties|src_dates|src_cctv|src_continuity|client_claims_18,10557,,"CLIENT_SAFE | We are reviewing the papers in your case (Assault occasioning actual bodily harm, s.47). This is early-stage — nothing is final until we have full disclosure and your instructions. Some evidence is still outstanding on the pap"
sha:c0a113c3e59cd5e97576bfa6c01eee1f48a7c3a8cb42c17ac5c265c06ec9f643,PDF-c0a113c3e59c,CB-TB-1343_Vale,c0a113c3e59cd5e97576bfa6c01eee1f48a7c3a8cb42c17ac5c265c06ec9f643,OFFLINE_CLIENT_PROJECTION,,MUTE,mute_cad_999,,mute_cad_999,,,src_charge|src_hearing|src_mg_forms|src_id_procedure|src_parties|src_dates|src_cctv|src_continuity|client_claims_17,6580,,"CLIENT_SAFE | We are reviewing the papers in your case (Driving with alcohol concentration above the prescribed limit, contrary to section 5 of the Road Traffic Act 1988). This is early-stage — nothing is final until we have full disclosure"
sha:c0b5a16709c66bc37a9f1a3249c8193d44220d88b4fffa25143bd63271519e15,PDF-c0b5a16709c6,CB-TB-1047_Pearson,c0b5a16709c66bc37a9f1a3249c8193d44220d88b4fffa25143bd63271519e15,OFFLINE_CLIENT_PROJECTION,,MUTE,mute_cad_999,,mute_cad_999,,,src_charge|src_hearing|src_mg_forms|src_parties|src_dates|src_cctv|src_cctv_stills|src_continuity|client_claims_18,7644,,"CLIENT_SAFE | We are reviewing the papers in your case (Possession with intent to supply cocaine, contrary to section 5(3) Misuse of Drugs Act 1971). This is early-stage — nothing is final until we have full disclosure and your instructions"
sha:c13c2a8b9483a74e66d6001f86dff5a730a1b31f34cb40ea43cdce53cb5ea8ec,PDF-c13c2a8b9483,CB-TB-121_Hartley,c13c2a8b9483a74e66d6001f86dff5a730a1b31f34cb40ea43cdce53cb5ea8ec,OFFLINE_CLIENT_PROJECTION,,MUTE,mute_cad_999,,mute_cad_999,,,src_charge|src_hearing|src_mg_forms|src_parties|src_cctv|src_continuity|client_claims_17,4844,,"CLIENT_SAFE | We are reviewing the papers in your case (Theft, contrary to s.1 Theft Act 1968). This is early-stage — nothing is final until we have full disclosure and your instructions. Some evidence is still outstanding on the papers, an"
sha:c14e1ff2205be9dce961b8684a6de40693c7421ad8252fdc9ed005689b1a8cfc,PDF-c14e1ff2205b,CB-TB-565_Flint,c14e1ff2205be9dce961b8684a6de40693c7421ad8252fdc9ed005689b1a8cfc,OFFLINE_CLIENT_PROJECTION,,MODALITY,modality_summary_vs_recording,,mute_cctv_master,modality_summary_vs_recording,,src_charge|src_hearing|src_mg_forms|src_parties|src_dates|src_cctv|src_continuity|client_claims_19,5107,,"CLIENT_SAFE | We are reviewing the papers in your case (Theft, contrary to s.1 Theft Act 1968). This is early-stage — nothing is final until we have full disclosure and your instructions. Some evidence is still outstanding on the papers, an"
sha:c1c78eadba973d48796240eaa749d809bfcfe494cc3209b5c87b5e39f9667aad,PDF-c1c78eadba97,CB-TB-527_Mitchell,c1c78eadba973d48796240eaa749d809bfcfe494cc3209b5c87b5e39f9667aad,OFFLINE_CLIENT_PROJECTION,,MODALITY,modality_summary_vs_recording,,mute_cctv_master|mute_phone_download,modality_summary_vs_recording,,src_charge|src_hearing|src_mg_forms|src_parties|src_dates|src_cctv|src_continuity|client_claims_19,3313,,"CLIENT_SAFE | We are reviewing the papers in your case (Fraud by false representation, s.2 Fraud Act 2006). This is early-stage — nothing is final until we have full disclosure and your instructions. Some evidence is still outstanding on th"
sha:c27876f0fa47f6ca7e4a5e6e2944ce0938bf1d774e3701d9f76d79c49dfd5fab,PDF-c27876f0fa47,CB-TB-701_Wright,c27876f0fa47f6ca7e4a5e6e2944ce0938bf1d774e3701d9f76d79c49dfd5fab,OFFLINE_CLIENT_PROJECTION,,MUTE,mute_cctv_master,,mute_cctv_master,,,src_charge|src_hearing|src_mg_forms|src_parties|src_dates|src_cctv|client_claims_17,4719,,"CLIENT_SAFE | We are reviewing the papers in your case (Wounding with intent to cause grievous bodily harm, s.18 OAPA 1861). This is early-stage — nothing is final until we have full disclosure and your instructions. Some evidence is still "
sha:c21d7a85399b23ceeb08406fd9edaf797395145127ef323782223ed445646116,PDF-c21d7a85399b,CB-TB-2092_Barlow,c21d7a85399b23ceeb08406fd9edaf797395145127ef323782223ed445646116,OFFLINE_CLIENT_PROJECTION,,MUTE,mute_cad_999,,mute_cad_999,,,src_charge|src_hearing|src_mg_forms|src_parties|src_dates|src_cctv|src_continuity|client_claims_17,8352,,"CLIENT_SAFE | We are reviewing the papers in your case (Offence Using threatening or abusive words or behaviour, contrary to section 4 Public Order Act 1986). This is early-stage — nothing is final until we have full disclosure and your ins"
sha:c1d1f6824d37327bb547c383decde370f7906126d3fde8e5553c0446b5de7f1b,PDF-c1d1f6824d37,CB-TB-1050_Richards,c1d1f6824d37327bb547c383decde370f7906126d3fde8e5553c0446b5de7f1b,OFFLINE_CLIENT_PROJECTION,,MUTE,mute_cad_999,,mute_cad_999,,,src_charge|src_hearing|src_mg_forms|src_parties|src_dates|src_cctv|src_cctv_stills|src_continuity|client_claims_18,9836,,"CLIENT_SAFE | We are reviewing the papers in your case (Possessing criminal property, contrary to section 329 Proceeds of Crime Act 2002). This is early-stage — nothing is final until we have full disclosure and your instructions. Some evid"
sha:c3288503cdfbcaecf80ceaf29ad3d28b6ea1424b688011a9bd164460e5ecd6fa,PDF-c3288503cdfb,CB-TB-644_Walsh,c3288503cdfbcaecf80ceaf29ad3d28b6ea1424b688011a9bd164460e5ecd6fa,OFFLINE_CLIENT_PROJECTION,,MUTE,mute_cctv_master,,mute_cctv_master,,,src_charge|src_hearing|src_mg_forms|src_parties|src_dates|src_cctv|src_cctv_stills|client_claims_17,7353,,"CLIENT_SAFE | We are reviewing the papers in your case (Fraud by false representation, s.2 Fraud Act 2006). This is early-stage — nothing is final until we have full disclosure and your instructions. Some evidence is still outstanding on th"
sha:c33c528169bbf923cc2112836f3b01423a5bd4c9f6bc90274160a5b49b10149c,PDF-c33c528169bb,CB-TB-1502_Barnes,c33c528169bbf923cc2112836f3b01423a5bd4c9f6bc90274160a5b49b10149c,OFFLINE_CLIENT_PROJECTION,,MUTE,mute_cad_999,,mute_cad_999,,,src_charge|src_hearing|src_mg_forms|src_parties|src_cctv|src_cctv_stills|client_claims_17,5676,,"CLIENT_SAFE | We are reviewing the papers in your case (Theft, contrary to s.1 Theft Act 1968). This is early-stage — nothing is final until we have full disclosure and your instructions. Some evidence is still outstanding on the papers, an"
sha:c3c7ae8a4b632a64830b939a4b0ee45607d5df6c1bb6d2fe455a1b6d22c2120c,PDF-c3c7ae8a4b63,CB-TB-338_Miles,c3c7ae8a4b632a64830b939a4b0ee45607d5df6c1bb6d2fe455a1b6d22c2120c,OFFLINE_CLIENT_PROJECTION,,MUTE,mute_phone_download,,mute_phone_download,,,src_charge|src_hearing|src_mg_forms|src_parties|src_dates|src_cctv|src_cctv_stills|src_continuity|client_claims_17,5211,,"CLIENT_SAFE | We are reviewing the papers in your case (Assault occasioning actual bodily harm, s.47 OAPA 1861). This is early-stage — nothing is final until we have full disclosure and your instructions. Some evidence is still outstanding "
sha:c42dbe9e1275f3843bb656be39a0aa7ed6464c57094578bbb7636c283ddb2bbb,PDF-c42dbe9e1275,CB-TB-1931_Baines,c42dbe9e1275f3843bb656be39a0aa7ed6464c57094578bbb7636c283ddb2bbb,OFFLINE_CLIENT_PROJECTION,,MUTE,mute_cctv_master,,mute_cctv_master,,,src_charge|src_hearing|src_mg_forms|src_parties|src_dates|src_cctv|client_claims_18,12489,,"CLIENT_SAFE | We are reviewing the papers in your case (Wounding with intent to cause grievous bodily harm, s.18 OAPA 1861). This is early-stage — nothing is final until we have full disclosure and your instructions. Some evidence is still "
sha:c3f8bb52de0b232a3d689648146a79d27a77007bfc8a549b15fe2634a03e6f23,PDF-c3f8bb52de0b,CB-TB-2143_Kerr,c3f8bb52de0b232a3d689648146a79d27a77007bfc8a549b15fe2634a03e6f23,OFFLINE_CLIENT_PROJECTION,,MUTE,mute_cad_999,,mute_cad_999,,,src_charge|src_hearing|src_mg_forms|src_parties|src_dates|src_cctv|src_continuity|client_claims_18,11152,,"CLIENT_SAFE | We are reviewing the papers in your case (Offence Unlawful wounding, contrary to section 20 Offences Against the Person Act 1861). This is early-stage — nothing is final until we have full disclosure and your instructions. Som"
sha:c457da49f8a81243f00bce2f171eebd39f6d6b926569b5bafdd86260ea66b220,PDF-c457da49f8a8,CB-TB-591_Evans,c457da49f8a81243f00bce2f171eebd39f6d6b926569b5bafdd86260ea66b220,OFFLINE_CLIENT_PROJECTION,,MODALITY,modality_summary_vs_recording,,,modality_summary_vs_recording,,src_charge|src_hearing|src_mg_forms|src_parties|src_dates|src_continuity|client_claims_19,5021,,"CLIENT_SAFE | We are reviewing the papers in your case (Theft, contrary to s.1 Theft Act 1968). This is early-stage — nothing is final until we have full disclosure and your instructions. Some evidence is still outstanding on the papers, an"
sha:c453d050c5ac12f9a1582b461c700e0123a76e31f99734c22b9fcc43910d3362,PDF-c453d050c5ac,CB-TB-2142_Ford,c453d050c5ac12f9a1582b461c700e0123a76e31f99734c22b9fcc43910d3362,OFFLINE_CLIENT_PROJECTION,,MUTE,mute_export_log,,mute_export_log|mute_cad_999,,,src_charge|src_hearing|src_mg_forms|src_parties|src_dates|src_cctv|src_continuity|client_claims_17,5351,,"CLIENT_SAFE | We are reviewing the papers in your case (Offence Using threatening or abusive words or behaviour, contrary to section 4 Public Order Act 1986). This is early-stage — nothing is final until we have full disclosure and your ins"
sha:c44399e2b4df1d99fce490137f59f4a099d5dc1c6f61d414f7252ce1108f85e4,PDF-c44399e2b4df,CB-TB-579_Hale,c44399e2b4df1d99fce490137f59f4a099d5dc1c6f61d414f7252ce1108f85e4,OFFLINE_CLIENT_PROJECTION,,MODALITY,modality_summary_vs_recording,,mute_cctv_master,modality_summary_vs_recording,,src_charge|src_hearing|src_mg_forms|src_parties|src_dates|src_cctv|src_continuity|client_claims_19,9526,,"CLIENT_SAFE | We are reviewing the papers in your case (Possession of a bladed article in a public place, contrary to section 139 Criminal Justice Act 1988). This is early-stage — nothing is final until we have full disclosure and your inst"
sha:c47b69c286f0d365ab99667b7567b4a305060aa459fb4d2a3c52fa207b55170f,PDF-c47b69c286f0,CB-TB-154_Parker,c47b69c286f0d365ab99667b7567b4a305060aa459fb4d2a3c52fa207b55170f,OFFLINE_CLIENT_PROJECTION,,MUTE,mute_phone_download,,mute_phone_download,,,src_charge|src_mg_forms|src_parties|src_continuity|client_claims_15,4468,,"CLIENT_SAFE | We are reviewing the papers in your case (Possession of a controlled drug of Class B with intent to supply, namely cannabis,, contrary to section 5(3) Misuse of Drugs Act 1971). This is early-stage — nothing is final until we "
sha:c47dbef009832fedcb88611cd2f4dbe58b2139809efa97b8314ac23e6894ea8a,PDF-c47dbef00983,CB-TB-496_Howard,c47dbef009832fedcb88611cd2f4dbe58b2139809efa97b8314ac23e6894ea8a,OFFLINE_CLIENT_PROJECTION,,MODALITY,modality_screenshot_vs_download,,,modality_screenshot_vs_download,,src_charge|src_hearing|src_mg_forms|src_parties|src_cctv|src_continuity|client_claims_18,3555,,"CLIENT_SAFE | We are reviewing the papers in your case (Possession of a controlled drug of Class A with intent to supply, contrary to section 5(3) Misuse of). This is early-stage — nothing is final until we have full disclosure and your ins"
sha:c48b6700e810ab6d3fac005be09a18c146720b369b9c242c6882e539b572a007,PDF-c48b6700e810,CB-TB-1027_Bradley,c48b6700e810ab6d3fac005be09a18c146720b369b9c242c6882e539b572a007,OFFLINE_CLIENT_PROJECTION,,MUTE,mute_cad_999,,mute_cad_999,,,src_charge|src_hearing|src_mg_forms|src_parties|src_dates|src_cctv|src_cctv_stills|src_continuity|client_claims_19,9303,,"CLIENT_SAFE | We are reviewing the papers in your case (Possession with intent to supply cocaine, contrary to section 5(3) Misuse of Drugs Act 1971). This is early-stage — nothing is final until we have full disclosure and your instructions"
sha:c49943eb572938fbd7d7bf496f95abea1c46f56e5fbc905eeb7ded10cb7576a6,PDF-c49943eb5729,CB-TB-2115_Price,c49943eb572938fbd7d7bf496f95abea1c46f56e5fbc905eeb7ded10cb7576a6,OFFLINE_CLIENT_PROJECTION,,MUTE,mute_cad_999,,mute_cad_999,,,src_charge|src_hearing|src_mg_forms|src_parties|src_dates|src_cctv|src_continuity|client_claims_18,5748,,"CLIENT_SAFE | We are reviewing the papers in your case (Offence Unlawful wounding, contrary to section 20 Offences Against the Person Act 1861). This is early-stage — nothing is final until we have full disclosure and your instructions. Som"
sha:c48fb5551de535c8cd4beccb7c3aec47a4b62edc1cd3a07d5a216be63e7c6cd5,PDF-c48fb5551de5,CB-TB-1746_Nolan,c48fb5551de535c8cd4beccb7c3aec47a4b62edc1cd3a07d5a216be63e7c6cd5,OFFLINE_CLIENT_PROJECTION,,MUTE,mute_phone_download,,mute_phone_download,,,src_charge|src_hearing|src_mg_forms|src_parties|src_cctv|client_claims_17,4800,,"CLIENT_SAFE | We are reviewing the papers in your case (Threatening behaviour, contrary to section 4 of the Public Order Act 1986). This is early-stage — nothing is final until we have full disclosure and your instructions. Some evidence is"
sha:c4d91d10ca43c7b26542589f6a8e7e820428b04b600f1daaa40f529d82c694e2,PDF-c4d91d10ca43,NS-CPS-2026-0504,c4d91d10ca43c7b26542589f6a8e7e820428b04b600f1daaa40f529d82c694e2,OFFLINE_CLIENT_PROJECTION,,ERROR,engine_error,,,,,,0,"corrupt_or_protected:PDF parsing failed: bad XRef entry. The PDF may be corrupted, password-protected, or use an unsupported format.",
sha:c5e985ab03a25775e1b06af8a11279bffb123f4a6f158ab86b3f9804b79e628b,PDF-c5e985ab03a2,CB-TB-1916_Mercer,c5e985ab03a25775e1b06af8a11279bffb123f4a6f158ab86b3f9804b79e628b,OFFLINE_CLIENT_PROJECTION,,MUTE,mute_cctv_master,,mute_cctv_master,,,src_charge|src_hearing|src_mg_forms|src_parties|src_dates|src_cctv|src_continuity|client_claims_19,4472,,"CLIENT_SAFE | We are reviewing the papers in your case (Theft, contrary to s.1 Theft Act 1968). This is early-stage — nothing is final until we have full disclosure and your instructions. Some evidence is still outstanding on the papers, an"
sha:c602ddb90b69360222561004b7e626d8b69e8e557baf38d77d61158cb1d4c81a,PDF-c602ddb90b69,CB-TB-704_Morley,c602ddb90b69360222561004b7e626d8b69e8e557baf38d77d61158cb1d4c81a,OFFLINE_CLIENT_PROJECTION,,MUTE,mute_cctv_master,,mute_cctv_master,,,src_charge|src_hearing|src_mg_forms|src_parties|src_dates|src_cctv|src_continuity|client_claims_17,7191,,"CLIENT_SAFE | We are reviewing the papers in your case (Unlawful wounding, contrary to section 20 of the Offences Against the Person Act 1861). This is early-stage — nothing is final until we have full disclosure and your instructions. Some"
sha:c6177c796532ca0dbe961b2282e1ce2eec756418429248f981409038d35a0f3f,PDF-c6177c796532,CB-TB-1526_Barker,c6177c796532ca0dbe961b2282e1ce2eec756418429248f981409038d35a0f3f,OFFLINE_CLIENT_PROJECTION,,MUTE,mute_cad_999,,mute_cad_999,,,src_charge|src_hearing|src_mg_forms|src_parties|src_cctv|src_cctv_stills|client_claims_17,4838,,"CLIENT_SAFE | We are reviewing the papers in your case (Fraud by false representation, s.2 Fraud Act 2006). This is early-stage — nothing is final until we have full disclosure and your instructions. Some evidence is still outstanding on th"
sha:c64b547ec868515e450575c4721afaa69f35cd92016924316d089ba875606e8f,PDF-c64b547ec868,CB-TB-451_Cross,c64b547ec868515e450575c4721afaa69f35cd92016924316d089ba875606e8f,OFFLINE_CLIENT_PROJECTION,,MUTE,mute_phone_download,,mute_phone_download,,,src_charge|src_hearing|src_mg_forms|src_parties|src_cctv|src_continuity|client_claims_17,6554,,"CLIENT_SAFE | We are reviewing the papers in your case (Dangerous driving, contrary to section 2 Road Traffic Act 1988). This is early-stage — nothing is final until we have full disclosure and your instructions. Some evidence is still outs"
sha:c6cb54a4480c6baf3bf2a440d4b73c3379b4be7533ffb6c0c773aa0d7dd102a3,PDF-c6cb54a4480c,CB-TB-1071_Clarke,c6cb54a4480c6baf3bf2a440d4b73c3379b4be7533ffb6c0c773aa0d7dd102a3,OFFLINE_CLIENT_PROJECTION,,MUTE,mute_cad_999,,mute_cad_999,,,src_charge|src_hearing|src_mg_forms|src_parties|src_dates|src_cctv|src_cctv_stills|src_continuity|client_claims_19,7179,,"CLIENT_SAFE | We are reviewing the papers in your case (Dangerous driving, contrary to section 2 Road Traffic Act 1988). This is early-stage — nothing is final until we have full disclosure and your instructions. Some evidence is still outs"
sha:c796b2e84ff007dd9d89875a569874b1723834e3c865971bf686c326671f6296,PDF-c796b2e84ff0,CB-TB-488_Merritt,c796b2e84ff007dd9d89875a569874b1723834e3c865971bf686c326671f6296,OFFLINE_CLIENT_PROJECTION,,MODALITY,modality_screenshot_vs_download,,,modality_screenshot_vs_download,,src_charge|src_hearing|src_mg_forms|src_parties|src_cctv|src_continuity|client_claims_18,3431,,"CLIENT_SAFE | We are reviewing the papers in your case (Primary charge:Being concerned in the supply of a controlled drug of Class A, contrary to section 4(3)(b) Misuse of). This is early-stage — nothing is final until we have full disclosu"
sha:c816f4de89edd8ca029cdedd2a8ddc17279ab9dc2de33edf2c4932cb3412cb8d,PDF-c816f4de89ed,CB-TB-1070_Lawson,c816f4de89edd8ca029cdedd2a8ddc17279ab9dc2de33edf2c4932cb3412cb8d,OFFLINE_CLIENT_PROJECTION,,MUTE,mute_cad_999,,mute_cad_999,,,src_charge|src_hearing|src_mg_forms|src_parties|src_dates|src_cctv|src_cctv_stills|src_continuity|client_claims_17,5742,,"CLIENT_SAFE | We are reviewing the papers in your case (Possessing criminal property, contrary to section 329 Proceeds of Crime Act 2002). This is early-stage — nothing is final until we have full disclosure and your instructions. Some evid"
sha:c8d6193066ee4ad70430d9faf904e81b60977764ad11b5fa7472f89f8011cf67,PDF-c8d6193066ee,CB-TB-142_Patterson,c8d6193066ee4ad70430d9faf904e81b60977764ad11b5fa7472f89f8011cf67,OFFLINE_CLIENT_PROJECTION,,MUTE,mute_cad_999,,mute_cad_999,,,src_charge|src_hearing|src_mg_forms|src_parties|src_continuity|client_claims_17,7195,,"CLIENT_SAFE | We are reviewing the papers in your case (Assault by beating of an emergency worker, contrary to section 1 Assaults on Emergency). This is early-stage — nothing is final until we have full disclosure and your instructions. Som"
sha:c95d8d943916058877d38af9b0a965090eded2536a5f0fc3bcf63637de1ae706,PDF-c95d8d943916,CB-TB-501_Shaw,c95d8d943916058877d38af9b0a965090eded2536a5f0fc3bcf63637de1ae706,OFFLINE_CLIENT_PROJECTION,,MODALITY,modality_summary_vs_recording,,mute_phone_download,modality_summary_vs_recording,,src_charge|src_hearing|src_mg_forms|src_parties|src_dates|src_continuity|client_claims_20,10238,,"CLIENT_SAFE | We are reviewing the papers in your case (Assault occasioning actual bodily harm, s.47 OAPA 1861). This is early-stage — nothing is final until we have full disclosure and your instructions. Some evidence is still outstanding "
sha:c9970700a36afa6b98f13fad5b7152339404158872a533419be4a0d16b23cbe3,PDF-c9970700a36a,NS-CPS-2026-0434 - Copy (2),c9970700a36afa6b98f13fad5b7152339404158872a533419be4a0d16b23cbe3,OFFLINE_CLIENT_PROJECTION,,MUTE,mute_cctv_master,,mute_cctv_master,,,src_charge|src_hearing|src_mg_forms|src_parties|src_dates|src_cctv|src_continuity|client_claims_19,4628,,"CLIENT_SAFE | We are reviewing the papers in your case (Fraud retail refund). This is early-stage — nothing is final until we have full disclosure and your instructions. Some evidence is still outstanding on the papers, and we will update y"
sha:c9b1668262eb2a556f256f5d45cbbea78af8bcc7a0fc6a85c6e9841c5ae9b1a4,PDF-c9b1668262eb,CB-TB-547_Ali,c9b1668262eb2a556f256f5d45cbbea78af8bcc7a0fc6a85c6e9841c5ae9b1a4,OFFLINE_CLIENT_PROJECTION,,MODALITY,modality_summary_vs_recording,,,modality_summary_vs_recording,,src_charge|src_hearing|src_mg_forms|src_parties|src_dates|src_continuity|client_claims_19,6022,,"CLIENT_SAFE | We are reviewing the papers in your case (Possession of a bladed article in a public place, contrary to section 139 Criminal Justice Act 1988). This is early-stage — nothing is final until we have full disclosure and your inst"
sha:ca19208b94e5a11bdcf5b25fbb2e580c13196079fde1f45c0ea41f10f92bcc42,PDF-ca19208b94e5,CB-TB-842_Thornton,ca19208b94e5a11bdcf5b25fbb2e580c13196079fde1f45c0ea41f10f92bcc42,OFFLINE_CLIENT_PROJECTION,,MUTE,mute_export_log,,mute_export_log,,,src_charge|src_hearing|src_mg_forms|src_parties|src_dates|src_cctv|src_continuity|client_claims_18,4138,,"CLIENT_SAFE | We are reviewing the papers in your case (Main charge Burglary in a dwelling, contrary to section 9 of the Theft Act 1968). This is early-stage — nothing is final until we have full disclosure and your instructions. Some evide"
sha:c9f91ec71d1b5e55374195720f7e5c19d0d000f3ba81ba35a03842ccf6cfb7e9,PDF-c9f91ec71d1b,CB-TB-2160_Price,c9f91ec71d1b5e55374195720f7e5c19d0d000f3ba81ba35a03842ccf6cfb7e9,OFFLINE_CLIENT_PROJECTION,,MUTE,mute_cad_999,,mute_cad_999,,,src_charge|src_hearing|src_mg_forms|src_parties|src_dates|src_cctv|src_continuity|client_claims_17,5625,,"CLIENT_SAFE | We are reviewing the papers in your case (Having an offensive weapon, contrary to s.1(1) Prevention of Crime Act 1953). This is early-stage — nothing is final until we have full disclosure and your instructions. Some evidence "
sha:c9ef425fd1ab848a26011d518cf6d5f5bb131b4e13466e2833408745809fbce6,PDF-c9ef425fd1ab,CB-TB-318_Greene,c9ef425fd1ab848a26011d518cf6d5f5bb131b4e13466e2833408745809fbce6,OFFLINE_CLIENT_PROJECTION,,MUTE,mute_phone_download,,mute_phone_download,,,src_charge|src_hearing|src_mg_forms|src_parties|src_dates|src_cctv|src_continuity|client_claims_17,10586,,"CLIENT_SAFE | We are reviewing the papers in your case (Possession of a Class A controlled drug with intent to supply, contrary to section 5(3) of the Misuse of Drugs Act 1971). This is early-stage — nothing is final until we have full disc"
sha:caa7f4d7fcf211866c55ad0408488270a9c6738e20f4992a733055c74074e054,PDF-caa7f4d7fcf2,CB-TB-1675_Ali,caa7f4d7fcf211866c55ad0408488270a9c6738e20f4992a733055c74074e054,OFFLINE_CLIENT_PROJECTION,,MUTE,mute_cad_999,,mute_cad_999,,,src_charge|src_hearing|src_mg_forms|src_parties|src_dates|src_cctv|src_continuity|client_claims_18,5172,,"CLIENT_SAFE | We are reviewing the papers in your case (Wounding with intent to cause grievous bodily harm, s.18 OAPA 1861). This is early-stage — nothing is final until we have full disclosure and your instructions. Some evidence is still "
sha:cacc90cf79f4a36df52f57c5c4736948baec0c3d55a31278e11be5d4259c5e9d,PDF-cacc90cf79f4,CB-TB-908_Rees,cacc90cf79f4a36df52f57c5c4736948baec0c3d55a31278e11be5d4259c5e9d,OFFLINE_CLIENT_PROJECTION,,MUTE,mute_phone_download,,mute_phone_download,,,src_charge|src_hearing|src_mg_forms|src_parties|src_cctv|client_claims_16,5139,,"CLIENT_SAFE | We are reviewing the papers in your case (Assault by beating of an emergency worker, contrary to section 1 of the Assaults on Emergency Workers (Offences) Act 2018). This is early-stage — nothing is final until we have full di"
sha:caea5567d579ba5e3c4f7fd8eaa56136deb99c54f8f495275803326453be7f5f,PDF-caea5567d579,CB-TB-169_Price,caea5567d579ba5e3c4f7fd8eaa56136deb99c54f8f495275803326453be7f5f,OFFLINE_CLIENT_PROJECTION,,MUTE,mute_phone_download,,mute_phone_download,,,src_charge|src_hearing|src_mg_forms|src_parties|src_continuity|client_claims_15,5703,,"CLIENT_SAFE | We are reviewing the papers in your case (Possession of a controlled drug of Class A, namely cocaine, contrary to section 5(2)). This is early-stage — nothing is final until we have full disclosure and your instructions. Some "
sha:cad6458db95fda180cd7e0aa9c9409f3d8693b8f1c58077db39ff01c5494370a,PDF-cad6458db95f,CB-TB-1080_Merritt,cad6458db95fda180cd7e0aa9c9409f3d8693b8f1c58077db39ff01c5494370a,OFFLINE_CLIENT_PROJECTION,,MUTE,mute_cad_999,,mute_cad_999,,,src_charge|src_hearing|src_mg_forms|src_parties|src_dates|src_cctv|src_cctv_stills|src_continuity|client_claims_16,6585,,"CLIENT_SAFE | We are reviewing the papers in your case (CB-TB-1080_Merritt.pdf). This is early-stage — nothing is final until we have full disclosure and your instructions. Some evidence is still outstanding on the papers, and we will updat"
sha:cb612a870f279c0edff1ae5c2d805e9690f9afd80e12b8e510afedb773c533fa,PDF-cb612a870f27,CB-TB-424_Patterson,cb612a870f279c0edff1ae5c2d805e9690f9afd80e12b8e510afedb773c533fa,OFFLINE_CLIENT_PROJECTION,,MUTE,mute_phone_download,,mute_phone_download,,,src_charge|src_hearing|src_mg_forms|src_parties|src_cctv|src_continuity|client_claims_19,11614,,"CLIENT_SAFE | We are reviewing the papers in your case (Robbery, contrary to s.8 Theft Act 1968). This is early-stage — nothing is final until we have full disclosure and your instructions. Some evidence is still outstanding on the papers, "
sha:cbba2e530d7a23bb914328ca1cac3d31cae3f56e54e0309bd2c830c5b773d77e,PDF-cbba2e530d7a,CB-TB-1474_West,cbba2e530d7a23bb914328ca1cac3d31cae3f56e54e0309bd2c830c5b773d77e,OFFLINE_CLIENT_PROJECTION,,INVENT,invent_cctv_master,invent_cctv_master,,,,src_charge|src_hearing|src_parties|src_dates|src_cctv|src_continuity|client_claims_19,3084,,"CLIENT_SAFE | We are reviewing the papers in your case (Harassment, contrary to section 2 of the Protection from Harassment Act 1997). This is early-stage — nothing is final until we have full disclosure and your instructions. Some evidence"
sha:cb9363bb53c3811c1eef0184fdd0020bdcf465154979c7e7ff60092646b35704,PDF-cb9363bb53c3,CB-TB-1532_Page,cb9363bb53c3811c1eef0184fdd0020bdcf465154979c7e7ff60092646b35704,OFFLINE_CLIENT_PROJECTION,,MUTE,mute_cad_999,,mute_cad_999,,,src_charge|src_hearing|src_mg_forms|src_parties|src_cctv|src_cctv_stills|client_claims_15,3644,,"CLIENT_SAFE | We are reviewing the papers in your case (Theft, contrary to s.1 Theft Act 1968). This is early-stage — nothing is final until we have full disclosure and your instructions. Some evidence is still outstanding on the papers, an"
sha:cb74d7f40adffd2590be266aafa158ad29ab65f24c56aff4f5251907e37864e8,PDF-cb74d7f40adf,CB-TB-650_Ali,cb74d7f40adffd2590be266aafa158ad29ab65f24c56aff4f5251907e37864e8,OFFLINE_CLIENT_PROJECTION,,MUTE,mute_cctv_master,,mute_cctv_master,,,src_charge|src_hearing|src_mg_forms|src_parties|src_dates|src_cctv|src_cctv_stills|src_continuity|client_claims_15,10846,,"CLIENT_SAFE | We are reviewing the papers in your case (Possessing criminal property, contrary to section 329 of the Proceeds of Crime Act 2002). This is early-stage — nothing is final until we have full disclosure and your instructions. So"
sha:cc442f681bb3cc7fd0d1b88862a2b9f8e03bc942dd17f3bc5f5d8eb37391ae95,PDF-cc442f681bb3,CB-TB-1032_Richards,cc442f681bb3cc7fd0d1b88862a2b9f8e03bc942dd17f3bc5f5d8eb37391ae95,OFFLINE_CLIENT_PROJECTION,,MUTE,mute_cad_999,,mute_cad_999,,,src_charge|src_hearing|src_mg_forms|src_parties|src_dates|src_cctv|src_continuity|client_claims_18,5707,,"CLIENT_SAFE | We are reviewing the papers in your case (Driving with excess alcohol, contrary to section 5 Road Traffic Act 1988). This is early-stage — nothing is final until we have full disclosure and your instructions. Some evidence is "
sha:cc1e9575bdda2c56a3f16a7c7ddaad292c69541d24b859ae1fcb32d69b7a9418,PDF-cc1e9575bdda,CB-TB-1603_Mitchell,cc1e9575bdda2c56a3f16a7c7ddaad292c69541d24b859ae1fcb32d69b7a9418,OFFLINE_CLIENT_PROJECTION,,MUTE,mute_cad_999,,mute_cad_999,,,src_charge|src_hearing|src_mg_forms|src_parties|src_dates|src_cctv|src_continuity|client_claims_18,8440,,"CLIENT_SAFE | We are reviewing the papers in your case (Offence Unlawful wounding, contrary to section 20 Offences Against the Person Act 1861). This is early-stage — nothing is final until we have full disclosure and your instructions. Som"
sha:ccbdd29b2761f466fd9d875c8cbc680dca38cb81ded20061bc542542211e4f29,PDF-ccbdd29b2761,CB-TB-1901_Lowe,ccbdd29b2761f466fd9d875c8cbc680dca38cb81ded20061bc542542211e4f29,OFFLINE_CLIENT_PROJECTION,,MUTE,mute_cctv_master,,mute_cctv_master|mute_phone_download,,,src_charge|src_hearing|src_mg_forms|src_parties|src_dates|src_cctv|src_continuity|client_claims_21,10231,,"CLIENT_SAFE | We are reviewing the papers in your case (Assault occasioning actual bodily harm, s.47). This is early-stage — nothing is final until we have full disclosure and your instructions. Some evidence is still outstanding on the pap"
sha:ccc76b41381bbd2eee7a932a09537736373ec3d6f2187e3d8d9415bd4cb9f507,PDF-ccc76b41381b,CB-TB-2008_Barlow,ccc76b41381bbd2eee7a932a09537736373ec3d6f2187e3d8d9415bd4cb9f507,OFFLINE_CLIENT_PROJECTION,,MUTE,mute_cad_999,,mute_cad_999,,,src_charge|src_hearing|src_mg_forms|src_parties|src_dates|src_cctv|src_continuity|client_claims_17,10250,,"CLIENT_SAFE | We are reviewing the papers in your case (Offence Burglary of a dwelling, contrary to section 9 Theft Act 1968). This is early-stage — nothing is final until we have full disclosure and your instructions. Some evidence is stil"
sha:cd7c5de33fff9eb69ada01872ff50f041dc060a8e30406550a7ada84fac4f967,PDF-cd7c5de33fff,CB-TB-2067_Austin,cd7c5de33fff9eb69ada01872ff50f041dc060a8e30406550a7ada84fac4f967,OFFLINE_CLIENT_PROJECTION,,MUTE,mute_cad_999,,mute_cad_999,,,src_charge|src_hearing|src_mg_forms|src_parties|src_dates|src_cctv|client_claims_16,2698,,"CLIENT_SAFE | We are reviewing the papers in your case (Robbery, contrary to s.8 Theft Act 1968). This is early-stage — nothing is final until we have full disclosure and your instructions. Some evidence is still outstanding on the papers, "
sha:cd42a32a18edffb2948b062c5fda91bc3e64d5d7c297564d5bbb4e66c6780031,PDF-cd42a32a18ed,CB-TB-2144_Kerr,cd42a32a18edffb2948b062c5fda91bc3e64d5d7c297564d5bbb4e66c6780031,OFFLINE_CLIENT_PROJECTION,,MUTE,mute_cad_999,,mute_cad_999,,,src_charge|src_hearing|src_mg_forms|src_parties|src_dates|src_cctv|src_continuity|client_claims_17,8292,,"CLIENT_SAFE | We are reviewing the papers in your case (Dangerous driving, contrary to section 2 Road Traffic Act 1988). This is early-stage — nothing is final until we have full disclosure and your instructions. Some evidence is still outs"
sha:ce006080f16f1f5e959680cd2dd43d8f5c1fee4512af090f651a60b12d406331,PDF-ce006080f16f,CB-TB-505_Evans,ce006080f16f1f5e959680cd2dd43d8f5c1fee4512af090f651a60b12d406331,OFFLINE_CLIENT_PROJECTION,,MODALITY,modality_summary_vs_recording,,,modality_summary_vs_recording,,src_charge|src_hearing|src_mg_forms|src_parties|src_dates|src_continuity|client_claims_19,5603,,"CLIENT_SAFE | We are reviewing the papers in your case (Harassment, contrary to section 2 Protection from Harassment Act 1997). This is early-stage — nothing is final until we have full disclosure and your instructions. Some evidence is sti"
sha:ce82464fae420eb3a935796665386edabec743a5bb19c17fc92348e06da82cd4,PDF-ce82464fae42,CB-TB-229_Rowe,ce82464fae420eb3a935796665386edabec743a5bb19c17fc92348e06da82cd4,OFFLINE_CLIENT_PROJECTION,,MUTE,mute_phone_download,,mute_phone_download,,,src_charge|src_hearing|src_mg_forms|src_parties|src_dates|client_claims_16,12919,,"CLIENT_SAFE | We are reviewing the papers in your case (Concealing, disguising, converting, transferring or removing criminal property, contrary to section 327 of the Proceeds of). This is early-stage — nothing is final until we have full d"
sha:cef87014ba8f94f4bb53e8f2f2373050488dafee263c7556b2489280749fe3d6,PDF-cef87014ba8f,CB-TB-823_Patel,cef87014ba8f94f4bb53e8f2f2373050488dafee263c7556b2489280749fe3d6,OFFLINE_CLIENT_PROJECTION,,MUTE,mute_export_log,,mute_export_log,,,src_charge|src_hearing|src_mg_forms|src_parties|src_cctv|src_continuity|client_claims_18,8286,,"CLIENT_SAFE | We are reviewing the papers in your case (Theft, contrary to s.1 Theft Act 1968). This is early-stage — nothing is final until we have full disclosure and your instructions. Some evidence is still outstanding on the papers, an"
sha:cf0dd04b06afe8813f73fb287b5093fc2d3b5b2c4f5cbf1c8ea3a3e3c6e6aec4,PDF-cf0dd04b06af,CB-TB-071_Okonkwo,cf0dd04b06afe8813f73fb287b5093fc2d3b5b2c4f5cbf1c8ea3a3e3c6e6aec4,OFFLINE_CLIENT_PROJECTION,,MUTE,mute_cctv_master,,mute_cctv_master,,,src_charge|src_mg_forms|src_parties|src_cctv|src_continuity|client_claims_18,6839,,"CLIENT_SAFE | We are reviewing the papers in your case (Charge Affray, contrary to section 3 Public Order Act). This is early-stage — nothing is final until we have full disclosure and your instructions. Some evidence is still outstanding o"
sha:cf34197f0c61d6392ff5ce5832e169c00628e5bdd7a6eaf26dc6dc4f6d372ce5,PDF-cf34197f0c61,CB-TB-991_Archer,cf34197f0c61d6392ff5ce5832e169c00628e5bdd7a6eaf26dc6dc4f6d372ce5,OFFLINE_CLIENT_PROJECTION,,MUTE,mute_cad_999,,mute_cad_999,,,src_charge|src_hearing|src_mg_forms|src_parties|src_cctv|client_claims_16,9959,,"CLIENT_SAFE | We are reviewing the papers in your case (Robbery, contrary to s.8 Theft Act 1968). This is early-stage — nothing is final until we have full disclosure and your instructions. Some evidence is still outstanding on the papers, "
sha:cfadafe68dab143d63e75610d369b9fda0a08d4e334297069f9d50b6089c13b7,PDF-cfadafe68dab,CB-TB-1546_Reid,cfadafe68dab143d63e75610d369b9fda0a08d4e334297069f9d50b6089c13b7,OFFLINE_CLIENT_PROJECTION,,MUTE,mute_phone_download,,mute_phone_download,,,src_charge|src_hearing|src_mg_forms|src_parties|src_cctv|src_cctv_stills|client_claims_16,3772,,"CLIENT_SAFE | We are reviewing the papers in your case (Offence Being concerned in the supply of a controlled drug of Class A, contrary to section 4(3)(b) of the Misuse of Drugs Act 1971). This is early-stage — nothing is final until we hav"
sha:cfb2c24dc0de1aa2a89d86e36a92deffc4ed0cbca7ed841517548d8661707ce3,PDF-cfb2c24dc0de,CB-TB-916_Walsh,cfb2c24dc0de1aa2a89d86e36a92deffc4ed0cbca7ed841517548d8661707ce3,OFFLINE_CLIENT_PROJECTION,,MUTE,mute_cctv_master,,mute_cctv_master,,,src_charge|src_hearing|src_mg_forms|src_parties|src_dates|src_cctv|client_claims_15,8685,,"CLIENT_SAFE | We are reviewing the papers in your case (1Burglary of a dwelling, contrary to section 9 of). This is early-stage — nothing is final until we have full disclosure and your instructions. Some evidence is still outstanding on th"
sha:d02be40395bb8ed5c5f4f5c79ccbbadd13d0ecb1ece066f4a686d4c856d862a0,PDF-d02be40395bb,CB-TB-429_Howard,d02be40395bb8ed5c5f4f5c79ccbbadd13d0ecb1ece066f4a686d4c856d862a0,OFFLINE_CLIENT_PROJECTION,,MODALITY,modality_screenshot_vs_download,,,modality_screenshot_vs_download,,src_charge|src_hearing|src_mg_forms|src_parties|src_continuity|client_claims_16,3498,,"CLIENT_SAFE | We are reviewing the papers in your case (Primary charge:Being concerned in the supply of a controlled drug of Class A, contrary to section 4(3)(b) Misuse of). This is early-stage — nothing is final until we have full disclosu"
sha:d0b4089ad40ddab60f584d3d1033bc8b5436e16bf70b5a695620868bfe744a33,PDF-d0b4089ad40d,CB-TB-2197_Price,d0b4089ad40ddab60f584d3d1033bc8b5436e16bf70b5a695620868bfe744a33,OFFLINE_CLIENT_PROJECTION,,MUTE,mute_cad_999,,mute_cad_999,,,src_charge|src_hearing|src_mg_forms|src_parties|src_dates|src_cctv|src_continuity|client_claims_17,5700,,"CLIENT_SAFE | We are reviewing the papers in your case (Offence Driving without due care and attention, contrary to section 3 Road Traffic Act 1988). This is early-stage — nothing is final until we have full disclosure and your instructions"
sha:d0b7832aa14fad59b1dfb719b22176ae458f349c2b02a32621e0e4f3633a1734,PDF-d0b7832aa14f,CB-TB-232_Walsh,d0b7832aa14fad59b1dfb719b22176ae458f349c2b02a32621e0e4f3633a1734,OFFLINE_CLIENT_PROJECTION,,MUTE,mute_phone_download,,mute_phone_download,,,src_charge|src_hearing|src_mg_forms|src_parties|src_dates|src_cctv|src_continuity|client_claims_19,6901,,"CLIENT_SAFE | We are reviewing the papers in your case (Intimidating a witness, contrary to section 51 of the Criminal Justice and Public Order Act 1994). This is early-stage — nothing is final until we have full disclosure and your instruc"
sha:d0bfdb30cd93f22c3901391962b9f3036f2e5b7bd6935ae6d3efcdacb443f967,PDF-d0bfdb30cd93,CB-TB-277_Miles,d0bfdb30cd93f22c3901391962b9f3036f2e5b7bd6935ae6d3efcdacb443f967,OFFLINE_CLIENT_PROJECTION,,MUTE,mute_phone_download,,mute_phone_download,,,src_charge|src_hearing|src_mg_forms|src_parties|src_dates|src_cctv|src_cctv_stills|client_claims_18,8549,,"CLIENT_SAFE | We are reviewing the papers in your case (Fraud by false representation, s.2 Fraud Act 2006). This is early-stage — nothing is final until we have full disclosure and your instructions. Some evidence is still outstanding on th"
sha:d104e73b105f4460e70bc88a62192461b90c056d2f675c7d7b3378e0c3476ffd,PDF-d104e73b105f,CB-TB-1064_Ward,d104e73b105f4460e70bc88a62192461b90c056d2f675c7d7b3378e0c3476ffd,OFFLINE_CLIENT_PROJECTION,,MUTE,mute_phone_download,,mute_phone_download|mute_cad_999,,,src_charge|src_hearing|src_mg_forms|src_parties|src_dates|src_cctv|src_continuity|client_claims_19,3783,,"CLIENT_SAFE | We are reviewing the papers in your case (Assault occasioning actual bodily harm, s.47 OAPA 1861). This is early-stage — nothing is final until we have full disclosure and your instructions. Some evidence is still outstanding "
sha:d15577d070f3410cb4e361c582bdaf329694b55ea5c2c437046852ec8dd84dc8,PDF-d15577d070f3,CB-TB-977_Carter,d15577d070f3410cb4e361c582bdaf329694b55ea5c2c437046852ec8dd84dc8,OFFLINE_CLIENT_PROJECTION,,MUTE,mute_cad_999,,mute_cad_999,,,src_charge|src_hearing|src_mg_forms|src_parties|src_cctv|client_claims_16,4558,,"CLIENT_SAFE | We are reviewing the papers in your case (Having an article with a blade or point in a public place, contrary to section 139 of the Criminal Justice Act 1988). This is early-stage — nothing is final until we have full disclosu"
sha:d11b7fc19387bc747da31acd931558506f2001588ee89b958a6d9b689bc0a28e,PDF-d11b7fc19387,CB-TB-045_Abbott,d11b7fc19387bc747da31acd931558506f2001588ee89b958a6d9b689bc0a28e,OFFLINE_CLIENT_PROJECTION,,MUTE,mute_cctv_master,,mute_cctv_master,,,src_charge|src_hearing|src_mg_forms|src_parties|src_cctv|src_continuity|client_claims_17,8449,,"CLIENT_SAFE | We are reviewing the papers in your case (Charge/offence Burglary other than dwelling, contrary to section 9 Theft Act 1968). This is early-stage — nothing is final until we have full disclosure and your instructions. Some evi"
sha:d17c6f97f2cc357b9576143e41d847b3474977cb3ae6618d9c9b731577ac8ad9,PDF-d17c6f97f2cc,CB-TB-621_Wright,d17c6f97f2cc357b9576143e41d847b3474977cb3ae6618d9c9b731577ac8ad9,OFFLINE_CLIENT_PROJECTION,,MUTE,mute_cctv_master,,mute_cctv_master,,,src_charge|src_hearing|src_mg_forms|src_parties|src_dates|src_cctv|src_continuity|client_claims_17,5253,,"CLIENT_SAFE | We are reviewing the papers in your case (Robbery, contrary to s.8 Theft Act 1968). This is early-stage — nothing is final until we have full disclosure and your instructions. Some evidence is still outstanding on the papers, "
sha:d16559ad8bafc79d0fc43169c3d7523acaad97d7809c9f998734d6fbffbf6f07,PDF-d16559ad8baf,CB-TB-1001_Wright,d16559ad8bafc79d0fc43169c3d7523acaad97d7809c9f998734d6fbffbf6f07,OFFLINE_CLIENT_PROJECTION,,MUTE,mute_cad_999,,mute_cad_999,,,src_charge|src_hearing|src_mg_forms|src_parties|src_dates|src_cctv|src_cctv_stills|src_continuity|client_claims_19,6988,,"CLIENT_SAFE | We are reviewing the papers in your case (Robbery, contrary to s.8 Theft Act 1968). This is early-stage — nothing is final until we have full disclosure and your instructions. Some evidence is still outstanding on the papers, "
sha:d183fd26e8430d986cafbfc9871cac08b37cf7c10215b0f194ed20c91752c2d1,PDF-d183fd26e843,CB-TB-1093_Bradley,d183fd26e8430d986cafbfc9871cac08b37cf7c10215b0f194ed20c91752c2d1,OFFLINE_CLIENT_PROJECTION,,MUTE,mute_phone_download,,mute_phone_download|mute_cad_999,,,src_charge|src_hearing|src_mg_forms|src_parties|src_dates|src_cctv|client_claims_17,3758,,"CLIENT_SAFE | We are reviewing the papers in your case (Affray, contrary to section 3 Public Order Act 1986). This is early-stage — nothing is final until we have full disclosure and your instructions. Some evidence is still outstanding on "
sha:d1b29526d783d73324b8229d5e960ca0c452bc06504f7e693ba238df46d55bb3,PDF-d1b29526d783,CB-TB-1716_Booth,d1b29526d783d73324b8229d5e960ca0c452bc06504f7e693ba238df46d55bb3,OFFLINE_CLIENT_PROJECTION,,MUTE,mute_phone_download,,mute_phone_download,,,src_charge|src_hearing|src_mg_forms|src_parties|src_cctv|client_claims_20,6024,,"CLIENT_SAFE | We are reviewing the papers in your case (Possession of a controlled drug of Class A with intent to supply, contrary to section 5(3) of the Misuse of Drugs Act 1971). This is early-stage — nothing is final until we have full d"
sha:d1e20f72b20ca0c7841a7d7e0ef8c50c9910711a47f61fd50df617abe615087c,PDF-d1e20f72b20c,CB-TB-282_Dunn,d1e20f72b20ca0c7841a7d7e0ef8c50c9910711a47f61fd50df617abe615087c,OFFLINE_CLIENT_PROJECTION,,MUTE,mute_phone_download,,mute_phone_download,,,src_charge|src_hearing|src_mg_forms|src_parties|src_dates|src_cctv|src_continuity|client_claims_18,7528,,"CLIENT_SAFE | We are reviewing the papers in your case (Intimidating a witness, contrary to section 51 of the Criminal Justice and Public Order Act 1994). This is early-stage — nothing is final until we have full disclosure and your instruc"
sha:d29a966fcbee179aafeb18449fe2357a3470e94825256614d998772def0a8c0a,PDF-d29a966fcbee,CB-TB-626_Okonkwo,d29a966fcbee179aafeb18449fe2357a3470e94825256614d998772def0a8c0a,OFFLINE_CLIENT_PROJECTION,,MUTE,mute_cctv_master,,mute_cctv_master,,,src_charge|src_hearing|src_mg_forms|src_parties|src_dates|src_cctv|client_claims_16,6837,,"CLIENT_SAFE | We are reviewing the papers in your case (Theft, contrary to s.1 Theft Act 1968). This is early-stage — nothing is final until we have full disclosure and your instructions. Some evidence is still outstanding on the papers, an"
sha:d20e389a893b882a2cbc52e45bc2263b44a52947fe8284a45a052ddc2147f0ed,PDF-d20e389a893b,CB-TB-1058_Dawson,d20e389a893b882a2cbc52e45bc2263b44a52947fe8284a45a052ddc2147f0ed,OFFLINE_CLIENT_PROJECTION,,MUTE,mute_cad_999,,mute_cad_999,,,src_charge|src_hearing|src_mg_forms|src_parties|src_dates|src_cctv|src_cctv_stills|src_continuity|client_claims_19,6539,,"CLIENT_SAFE | We are reviewing the papers in your case (Robbery, contrary to s.8 Theft Act 1968). This is early-stage — nothing is final until we have full disclosure and your instructions. Some evidence is still outstanding on the papers, "
sha:d2132e37cd05d6a445b4a1221d28cc0124e0e8d3f897dbd2a17d900ea0196e25,PDF-d2132e37cd05,CB-TB-1973_Saxon,d2132e37cd05d6a445b4a1221d28cc0124e0e8d3f897dbd2a17d900ea0196e25,OFFLINE_CLIENT_PROJECTION,,MUTE,mute_cctv_master,,mute_cctv_master|mute_phone_download,,,src_charge|src_hearing|src_mg_forms|src_parties|src_dates|src_cctv|src_continuity|client_claims_18,11373,,"CLIENT_SAFE | We are reviewing the papers in your case (Theft, contrary to s.1 Theft Act 1968). This is early-stage — nothing is final until we have full disclosure and your instructions. Some evidence is still outstanding on the papers, an"
sha:d38c8147b71728c1fb3bfb3863dd3906f0a1c30f21dd9948191db13e0e595cb0,PDF-d38c8147b717,CB-TB-1963_Stone,d38c8147b71728c1fb3bfb3863dd3906f0a1c30f21dd9948191db13e0e595cb0,OFFLINE_CLIENT_PROJECTION,,MUTE,mute_phone_download,,mute_phone_download|mute_cad_999,,,src_charge|src_hearing|src_mg_forms|src_parties|src_dates|src_cctv|src_continuity|client_claims_18,9758,,"CLIENT_SAFE | We are reviewing the papers in your case (Possessing criminal property, contrary to section 329 of the). This is early-stage — nothing is final until we have full disclosure and your instructions. Some evidence is still outsta"
sha:d2aaca873c43ec223159d4548213355db0b6db0ca7719ec55b30052d3b0506b8,PDF-d2aaca873c43,CB-TB-1366_Patterson,d2aaca873c43ec223159d4548213355db0b6db0ca7719ec55b30052d3b0506b8,OFFLINE_CLIENT_PROJECTION,,MUTE,mute_phone_download,,mute_phone_download,,,src_charge|src_hearing|src_mg_forms|src_id_procedure|src_parties|src_dates|src_cctv|src_continuity|client_claims_18,8967,,"CLIENT_SAFE | We are reviewing the papers in your case (Being concerned in the supply of a controlled drug of Class A, contrary to section 4(3)(b) of the Misuse of Drugs). This is early-stage — nothing is final until we have full disclosure"
sha:d3b08fd08ecf4a7ad758d222242ae27759f52cd1fcb56519cab4aae19fed4a7e,PDF-d3b08fd08ecf,CB-TB-444_Murphy,d3b08fd08ecf4a7ad758d222242ae27759f52cd1fcb56519cab4aae19fed4a7e,OFFLINE_CLIENT_PROJECTION,,MODALITY,modality_screenshot_vs_download,,mute_cad_999,modality_screenshot_vs_download,,src_charge|src_hearing|src_mg_forms|src_parties|src_cctv|src_continuity|client_claims_18,7302,,"CLIENT_SAFE | We are reviewing the papers in your case (Primary charge:Possessing criminal property, contrary to section 329 Proceeds of Crime Act 2002). This is early-stage — nothing is final until we have full disclosure and your instruct"
sha:d3e927da2fffe6e52fd01e698e2a2db42636c6954841a6dbc66e7e06030dbd2f,PDF-d3e927da2fff,CB-TB-878_Ford,d3e927da2fffe6e52fd01e698e2a2db42636c6954841a6dbc66e7e06030dbd2f,OFFLINE_CLIENT_PROJECTION,,MUTE,mute_export_log,,mute_export_log,,,src_charge|src_hearing|src_mg_forms|src_parties|src_cctv|src_continuity|client_claims_18,11956,,"CLIENT_SAFE | We are reviewing the papers in your case (Main charge Burglary in a dwelling, contrary to section 9 of the Theft Act 1968). This is early-stage — nothing is final until we have full disclosure and your instructions. Some evide"
sha:d43b832642d0d99b97242685c24137cc6d71107859071d39f421af5437868bc0,PDF-d43b832642d0,CB-TB-1691_Hale,d43b832642d0d99b97242685c24137cc6d71107859071d39f421af5437868bc0,OFFLINE_CLIENT_PROJECTION,,MUTE,mute_cad_999,,mute_cad_999,,,src_charge|src_hearing|src_mg_forms|src_parties|src_dates|src_cctv|src_continuity|client_claims_17,7502,,"CLIENT_SAFE | We are reviewing the papers in your case (Offence Affray, contrary to section 3 Public Order Act 1986). This is early-stage — nothing is final until we have full disclosure and your instructions. Some evidence is still outstan"
sha:d42becb035b01b6950fef1ae9a388e9c28eb49920fb4807dc0e2ba5c9ddd8413,PDF-d42becb035b0,CB-TB-1517_Cole,d42becb035b01b6950fef1ae9a388e9c28eb49920fb4807dc0e2ba5c9ddd8413,OFFLINE_CLIENT_PROJECTION,,MUTE,mute_cad_999,,mute_cad_999,,,src_charge|src_hearing|src_mg_forms|src_parties|src_cctv|src_cctv_stills|client_claims_17,5431,,"CLIENT_SAFE | We are reviewing the papers in your case (Fraud by false representation, s.2 Fraud Act 2006). This is early-stage — nothing is final until we have full disclosure and your instructions. Some evidence is still outstanding on th"
sha:d41899cfdefbf63cc36f1380c477d3b384e190423e41a94af220449ec6e8107b,PDF-d41899cfdefb,CB-TB-2102_Thornton,d41899cfdefbf63cc36f1380c477d3b384e190423e41a94af220449ec6e8107b,OFFLINE_CLIENT_PROJECTION,,MUTE,mute_cad_999,,mute_cad_999,,,src_charge|src_hearing|src_mg_forms|src_parties|src_dates|src_cctv|src_continuity|client_claims_18,9302,,"CLIENT_SAFE | We are reviewing the papers in your case (Fraud by false representation, s.2 Fraud Act 2006). This is early-stage — nothing is final until we have full disclosure and your instructions. Some evidence is still outstanding on th"
sha:d48bfcf1a959d34809bac1e474e16b84e48a57c356176542507cefad34cfce0d,PDF-d48bfcf1a959,CB-TB-041_Frost,d48bfcf1a959d34809bac1e474e16b84e48a57c356176542507cefad34cfce0d,OFFLINE_CLIENT_PROJECTION,,MUTE,mute_cad_999,,mute_cad_999,,,src_charge|src_hearing|src_mg_forms|src_parties|src_cctv|src_cctv_stills|src_continuity|client_claims_17,3630,,"CLIENT_SAFE | We are reviewing the papers in your case (Theft, contrary to s.1 Theft Act 1968). This is early-stage — nothing is final until we have full disclosure and your instructions. Some evidence is still outstanding on the papers, an"
sha:d4ae4d6f345a08878b74174e858dba9664993fe5f0a4510451f36750c2e3a2ea,PDF-d4ae4d6f345a,CB-TB-2099_Booth,d4ae4d6f345a08878b74174e858dba9664993fe5f0a4510451f36750c2e3a2ea,OFFLINE_CLIENT_PROJECTION,,MUTE,mute_cad_999,,mute_cad_999,,,src_charge|src_hearing|src_mg_forms|src_parties|src_dates|src_cctv|src_continuity|client_claims_18,12435,,"CLIENT_SAFE | We are reviewing the papers in your case (Offence Possession of criminal property, contrary to section 329 Proceeds of Crime Act 2002). This is early-stage — nothing is final until we have full disclosure and your instructions"
sha:d4e43bf1906449c8a191fa288fc8e2a56cb88e545fca5f20f614a814560c5bf0,PDF-d4e43bf19064,CB-TB-025_Reed,d4e43bf1906449c8a191fa288fc8e2a56cb88e545fca5f20f614a814560c5bf0,OFFLINE_CLIENT_PROJECTION,,MUTE,mute_phone_download,,mute_phone_download,,,src_charge|src_hearing|src_mg_forms|src_parties|src_cctv|src_cctv_stills|src_continuity|client_claims_18,8919,,"CLIENT_SAFE | We are reviewing the papers in your case (Robbery, contrary to s.8 Theft Act 1968). This is early-stage — nothing is final until we have full disclosure and your instructions. Some evidence is still outstanding on the papers, "
sha:d557017f7c5567f772d5399a3a2cf44a676683fc10c46f384d86abcb38ef6d69,PDF-d557017f7c55,CB-TB-370_Cole,d557017f7c5567f772d5399a3a2cf44a676683fc10c46f384d86abcb38ef6d69,OFFLINE_CLIENT_PROJECTION,,MUTE,mute_phone_download,,mute_phone_download,,,src_charge|src_hearing|src_mg_forms|src_parties|src_dates|client_claims_17,6167,,"CLIENT_SAFE | We are reviewing the papers in your case (Possession of a Class B controlled drug, contrary to section 5(2) of the Misuse of Drugs Act 1971). This is early-stage — nothing is final until we have full disclosure and your instru"
sha:d5429d3e4986ac0ce11182c88b5b3f6e530daf8f1095bb9fe332cd38b9cec88b,PDF-d5429d3e4986,CB-TB-598_Doyle,d5429d3e4986ac0ce11182c88b5b3f6e530daf8f1095bb9fe332cd38b9cec88b,OFFLINE_CLIENT_PROJECTION,,MODALITY,modality_summary_vs_recording,,,modality_summary_vs_recording,,src_charge|src_hearing|src_mg_forms|src_parties|src_dates|src_continuity|client_claims_20,5910,,"CLIENT_SAFE | We are reviewing the papers in your case (Harassment, contrary to section 2 Protection from Harassment Act 1997). This is early-stage — nothing is final until we have full disclosure and your instructions. Some evidence is sti"
sha:d4f1d5886c96a27a6a918bc22d1dc7cc10c296cabda359b9f0c8da4f9889a455,PDF-d4f1d5886c96,CB-TB-1766_Hughes,d4f1d5886c96a27a6a918bc22d1dc7cc10c296cabda359b9f0c8da4f9889a455,OFFLINE_CLIENT_PROJECTION,,MUTE,mute_phone_download,,mute_phone_download,,,src_charge|src_hearing|src_mg_forms|src_parties|src_continuity|client_claims_18,6475,,CLIENT_SAFE | We are reviewing the papers in your case (Theft and possession of a bladed article on a multi-count indictment). This is early-stage — nothing is final until we have full disclosure and your instructions. Some evidence is stil
sha:d57794cc7f9a8839f228b17f1f03338d339df2fc723d52fd9461acb3218df3d7,PDF-d57794cc7f9a,CB-TB-1524_Holden,d57794cc7f9a8839f228b17f1f03338d339df2fc723d52fd9461acb3218df3d7,OFFLINE_CLIENT_PROJECTION,,MUTE,mute_cad_999,,mute_cad_999,,,src_charge|src_hearing|src_mg_forms|src_parties|src_cctv|src_cctv_stills|client_claims_17,3992,,"CLIENT_SAFE | We are reviewing the papers in your case (Offence Failing to stop after a road traffic accident and failing to report it, contrary to section 170 of the Road Traffic Act 1988). This is early-stage — nothing is final until we h"
sha:d574f02f01ffe5ab4d888ce021cb7ef06f2421b265da3b9ca8035f06bd700df1,PDF-d574f02f01ff,CB-TB-540_Coleman,d574f02f01ffe5ab4d888ce021cb7ef06f2421b265da3b9ca8035f06bd700df1,OFFLINE_CLIENT_PROJECTION,,MODALITY,modality_summary_vs_recording,,mute_phone_download,modality_summary_vs_recording,,src_charge|src_hearing|src_mg_forms|src_parties|src_dates|src_continuity|client_claims_18,6111,,"CLIENT_SAFE | We are reviewing the papers in your case (Unlawful wounding, contrary to section 20 Offences Against the Person Act 1861). This is early-stage — nothing is final until we have full disclosure and your instructions. Some eviden"
sha:d56204d0c018f33f11b7d4e7e576ac6a82493e04acea02c57024e883c1866482,PDF-d56204d0c018,CB-TB-745_Quinn,d56204d0c018f33f11b7d4e7e576ac6a82493e04acea02c57024e883c1866482,OFFLINE_CLIENT_PROJECTION,,MUTE,mute_cctv_master,,mute_cctv_master,,,src_charge|src_hearing|src_mg_forms|src_parties|src_dates|src_cctv|src_cctv_stills|src_continuity|client_claims_16,10857,,"CLIENT_SAFE | We are reviewing the papers in your case (Fraud by false representation, s.2 Fraud Act 2006). This is early-stage — nothing is final until we have full disclosure and your instructions. Some evidence is still outstanding on th"
sha:d5bc81465ea13b1ca8bf54be2cee2744bae53221a5acab679124866511302b44,PDF-d5bc81465ea1,CB-TB-1057_Coleman,d5bc81465ea13b1ca8bf54be2cee2744bae53221a5acab679124866511302b44,OFFLINE_CLIENT_PROJECTION,,MUTE,mute_cad_999,,mute_cad_999,,,src_charge|src_hearing|src_mg_forms|src_parties|src_dates|src_cctv|src_cctv_stills|src_continuity|client_claims_17,5011,,"CLIENT_SAFE | We are reviewing the papers in your case (Harassment, contrary to section 2 Protection from Harassment Act 1997). This is early-stage — nothing is final until we have full disclosure and your instructions. Some evidence is sti"
sha:d5ee4c2ec15b6985b85a67057bddad57b84195ba579cf24f6750b453fd59b56f,PDF-d5ee4c2ec15b,CB-TB-776_Bennett,d5ee4c2ec15b6985b85a67057bddad57b84195ba579cf24f6750b453fd59b56f,OFFLINE_CLIENT_PROJECTION,,MUTE,mute_cctv_master,,mute_cctv_master,,,src_charge|src_hearing|src_mg_forms|src_parties|src_dates|src_cctv|client_claims_17,5824,,"CLIENT_SAFE | We are reviewing the papers in your case (Robbery, contrary to s.8 Theft Act 1968). This is early-stage — nothing is final until we have full disclosure and your instructions. Some evidence is still outstanding on the papers, "
sha:d60f3375eb4b43fb3d7dd0ce792b152e16811559014ebcba640a4d561e348643,PDF-d60f3375eb4b,NS-CPS-2026-0438 - Copy (2),d60f3375eb4b43fb3d7dd0ce792b152e16811559014ebcba640a4d561e348643,OFFLINE_CLIENT_PROJECTION,,MUTE,mute_cctv_master,,mute_cctv_master,,,src_charge|src_hearing|src_mg_forms|src_parties|src_dates|src_cctv|src_continuity|client_claims_18,4650,,"CLIENT_SAFE | We are reviewing the papers in your case (Handling stolen goods). This is early-stage — nothing is final until we have full disclosure and your instructions. Some evidence is still outstanding on the papers, and we will update"
sha:d607de118dd8de5bcc6c8629add8b67395805ae950b4edf3ac49ff99bbb00f8c,PDF-d607de118dd8,CB-TB-629_Lewis,d607de118dd8de5bcc6c8629add8b67395805ae950b4edf3ac49ff99bbb00f8c,OFFLINE_CLIENT_PROJECTION,,MUTE,mute_cctv_master,,mute_cctv_master,,,src_charge|src_hearing|src_mg_forms|src_parties|src_dates|src_cctv|src_cctv_stills|client_claims_16,4593,,"CLIENT_SAFE | We are reviewing the papers in your case (Burglary of a dwelling, contrary to section 9(1)(b) of the Theft Act 1968). This is early-stage — nothing is final until we have full disclosure and your instructions. Some evidence is"
sha:d63b6d767be4ac3a7db067e49304b69b7c887a998abd3e750c1fae749f31ec8a,PDF-d63b6d767be4,CB-TB-741_Patel,d63b6d767be4ac3a7db067e49304b69b7c887a998abd3e750c1fae749f31ec8a,OFFLINE_CLIENT_PROJECTION,,MUTE,mute_cctv_master,,mute_cctv_master|mute_phone_download,,,src_charge|src_hearing|src_mg_forms|src_parties|src_dates|src_cctv|client_claims_16,6658,,"CLIENT_SAFE | We are reviewing the papers in your case (Possession of a controlled drug of Class A, namely cocaine, with intent to supply, contrary to section 5(3) of the Misuse of Drugs Act). This is early-stage — nothing is final until we"
sha:d6b5cc730ebef44574dfb9d911e069821da7b236d80faf203cfad2768f299892,PDF-d6b5cc730ebe,CB-TB-342_Hayes,d6b5cc730ebef44574dfb9d911e069821da7b236d80faf203cfad2768f299892,OFFLINE_CLIENT_PROJECTION,,MUTE,mute_phone_download,,mute_phone_download,,,src_charge|src_hearing|src_mg_forms|src_parties|src_dates|src_cctv|src_cctv_stills|src_continuity|client_claims_17,12510,,"CLIENT_SAFE | We are reviewing the papers in your case (CB-TB-342_Hayes.pdf). This is early-stage — nothing is final until we have full disclosure and your instructions. Some evidence is still outstanding on the papers, and we will update y"
sha:d6a00dbc9e80eb5ab19dd0db9e2f5394587cc96a331a59ee83175b19db879528,PDF-d6a00dbc9e80,CB-TB-1006_Mason,d6a00dbc9e80eb5ab19dd0db9e2f5394587cc96a331a59ee83175b19db879528,OFFLINE_CLIENT_PROJECTION,,MUTE,mute_cad_999,,mute_cad_999,,,src_charge|src_hearing|src_mg_forms|src_parties|src_dates|src_cctv|src_cctv_stills|src_continuity|client_claims_18,9640,,"CLIENT_SAFE | We are reviewing the papers in your case (Wounding with intent to cause grievous bodily harm, s.18 OAPA 1861). This is early-stage — nothing is final until we have full disclosure and your instructions. Some evidence is still "
sha:d748c6104ced5bcf4a8fd471c7de4932791ace1a4c6aed7c247a0b20e9beb59f,PDF-d748c6104ced,CB-TB-600_Lewis,d748c6104ced5bcf4a8fd471c7de4932791ace1a4c6aed7c247a0b20e9beb59f,OFFLINE_CLIENT_PROJECTION,,MODALITY,modality_summary_vs_recording,,mute_cctv_master,modality_summary_vs_recording,,src_charge|src_hearing|src_mg_forms|src_parties|src_dates|src_cctv|src_continuity|client_claims_18,9710,,"CLIENT_SAFE | We are reviewing the papers in your case (Having an offensive weapon, contrary to s.1(1) Prevention of Crime Act 1953). This is early-stage — nothing is final until we have full disclosure and your instructions. Some evidence "
sha:d818dfbfc749a7edc7223beeac113ad3b73fae7a51405e9ff772e0c1ea83bfdb,PDF-d818dfbfc749,CB-TB-280_Tanner,d818dfbfc749a7edc7223beeac113ad3b73fae7a51405e9ff772e0c1ea83bfdb,OFFLINE_CLIENT_PROJECTION,,MUTE,mute_phone_download,,mute_phone_download,,,src_charge|src_hearing|src_mg_forms|src_parties|src_dates|src_cctv|src_cctv_stills|src_continuity|client_claims_18,7141,,"CLIENT_SAFE | We are reviewing the papers in your case (Possessing criminal property, contrary to section 329 of the Proceeds of Crime Act 2002). This is early-stage — nothing is final until we have full disclosure and your instructions. So"
sha:d83c416ed56978cfbe6bc72a2ba297bb2d791d60aa104538f81d180e8316c9c3,PDF-d83c416ed569,CB-TB-2132_Mason,d83c416ed56978cfbe6bc72a2ba297bb2d791d60aa104538f81d180e8316c9c3,OFFLINE_CLIENT_PROJECTION,,MUTE,mute_cad_999,,mute_cad_999,,,src_charge|src_hearing|src_mg_forms|src_parties|src_dates|src_cctv|src_continuity|client_claims_17,10184,,"CLIENT_SAFE | We are reviewing the papers in your case (Offence Driving a motor vehicle with excess alcohol, contrary to section 5 Road Traffic Act 1988). This is early-stage — nothing is final until we have full disclosure and your instruc"
sha:d917844b2a89a21d792f6cf419d133fc9de01b0350bda5e2ed15770a4cd6a4be,PDF-d917844b2a89,CB-TB-430_Walsh,d917844b2a89a21d792f6cf419d133fc9de01b0350bda5e2ed15770a4cd6a4be,OFFLINE_CLIENT_PROJECTION,,MODALITY,modality_screenshot_vs_download,,mute_cad_999,modality_screenshot_vs_download,,src_charge|src_hearing|src_mg_forms|src_parties|src_continuity|client_claims_17,4262,,"CLIENT_SAFE | We are reviewing the papers in your case (Primary charge:Being concerned in the supply of a controlled drug of Class A, contrary to section 4(3)(b) Misuse of). This is early-stage — nothing is final until we have full disclosu"
sha:d93385cb153cca3e7c6cba3365ce06db762a7a2dfc0c369427cb8f867401d6eb,PDF-d93385cb153c,CB-TB-618_Morris,d93385cb153cca3e7c6cba3365ce06db762a7a2dfc0c369427cb8f867401d6eb,OFFLINE_CLIENT_PROJECTION,,MUTE,mute_cctv_master,,mute_cctv_master,,,src_charge|src_hearing|src_mg_forms|src_parties|src_dates|src_cctv|client_claims_17,2593,,"CLIENT_SAFE | We are reviewing the papers in your case (Robbery, contrary to s.8 Theft Act 1968). This is early-stage — nothing is final until we have full disclosure and your instructions. Some evidence is still outstanding on the papers, "
sha:d945ab71d0de6b2cc1cf30b0bcdfeed8f40aa7af64ebe23dc61e980b1903357e,PDF-d945ab71d0de,CB-TB-580_Okonkwo,d945ab71d0de6b2cc1cf30b0bcdfeed8f40aa7af64ebe23dc61e980b1903357e,OFFLINE_CLIENT_PROJECTION,,MODALITY,modality_summary_vs_recording,,,modality_summary_vs_recording,,src_charge|src_hearing|src_mg_forms|src_parties|src_dates|src_continuity|client_claims_18,6276,,"CLIENT_SAFE | We are reviewing the papers in your case (Possessing criminal property, contrary to section 329 Proceeds of Crime Act 2002). This is early-stage — nothing is final until we have full disclosure and your instructions. Some evid"
sha:d94e2813d2ea3bf6ffe4e09ce0dcfd6dd1738f712458aa094afe2268ce29497b,PDF-d94e2813d2ea,CB-TB-648_Stone,d94e2813d2ea3bf6ffe4e09ce0dcfd6dd1738f712458aa094afe2268ce29497b,OFFLINE_CLIENT_PROJECTION,,MUTE,mute_cctv_master,,mute_cctv_master,,,src_charge|src_hearing|src_mg_forms|src_parties|src_dates|src_cctv|src_cctv_stills|src_continuity|client_claims_15,8442,,"CLIENT_SAFE | We are reviewing the papers in your case (Possessing criminal property, contrary to section 329 of the Proceeds of Crime Act 2002). This is early-stage — nothing is final until we have full disclosure and your instructions. So"
sha:d96b29285a8d9877e402ea17bb232da0ebf0e0f67873a51af70cbfd2a6cd73ff,PDF-d96b29285a8d,CB-TB-230_Brooks,d96b29285a8d9877e402ea17bb232da0ebf0e0f67873a51af70cbfd2a6cd73ff,OFFLINE_CLIENT_PROJECTION,,MUTE,mute_phone_download,,mute_phone_download,,,src_charge|src_hearing|src_mg_forms|src_parties|src_dates|src_cctv_stills|src_continuity|client_claims_17,7971,,"CLIENT_SAFE | We are reviewing the papers in your case (Possessing criminal property, contrary to section 329 of the Proceeds of Crime Act 2002). This is early-stage — nothing is final until we have full disclosure and your instructions. So"
sha:d981961f07ba5ef708a916413f63f952e40a174a03a4cada5de45c33976c6e90,PDF-d981961f07ba,CB-TB-2157_Cole,d981961f07ba5ef708a916413f63f952e40a174a03a4cada5de45c33976c6e90,OFFLINE_CLIENT_PROJECTION,,MUTE,mute_cad_999,,mute_cad_999,,,src_charge|src_hearing|src_mg_forms|src_parties|src_dates|src_cctv|src_continuity|client_claims_17,7273,,"CLIENT_SAFE | We are reviewing the papers in your case (Offence Harassment, contrary to section 2 Protection from Harassment Act 1997). This is early-stage — nothing is final until we have full disclosure and your instructions. Some evidenc"
sha:d9d9854e647bc80cbde0580b0d93c9c9a535d8d9a632484d4ded397582b39325,PDF-d9d9854e647b,CB-TB-1677_Barlow,d9d9854e647bc80cbde0580b0d93c9c9a535d8d9a632484d4ded397582b39325,OFFLINE_CLIENT_PROJECTION,,MUTE,mute_cad_999,,mute_cad_999,,,src_charge|src_hearing|src_mg_forms|src_parties|src_dates|src_cctv|src_continuity|client_claims_16,4839,,"CLIENT_SAFE | We are reviewing the papers in your case (Offence Using threatening or abusive words or behaviour, contrary to section 4 Public Order Act 1986). This is early-stage — nothing is final until we have full disclosure and your ins"
sha:d9b6b6fad7ae15549dbe5560c3fb1b272ca8aa9b977afd1e1c952cce64421f6d,PDF-d9b6b6fad7ae,CB-TB-1559_Hughes,d9b6b6fad7ae15549dbe5560c3fb1b272ca8aa9b977afd1e1c952cce64421f6d,OFFLINE_CLIENT_PROJECTION,,MUTE,mute_cad_999,,mute_cad_999,,,src_charge|src_hearing|src_mg_forms|src_parties|src_cctv|src_cctv_stills|client_claims_17,5353,,"CLIENT_SAFE | We are reviewing the papers in your case (Offence Breach of a restraining order, contrary to section 5 of the Protection from Harassment Act 1997). This is early-stage — nothing is final until we have full disclosure and your "
sha:dad8e81bec4794ddd60d466f1684ca764848de4ca206ef784031eedd360f92ff,PDF-dad8e81bec47,CB-TB-443_Rees,dad8e81bec4794ddd60d466f1684ca764848de4ca206ef784031eedd360f92ff,OFFLINE_CLIENT_PROJECTION,,MODALITY,modality_screenshot_vs_download,,mute_cad_999,modality_screenshot_vs_download,,src_charge|src_hearing|src_mg_forms|src_parties|src_cctv|src_continuity|client_claims_18,3758,,"CLIENT_SAFE | We are reviewing the papers in your case (Fraud by false representation, s.2 Fraud Act 2006). This is early-stage — nothing is final until we have full disclosure and your instructions. Some evidence is still outstanding on th"
sha:dae980cb6447c8afe2c5372e95af6cdef5bf887127c46c4828d4b331a749866f,PDF-dae980cb6447,CB-TB-1951_Reed,dae980cb6447c8afe2c5372e95af6cdef5bf887127c46c4828d4b331a749866f,OFFLINE_CLIENT_PROJECTION,,MUTE,mute_cctv_master,,mute_cctv_master|mute_phone_download|mute_cad_999,,,src_charge|src_hearing|src_mg_forms|src_parties|src_dates|src_cctv|src_continuity|client_claims_17,11593,,"CLIENT_SAFE | We are reviewing the papers in your case (Possessing criminal property, contrary to section 329 of the). This is early-stage — nothing is final until we have full disclosure and your instructions. Some evidence is still outsta"
sha:db7b13e05fdbb0227cc560541ae581081963610e5179c3b102cae0a40e899d37,PDF-db7b13e05fdb,CB-TB-971_Fielding,db7b13e05fdbb0227cc560541ae581081963610e5179c3b102cae0a40e899d37,OFFLINE_CLIENT_PROJECTION,,MUTE,mute_cad_999,,mute_cad_999,,,src_charge|src_hearing|src_mg_forms|src_parties|src_cctv|client_claims_15,10618,,"CLIENT_SAFE | We are reviewing the papers in your case (Having an article with a blade or point in a public place, contrary to section 139 of the Criminal Justice Act 1988). This is early-stage — nothing is final until we have full disclosu"
sha:db916f7b0f107a90ecc8a23712a323a9d7699ad47d6ec71fb8bd4f384e782542,PDF-db916f7b0f10,CB-TB-1878_Byrne,db916f7b0f107a90ecc8a23712a323a9d7699ad47d6ec71fb8bd4f384e782542,OFFLINE_CLIENT_PROJECTION,,MUTE,mute_phone_download,,mute_phone_download,,,src_charge|src_hearing|src_mg_forms|src_parties|src_cctv|client_claims_17,5120,,"CLIENT_SAFE | We are reviewing the papers in your case (Assault by beating of an emergency worker, contrary to section 1 of the Assaults on Emergency Workers (Offences) Act 2018). This is early-stage — nothing is final until we have full di"
sha:dbfcb43908701b8fa0680d4b0992ee570503a934997dabac3cd166b6547bb8bf,PDF-dbfcb4390870,CB-TB-1694_Cole,dbfcb43908701b8fa0680d4b0992ee570503a934997dabac3cd166b6547bb8bf,OFFLINE_CLIENT_PROJECTION,,MUTE,mute_cad_999,,mute_cad_999,,,src_charge|src_hearing|src_mg_forms|src_parties|src_dates|src_cctv|src_continuity|client_claims_17,7995,,"CLIENT_SAFE | We are reviewing the papers in your case (Theft, contrary to s.1 Theft Act 1968). This is early-stage — nothing is final until we have full disclosure and your instructions. Some evidence is still outstanding on the papers, an"
sha:dca35f7137712051f32783e18b53a9706f94797c3be8a6da22d66e9dde4ffd0d,PDF-dca35f713771,CB-TB-1285_Kent,dca35f7137712051f32783e18b53a9706f94797c3be8a6da22d66e9dde4ffd0d,OFFLINE_CLIENT_PROJECTION,,MUTE,mute_phone_download,,mute_phone_download,,,src_charge|src_hearing|src_mg_forms|src_parties|src_dates|src_cctv|src_cctv_stills|src_continuity|client_claims_19,3871,,"CLIENT_SAFE | We are reviewing the papers in your case (Breach of a court order, contrary to section 5 Protection from Harassment Act 1997). This is early-stage — nothing is final until we have full disclosure and your instructions. Some ev"
sha:dcb3d99cb7afd35a723ca9e6f09c8b538a0615f9697d2a448ee96561ca9563c3,PDF-dcb3d99cb7af,CB-TB-1511_Ali,dcb3d99cb7afd35a723ca9e6f09c8b538a0615f9697d2a448ee96561ca9563c3,OFFLINE_CLIENT_PROJECTION,,MUTE,mute_cad_999,,mute_cad_999,,,src_charge|src_hearing|src_mg_forms|src_parties|src_cctv|src_cctv_stills|client_claims_15,3647,,"CLIENT_SAFE | We are reviewing the papers in your case (Offence Criminal damage, contrary to section 1 of the Criminal Damage Act 1971). This is early-stage — nothing is final until we have full disclosure and your instructions. Some eviden"
sha:dcbf5927041f055cafeaac572c42b44325bdf70abc0f47dcf41bf43c5fd07a7f,PDF-dcbf5927041f,CB-TB-639_Ross,dcbf5927041f055cafeaac572c42b44325bdf70abc0f47dcf41bf43c5fd07a7f,OFFLINE_CLIENT_PROJECTION,,MUTE,mute_cctv_master,,mute_cctv_master|mute_phone_download,,,src_charge|src_hearing|src_mg_forms|src_parties|src_dates|src_cctv|client_claims_16,5279,,"CLIENT_SAFE | We are reviewing the papers in your case (Possession of a controlled drug of Class B, namely cannabis, contrary to section 5(2) of the Misuse of Drugs Act 1971). This is early-stage — nothing is final until we have full disclo"
sha:dcb609e41e676f61f7aff77308df51a49e4da093e8f60a739cf21343c7117fae,PDF-dcb609e41e67,CB-TB-227_Stone,dcb609e41e676f61f7aff77308df51a49e4da093e8f60a739cf21343c7117fae,OFFLINE_CLIENT_PROJECTION,,MUTE,mute_phone_download,,mute_phone_download,,,src_charge|src_hearing|src_mg_forms|src_parties|src_dates|src_cctv|src_continuity|client_claims_19,13612,,"CLIENT_SAFE | We are reviewing the papers in your case (Fraud by false representation, s.2 Fraud Act 2006). This is early-stage — nothing is final until we have full disclosure and your instructions. Some evidence is still outstanding on th"
sha:dcd0400461b47ef35ba21ab70c81b17a649af8800bbda88a1e60c5608c1bf978,PDF-dcd0400461b4,CB-TB-733_Walsh,dcd0400461b47ef35ba21ab70c81b17a649af8800bbda88a1e60c5608c1bf978,OFFLINE_CLIENT_PROJECTION,,MUTE,mute_cctv_master,,mute_cctv_master,,,src_charge|src_hearing|src_mg_forms|src_parties|src_dates|src_cctv|src_cctv_stills|client_claims_16,7638,,"CLIENT_SAFE | We are reviewing the papers in your case (Possession of a controlled drug of Class B, namely cannabis, contrary to section 5(2) of the Misuse of Drugs Act 1971). This is early-stage — nothing is final until we have full disclo"
sha:dce87bf869a9a2890c8d7c9ee773d87d27fdda3483ac0066e4eb4e1eaf574e8d,PDF-dce87bf869a9,CB-TB-1698_Mason,dce87bf869a9a2890c8d7c9ee773d87d27fdda3483ac0066e4eb4e1eaf574e8d,OFFLINE_CLIENT_PROJECTION,,MUTE,mute_cad_999,,mute_cad_999,,,src_charge|src_hearing|src_mg_forms|src_parties|src_dates|src_cctv|src_continuity|client_claims_17,7123,,"CLIENT_SAFE | We are reviewing the papers in your case (Offence Driving a motor vehicle with excess alcohol, contrary to section 5 Road Traffic Act 1988). This is early-stage — nothing is final until we have full disclosure and your instruc"
sha:de117582d21c56abc947ebc58cd755c5399ee049cead080a76c50f59237e4a61,PDF-de117582d21c,CB-TB-755_Khan,de117582d21c56abc947ebc58cd755c5399ee049cead080a76c50f59237e4a61,OFFLINE_CLIENT_PROJECTION,,MUTE,mute_cctv_master,,mute_cctv_master,,,src_charge|src_hearing|src_mg_forms|src_parties|src_dates|src_cctv|src_cctv_stills|client_claims_16,8064,,"CLIENT_SAFE | We are reviewing the papers in your case (Fraud by false representation, s.2 Fraud Act 2006). This is early-stage — nothing is final until we have full disclosure and your instructions. Some evidence is still outstanding on th"
sha:dddc35f5aa56eceb8245221ca4ab451a3221d90288243ba214901d698dd24faf,PDF-dddc35f5aa56,CB-TB-327_Roberts,dddc35f5aa56eceb8245221ca4ab451a3221d90288243ba214901d698dd24faf,OFFLINE_CLIENT_PROJECTION,,MUTE,mute_phone_download,,mute_phone_download,,,src_charge|src_hearing|src_mg_forms|src_parties|src_dates|client_claims_17,8276,,"CLIENT_SAFE | We are reviewing the papers in your case (Fraud by false representation, s.2 Fraud Act 2006). This is early-stage — nothing is final until we have full disclosure and your instructions. Some evidence is still outstanding on th"
sha:de30d12eab0fa50dd730babde18ffeae2924d2cc313cd9c295b7856ea48e72ef,PDF-de30d12eab0f,CB-TB-943_Barker,de30d12eab0fa50dd730babde18ffeae2924d2cc313cd9c295b7856ea48e72ef,OFFLINE_CLIENT_PROJECTION,,MUTE,mute_cctv_master,,mute_cctv_master,,,src_charge|src_mg_forms|src_parties|src_cctv|client_claims_17,11099,,"CLIENT_SAFE | We are reviewing the papers in your case (Failing to stop after a road accident and failing to report an accident, contrary to section 170 of the Road Traffic Act 1988). This is early-stage — nothing is final until we have ful"
sha:de3dd03f4bf08ef2649aefbb56cc1705ba70c1052b0da569f48fcde04490e018,PDF-de3dd03f4bf0,CB-TB-608_Lewis,de3dd03f4bf08ef2649aefbb56cc1705ba70c1052b0da569f48fcde04490e018,OFFLINE_CLIENT_PROJECTION,,MUTE,mute_cctv_master,,mute_cctv_master,,,src_charge|src_hearing|src_mg_forms|src_parties|src_dates|src_cctv|src_continuity|client_claims_17,8236,,"CLIENT_SAFE | We are reviewing the papers in your case (Assault occasioning actual bodily harm, s.47 OAPA 1861). This is early-stage — nothing is final until we have full disclosure and your instructions. Some evidence is still outstanding "
sha:defd7a91ad328de491beedb8e8f2b9cf3b707968a78799ee9e00294322ff1721,PDF-defd7a91ad32,CB-TB-576_Rees,defd7a91ad328de491beedb8e8f2b9cf3b707968a78799ee9e00294322ff1721,OFFLINE_CLIENT_PROJECTION,,MODALITY,modality_summary_vs_recording,,,modality_summary_vs_recording,,src_charge|src_hearing|src_mg_forms|src_parties|src_dates|src_continuity|client_claims_19,4082,,"CLIENT_SAFE | We are reviewing the papers in your case (Dangerous driving, contrary to section 2 Road Traffic Act 1988). This is early-stage — nothing is final until we have full disclosure and your instructions. Some evidence is still outs"
sha:de7a686bae946143e125c90a25b1fd9cebd2e4bc8a5ee2070028f4f6db671da9,PDF-de7a686bae94,CB-TB-2178_Bennett,de7a686bae946143e125c90a25b1fd9cebd2e4bc8a5ee2070028f4f6db671da9,OFFLINE_CLIENT_PROJECTION,,MUTE,mute_cad_999,,mute_cad_999,,,src_charge|src_hearing|src_mg_forms|src_parties|src_dates|src_cctv|src_continuity|client_claims_18,10336,,"CLIENT_SAFE | We are reviewing the papers in your case (Assault occasioning actual bodily harm, s.47 OAPA 1861). This is early-stage — nothing is final until we have full disclosure and your instructions. Some evidence is still outstanding "
sha:df1c9b9189fe9a4bfcad33fa39f10cd4f0806c879e1efd89232e3c512f689867,PDF-df1c9b9189fe,CB-TB-1249_Hart,df1c9b9189fe9a4bfcad33fa39f10cd4f0806c879e1efd89232e3c512f689867,OFFLINE_CLIENT_PROJECTION,,MUTE,mute_cad_999,,mute_cad_999,,,src_charge|src_hearing|src_mg_forms|src_parties|src_dates|src_cctv_stills|src_continuity|client_claims_17,3694,,"CLIENT_SAFE | We are reviewing the papers in your case (CB-TB-1249_Hart.pdf). This is early-stage — nothing is final until we have full disclosure and your instructions. Some evidence is still outstanding on the papers, and we will update y"
sha:df237f03126f0dcef781302ca42d1eb9caa9cd05c7756207ac2e21440256b0b0,PDF-df237f03126f,CB-TB-522_Price,df237f03126f0dcef781302ca42d1eb9caa9cd05c7756207ac2e21440256b0b0,OFFLINE_CLIENT_PROJECTION,,MODALITY,modality_summary_vs_recording,,,modality_summary_vs_recording,,src_charge|src_hearing|src_mg_forms|src_parties|src_dates|src_continuity|client_claims_19,5474,,CLIENT_SAFE | We are reviewing the papers in your case (Doing an act tending and intended to pervert the course of public justice). This is early-stage — nothing is final until we have full disclosure and your instructions. Some evidence is
sha:dfa8e167d74a28d7d92e9df535ffc67406009e02db00b75bef6646a8fe961a51,PDF-dfa8e167d74a,CB-TB-970_Quinn,dfa8e167d74a28d7d92e9df535ffc67406009e02db00b75bef6646a8fe961a51,OFFLINE_CLIENT_PROJECTION,,MUTE,mute_cctv_master,,mute_cctv_master,,,src_charge|src_hearing|src_mg_forms|src_parties|client_claims_16,3430,,"CLIENT_SAFE | We are reviewing the papers in your case (Having an offensive weapon, contrary to s.1(1) Prevention of Crime Act 1953). This is early-stage — nothing is final until we have full disclosure and your instructions. Some evidence "
sha:df5779bd30e01e3d299ba1f65b9d0d98f4df922d711db1dac64c29b5e8ebb2c6,PDF-df5779bd30e0,CB-TB-515_Hale,df5779bd30e01e3d299ba1f65b9d0d98f4df922d711db1dac64c29b5e8ebb2c6,OFFLINE_CLIENT_PROJECTION,,MODALITY,modality_summary_vs_recording,,mute_phone_download,modality_summary_vs_recording,,src_charge|src_hearing|src_mg_forms|src_parties|src_dates|src_continuity|client_claims_19,5891,,"CLIENT_SAFE | We are reviewing the papers in your case (Unlawful wounding, contrary to section 20 Offences Against the Person Act 1861). This is early-stage — nothing is final until we have full disclosure and your instructions. Some eviden"
sha:e079f8a845e1d064363cb91c430553334b695291f1101bb8bf4a0352d8e0a17c,PDF-e079f8a845e1,CB-TB-1022_Rees,e079f8a845e1d064363cb91c430553334b695291f1101bb8bf4a0352d8e0a17c,OFFLINE_CLIENT_PROJECTION,,MUTE,mute_cad_999,,mute_cad_999,,,src_charge|src_hearing|src_mg_forms|src_parties|src_dates|src_cctv|src_cctv_stills|src_continuity|client_claims_18,7358,,"CLIENT_SAFE | We are reviewing the papers in your case (Theft, contrary to s.1 Theft Act 1968). This is early-stage — nothing is final until we have full disclosure and your instructions. Some evidence is still outstanding on the papers, an"
sha:e0343d3d96a1612f229edda22816f295ff626708eb2fa27657513d6e010072c9,PDF-e0343d3d96a1,CB-TB-563_Okonkwo,e0343d3d96a1612f229edda22816f295ff626708eb2fa27657513d6e010072c9,OFFLINE_CLIENT_PROJECTION,,MODALITY,modality_summary_vs_recording,,,modality_summary_vs_recording,,src_charge|src_hearing|src_mg_forms|src_parties|src_dates|src_continuity|client_claims_19,7115,,"CLIENT_SAFE | We are reviewing the papers in your case (contrary to section 2 Fraud Act 2006). This is early-stage — nothing is final until we have full disclosure and your instructions. Some evidence is still outstanding on the papers, and"
sha:e09b2d9402982fe8eb6f0873d120e34e9d3995ec0f83d64b7ec77d760d8ad5ba,PDF-e09b2d940298,CB-TB-2064_Ross,e09b2d9402982fe8eb6f0873d120e34e9d3995ec0f83d64b7ec77d760d8ad5ba,OFFLINE_CLIENT_PROJECTION,,MUTE,mute_cad_999,,mute_cad_999,,,src_charge|src_hearing|src_mg_forms|src_parties|src_dates|src_cctv|client_claims_16,3208,,"CLIENT_SAFE | We are reviewing the papers in your case (Offence Driving with a specified controlled drug above the specified limit, contrary to section 5A Road Traffic Act 1988). This is early-stage — nothing is final until we have full dis"
sha:e10c506831019953157ca70620267d8efee0cd5f6d7c8c58d505a98cda58405c,PDF-e10c50683101,CB-TB-1458_Rowe,e10c506831019953157ca70620267d8efee0cd5f6d7c8c58d505a98cda58405c,OFFLINE_CLIENT_PROJECTION,,MUTE,mute_phone_download,,mute_phone_download|mute_cad_999,,,src_charge|src_hearing|src_mg_forms|src_id_procedure|src_parties|src_dates|src_cctv|client_claims_16,4739,,"CLIENT_SAFE | We are reviewing the papers in your case (Having an offensive weapon, contrary to s.1(1) Prevention of Crime Act 1953). This is early-stage — nothing is final until we have full disclosure and your instructions. Some evidence "
sha:e23c8110887bea1d35132c34b68674b30547f9714958eee9a393401dca487d0f,PDF-e23c8110887b,CB-TB-1924_Forrest,e23c8110887bea1d35132c34b68674b30547f9714958eee9a393401dca487d0f,OFFLINE_CLIENT_PROJECTION,,MUTE,mute_cctv_master,,mute_cctv_master|mute_phone_download,,,src_charge|src_hearing|src_mg_forms|src_parties|src_dates|src_cctv|src_continuity|client_claims_19,6324,,"CLIENT_SAFE | We are reviewing the papers in your case (Affray, contrary to section 3 of the Public Order Act 1986). This is early-stage — nothing is final until we have full disclosure and your instructions. Some evidence is still outstand"
sha:e22471e7e3de22a9429544105881354f4a6c46ac0c3e92dd2a6475770e6df3f9,PDF-e22471e7e3de,CB-TB-1624_Barlow,e22471e7e3de22a9429544105881354f4a6c46ac0c3e92dd2a6475770e6df3f9,OFFLINE_CLIENT_PROJECTION,,MUTE,mute_cad_999,,mute_cad_999,,,src_charge|src_hearing|src_mg_forms|src_parties|src_dates|src_cctv|src_continuity|client_claims_17,5165,,"CLIENT_SAFE | We are reviewing the papers in your case (Offence Doing an act tending and intended to pervert the course of public justice, contrary to common law). This is early-stage — nothing is final until we have full disclosure and you"
sha:e2904f9ebfa8bf787a9cf1986476c6910e57676eacf96a9fa5c0df6c9a580009,PDF-e2904f9ebfa8,CB-TB-698_Evans,e2904f9ebfa8bf787a9cf1986476c6910e57676eacf96a9fa5c0df6c9a580009,OFFLINE_CLIENT_PROJECTION,,MUTE,mute_cctv_master,,mute_cctv_master,,,src_charge|src_hearing|src_mg_forms|src_parties|src_dates|src_cctv|src_continuity|client_claims_15,5428,,"CLIENT_SAFE | We are reviewing the papers in your case (Possession of a bladed article in a public place, contrary to section 139 of the Criminal Justice Act 1988). This is early-stage — nothing is final until we have full disclosure and yo"
sha:e264de1c1ed34863ffafd9944ddd8b62b3fe49f16c44038f7e9f83ec8167a488,PDF-e264de1c1ed3,CB-TB-1571_Wright,e264de1c1ed34863ffafd9944ddd8b62b3fe49f16c44038f7e9f83ec8167a488,OFFLINE_CLIENT_PROJECTION,,MUTE,mute_cad_999,,mute_cad_999,,,src_charge|src_hearing|src_mg_forms|src_parties|src_cctv|src_cctv_stills|client_claims_16,3428,,"CLIENT_SAFE | We are reviewing the papers in your case (Offence Criminal damage, contrary to section 1 of the Criminal Damage Act 1971). This is early-stage — nothing is final until we have full disclosure and your instructions. Some eviden"
sha:e2c3613ded6dc9f2b2709abac6bb90e7d30530d0373e35e4750c3f4f20060948,PDF-e2c3613ded6d,CB-TB-1088_Mason,e2c3613ded6dc9f2b2709abac6bb90e7d30530d0373e35e4750c3f4f20060948,OFFLINE_CLIENT_PROJECTION,,MUTE,mute_cad_999,,mute_cad_999,,,src_charge|src_hearing|src_mg_forms|src_parties|src_dates|src_continuity|client_claims_17,2784,,"CLIENT_SAFE | We are reviewing the papers in your case (Possession of cannabis, contrary to section 5(2) Misuse of Drugs Act 1971). This is early-stage — nothing is final until we have full disclosure and your instructions. Some evidence is"
sha:e30eb5f1e7d679b85bd62dde038477081d12dadca2d0af71403a6bba5f368905,PDF-e30eb5f1e7d6,CB-TB-592_Patel,e30eb5f1e7d679b85bd62dde038477081d12dadca2d0af71403a6bba5f368905,OFFLINE_CLIENT_PROJECTION,,MODALITY,modality_summary_vs_recording,,mute_cctv_master,modality_summary_vs_recording,,src_charge|src_hearing|src_mg_forms|src_parties|src_dates|src_cctv|src_continuity|client_claims_20,3323,,"CLIENT_SAFE | We are reviewing the papers in your case (Burglary, contrary to section 9 Theft Act 1968). This is early-stage — nothing is final until we have full disclosure and your instructions. Some evidence is still outstanding on the p"
sha:e40317da3fb2495f9074185d2be8af3bade614cb0ae9818ee6374c027086653d,PDF-e40317da3fb2,CB-TB-667_Brooks,e40317da3fb2495f9074185d2be8af3bade614cb0ae9818ee6374c027086653d,OFFLINE_CLIENT_PROJECTION,,MUTE,mute_cctv_master,,mute_cctv_master,,,src_charge|src_hearing|src_mg_forms|src_parties|src_dates|src_cctv|src_cctv_stills|client_claims_16,5840,,"CLIENT_SAFE | We are reviewing the papers in your case (Affray, contrary to section 3 of the Public Order Act 1986). This is early-stage — nothing is final until we have full disclosure and your instructions. Some evidence is still outstand"
sha:e430487877b4cad4afae469385c622d6912ab9f822e04746261745645d878155,PDF-e430487877b4,CB-TB-1582_Page,e430487877b4cad4afae469385c622d6912ab9f822e04746261745645d878155,OFFLINE_CLIENT_PROJECTION,,MUTE,mute_cad_999,,mute_cad_999,,,src_charge|src_hearing|src_mg_forms|src_parties|src_cctv|src_cctv_stills|client_claims_16,3851,,"CLIENT_SAFE | We are reviewing the papers in your case (Offence Driving with a specified controlled drug above the prescribed limit, contrary to section 5A of the Road Traffic Act 1988). This is early-stage — nothing is final until we have "
sha:e4432967a3c49a0172e1ac865577d147a4102fc6e6cc8f83141ec3a0fecb035b,PDF-e4432967a3c4,CB-TB-1752_Denton,e4432967a3c49a0172e1ac865577d147a4102fc6e6cc8f83141ec3a0fecb035b,OFFLINE_CLIENT_PROJECTION,,MUTE,mute_phone_download,,mute_phone_download,,,src_charge|src_hearing|src_mg_forms|src_parties|src_dates|src_cctv|src_continuity|client_claims_20,6781,,"CLIENT_SAFE | We are reviewing the papers in your case (Being concerned in the supply of a controlled drug of Class A, contrary to section 4(3)(b) of the Misuse of Drugs Act 1971). This is early-stage — nothing is final until we have full d"
sha:e4b98d29b722c02179560fc6413f20725b82b82f95e491766268510fb8b819ce,PDF-e4b98d29b722,CB-TB-140_Baines,e4b98d29b722c02179560fc6413f20725b82b82f95e491766268510fb8b819ce,OFFLINE_CLIENT_PROJECTION,,MUTE,mute_phone_download,,mute_phone_download,,,src_charge|src_hearing|src_mg_forms|src_parties|src_cctv|src_continuity|client_claims_16,11514,,"CLIENT_SAFE | We are reviewing the papers in your case (Drug supply conspiracy). This is early-stage — nothing is final until we have full disclosure and your instructions. Some evidence is still outstanding on the papers, and we will updat"
sha:e4f4e7d63ee391fe9b1a799f629c3928fdd7408efa3ebd75d1b7caba7b3fde8d,PDF-e4f4e7d63ee3,CB-TB-1052_Morris,e4f4e7d63ee391fe9b1a799f629c3928fdd7408efa3ebd75d1b7caba7b3fde8d,OFFLINE_CLIENT_PROJECTION,,MUTE,mute_cad_999,,mute_cad_999,,,src_charge|src_hearing|src_mg_forms|src_parties|src_dates|src_cctv|src_continuity|client_claims_19,8141,,"CLIENT_SAFE | We are reviewing the papers in your case (Driving with excess alcohol, contrary to section 5 Road Traffic Act 1988). This is early-stage — nothing is final until we have full disclosure and your instructions. Some evidence is "
sha:e50cc4fb0fb62e5b5e806d38fcdd21f19754b21b21ada79338413f076ef55a3d,PDF-e50cc4fb0fb6,CB-TB-846_Hussain,e50cc4fb0fb62e5b5e806d38fcdd21f19754b21b21ada79338413f076ef55a3d,OFFLINE_CLIENT_PROJECTION,,MUTE,mute_cctv_master,,mute_cctv_master,,,src_charge|src_hearing|src_mg_forms|src_parties|src_continuity|client_claims_18,6357,,"CLIENT_SAFE | We are reviewing the papers in your case (Main charge Possessing criminal property, contrary to section 329 of the Proceeds of Crime Act). This is early-stage — nothing is final until we have full disclosure and your instructi"
sha:e50a1f5e47c96e999f76c06503ccacc55a2e34986b1b98acdb5ff52d47ec5d41,PDF-e50a1f5e47c9,CB-TB-116_Merritt,e50a1f5e47c96e999f76c06503ccacc55a2e34986b1b98acdb5ff52d47ec5d41,OFFLINE_CLIENT_PROJECTION,,MUTE,mute_phone_download,,mute_phone_download|mute_cad_999,,,src_charge|src_hearing|src_mg_forms|src_parties|src_cctv|src_continuity|client_claims_17,14142,,"CLIENT_SAFE | We are reviewing the papers in your case (Burglary non-dwelling). This is early-stage — nothing is final until we have full disclosure and your instructions. Some evidence is still outstanding on the papers, and we will update"
sha:e590da40765cda528ebe892e702a24f061338578516307996d3686b5c0ad4e6f,PDF-e590da40765c,CB-TB-610_Reed,e590da40765cda528ebe892e702a24f061338578516307996d3686b5c0ad4e6f,OFFLINE_CLIENT_PROJECTION,,MUTE,mute_cctv_master,,mute_cctv_master,,,src_charge|src_hearing|src_mg_forms|src_parties|src_dates|src_cctv|src_cctv_stills|src_continuity|client_claims_16,9551,,"CLIENT_SAFE | We are reviewing the papers in your case (Unlawful wounding, contrary to section 20 of the Offences Against the Person Act 1861). This is early-stage — nothing is final until we have full disclosure and your instructions. Some"
sha:e57012c0c66b4e620d3eb34e562d6f7b9a77286010d5ae66ed2ecead69907081,PDF-e57012c0c66b,CB-TB-1978_Naylor,e57012c0c66b4e620d3eb34e562d6f7b9a77286010d5ae66ed2ecead69907081,OFFLINE_CLIENT_PROJECTION,,MUTE,mute_cctv_master,,mute_cctv_master|mute_phone_download,,,src_charge|src_hearing|src_mg_forms|src_parties|src_dates|src_cctv|src_continuity|client_claims_20,12524,,"CLIENT_SAFE | We are reviewing the papers in your case (Possessing criminal property, contrary to section 329 of the). This is early-stage — nothing is final until we have full disclosure and your instructions. Some evidence is still outsta"
sha:e5a610c1febdd5cb686f093ba296f91a390af914ca23412dc05f900cf073226b,PDF-e5a610c1febd,CB-TB-988_Rees,e5a610c1febdd5cb686f093ba296f91a390af914ca23412dc05f900cf073226b,OFFLINE_CLIENT_PROJECTION,,MUTE,mute_cctv_master,,mute_cctv_master,,,src_charge|src_hearing|src_mg_forms|src_parties|src_cctv|client_claims_18,5737,,"CLIENT_SAFE | We are reviewing the papers in your case (Concealing, disguising, converting, transferring or removing criminal property, contrary to section 327 of the Proceeds of Crime Act 2002). This is early-stage — nothing is final until"
sha:e5de0a7a214fb5a7795c609427d71bef3fa5fcd6546eaad636cb84ff51b60871,PDF-e5de0a7a214f,CB-TB-2155_Austin,e5de0a7a214fb5a7795c609427d71bef3fa5fcd6546eaad636cb84ff51b60871,OFFLINE_CLIENT_PROJECTION,,MUTE,mute_cad_999,,mute_cad_999,,,src_charge|src_hearing|src_mg_forms|src_parties|src_dates|src_cctv|src_continuity|client_claims_18,11162,,"CLIENT_SAFE | We are reviewing the papers in your case (Offence Possession of a controlled drug of Class A with intent to supply, contrary to section 5(3) Misuse of Drugs Act 1971). This is early-stage — nothing is final until we have full "
sha:e6170f37439fc23f3180228078bdd85a7b42460f0f0ce2fdf5a13bcd3a92616c,PDF-e6170f37439f,CB-TB-841_Hale,e6170f37439fc23f3180228078bdd85a7b42460f0f0ce2fdf5a13bcd3a92616c,OFFLINE_CLIENT_PROJECTION,,MUTE,mute_export_log,,mute_export_log,,,src_charge|src_hearing|src_mg_forms|src_parties|src_cctv|src_continuity|client_claims_19,4017,,"CLIENT_SAFE | We are reviewing the papers in your case (Theft, contrary to s.1 Theft Act 1968). This is early-stage — nothing is final until we have full disclosure and your instructions. Some evidence is still outstanding on the papers, an"
sha:e6cdb0ac89ffe3109de25a2668004643aa4e70cfda56a7b471f60af2d52e4f5c,PDF-e6cdb0ac89ff,CB-TB-630_Doyle,e6cdb0ac89ffe3109de25a2668004643aa4e70cfda56a7b471f60af2d52e4f5c,OFFLINE_CLIENT_PROJECTION,,MUTE,mute_cctv_master,,mute_cctv_master|mute_phone_download,,,src_charge|src_hearing|src_mg_forms|src_parties|src_dates|src_cctv|src_continuity|client_claims_16,6701,,"CLIENT_SAFE | We are reviewing the papers in your case (Burglary of a dwelling, contrary to section 9(1)(b) of the Theft Act 1968). This is early-stage — nothing is final until we have full disclosure and your instructions. Some evidence is"
sha:e6aa50c96af1b91be63e5c6cc0bdb4e607499cdbd44b4b89b60398de37cc5538,PDF-e6aa50c96af1,CB-TB-931_Walsh,e6aa50c96af1b91be63e5c6cc0bdb4e607499cdbd44b4b89b60398de37cc5538,OFFLINE_CLIENT_PROJECTION,,MUTE,mute_phone_download,,mute_phone_download,,,src_hearing|src_mg_forms|src_parties|src_dates|src_cctv|client_claims_16,4807,,"CLIENT_SAFE | We are reviewing the papers in your case (1Unlawful wounding, contrary to section 20 of). This is early-stage — nothing is final until we have full disclosure and your instructions. Some evidence is still outstanding on the pa"
sha:e6559f5994066805ae5b1594b8d3f01e07df805a3af3e859d640f89817e624af,PDF-e6559f599406,CB-TB-378_Blake,e6559f5994066805ae5b1594b8d3f01e07df805a3af3e859d640f89817e624af,OFFLINE_CLIENT_PROJECTION,,MUTE,mute_phone_download,,mute_phone_download,,,src_charge|src_hearing|src_mg_forms|src_parties|src_dates|src_cctv|src_continuity|client_claims_19,13131,,"CLIENT_SAFE | We are reviewing the papers in your case (Fraud by abuse of position, contrary to section 4 of the Fraud Act 2006). This is early-stage — nothing is final until we have full disclosure and your instructions. Some evidence is s"
sha:e6efac5ad589175bd4f5879256846496a6d2c3d941ec67b5715bebefd5e3db4a,PDF-e6efac5ad589,CB-TB-544_Evans,e6efac5ad589175bd4f5879256846496a6d2c3d941ec67b5715bebefd5e3db4a,OFFLINE_CLIENT_PROJECTION,,MODALITY,modality_summary_vs_recording,,mute_cctv_master,modality_summary_vs_recording,,src_charge|src_hearing|src_mg_forms|src_parties|src_dates|src_cctv|src_continuity|client_claims_19,3159,,"CLIENT_SAFE | We are reviewing the papers in your case (Wounding with intent to cause grievous bodily harm, s.18 OAPA 1861). This is early-stage — nothing is final until we have full disclosure and your instructions. Some evidence is still "
sha:e77dab1ff2277493712a08b901f5b78fc6f55e0952d028d1f37c2584bfd5d2b8,PDF-e77dab1ff227,CB-TB-2165_Kerr,e77dab1ff2277493712a08b901f5b78fc6f55e0952d028d1f37c2584bfd5d2b8,OFFLINE_CLIENT_PROJECTION,,MUTE,mute_cad_999,,mute_cad_999,,,src_charge|src_hearing|src_mg_forms|src_parties|src_dates|src_cctv|src_continuity|client_claims_18,6403,,"CLIENT_SAFE | We are reviewing the papers in your case (Offence Possession of a controlled drug of Class A with intent to supply, contrary to section 5(3) Misuse of Drugs Act 1971). This is early-stage — nothing is final until we have full "
sha:e752a5cd6455ddc54691216973900d56ab6e4560c4d3b8ddee5920c91b7c7e48,PDF-e752a5cd6455,CB-TB-1529_Fielding,e752a5cd6455ddc54691216973900d56ab6e4560c4d3b8ddee5920c91b7c7e48,OFFLINE_CLIENT_PROJECTION,,MUTE,mute_cad_999,,mute_cad_999,,,src_charge|src_hearing|src_mg_forms|src_parties|src_cctv|src_cctv_stills|src_continuity|client_claims_17,6434,,"CLIENT_SAFE | We are reviewing the papers in your case (Offence Breach of a restraining order, contrary to section 5 of the Protection from Harassment Act 1997). This is early-stage — nothing is final until we have full disclosure and your "
sha:e79de640e4ee53198fdf95437ae179c4a5a31f01d25ad7e72ea8947a405fdb5d,PDF-e79de640e4ee,CB-TB-1023_Pike,e79de640e4ee53198fdf95437ae179c4a5a31f01d25ad7e72ea8947a405fdb5d,OFFLINE_CLIENT_PROJECTION,,MUTE,mute_cad_999,,mute_cad_999,,,src_charge|src_hearing|src_mg_forms|src_parties|src_dates|src_cctv|src_cctv_stills|src_continuity|client_claims_16,6170,,"CLIENT_SAFE | We are reviewing the papers in your case (Burglary of a dwelling, contrary to section 9 Theft Act 1968). This is early-stage — nothing is final until we have full disclosure and your instructions. Some evidence is still outsta"
sha:e78d0acf48d1cff9e46753687724662d30d8b11b29cc2fb24116bc7c2613e28f,PDF-e78d0acf48d1,CB-TB-368_Ash,e78d0acf48d1cff9e46753687724662d30d8b11b29cc2fb24116bc7c2613e28f,OFFLINE_CLIENT_PROJECTION,,MUTE,mute_phone_download,,mute_phone_download,,,src_charge|src_hearing|src_mg_forms|src_parties|src_dates|src_cctv|src_continuity|client_claims_17,7053,,"CLIENT_SAFE | We are reviewing the papers in your case (Possession of a Class A controlled drug with intent to supply, contrary to section 5(3) of the Misuse of Drugs Act 1971). This is early-stage — nothing is final until we have full disc"
sha:e80b92c4d67ed98abae3cb4d66e8472ea606cd6d0271a1568002a27aafb93175,PDF-e80b92c4d67e,CB-TB-1652_Okonkwo,e80b92c4d67ed98abae3cb4d66e8472ea606cd6d0271a1568002a27aafb93175,OFFLINE_CLIENT_PROJECTION,,MUTE,mute_cad_999,,mute_cad_999,,,src_charge|src_hearing|src_mg_forms|src_parties|src_dates|src_cctv|src_continuity|client_claims_17,5391,,"CLIENT_SAFE | We are reviewing the papers in your case (Offence Using threatening or abusive words or behaviour, contrary to section 4 Public Order Act 1986). This is early-stage — nothing is final until we have full disclosure and your ins"
sha:e850de2f0b66e9403c0dd20a278031c2b955d34431763c1b509b2d73454561e6,PDF-e850de2f0b66,CB-TB-463_Gibson,e850de2f0b66e9403c0dd20a278031c2b955d34431763c1b509b2d73454561e6,OFFLINE_CLIENT_PROJECTION,,MUTE,mute_phone_download,,mute_phone_download,,,src_charge|src_hearing|src_mg_forms|src_parties|src_cctv|src_continuity|client_claims_17,5447,,"CLIENT_SAFE | We are reviewing the papers in your case (Assault by beating of an emergency worker, contrary to section 1 Assaults on Emergency Workers). This is early-stage — nothing is final until we have full disclosure and your instructi"
sha:e831963488e8f3548917717a0e48ec8b5fddfa3cfbd909f4de6e9c553a6030e1,PDF-e831963488e8,CB-TB-1033_Hayes,e831963488e8f3548917717a0e48ec8b5fddfa3cfbd909f4de6e9c553a6030e1,OFFLINE_CLIENT_PROJECTION,,MUTE,mute_cad_999,,mute_cad_999,,,src_charge|src_hearing|src_mg_forms|src_parties|src_dates|src_cctv|src_cctv_stills|client_claims_18,7540,,"CLIENT_SAFE | We are reviewing the papers in your case (Affray, contrary to section 3 Public Order Act 1986). This is early-stage — nothing is final until we have full disclosure and your instructions. Some evidence is still outstanding on "
sha:e866fcb7ac51aca998089a4b744c48330fdb867e6f4d008456ae6205f201e855,PDF-e866fcb7ac51,CB-TB-1418_Walsh,e866fcb7ac51aca998089a4b744c48330fdb867e6f4d008456ae6205f201e855,OFFLINE_CLIENT_PROJECTION,,MUTE,mute_cad_999,,mute_cad_999,,,src_charge|src_hearing|src_mg_forms|src_id_procedure|src_parties|src_dates|src_cctv|src_continuity|client_claims_17,4661,,"CLIENT_SAFE | We are reviewing the papers in your case (Theft, contrary to s.1 Theft Act 1968). This is early-stage — nothing is final until we have full disclosure and your instructions. Some evidence is still outstanding on the papers, an"
sha:e8834a7872fccec015c18ed745b630d133331fc6e381150471464bdae3dabc7d,PDF-e8834a7872fc,CB-TB-002_Liam_Parker,e8834a7872fccec015c18ed745b630d133331fc6e381150471464bdae3dabc7d,OFFLINE_CLIENT_PROJECTION,,MUTE,mute_cad_999,,mute_cad_999,,,src_charge|src_hearing|src_mg_forms|src_parties|src_dates|src_cctv|src_cctv_stills|client_claims_16,5246,,"CLIENT_SAFE | We are reviewing the papers in your case (Theft, contrary to s.1 Theft Act 1968). This is early-stage — nothing is final until we have full disclosure and your instructions. Some evidence is still outstanding on the papers, an"
sha:e8a787992e9384ca12f061ae025382892cb1c30c17a62dd9ec4550e481317c4b,PDF-e8a787992e93,CB-TB-1695_Booth,e8a787992e9384ca12f061ae025382892cb1c30c17a62dd9ec4550e481317c4b,OFFLINE_CLIENT_PROJECTION,,MUTE,mute_cad_999,,mute_cad_999,,,src_charge|src_hearing|src_mg_forms|src_parties|src_dates|src_cctv|client_claims_16,5344,,"CLIENT_SAFE | We are reviewing the papers in your case (Offence Assault by beating of an emergency worker, contrary to section 1 Assaults on Emergency Workers (Offences) Act 2018). This is early-stage — nothing is final until we have full d"
sha:e9890bc97c87fb85b284bd8c37db91b2fe3ec2b015a9e1c6310e2c1f00e2581d,PDF-e9890bc97c87,CB-TB-663_Stone,e9890bc97c87fb85b284bd8c37db91b2fe3ec2b015a9e1c6310e2c1f00e2581d,OFFLINE_CLIENT_PROJECTION,,MUTE,mute_cctv_master,,mute_cctv_master,,,src_charge|src_hearing|src_mg_forms|src_parties|src_dates|src_cctv|client_claims_16,4857,,"CLIENT_SAFE | We are reviewing the papers in your case (Driving a motor vehicle with alcohol concentration above the prescribed limit, contrary to section 5(1)(a) of the Road Traffic Act 1988). This is early-stage — nothing is final until w"
sha:e91504b9f79219919f11bd9354a7753de0c57dfe451b70ed6d514583e85743a6,PDF-e91504b9f792,CB-TB-727_Brooks,e91504b9f79219919f11bd9354a7753de0c57dfe451b70ed6d514583e85743a6,OFFLINE_CLIENT_PROJECTION,,MUTE,mute_cctv_master,,mute_cctv_master,,,src_charge|src_hearing|src_mg_forms|src_parties|src_dates|src_cctv|client_claims_16,6067,,"CLIENT_SAFE | We are reviewing the papers in your case (Theft, contrary to s.1 Theft Act 1968). This is early-stage — nothing is final until we have full disclosure and your instructions. Some evidence is still outstanding on the papers, an"
sha:e9bdfcea56457cb924224f501e6d34f51cf5018f99e922116813c7ec19d19459,PDF-e9bdfcea5645,CB-TB-1014_Wright,e9bdfcea56457cb924224f501e6d34f51cf5018f99e922116813c7ec19d19459,OFFLINE_CLIENT_PROJECTION,,MUTE,mute_phone_download,,mute_phone_download|mute_cad_999,,,src_charge|src_hearing|src_mg_forms|src_parties|src_dates|src_cctv|src_continuity|client_claims_17,6463,,"CLIENT_SAFE | We are reviewing the papers in your case (Assault by beating of an emergency worker, contrary to section 1 Assaults on Emergency Workers (Offences)). This is early-stage — nothing is final until we have full disclosure and you"
sha:e99337b1c73c6ace85eb60ab6720bd95db9511a3e6af886f54da1dd5cb27eb11,PDF-e99337b1c73c,CB-TB-2014_Thornton,e99337b1c73c6ace85eb60ab6720bd95db9511a3e6af886f54da1dd5cb27eb11,OFFLINE_CLIENT_PROJECTION,,MUTE,mute_cad_999,,mute_cad_999,,,src_charge|src_hearing|src_mg_forms|src_parties|src_dates|src_cctv|src_continuity|client_claims_17,6993,,"CLIENT_SAFE | We are reviewing the papers in your case (Robbery, contrary to s.8 Theft Act 1968). This is early-stage — nothing is final until we have full disclosure and your instructions. Some evidence is still outstanding on the papers, "
sha:ea37406a93d82fea598e37566e05f068b662ed5345ab29a7a522f2b52dc3e509,PDF-ea37406a93d8,CB-TB-624_Shaw,ea37406a93d82fea598e37566e05f068b662ed5345ab29a7a522f2b52dc3e509,OFFLINE_CLIENT_PROJECTION,,MUTE,mute_cctv_master,,mute_cctv_master,,,src_charge|src_hearing|src_mg_forms|src_parties|src_dates|src_cctv|src_continuity|client_claims_16,6099,,"CLIENT_SAFE | We are reviewing the papers in your case (Theft, contrary to s.1 Theft Act 1968). This is early-stage — nothing is final until we have full disclosure and your instructions. Some evidence is still outstanding on the papers, an"
sha:e9e33cbed74dc06e0e4bc4942d960557ca284b888da71b59d79224a0b2856b90,PDF-e9e33cbed74d,CB-TB-2135_Bennett,e9e33cbed74dc06e0e4bc4942d960557ca284b888da71b59d79224a0b2856b90,OFFLINE_CLIENT_PROJECTION,,MUTE,mute_cad_999,,mute_cad_999,,,src_charge|src_hearing|src_mg_forms|src_parties|src_dates|src_cctv|src_continuity|client_claims_16,9519,,"CLIENT_SAFE | We are reviewing the papers in your case (Offence Driving with a specified controlled drug above the specified limit, contrary to section 5A Road Traffic Act 1988). This is early-stage — nothing is final until we have full dis"
sha:eab025cada335d6a017414ea991d27163ddb22f99991f06eafa98076776daec6,PDF-eab025cada33,CB-TB-787_Olsen,eab025cada335d6a017414ea991d27163ddb22f99991f06eafa98076776daec6,OFFLINE_CLIENT_PROJECTION,,MUTE,mute_export_log,,mute_export_log|mute_cctv_master,,,src_charge|src_hearing|src_mg_forms|src_parties|src_dates|src_cctv|src_cctv_stills|src_continuity|client_claims_17,9972,,"CLIENT_SAFE | We are reviewing the papers in your case (Robbery, contrary to s.8 Theft Act 1968). This is early-stage — nothing is final until we have full disclosure and your instructions. Some evidence is still outstanding on the papers, "
sha:eb3f602d6b0428dd58856c7b4669b252b5e565537135dbfc76a6edaf3bea773f,PDF-eb3f602d6b04,CB-TB-706_Foster,eb3f602d6b0428dd58856c7b4669b252b5e565537135dbfc76a6edaf3bea773f,OFFLINE_CLIENT_PROJECTION,,MUTE,mute_cctv_master,,mute_cctv_master,,,src_charge|src_hearing|src_mg_forms|src_parties|src_dates|src_cctv|src_cctv_stills|src_continuity|client_claims_16,6687,,"CLIENT_SAFE | We are reviewing the papers in your case (Assault occasioning actual bodily harm, s.47 OAPA 1861). This is early-stage — nothing is final until we have full disclosure and your instructions. Some evidence is still outstanding "
sha:eb1a310a695c46f80c8f291e67d00433b76ec09facfcbb8e5a8343eeed07a0a9,PDF-eb1a310a695c,CB-TB-960_Clarke,eb1a310a695c46f80c8f291e67d00433b76ec09facfcbb8e5a8343eeed07a0a9,OFFLINE_CLIENT_PROJECTION,,MUTE,mute_phone_download,,mute_phone_download,,,src_charge|src_hearing|src_mg_forms|src_parties|src_cctv|client_claims_16,5547,,"CLIENT_SAFE | We are reviewing the papers in your case (Handling stolen goods, contrary to s.22 Theft Act 1968). This is early-stage — nothing is final until we have full disclosure and your instructions. Some evidence is still outstanding "
sha:eb1c3f05b2fddc52c705d002a51ac365bdf683574c5235e0872d152a377bc0ca,PDF-eb1c3f05b2fd,CB-TB-1961_Akhtar,eb1c3f05b2fddc52c705d002a51ac365bdf683574c5235e0872d152a377bc0ca,OFFLINE_CLIENT_PROJECTION,,MUTE,mute_cctv_master,,mute_cctv_master|mute_phone_download,,,src_charge|src_hearing|src_mg_forms|src_parties|src_dates|src_cctv|src_continuity|client_claims_20,11066,,"CLIENT_SAFE | We are reviewing the papers in your case (Burglary of a dwelling, contrary to section 9 of the Theft Act 1968). This is early-stage — nothing is final until we have full disclosure and your instructions. Some evidence is still"
sha:eaf252666fe8b536952045e26e9d4be030d52f8389b3e11dd72b14145295a1fc,PDF-eaf252666fe8,CB-TB-1176_Merritt,eaf252666fe8b536952045e26e9d4be030d52f8389b3e11dd72b14145295a1fc,OFFLINE_CLIENT_PROJECTION,,MUTE,mute_phone_download,,mute_phone_download,,,src_charge|src_hearing|src_mg_forms|src_parties|src_dates|src_cctv|src_continuity|client_claims_17,8898,,"CLIENT_SAFE | We are reviewing the papers in your case (Burglary of a dwelling, contrary to section 9 of the Theft Act 1968). This is early-stage — nothing is final until we have full disclosure and your instructions. Some evidence is still"
sha:eb46e18ef22aa8fc306b83af3270837d2cd6762827fd59d89506f393822f1a36,PDF-eb46e18ef22a,CB-TB-521_Doyle,eb46e18ef22aa8fc306b83af3270837d2cd6762827fd59d89506f393822f1a36,OFFLINE_CLIENT_PROJECTION,,MODALITY,modality_summary_vs_recording,,,modality_summary_vs_recording,,src_charge|src_hearing|src_mg_forms|src_parties|src_dates|src_continuity|client_claims_19,8405,,"CLIENT_SAFE | We are reviewing the papers in your case (Possession of a controlled drug of Class A with intent to supply, contrary to section 5(3) Misuse of Drugs Act 1971). This is early-stage — nothing is final until we have full disclosu"
sha:eb53a2ab4b985b30211b8b37ebecf53720ee81c29fc762060de035dcf1c1e03a,PDF-eb53a2ab4b98,NS-CPS-2026-0502,eb53a2ab4b985b30211b8b37ebecf53720ee81c29fc762060de035dcf1c1e03a,OFFLINE_CLIENT_PROJECTION,,ERROR,engine_error,,,,,,0,"corrupt_or_protected:PDF parsing failed: bad XRef entry. The PDF may be corrupted, password-protected, or use an unsupported format.",
sha:ebc3916f92ac81677aa1edcd6f462d50a4a1df82c04fa3f4f319b2570a4752f0,PDF-ebc3916f92ac,CB-TB-651_Parker,ebc3916f92ac81677aa1edcd6f462d50a4a1df82c04fa3f4f319b2570a4752f0,OFFLINE_CLIENT_PROJECTION,,MUTE,mute_cctv_master,,mute_cctv_master,,,src_charge|src_hearing|src_mg_forms|src_parties|src_dates|src_cctv|src_cctv_stills|client_claims_17,5303,,"CLIENT_SAFE | We are reviewing the papers in your case (Fraud by false representation, s.2 Fraud Act 2006). This is early-stage — nothing is final until we have full disclosure and your instructions. Some evidence is still outstanding on th"
sha:ebd3b3fa35b1909307c4b347a700d85ad65ee74ab7ae07b326b233548fcedb75,PDF-ebd3b3fa35b1,CB-TB-2022_Kerr,ebd3b3fa35b1909307c4b347a700d85ad65ee74ab7ae07b326b233548fcedb75,OFFLINE_CLIENT_PROJECTION,,MUTE,mute_cad_999,,mute_cad_999,,,src_charge|src_hearing|src_mg_forms|src_parties|src_dates|src_cctv|src_continuity|client_claims_18,7742,,"CLIENT_SAFE | We are reviewing the papers in your case (Offence Being concerned in the supply of a controlled drug of Class A, contrary to section 4(3)(b) Misuse of Drugs Act 1971). This is early-stage — nothing is final until we have full "
sha:ec219d6141977c0c08ec20b3396eed0705cc902da4e0d30d494184de56701794,PDF-ec219d614197,CB-TB-668_Stone,ec219d6141977c0c08ec20b3396eed0705cc902da4e0d30d494184de56701794,OFFLINE_CLIENT_PROJECTION,,MUTE,mute_cctv_master,,mute_cctv_master,,,src_charge|src_hearing|src_mg_forms|src_parties|src_dates|src_cctv|client_claims_16,8871,,"CLIENT_SAFE | We are reviewing the papers in your case (Affray, contrary to section 3 of the Public Order Act 1986). This is early-stage — nothing is final until we have full disclosure and your instructions. Some evidence is still outstand"
sha:ec91c16b37c753ceef83728d1a14d73a970487515e9345053a3e39abb1af4590,PDF-ec91c16b37c7,CB-TB-1944_Saxon,ec91c16b37c753ceef83728d1a14d73a970487515e9345053a3e39abb1af4590,OFFLINE_CLIENT_PROJECTION,,MUTE,mute_cctv_master,,mute_cctv_master|mute_phone_download,,,src_charge|src_hearing|src_mg_forms|src_parties|src_dates|src_cctv|src_continuity|client_claims_19,5040,,"CLIENT_SAFE | We are reviewing the papers in your case (Affray, contrary to section 3 of the Public Order Act 1986). This is early-stage — nothing is final until we have full disclosure and your instructions. Some evidence is still outstand"
sha:ed085faf982562fe39cd0564307657fb488de899b727cb198905e8d8e824e2f8,PDF-ed085faf9825,CB-TB-589_Thornton,ed085faf982562fe39cd0564307657fb488de899b727cb198905e8d8e824e2f8,OFFLINE_CLIENT_PROJECTION,,MODALITY,modality_summary_vs_recording,,mute_cctv_master,modality_summary_vs_recording,,src_charge|src_hearing|src_mg_forms|src_parties|src_dates|src_cctv|src_continuity|client_claims_18,6150,,"CLIENT_SAFE | We are reviewing the papers in your case (Having an offensive weapon, contrary to s.1(1) Prevention of Crime Act 1953). This is early-stage — nothing is final until we have full disclosure and your instructions. Some evidence "
sha:ed1427d6f0481f54268abf55ce0f4784c72f6596adfd8bd7b51dc53cd0f2c496,PDF-ed1427d6f048,CB-TB-1151_Ahmed,ed1427d6f0481f54268abf55ce0f4784c72f6596adfd8bd7b51dc53cd0f2c496,OFFLINE_CLIENT_PROJECTION,,MUTE,mute_phone_download,,mute_phone_download,,,src_charge|src_hearing|src_mg_forms|src_id_procedure|src_parties|src_dates|src_cctv|client_claims_17,4888,,"CLIENT_SAFE | We are reviewing the papers in your case (Driving with a specified controlled drug above the specified limit, contrary to section 5A of the Road Traffic Act). This is early-stage — nothing is final until we have full disclosur"
sha:ed19cdf3b7f10dd18712bda326b67bcda8f8a4f162c50245ca642d1f0739f81c,PDF-ed19cdf3b7f1,CB-TB-1646_Merritt,ed19cdf3b7f10dd18712bda326b67bcda8f8a4f162c50245ca642d1f0739f81c,OFFLINE_CLIENT_PROJECTION,,MUTE,mute_cad_999,,mute_cad_999,,,src_charge|src_hearing|src_mg_forms|src_parties|src_dates|src_cctv|src_continuity|client_claims_18,5364,,"CLIENT_SAFE | We are reviewing the papers in your case (Assault occasioning actual bodily harm, s.47 OAPA 1861). This is early-stage — nothing is final until we have full disclosure and your instructions. Some evidence is still outstanding "
sha:ed24626f2a0264490a3c2d7d035e51c44621f6d7712417ca25d12053fdc7e2df,PDF-ed24626f2a02,CB-TB-1996_Reed,ed24626f2a0264490a3c2d7d035e51c44621f6d7712417ca25d12053fdc7e2df,OFFLINE_CLIENT_PROJECTION,,MUTE,mute_phone_download,,mute_phone_download,,,src_charge|src_hearing|src_mg_forms|src_parties|src_dates|src_cctv|src_continuity|client_claims_20,10697,,CLIENT_SAFE | We are reviewing the papers in your case (Driving a motor vehicle with alcohol concentration above the). This is early-stage — nothing is final until we have full disclosure and your instructions. Some evidence is still outsta
sha:ed6cd2ea0e43d4d46e8521266e227d192327ff79452e499fb313c681c72a876e,PDF-ed6cd2ea0e43,CB-TB-627_Patterson,ed6cd2ea0e43d4d46e8521266e227d192327ff79452e499fb313c681c72a876e,OFFLINE_CLIENT_PROJECTION,,MUTE,mute_cctv_master,,mute_cctv_master|mute_phone_download,,,src_charge|src_hearing|src_mg_forms|src_parties|src_dates|src_cctv|client_claims_17,7807,,"CLIENT_SAFE | We are reviewing the papers in your case (Robbery, contrary to s.8 Theft Act 1968). This is early-stage — nothing is final until we have full disclosure and your instructions. Some evidence is still outstanding on the papers, "
sha:ed2fca04038dcd52a2c3c19996c9cd1905c08a672b96a892f98d080c2eda4d4c,PDF-ed2fca04038d,CB-TB-2024_Barlow,ed2fca04038dcd52a2c3c19996c9cd1905c08a672b96a892f98d080c2eda4d4c,OFFLINE_CLIENT_PROJECTION,,MUTE,mute_cad_999,,mute_cad_999,,,src_charge|src_hearing|src_mg_forms|src_parties|src_dates|src_cctv|src_continuity|client_claims_17,6090,,"CLIENT_SAFE | We are reviewing the papers in your case (Offence Possession of criminal property, contrary to section 329 Proceeds of Crime Act 2002). This is early-stage — nothing is final until we have full disclosure and your instructions"
sha:ed97b2243a173b43e510b1ae930f06547745587086ab4a04474c6e661cae8267,PDF-ed97b2243a17,CB-TB-276_Gibbs,ed97b2243a173b43e510b1ae930f06547745587086ab4a04474c6e661cae8267,OFFLINE_CLIENT_PROJECTION,,MUTE,mute_phone_download,,mute_phone_download,,,src_charge|src_hearing|src_mg_forms|src_parties|src_dates|client_claims_17,5778,,"CLIENT_SAFE | We are reviewing the papers in your case (Failing to stop and report an accident, contrary to section 170 of the Road Traffic Act 1988). This is early-stage — nothing is final until we have full disclosure and your instruction"
sha:ee2d2d3ac735a4ee0541756376c444a042b39163ef8ee814d97407ebc7fb1cd0,PDF-ee2d2d3ac735,CB-TB-665_Patterson,ee2d2d3ac735a4ee0541756376c444a042b39163ef8ee814d97407ebc7fb1cd0,OFFLINE_CLIENT_PROJECTION,,MUTE,mute_cctv_master,,mute_cctv_master,,,src_charge|src_hearing|src_mg_forms|src_parties|src_dates|src_cctv|client_claims_17,4587,,"CLIENT_SAFE | We are reviewing the papers in your case (Driving a motor vehicle with alcohol concentration above the prescribed limit, contrary to section 5(1)(a) of the Road Traffic Act 1988). This is early-stage — nothing is final until w"
sha:ee2c00fde9f1a84aee4040202d117feb4a7225cab05b2bfff1ceac72e6f5c2c0,PDF-ee2c00fde9f1,CB-TB-1386_Dacre,ee2c00fde9f1a84aee4040202d117feb4a7225cab05b2bfff1ceac72e6f5c2c0,OFFLINE_CLIENT_PROJECTION,,INVENT,invent_cctv_master,invent_cctv_master,,,,src_charge|src_hearing|src_mg_forms|src_parties|src_dates|src_cctv|client_claims_18,2956,,"CLIENT_SAFE | We are reviewing the papers in your case (Harassment, contrary to section 2 of the Protection from Harassment Act 1997). This is early-stage — nothing is final until we have full disclosure and your instructions. Some evidence"
sha:ee84d8c560cf2a5d74637e68ae898fe4c1347a7bae1e30f54958b5730bc0f9d3,PDF-ee84d8c560cf,CB-TB-1295_Mitchell,ee84d8c560cf2a5d74637e68ae898fe4c1347a7bae1e30f54958b5730bc0f9d3,OFFLINE_CLIENT_PROJECTION,,MUTE,mute_phone_download,,mute_phone_download,,,src_charge|src_hearing|src_mg_forms|src_parties|src_dates|src_cctv|src_continuity|client_claims_18,3181,,"CLIENT_SAFE | We are reviewing the papers in your case (Robbery, contrary to s.8 Theft Act 1968). This is early-stage — nothing is final until we have full disclosure and your instructions. Some evidence is still outstanding on the papers, "
sha:ee6b97005380b9238a9615fb6f8758436be69466f2cfa93b0b93b9a16f213346,PDF-ee6b97005380,CB-TB-786_Morris,ee6b97005380b9238a9615fb6f8758436be69466f2cfa93b0b93b9a16f213346,OFFLINE_CLIENT_PROJECTION,,MUTE,mute_cctv_master,,mute_cctv_master,,,src_charge|src_hearing|src_mg_forms|src_parties|src_dates|src_cctv|src_cctv_stills|src_continuity|client_claims_17,7394,,"CLIENT_SAFE | We are reviewing the papers in your case (Robbery, contrary to s.8 Theft Act 1968). This is early-stage — nothing is final until we have full disclosure and your instructions. Some evidence is still outstanding on the papers, "
sha:ee87e5e357726927b010cd64dd9a38a1534f9dfecae44be8d5a2f384721b90f1,PDF-ee87e5e35772,CB-TB-433_Ali,ee87e5e357726927b010cd64dd9a38a1534f9dfecae44be8d5a2f384721b90f1,OFFLINE_CLIENT_PROJECTION,,MODALITY,modality_screenshot_vs_download,,,modality_screenshot_vs_download,,src_charge|src_hearing|src_mg_forms|src_parties|src_cctv|src_continuity|client_claims_18,9498,,"CLIENT_SAFE | We are reviewing the papers in your case (Possession of a controlled drug of Class A with intent to supply, contrary to section 5(3) Misuse of). This is early-stage — nothing is final until we have full disclosure and your ins"
sha:eefcb5e40797377cab5e9b79787e40f1e6147727fd472db346f4ea75fc2abefe,PDF-eefcb5e40797,CB-TB-479_Banks,eefcb5e40797377cab5e9b79787e40f1e6147727fd472db346f4ea75fc2abefe,OFFLINE_CLIENT_PROJECTION,,MUTE,mute_phone_download,,mute_phone_download,,,src_charge|src_hearing|src_mg_forms|src_parties|src_cctv|src_continuity|client_claims_19,3695,,"CLIENT_SAFE | We are reviewing the papers in your case (Primary charge:Failing to stop and report an accident, contrary to section 170 Road Traffic Act 1988). This is early-stage — nothing is final until we have full disclosure and your ins"
sha:ee955cd03fece5111508a735b3500e4a6f333f736af4abf26a01d39eabcc4b65,PDF-ee955cd03fec,CB-TB-623_Parker,ee955cd03fece5111508a735b3500e4a6f333f736af4abf26a01d39eabcc4b65,OFFLINE_CLIENT_PROJECTION,,MUTE,mute_cctv_master,,mute_cctv_master,,,src_charge|src_hearing|src_mg_forms|src_parties|src_dates|src_cctv|client_claims_16,7895,,"CLIENT_SAFE | We are reviewing the papers in your case (Theft, contrary to s.1 Theft Act 1968). This is early-stage — nothing is final until we have full disclosure and your instructions. Some evidence is still outstanding on the papers, an"
sha:eed8899bc27e7bf331a3629cca0df936c58bc707a392a2e43c3e2db544179c36,PDF-eed8899bc27e,CB-TB-1407_Rowe,eed8899bc27e7bf331a3629cca0df936c58bc707a392a2e43c3e2db544179c36,OFFLINE_CLIENT_PROJECTION,,MUTE,mute_phone_download,,mute_phone_download,,,src_charge|src_hearing|src_mg_forms|src_id_procedure|src_parties|src_dates|src_cctv|src_continuity|client_claims_17,5530,,"CLIENT_SAFE | We are reviewing the papers in your case (Possession of a controlled drug of Class A with intent to supply, contrary to section 5(3) of the Misuse of Drugs Act). This is early-stage — nothing is final until we have full disclo"
sha:efb6b39c3ae2acf6b11fec42a951e8f5ec7dd9ce077c8de30f9b3d21498a5990,PDF-efb6b39c3ae2,CB-TB-800_Flint,efb6b39c3ae2acf6b11fec42a951e8f5ec7dd9ce077c8de30f9b3d21498a5990,OFFLINE_CLIENT_PROJECTION,,MUTE,mute_cctv_master,,mute_cctv_master,,,src_charge|src_hearing|src_mg_forms|src_parties|src_dates|src_cctv|client_claims_17,5915,,"CLIENT_SAFE | We are reviewing the papers in your case (Controlling or coercive behaviour in an intimate or family relationship, contrary to section 76 of the Serious Crime Act 2015). This is early-stage — nothing is final until we have ful"
sha:efdb874afea0ccd12bf0994ac7ae927d9ec404d7501a1f7a89e648ac1c742e0e,PDF-efdb874afea0,CB-TB-379_Greene,efdb874afea0ccd12bf0994ac7ae927d9ec404d7501a1f7a89e648ac1c742e0e,OFFLINE_CLIENT_PROJECTION,,MUTE,mute_phone_download,,mute_phone_download,,,src_charge|src_hearing|src_mg_forms|src_parties|src_dates|src_cctv|src_continuity|client_claims_18,11561,,"CLIENT_SAFE | We are reviewing the papers in your case (Concealing, disguising, converting, transferring or removing criminal property, contrary to section 327 of the Proceeds of). This is early-stage — nothing is final until we have full d"
sha:effb13ae5b285e0b3b45b9808a564b08d08f7cb195a34f4a29ea0fcdaf0c2ac6,PDF-effb13ae5b28,CB-TB-1597_Ellis,effb13ae5b285e0b3b45b9808a564b08d08f7cb195a34f4a29ea0fcdaf0c2ac6,OFFLINE_CLIENT_PROJECTION,,MUTE,mute_cad_999,,mute_cad_999,,,src_charge|src_hearing|src_mg_forms|src_parties|src_cctv|src_cctv_stills|src_continuity|client_claims_16,8293,,"CLIENT_SAFE | We are reviewing the papers in your case (Offence Unlawful wounding, contrary to section 20 of the Offences Against the Person Act 1861). This is early-stage — nothing is final until we have full disclosure and your instructio"
sha:f06e8dfd0abd97413c9562b95115b2989bd38a6981e1dd09937de9c147496ba6,PDF-f06e8dfd0abd,CB-TB-1040_Thornton,f06e8dfd0abd97413c9562b95115b2989bd38a6981e1dd09937de9c147496ba6,OFFLINE_CLIENT_PROJECTION,,MUTE,mute_cad_999,,mute_cad_999,,,src_charge|src_hearing|src_mg_forms|src_parties|src_dates|src_cctv|src_cctv_stills|src_continuity|client_claims_17,10087,,"CLIENT_SAFE | We are reviewing the papers in your case (CB-TB-1040_Thornton.pdf). This is early-stage — nothing is final until we have full disclosure and your instructions. Some evidence is still outstanding on the papers, and we will upda"
sha:f0b55ae7c71caf361b60d77b6cf68b772f71b115e58eb1997ffd1a5bca804c30,PDF-f0b55ae7c71c,CB-TB-1977_Lowry,f0b55ae7c71caf361b60d77b6cf68b772f71b115e58eb1997ffd1a5bca804c30,OFFLINE_CLIENT_PROJECTION,,MUTE,mute_cad_999,,mute_cad_999,,,src_charge|src_hearing|src_mg_forms|src_parties|src_dates|src_cctv|client_claims_18,5338,,"CLIENT_SAFE | We are reviewing the papers in your case (Assault by beating of an emergency worker, contrary to section 1 of the Assaults on). This is early-stage — nothing is final until we have full disclosure and your instructions. Some e"
sha:f10d6950f5ff04abeae9a81e54a220fa8b4bec836fff26b96ae7f6341fa82939,PDF-f10d6950f5ff,CB-TB-615_Wright,f10d6950f5ff04abeae9a81e54a220fa8b4bec836fff26b96ae7f6341fa82939,OFFLINE_CLIENT_PROJECTION,,MUTE,mute_cctv_master,,mute_cctv_master,,,src_charge|src_hearing|src_mg_forms|src_parties|src_dates|src_cctv|src_continuity|client_claims_17,7980,,"CLIENT_SAFE | We are reviewing the papers in your case (Assault occasioning actual bodily harm, s.47 OAPA 1861). This is early-stage — nothing is final until we have full disclosure and your instructions. Some evidence is still outstanding "
sha:f115a9ed4c31e91df9a4cf45a43f2fd6c9b1f82365452fad4037dfff38aaf6b5,PDF-f115a9ed4c31,CB-TB-231_Ford,f115a9ed4c31e91df9a4cf45a43f2fd6c9b1f82365452fad4037dfff38aaf6b5,OFFLINE_CLIENT_PROJECTION,,MUTE,mute_phone_download,,mute_phone_download,,,src_charge|src_hearing|src_mg_forms|src_parties|src_dates|src_cctv_stills|client_claims_16,8890,,CLIENT_SAFE | We are reviewing the papers in your case (Doing an act tending and intended to pervert the course of public justice). This is early-stage — nothing is final until we have full disclosure and your instructions. Some evidence is
sha:f0fccefc2f0407bf4145a50d8ff6d2cc8b9e99b11ce8aa47c122aff252f407bc,PDF-f0fccefc2f04,CB-TB-048_Reid,f0fccefc2f0407bf4145a50d8ff6d2cc8b9e99b11ce8aa47c122aff252f407bc,OFFLINE_CLIENT_PROJECTION,,MODALITY,modality_screenshot_vs_download,,,modality_screenshot_vs_download,,src_charge|src_hearing|src_mg_forms|src_parties|src_cctv|src_continuity|client_claims_19,5289,,"CLIENT_SAFE | We are reviewing the papers in your case (Possession of cocaine with intent to supply, contrary to section 5(3) Misuse of Drugs Act). This is early-stage — nothing is final until we have full disclosure and your instructions. "
sha:f23046d667f4c410c14ecf561af84d709f3663fd6a94a8a99276e31fd9a991b2,PDF-f23046d667f4,CB-TB-220_Hayes,f23046d667f4c410c14ecf561af84d709f3663fd6a94a8a99276e31fd9a991b2,OFFLINE_CLIENT_PROJECTION,,MUTE,mute_phone_download,,mute_phone_download,,,src_charge|src_hearing|src_mg_forms|src_parties|src_dates|src_cctv|client_claims_17,6541,,"CLIENT_SAFE | We are reviewing the papers in your case (Possession of a Class B controlled drug, contrary to section 5(2) of the Misuse of Drugs Act 1971). This is early-stage — nothing is final until we have full disclosure and your instru"
sha:f213bb76e034706a5b2c1a9f64a1f6c384ee3f51a08a7689f6c664cdad31f8b4,PDF-f213bb76e034,CB-TB-369_Khan,f213bb76e034706a5b2c1a9f64a1f6c384ee3f51a08a7689f6c664cdad31f8b4,OFFLINE_CLIENT_PROJECTION,,MUTE,mute_phone_download,,mute_phone_download,,,src_charge|src_hearing|src_mg_forms|src_parties|src_dates|src_cctv_stills|src_continuity|client_claims_18,10996,,"CLIENT_SAFE | We are reviewing the papers in your case (Possession of a Class B controlled drug with intent to supply, contrary to section 5(3) of the Misuse of Drugs Act 1971). This is early-stage — nothing is final until we have full disc"
sha:f2ef6d3268d6915cd5ef5478930592fd9024e5d556f3274782be090442c83ccf,PDF-f2ef6d3268d6,CB-TB-510_Reed,f2ef6d3268d6915cd5ef5478930592fd9024e5d556f3274782be090442c83ccf,OFFLINE_CLIENT_PROJECTION,,MODALITY,modality_summary_vs_recording,,,modality_summary_vs_recording,,src_charge|src_hearing|src_mg_forms|src_parties|src_dates|src_continuity|client_claims_19,2626,,"CLIENT_SAFE | We are reviewing the papers in your case (Fraud by false representation, s.2 Fraud Act 2006). This is early-stage — nothing is final until we have full disclosure and your instructions. Some evidence is still outstanding on th"
sha:f3228e6b184819276af5b2e04e9aa78853f50ce1290aa8efb5f277e87ec28900,PDF-f3228e6b1848,CB-TB-1868_Booth,f3228e6b184819276af5b2e04e9aa78853f50ce1290aa8efb5f277e87ec28900,OFFLINE_CLIENT_PROJECTION,,MUTE,mute_phone_download,,mute_phone_download,,,src_charge|src_hearing|src_mg_forms|src_parties|src_cctv|client_claims_19,3782,,"CLIENT_SAFE | We are reviewing the papers in your case (Theft, contrary to s.1 Theft Act 1968). This is early-stage — nothing is final until we have full disclosure and your instructions. Some evidence is still outstanding on the papers, an"
sha:f30c6218eb2ca838a5280c9ada9d156947194844a3c6aeeb14010841598bd74b,PDF-f30c6218eb2c,CB-TB-602_Walsh,f30c6218eb2ca838a5280c9ada9d156947194844a3c6aeeb14010841598bd74b,OFFLINE_CLIENT_PROJECTION,,MUTE,mute_cctv_master,,mute_cctv_master,,,src_charge|src_hearing|src_mg_forms|src_parties|src_dates|src_cctv|src_continuity|client_claims_17,7252,,"CLIENT_SAFE | We are reviewing the papers in your case (Unlawful wounding, contrary to section 20 of the Offences Against the Person Act 1861). This is early-stage — nothing is final until we have full disclosure and your instructions. Some"
sha:f2f30b3ce61f41902bba0450de72cc1eb5e3790f761643052dd99158173056df,PDF-f2f30b3ce61f,CB-TB-1097_Hale,f2f30b3ce61f41902bba0450de72cc1eb5e3790f761643052dd99158173056df,OFFLINE_CLIENT_PROJECTION,,INVENT,invent_phone_download,invent_phone_download,mute_cad_999,,,src_charge|src_hearing|src_mg_forms|src_parties|src_dates|src_cctv|src_continuity|client_claims_18,7973,,"CLIENT_SAFE | We are reviewing the papers in your case (Harassment, contrary to section 2 Protection from Harassment Act 1997). This is early-stage — nothing is final until we have full disclosure and your instructions. Some evidence is sti"
sha:f354689224f6d77b55e836a0b9c012b9a33752b4a801f7e53cab9da37c830342,PDF-f354689224f6,CB-TB-448_Morley,f354689224f6d77b55e836a0b9c012b9a33752b4a801f7e53cab9da37c830342,OFFLINE_CLIENT_PROJECTION,,MODALITY,modality_screenshot_vs_download,,mute_cad_999,modality_screenshot_vs_download,,src_charge|src_hearing|src_mg_forms|src_parties|src_cctv|src_continuity|client_claims_19,4267,,"CLIENT_SAFE | We are reviewing the papers in your case (Fraud by false representation, s.2 Fraud Act 2006). This is early-stage — nothing is final until we have full disclosure and your instructions. Some evidence is still outstanding on th"
sha:f355732217853bbdfec2d9d2c7d97e75f780d3878c6bbbfeee41bb440eb2515e,PDF-f35573221785,CB-TB-1078_Marsh,f355732217853bbdfec2d9d2c7d97e75f780d3878c6bbbfeee41bb440eb2515e,OFFLINE_CLIENT_PROJECTION,,MUTE,mute_cad_999,,mute_cad_999,,,src_charge|src_hearing|src_mg_forms|src_parties|src_dates|src_cctv|src_cctv_stills|src_continuity|client_claims_20,6776,,"CLIENT_SAFE | We are reviewing the papers in your case (Robbery, contrary to s.8 Theft Act 1968). This is early-stage — nothing is final until we have full disclosure and your instructions. Some evidence is still outstanding on the papers, "
sha:f3287b9fb07b477daebf2f62fa65ec148533a1d0bdc826fda08f158c2504a841,PDF-f3287b9fb07b,CB-TB-281_Hayes,f3287b9fb07b477daebf2f62fa65ec148533a1d0bdc826fda08f158c2504a841,OFFLINE_CLIENT_PROJECTION,,MUTE,mute_phone_download,,mute_phone_download,,,src_charge|src_hearing|src_mg_forms|src_parties|src_dates|src_continuity|client_claims_18,8746,,CLIENT_SAFE | We are reviewing the papers in your case (Doing an act tending and intended to pervert the course of public justice). This is early-stage — nothing is final until we have full disclosure and your instructions. Some evidence is
sha:f3fa7ca114ded2ca4e597568e1fb0777740a4cfe50896f01201facebc8c6a81c,PDF-f3fa7ca114de,CB-TB-425_Wright,f3fa7ca114ded2ca4e597568e1fb0777740a4cfe50896f01201facebc8c6a81c,OFFLINE_CLIENT_PROJECTION,,MODALITY,modality_screenshot_vs_download,,,modality_screenshot_vs_download,,src_charge|src_hearing|src_mg_forms|src_parties|src_cctv|src_continuity|client_claims_18,6856,,"CLIENT_SAFE | We are reviewing the papers in your case (Primary charge:Possession of a controlled drug of Class B, contrary to section 5(2) Misuse of Drugs Act 1971). This is early-stage — nothing is final until we have full disclosure and "
sha:f3e3a06216748f323faa19b24b20890481aa061559fc009164eb400a7ca52bb0,PDF-f3e3a0621674,CB-TB-984_Mitchell,f3e3a06216748f323faa19b24b20890481aa061559fc009164eb400a7ca52bb0,OFFLINE_CLIENT_PROJECTION,,MUTE,mute_phone_download,,mute_phone_download,,,src_charge|src_hearing|src_mg_forms|src_parties|src_cctv|client_claims_17,6142,,"CLIENT_SAFE | We are reviewing the papers in your case (Being concerned in the supply of a controlled drug of Class A, contrary to section 4(3)(b) of the Misuse of Drugs Act 1971). This is early-stage — nothing is final until we have full d"
sha:f493171f198c9a4dc0801f06d247b519c0d426ea82fc5adcf3dbe40592b0c728,PDF-f493171f198c,CB-TB-523_Flint,f493171f198c9a4dc0801f06d247b519c0d426ea82fc5adcf3dbe40592b0c728,OFFLINE_CLIENT_PROJECTION,,MODALITY,modality_summary_vs_recording,,,modality_summary_vs_recording,,src_charge|src_hearing|src_mg_forms|src_parties|src_dates|src_cctv|src_continuity|client_claims_19,7967,,CLIENT_SAFE | We are reviewing the papers in your case (Possession of a controlled drug of Class A with intent to supply contrary to section 5(3) Misuse of Drugs Act 1971). This is early-stage — nothing is final until we have full disclosur
sha:f48c96b816e980d83389a08c9bb53ccb4c9a28e4724168fc219fbb7ca892bcfc,PDF-f48c96b816e9,CB-TB-016_Doyle,f48c96b816e980d83389a08c9bb53ccb4c9a28e4724168fc219fbb7ca892bcfc,OFFLINE_CLIENT_PROJECTION,,MUTE,mute_phone_download,,mute_phone_download,,,src_charge|src_hearing|src_mg_forms|src_parties|src_cctv_stills|src_continuity|client_claims_18,14232,,"CLIENT_SAFE | We are reviewing the papers in your case (Fraud by false representation, s.2 Fraud Act 2006). This is early-stage — nothing is final until we have full disclosure and your instructions. Some evidence is still outstanding on th"
sha:f4c95848ba8c937dc371ef88f746fc70fb816fc3dda00c74a42cca5561bad2ff,PDF-f4c95848ba8c,CB-TB-1054_Hughes,f4c95848ba8c937dc371ef88f746fc70fb816fc3dda00c74a42cca5561bad2ff,OFFLINE_CLIENT_PROJECTION,,MUTE,mute_phone_download,,mute_phone_download|mute_cad_999,,,src_charge|src_hearing|src_mg_forms|src_parties|src_dates|src_continuity|client_claims_17,5122,,"CLIENT_SAFE | We are reviewing the papers in your case (Assault by beating of an emergency worker, contrary to section 1 Assaults on Emergency Workers (Offences)). This is early-stage — nothing is final until we have full disclosure and you"
sha:f4e0c55af26775e1ccb2a425e6667c2d8a942caa1ffbde8176ce1ca88c65cc86,PDF-f4e0c55af267,CB-TB-703_Price,f4e0c55af26775e1ccb2a425e6667c2d8a942caa1ffbde8176ce1ca88c65cc86,OFFLINE_CLIENT_PROJECTION,,MUTE,mute_cctv_master,,mute_cctv_master,,,src_charge|src_hearing|src_mg_forms|src_parties|src_dates|src_cctv|src_cctv_stills|client_claims_16,7306,,"CLIENT_SAFE | We are reviewing the papers in your case (Unlawful wounding, contrary to section 20 of the Offences Against the Person Act 1861). This is early-stage — nothing is final until we have full disclosure and your instructions. Some"
sha:f49da71cc42533c080b6d0b33303b0e28faab0bdb48026fbf04dee533fc29f5a,PDF-f49da71cc425,CB-TB-2153_Fletcher,f49da71cc42533c080b6d0b33303b0e28faab0bdb48026fbf04dee533fc29f5a,OFFLINE_CLIENT_PROJECTION,,MUTE,mute_cad_999,,mute_cad_999,,,src_charge|src_hearing|src_mg_forms|src_parties|src_dates|src_cctv|src_continuity|client_claims_18,9250,,"CLIENT_SAFE | We are reviewing the papers in your case (Offence Being concerned in the supply of a controlled drug of Class A, contrary to section 4(3)(b) Misuse of Drugs Act 1971). This is early-stage — nothing is final until we have full "
sha:f527c23b4b9da4b93beb3086ebeafa9e5e790310e6b133e0b30d6d57917ba1e9,PDF-f527c23b4b9d,CB-TB-553_Patel,f527c23b4b9da4b93beb3086ebeafa9e5e790310e6b133e0b30d6d57917ba1e9,OFFLINE_CLIENT_PROJECTION,,MODALITY,modality_summary_vs_recording,,mute_cctv_master,modality_summary_vs_recording,,src_charge|src_hearing|src_mg_forms|src_parties|src_dates|src_cctv|src_continuity|client_claims_19,3248,,"CLIENT_SAFE | We are reviewing the papers in your case (Fraud by false representation, s.2 Fraud Act 2006). This is early-stage — nothing is final until we have full disclosure and your instructions. Some evidence is still outstanding on th"
sha:f52b1cc8b13f95d03288c7ece7914faee9a70a2262bebb8d9f357f1064c81862,PDF-f52b1cc8b13f,CB-TB-2053_Patel,f52b1cc8b13f95d03288c7ece7914faee9a70a2262bebb8d9f357f1064c81862,OFFLINE_CLIENT_PROJECTION,,MUTE,mute_cad_999,,mute_cad_999,,,src_charge|src_hearing|src_mg_forms|src_parties|src_dates|src_cctv|client_claims_17,4463,,"CLIENT_SAFE | We are reviewing the papers in your case (Assault occasioning actual bodily harm, s.47 OAPA 1861). This is early-stage — nothing is final until we have full disclosure and your instructions. Some evidence is still outstanding "
sha:f544819cc2e057b191abbed0e3504800b0d6abbedbbd2131bc3f443a58a729ac,PDF-f544819cc2e0,CB-TB-528_Brooks,f544819cc2e057b191abbed0e3504800b0d6abbedbbd2131bc3f443a58a729ac,OFFLINE_CLIENT_PROJECTION,,MODALITY,modality_summary_vs_recording,,,modality_summary_vs_recording,,src_charge|src_hearing|src_mg_forms|src_parties|src_dates|src_continuity|client_claims_19,5570,,"CLIENT_SAFE | We are reviewing the papers in your case (Burglary, contrary to section 9 Theft Act 1968). This is early-stage — nothing is final until we have full disclosure and your instructions. Some evidence is still outstanding on the p"
sha:f512883e8087488aac6ebaa9ab2804549e7738705df60ea56e4ad3e221ba63c4,PDF-f512883e8087,CB-TB-1009_Sutton,f512883e8087488aac6ebaa9ab2804549e7738705df60ea56e4ad3e221ba63c4,OFFLINE_CLIENT_PROJECTION,,MUTE,mute_cad_999,,mute_cad_999,,,src_charge|src_hearing|src_mg_forms|src_parties|src_dates|src_cctv|src_cctv_stills|src_continuity|client_claims_20,7397,,"CLIENT_SAFE | We are reviewing the papers in your case (Fraud by false representation, s.2 Fraud Act 2006). This is early-stage — nothing is final until we have full disclosure and your instructions. The charge covers a longer period than t"
sha:f5b5044f5c16cc3b60597f65f0c6db5719e69371196206f284036df809527470,PDF-f5b5044f5c16,CB-TB-973_Brooks,f5b5044f5c16cc3b60597f65f0c6db5719e69371196206f284036df809527470,OFFLINE_CLIENT_PROJECTION,,MUTE,mute_cctv_master,,mute_cctv_master,,,src_charge|src_hearing|src_mg_forms|src_parties|src_cctv|client_claims_17,6970,,"CLIENT_SAFE | We are reviewing the papers in your case (Driving with excess alcohol, contrary to section 5(1)(a) of the Road Traffic Act 1988). This is early-stage — nothing is final until we have full disclosure and your instructions. Some"
sha:f6301f41adb92b1251347c30556dee8b51405a283e307e0c73868c6189ae54c9,PDF-f6301f41adb9,CB-TB-2097_Booth,f6301f41adb92b1251347c30556dee8b51405a283e307e0c73868c6189ae54c9,OFFLINE_CLIENT_PROJECTION,,MUTE,mute_phone_download,,mute_phone_download,,,src_charge|src_hearing|src_mg_forms|src_parties|src_dates|src_cctv|src_continuity|client_claims_17,6903,,"CLIENT_SAFE | We are reviewing the papers in your case (Offence Possession of a controlled drug of Class B, contrary to section 5(2) Misuse of Drugs Act 1971). This is early-stage — nothing is final until we have full disclosure and your in"
sha:f640c621759b6d47b2fe922c6ef1689fe299fcb87f0f1c2f7658993383953b45,PDF-f640c621759b,CB-TB-940_Ross,f640c621759b6d47b2fe922c6ef1689fe299fcb87f0f1c2f7658993383953b45,OFFLINE_CLIENT_PROJECTION,,MUTE,mute_phone_download,,mute_phone_download,,,src_charge|src_hearing|src_mg_forms|src_parties|src_cctv|client_claims_15,3446,,"CLIENT_SAFE | We are reviewing the papers in your case (Having an offensive weapon, contrary to s.1(1) Prevention of Crime Act 1953). This is early-stage — nothing is final until we have full disclosure and your instructions. Some evidence "
sha:f683fa8984d1c0db517edb4450289dbed6cdd7041d4f3f79167272c1d3d0afc8,PDF-f683fa8984d1,CB-TB-1654_Wright,f683fa8984d1c0db517edb4450289dbed6cdd7041d4f3f79167272c1d3d0afc8,OFFLINE_CLIENT_PROJECTION,,MUTE,mute_cad_999,,mute_cad_999,,,src_charge|src_hearing|src_mg_forms|src_parties|src_dates|src_cctv|src_continuity|client_claims_17,7660,,"CLIENT_SAFE | We are reviewing the papers in your case (Robbery, contrary to s.8 Theft Act 1968). This is early-stage — nothing is final until we have full disclosure and your instructions. Some evidence is still outstanding on the papers, "
sha:f66d94e4a85b8dace12ab7a1dffe092da6d36dc1eb72b3650e4afebbe5636ab9,PDF-f66d94e4a85b,CB-TB-1039_Reynolds,f66d94e4a85b8dace12ab7a1dffe092da6d36dc1eb72b3650e4afebbe5636ab9,OFFLINE_CLIENT_PROJECTION,,MUTE,mute_cad_999,,mute_cad_999,,,src_charge|src_hearing|src_mg_forms|src_parties|src_dates|src_cctv|src_cctv_stills|src_continuity|client_claims_18,9069,,"CLIENT_SAFE | We are reviewing the papers in your case (Count 1: Burglary, contrary to section 9 Theft Act 1968; Count 2: Assault occasioning actual bodily). This is early-stage — nothing is final until we have full disclosure and your inst"
sha:f6bc7b6491c87d36d1347922da5820c43161d7cfc1a353766dfd14673db66ebb,PDF-f6bc7b6491c8,CB-TB-1043_Pike,f6bc7b6491c87d36d1347922da5820c43161d7cfc1a353766dfd14673db66ebb,OFFLINE_CLIENT_PROJECTION,,MUTE,mute_cad_999,,mute_cad_999,,,src_charge|src_hearing|src_mg_forms|src_parties|src_dates|src_continuity|client_claims_16,4715,,"CLIENT_SAFE | We are reviewing the papers in your case (Burglary of a dwelling, contrary to section 9 Theft Act 1968). This is early-stage — nothing is final until we have full disclosure and your instructions. Some evidence is still outsta"
sha:f6cdf6b16eb2ef044af5d7a415af2e383df80ae9ffec2839927c2d4a94af6081,PDF-f6cdf6b16eb2,CB-TB-2081_Wright,f6cdf6b16eb2ef044af5d7a415af2e383df80ae9ffec2839927c2d4a94af6081,OFFLINE_CLIENT_PROJECTION,,MUTE,mute_cad_999,,mute_cad_999,,,src_charge|src_hearing|src_mg_forms|src_parties|src_cctv|client_claims_16,3367,,"CLIENT_SAFE | We are reviewing the papers in your case (Having an offensive weapon, contrary to s.1(1) Prevention of Crime Act 1953). This is early-stage — nothing is final until we have full disclosure and your instructions. Some evidence "
sha:f70717a83150b48e550f4a5ae6a5b91afe788911fd7a93a08ab940f74115879d,PDF-f70717a83150,CB-TB-1589_Thornton,f70717a83150b48e550f4a5ae6a5b91afe788911fd7a93a08ab940f74115879d,OFFLINE_CLIENT_PROJECTION,,INVENT,invent_cctv_master,invent_cctv_master,mute_cad_999,,,src_charge|src_hearing|src_mg_forms|src_parties|src_cctv|src_cctv_stills|client_claims_18,3104,,"CLIENT_SAFE | We are reviewing the papers in your case (Offence Breach of a restraining order, contrary to section 5 of the Protection from Harassment Act 1997). This is early-stage — nothing is final until we have full disclosure and your "
sha:f7aacfbe77625fdd221f9554ff9b8c9cdecb98a8e2b72717dab4e32104d69df3,PDF-f7aacfbe7762,CB-TB-200_Ellis,f7aacfbe77625fdd221f9554ff9b8c9cdecb98a8e2b72717dab4e32104d69df3,OFFLINE_CLIENT_PROJECTION,,MUTE,mute_cad_999,,mute_cad_999,,,src_charge|src_hearing|src_mg_forms|src_parties|src_cctv|src_continuity|client_claims_17,7365,,"CLIENT_SAFE | We are reviewing the papers in your case (Affray, contrary to section 3 Public Order Act 1986). This is early-stage — nothing is final until we have full disclosure and your instructions. Some evidence is still outstanding on "
sha:f7f6659399b7e70318abd52c21e903405cb889ad4698c95a8bc56967bd661a42,PDF-f7f6659399b7,CB-TB-1602_Sutton,f7f6659399b7e70318abd52c21e903405cb889ad4698c95a8bc56967bd661a42,OFFLINE_CLIENT_PROJECTION,,MUTE,mute_cad_999,,mute_cad_999,,,src_charge|src_hearing|src_mg_forms|src_parties|src_dates|src_cctv|src_continuity|client_claims_18,8692,,"CLIENT_SAFE | We are reviewing the papers in your case (Offence Unlawful wounding, contrary to section 20 Offences Against the Person Act 1861). This is early-stage — nothing is final until we have full disclosure and your instructions. Som"
sha:f809c3cad542338d9fc90bf51f971d28f488fd024346fb4d9ecbae6b084e98a1,PDF-f809c3cad542,CB-TB-1422_Turner,f809c3cad542338d9fc90bf51f971d28f488fd024346fb4d9ecbae6b084e98a1,OFFLINE_CLIENT_PROJECTION,,MUTE,mute_phone_download,,mute_phone_download,,,src_charge|src_hearing|src_id_procedure|src_parties|src_dates|src_cctv|src_continuity|client_claims_18,8645,,"CLIENT_SAFE | We are reviewing the papers in your case (Assault occasioning actual bodily harm, s.47 OAPA 1861). This is early-stage — nothing is final until we have full disclosure and your instructions. Some evidence is still outstanding "
sha:f93f2890994ba5413ff7165eda28ca806843cfd64096e12663417edd625b7991,PDF-f93f2890994b,CB-TB-906_Archer,f93f2890994ba5413ff7165eda28ca806843cfd64096e12663417edd625b7991,OFFLINE_CLIENT_PROJECTION,,MUTE,mute_phone_download,,mute_phone_download,,,src_charge|src_hearing|src_mg_forms|src_parties|src_dates|src_cctv|client_claims_16,6404,,"CLIENT_SAFE | We are reviewing the papers in your case (Wounding with intent to cause grievous bodily harm, s.18 OAPA 1861). This is early-stage — nothing is final until we have full disclosure and your instructions. Some evidence is still "
sha:f948e29bbef0a0b12486d1b48375591953d870dd8da9518a2a4ffa0b58d7f3d1,PDF-f948e29bbef0,CB-TB-656_Ali,f948e29bbef0a0b12486d1b48375591953d870dd8da9518a2a4ffa0b58d7f3d1,OFFLINE_CLIENT_PROJECTION,,MUTE,mute_cctv_master,,mute_cctv_master,,,src_charge|src_hearing|src_mg_forms|src_parties|src_dates|src_cctv|client_claims_16,4425,,"CLIENT_SAFE | We are reviewing the papers in your case (Driving a motor vehicle with alcohol concentration above the prescribed limit, contrary to section 5(1)(a) of the Road Traffic Act 1988). This is early-stage — nothing is final until w"
sha:fa01d94b58decc32a3827a1a2e2707bdbd69cef5b55a1cba8b64e746e251d765,PDF-fa01d94b58de,CB-TB-1522_Brennan,fa01d94b58decc32a3827a1a2e2707bdbd69cef5b55a1cba8b64e746e251d765,OFFLINE_CLIENT_PROJECTION,,MUTE,mute_cad_999,,mute_cad_999,,,src_charge|src_hearing|src_mg_forms|src_parties|src_cctv|src_cctv_stills|client_claims_16,3098,,"CLIENT_SAFE | We are reviewing the papers in your case (Offence Driving with a specified controlled drug above the prescribed limit, contrary to section 5A of the Road Traffic Act 1988). This is early-stage — nothing is final until we have "
sha:f9b103c729aa1ddde19cc58c138d10e03575047309e770b6afc277f97520414a,PDF-f9b103c729aa,CB-TB-2023_Okonkwo,f9b103c729aa1ddde19cc58c138d10e03575047309e770b6afc277f97520414a,OFFLINE_CLIENT_PROJECTION,,MUTE,mute_cad_999,,mute_cad_999,,,src_charge|src_hearing|src_mg_forms|src_parties|src_dates|src_cctv|src_continuity|client_claims_17,5483,,"CLIENT_SAFE | We are reviewing the papers in your case (Offence Possession of criminal property, contrary to section 329 Proceeds of Crime Act 2002). This is early-stage — nothing is final until we have full disclosure and your instructions"
sha:fa4eb5d239e849a766ba8fca8aa9b8cd8bf16d48570395baa6babcbb10066c03,PDF-fa4eb5d239e8,CB-TB-2060_Thornton,fa4eb5d239e849a766ba8fca8aa9b8cd8bf16d48570395baa6babcbb10066c03,OFFLINE_CLIENT_PROJECTION,,MUTE,mute_cad_999,,mute_cad_999,,,src_charge|src_hearing|src_mg_forms|src_parties|src_dates|src_cctv|client_claims_16,2922,,"CLIENT_SAFE | We are reviewing the papers in your case (Offence Harassment, contrary to section 2 Protection from Harassment Act 1997). This is early-stage — nothing is final until we have full disclosure and your instructions. Some evidenc"
sha:fa04711cb3a99e88abba2e22e8e997b32233571c018041980e270dcf4524a3c0,PDF-fa04711cb3a9,CB-TB-459_Walker,fa04711cb3a99e88abba2e22e8e997b32233571c018041980e270dcf4524a3c0,OFFLINE_CLIENT_PROJECTION,,MUTE,mute_cad_999,,mute_cad_999,,,src_charge|src_hearing|src_mg_forms|src_parties|src_cctv|src_continuity|client_claims_16,6708,,"CLIENT_SAFE | We are reviewing the papers in your case (Assault by beating of an emergency worker, contrary to section 1 Assaults on Emergency Workers). This is early-stage — nothing is final until we have full disclosure and your instructi"
sha:fa4f0f1eb3361cb4d385b6932b154a4a26b328a4a39d19eeeb66ace82194327a,PDF-fa4f0f1eb336,CB-TB-022_Walsh,fa4f0f1eb3361cb4d385b6932b154a4a26b328a4a39d19eeeb66ace82194327a,OFFLINE_CLIENT_PROJECTION,,MUTE,mute_phone_download,,mute_phone_download,,,src_charge|src_hearing|src_mg_forms|src_parties|src_cctv|src_continuity|client_claims_18,12595,,"CLIENT_SAFE | We are reviewing the papers in your case (Primary charge Conspiracy to supply a controlled drug of Class A, contrary to section 1 Criminal Law Act 1977). This is early-stage — nothing is final until we have full disclosure and"
sha:faa414ba3f97c491528f59dd0d9b90cd7712f77920f2d0b36bd33160983d682b,PDF-faa414ba3f97,CB-TB-2006_Doyle,faa414ba3f97c491528f59dd0d9b90cd7712f77920f2d0b36bd33160983d682b,OFFLINE_CLIENT_PROJECTION,,MUTE,mute_export_log,,mute_export_log|mute_cad_999,,,src_charge|src_hearing|src_mg_forms|src_parties|src_dates|src_cctv|src_continuity|client_claims_17,11879,,"CLIENT_SAFE | We are reviewing the papers in your case (Offence Burglary of a dwelling, contrary to section 9 Theft Act 1968). This is early-stage — nothing is final until we have full disclosure and your instructions. Some evidence is stil"
sha:fb13777a810996406080d32800044bcce420b9967e28600a21d725ee99e3541c,PDF-fb13777a8109,CB-TB-697_Parker,fb13777a810996406080d32800044bcce420b9967e28600a21d725ee99e3541c,OFFLINE_CLIENT_PROJECTION,,MUTE,mute_cctv_master,,mute_cctv_master,,,src_charge|src_hearing|src_mg_forms|src_parties|src_dates|src_cctv|client_claims_17,4025,,"CLIENT_SAFE | We are reviewing the papers in your case (Controlling or coercive behaviour in an intimate or family relationship, contrary to section 76 of the Serious Crime Act 2015). This is early-stage — nothing is final until we have ful"
sha:faedc1a04547842e37e7b09ab9ab2004d2a6a30b5ffd91bdae25c558ae5c71cf,PDF-faedc1a04547,CB-TB-2188_Nolan,faedc1a04547842e37e7b09ab9ab2004d2a6a30b5ffd91bdae25c558ae5c71cf,OFFLINE_CLIENT_PROJECTION,,MUTE,mute_cad_999,,mute_cad_999,,,src_charge|src_hearing|src_mg_forms|src_parties|src_dates|src_cctv|src_continuity|client_claims_17,8453,,"CLIENT_SAFE | We are reviewing the papers in your case (Offence Concealing, disguising, converting or transferring criminal property, contrary to section 327 Proceeds of Crime Act 2002). This is early-stage — nothing is final until we have "
sha:fb584adf39aba7d04586d842adec4c86cda21a5c3c62deef8bdd001e9693df60,PDF-fb584adf39ab,CB-TB-685_Harper,fb584adf39aba7d04586d842adec4c86cda21a5c3c62deef8bdd001e9693df60,OFFLINE_CLIENT_PROJECTION,,MUTE,mute_cctv_master,,mute_cctv_master,,,src_charge|src_hearing|src_mg_forms|src_parties|src_dates|src_cctv|src_cctv_stills|client_claims_18,9869,,"CLIENT_SAFE | We are reviewing the papers in your case (Robbery, contrary to s.8 Theft Act 1968). This is early-stage — nothing is final until we have full disclosure and your instructions. Some evidence is still outstanding on the papers, "
sha:fb73ea289ac8cdc0404f5a41f10a94222f9565282753a44f86937cedd11206cf,PDF-fb73ea289ac8,CB-TB-1992_Kellett,fb73ea289ac8cdc0404f5a41f10a94222f9565282753a44f86937cedd11206cf,OFFLINE_CLIENT_PROJECTION,,MUTE,mute_phone_download,,mute_phone_download,,,src_charge|src_hearing|src_mg_forms|src_parties|src_dates|src_cctv|src_continuity|client_claims_20,8959,,"CLIENT_SAFE | We are reviewing the papers in your case (Possession of a controlled drug of Class A with intent to supply, contrary to section 5(3) of the Misuse of Drugs Act 1971). This is early-stage — nothing is final until we have full d"
sha:fc290b7a05f7f61a20a151b74cd527eecdaa21ee088b15a55a5138f03eb768ff,PDF-fc290b7a05f7,CB-TB-332_Daly,fc290b7a05f7f61a20a151b74cd527eecdaa21ee088b15a55a5138f03eb768ff,OFFLINE_CLIENT_PROJECTION,,MUTE,mute_phone_download,,mute_phone_download,,,src_charge|src_hearing|src_mg_forms|src_parties|src_dates|src_continuity|client_claims_17,13732,,"CLIENT_SAFE | We are reviewing the papers in your case (Intimidating a witness, contrary to section 51 of the Criminal Justice and Public Order Act 1994). This is early-stage — nothing is final until we have full disclosure and your instruc"
sha:fcbb51d40efc79b4774f2824fc8fcc08fc9ad82348831082fa1b6f9fae115ce9,PDF-fcbb51d40efc,CB-TB-616_Coates,fcbb51d40efc79b4774f2824fc8fcc08fc9ad82348831082fa1b6f9fae115ce9,OFFLINE_CLIENT_PROJECTION,,MUTE,mute_cctv_master,,mute_cctv_master,,,src_charge|src_hearing|src_mg_forms|src_parties|src_dates|src_cctv|src_cctv_stills|client_claims_17,6574,,"CLIENT_SAFE | We are reviewing the papers in your case (Assault occasioning actual bodily harm, s.47 OAPA 1861). This is early-stage — nothing is final until we have full disclosure and your instructions. Some evidence is still outstanding "
sha:fc9ed1ee77d41b202c0739a84a59ddb8e86f198c28c89d7a86642f67247c3aa9,PDF-fc9ed1ee77d4,CB-TB-1816_Holt,fc9ed1ee77d41b202c0739a84a59ddb8e86f198c28c89d7a86642f67247c3aa9,OFFLINE_CLIENT_PROJECTION,,MUTE,mute_phone_download,,mute_phone_download,,,src_charge|src_hearing|src_mg_forms|src_parties|src_cctv|client_claims_20,6333,,"CLIENT_SAFE | We are reviewing the papers in your case (Possession of a controlled drug of Class A with intent to supply, contrary to section 5(3) of the Misuse of Drugs Act 1971). This is early-stage — nothing is final until we have full d"
sha:fd303c351a92992d62a70ac4d355d2f610f2283e942ef396587447277bd0ee4e,PDF-fd303c351a92,CB-TB-1211_Parker,fd303c351a92992d62a70ac4d355d2f610f2283e942ef396587447277bd0ee4e,OFFLINE_CLIENT_PROJECTION,,MUTE,mute_cad_999,,mute_cad_999,,,src_charge|src_hearing|src_mg_forms|src_parties|src_dates|src_cctv_stills|client_claims_17,3977,,"CLIENT_SAFE | We are reviewing the papers in your case (Criminal damage, contrary to section 1 Criminal Damage Act 1971). This is early-stage — nothing is final until we have full disclosure and your instructions. Some evidence is still out"
sha:fdb6045d180d339a928d8141cdaff23c1d9c6b1a09e042f818d9a2e8fbf99d41,PDF-fdb6045d180d,CB-TB-1965_Quinn,fdb6045d180d339a928d8141cdaff23c1d9c6b1a09e042f818d9a2e8fbf99d41,OFFLINE_CLIENT_PROJECTION,,MUTE,mute_cctv_master,,mute_cctv_master,,,src_charge|src_hearing|src_mg_forms|src_parties|src_dates|src_cctv|src_continuity|client_claims_18,6115,,"CLIENT_SAFE | We are reviewing the papers in your case (CB-TB-1965_Quinn.pdf). This is early-stage — nothing is final until we have full disclosure and your instructions. Some evidence is still outstanding on the papers, and we will update "
sha:fda103de79531ff1ea74d3dbb10634f908c06f45f71322b1c75941a1326c876c,PDF-fda103de7953,CB-TB-1953_Baines,fda103de79531ff1ea74d3dbb10634f908c06f45f71322b1c75941a1326c876c,OFFLINE_CLIENT_PROJECTION,,MUTE,mute_cad_999,,mute_cad_999,,,src_charge|src_hearing|src_mg_forms|src_parties|src_dates|src_cctv|src_continuity|client_claims_18,6204,,"CLIENT_SAFE | We are reviewing the papers in your case (Fraud by false representation, s.2 Fraud Act 2006). This is early-stage — nothing is final until we have full disclosure and your instructions. Some evidence is still outstanding on th"
sha:fd8b515d6f1f524d7a4216a93692da25c0af0d1cccaf15eadd592296f8abb391,PDF-fd8b515d6f1f,CB-TB-1583_Holland,fd8b515d6f1f524d7a4216a93692da25c0af0d1cccaf15eadd592296f8abb391,OFFLINE_CLIENT_PROJECTION,,MUTE,mute_cad_999,,mute_cad_999,,,src_charge|src_hearing|src_mg_forms|src_parties|src_cctv|src_cctv_stills|client_claims_17,4639,,"CLIENT_SAFE | We are reviewing the papers in your case (Dangerous driving, contrary to section 2 Road Traffic Act 1988). This is early-stage — nothing is final until we have full disclosure and your instructions. Some evidence is still outs"
sha:fdb3697f9f86080dbf29d13af228d504e59f7b4ea4e3f3eb84417d443bc79f3b,PDF-fdb3697f9f86,CB-TB-155_Rees,fdb3697f9f86080dbf29d13af228d504e59f7b4ea4e3f3eb84417d443bc79f3b,OFFLINE_CLIENT_PROJECTION,,MUTE,mute_phone_download,,mute_phone_download,,,src_charge|src_hearing|src_mg_forms|src_parties|src_cctv|src_continuity|client_claims_18,13264,,"CLIENT_SAFE | We are reviewing the papers in your case (becoming concerned in a money laundering arrangement, contrary to section 328 Proceeds). This is early-stage — nothing is final until we have full disclosure and your instructions. Som"
sha:fe551629134fd9f60d9f2bfef8d6c9d8bd91052e2da7e635c7bb1aaffae5510a,PDF-fe551629134f,CB-TB-2068_Parker,fe551629134fd9f60d9f2bfef8d6c9d8bd91052e2da7e635c7bb1aaffae5510a,OFFLINE_CLIENT_PROJECTION,,MUTE,mute_cad_999,,mute_cad_999,,,src_charge|src_hearing|src_mg_forms|src_parties|src_dates|src_cctv|client_claims_16,2973,,"CLIENT_SAFE | We are reviewing the papers in your case (Offence Driving with a specified controlled drug above the specified limit, contrary to section 5A Road Traffic Act 1988). This is early-stage — nothing is final until we have full dis"
sha:fe45d8c70f57c0182916f5e4b6c3be766008167500260e2ef1e6c17566e07d22,PDF-fe45d8c70f57,CB-TB-1939_Akhtar,fe45d8c70f57c0182916f5e4b6c3be766008167500260e2ef1e6c17566e07d22,OFFLINE_CLIENT_PROJECTION,,MUTE,mute_phone_download,,mute_phone_download,,,src_charge|src_hearing|src_mg_forms|src_parties|src_dates|src_cctv|src_continuity|client_claims_19,11493,,"CLIENT_SAFE | We are reviewing the papers in your case (Possession of a controlled drug of Class A with intent to supply, contrary to section 5(3) of the Misuse of Drugs Act 1971). This is early-stage — nothing is final until we have full d"
sha:fe899af500ac1c88b81c32130581dac5bfbe1be8ddd466c2893bbfa0cc1e9347,PDF-fe899af500ac,CB-TB-468_Cross,fe899af500ac1c88b81c32130581dac5bfbe1be8ddd466c2893bbfa0cc1e9347,OFFLINE_CLIENT_PROJECTION,,MUTE,mute_phone_download,,mute_phone_download,,,src_charge|src_hearing|src_mg_forms|src_parties|src_continuity|client_claims_17,3740,,"CLIENT_SAFE | We are reviewing the papers in your case (Primary charge:Affray, contrary to section 3 Public Order Act 1986). This is early-stage — nothing is final until we have full disclosure and your instructions. Some evidence is still "
sha:fe6b9a785ae555303d06681e0f95a9a9a27084610369dd42fe183b84ae38587d,PDF-fe6b9a785ae5,CB-TB-2122_Clarke,fe6b9a785ae555303d06681e0f95a9a9a27084610369dd42fe183b84ae38587d,OFFLINE_CLIENT_PROJECTION,,MUTE,mute_cad_999,,mute_cad_999,,,src_charge|src_hearing|src_mg_forms|src_parties|src_dates|src_cctv|src_continuity|client_claims_17,7827,,"CLIENT_SAFE | We are reviewing the papers in your case (Offence Driving a motor vehicle with excess alcohol, contrary to section 5 Road Traffic Act 1988). This is early-stage — nothing is final until we have full disclosure and your instruc"
sha:fe6306f9b204c6e19b9b64ec6264a0e13a371937519d56fc1c7f012f511c30cf,PDF-fe6306f9b204,CB-TB-2163_Mitchell,fe6306f9b204c6e19b9b64ec6264a0e13a371937519d56fc1c7f012f511c30cf,OFFLINE_CLIENT_PROJECTION,,MUTE,mute_cad_999,,mute_cad_999,,,src_charge|src_hearing|src_mg_forms|src_parties|src_dates|src_cctv|src_continuity|client_claims_18,8721,,"CLIENT_SAFE | We are reviewing the papers in your case (Assault occasioning actual bodily harm, s.47 OAPA 1861). This is early-stage — nothing is final until we have full disclosure and your instructions. Some evidence is still outstanding "
sha:ff7cdb19a123f187df96e649ff758794882588d31cafe917425b9f9c21824d21,PDF-ff7cdb19a123,CB-TB-794_Patel,ff7cdb19a123f187df96e649ff758794882588d31cafe917425b9f9c21824d21,OFFLINE_CLIENT_PROJECTION,,MUTE,mute_cctv_master,,mute_cctv_master,,,src_charge|src_hearing|src_mg_forms|src_parties|src_dates|src_cctv|src_cctv_stills|src_continuity|client_claims_14,7114,,"CLIENT_SAFE | We are reviewing the papers in your case (CB-TB-794_Patel.pdf). This is early-stage — nothing is final until we have full disclosure and your instructions. Some evidence is still outstanding on the papers, and we will update y"
sha:ff018640c2327b0ca5681c0d6360151012aaf9507ea7b3ddbd0c229ff4821b12,PDF-ff018640c232,CB-TB-1026_Khan,ff018640c2327b0ca5681c0d6360151012aaf9507ea7b3ddbd0c229ff4821b12,OFFLINE_CLIENT_PROJECTION,,MUTE,mute_cad_999,,mute_cad_999,,,src_charge|src_hearing|src_mg_forms|src_parties|src_dates|src_cctv|src_cctv_stills|src_continuity|client_claims_18,8043,,"CLIENT_SAFE | We are reviewing the papers in your case (Wounding with intent to cause grievous bodily harm, s.18 OAPA 1861). This is early-stage — nothing is final until we have full disclosure and your instructions. Some evidence is still "
sha:ff88c5819c378b8baab630cef740032921205154e0499c87d2917b6bfa8f286a,PDF-ff88c5819c37,CB-TB-574_Foster,ff88c5819c378b8baab630cef740032921205154e0499c87d2917b6bfa8f286a,OFFLINE_CLIENT_PROJECTION,,MODALITY,modality_summary_vs_recording,,mute_phone_download,modality_summary_vs_recording,,src_charge|src_hearing|src_mg_forms|src_parties|src_dates|src_continuity|client_claims_19,9629,,"CLIENT_SAFE | We are reviewing the papers in your case (Affray, contrary to section 3 Public Order Act 1986). This is early-stage — nothing is final until we have full disclosure and your instructions. Some evidence is still outstanding on "
sha:ffc600f915bde4e189089b9ec49e5abadb0c5d66c3157b7106d7e32bf547bf23,PDF-ffc600f915bd,CB-TB-526_Foster,ffc600f915bde4e189089b9ec49e5abadb0c5d66c3157b7106d7e32bf547bf23,OFFLINE_CLIENT_PROJECTION,,MODALITY,modality_summary_vs_recording,,,modality_summary_vs_recording,,src_charge|src_hearing|src_mg_forms|src_parties|src_dates|src_continuity|client_claims_19,9558,,CLIENT_SAFE | We are reviewing the papers in your case (contrary to section 2 Protection from Harassment Act 1997). This is early-stage — nothing is final until we have full disclosure and your instructions. Some evidence is still outstandi
sha:d30e3f83d5866f31282fe9b4d9e6716489922c3d879598a81d27c920fc5f451b,RP-01,RP-01,d30e3f83d5866f31282fe9b4d9e6716489922c3d879598a81d27c920fc5f451b,OFFLINE_CLIENT_PROJECTION,,MODALITY,modality_summary_vs_recording,,mute_export_log|mute_cctv_master,modality_summary_vs_recording,,src_charge|src_hearing|src_mg_forms|src_parties|src_dates|src_cctv|src_cctv_stills|src_continuity|client_claims_20,167149,,"CLIENT_SAFE | We are reviewing the papers in your case (Murder, contrary to common law). This is early-stage — nothing is final until we have full disclosure and your instructions. Some evidence is still outstanding on the papers, and we wi"
sha:adb988b033c4130a577b8a07b3090b5145515d8ff67f6eb7184222c2eb8d0dcd,RP-15,RP-15,adb988b033c4130a577b8a07b3090b5145515d8ff67f6eb7184222c2eb8d0dcd,OFFLINE_CLIENT_PROJECTION,,MODALITY,modality_screenshot_vs_download,,,modality_screenshot_vs_download,,src_charge|src_hearing|src_mg_forms|src_parties|src_cctv|src_continuity|client_claims_19,8092,,"CLIENT_SAFE | We are reviewing the papers in your case (Primary charge:Concealing criminal property, contrary to section 327 Proceeds of Crime Act 2002). This is early-stage — nothing is final until we have full disclosure and your instruct"
sha:650f87da03a510f75c0eb201b94c194fb76a1482d588442d939d8b5b872ff7ea,RP-11,RP-11,650f87da03a510f75c0eb201b94c194fb76a1482d588442d939d8b5b872ff7ea,OFFLINE_CLIENT_PROJECTION,,MUTE,mute_export_log,,mute_export_log,,,src_charge|src_hearing|src_mg_forms|src_parties|src_dates|src_cctv|src_continuity|client_claims_19,26963,,"CLIENT_SAFE | We are reviewing the papers in your case (Wounding with intent to cause grievous bodily harm, s.18 OAPA 1861). This is early-stage — nothing is final until we have full disclosure and your instructions. The injury described in"
