unique_key,case_key,source_id,pdf_sha256,route,backend_case_id,severity,fail_family,fail_flags,mute_flags,modality_flags,contradiction_flags,material_flags,source_chars,error,claim_sample
sha:0d761f8d2e28fb89af88968862d6712571f6a13ac5e1233f60a3c9a993a22866,PDF-0d761f8d2e28,CB-Z-500-FRAUD-0029_Fraud_false_representation_500_page_bundle,0d761f8d2e28fb89af88968862d6712571f6a13ac5e1233f60a3c9a993a22866,OFFLINE_COURT_PROJECTION,92aaa621-525b-40ae-9f0d-8e3c1eccc536,INVENT,invent_interview_recording,invent_interview_recording,mute_export_log|mute_phone_download,modality_summary_vs_recording,,src_charge|src_hearing|src_mg_forms|src_parties|src_dates|src_cctv|src_cctv_stills|src_continuity|court_claims_40,1593653,,"SAFE_COURT | The defence asks the court to record outstanding bank/device source and loss material. || SAFE_POSITION | Account control, dishonesty and loss remain provisional pending served bank/device source material. || HEARING | 22 May 2"
sha:37b18da6090e0bdfa330fcddb5cc0d83d6329c7cb641be750c29a09efce58870,PDF-37b18da6090e,CB-MURDER-TEST-0001_1000_page_criminal_defence_bundle,37b18da6090e0bdfa330fcddb5cc0d83d6329c7cb641be750c29a09efce58870,OFFLINE_COURT_PROJECTION,18a50e94-bda1-4e7d-a86b-8adeb5dc19b7,INVENT,invent_interview_recording,invent_interview_recording,mute_export_log|mute_cctv_master,modality_summary_vs_recording,,src_charge|src_hearing|src_mg_forms|src_parties|src_dates|src_cctv|src_cctv_stills|src_continuity|court_claims_40,1322574,,SAFE_COURT | The defence asks the court to record that full custody and interview records remain outstanding. || SAFE_POSITION | Custody/PACE safeguards cannot be finally assessed until the full custody and interview material is served. || 
sha:eeafa8f885e6afc74d3516db5551997bdab0b3cd228114a822813424551e12aa,PDF-eeafa8f885e6,CB-TEST-ABH-0001_criminal_defence_bundle,eeafa8f885e6afc74d3516db5551997bdab0b3cd228114a822813424551e12aa,OFFLINE_COURT_PROJECTION,bd581fec-c0ca-4c06-87bf-ba7ec18664e8,MODALITY,modality_summary_vs_recording,,mute_export_log|mute_cctv_master,modality_summary_vs_recording,,src_charge|src_hearing|src_mg_forms|src_parties|src_dates|src_cctv|src_cctv_stills|src_continuity|court_claims_39,16003,,SAFE_COURT | The defence asks the court to record that full custody and interview records remain outstanding. || SAFE_POSITION | Custody/PACE safeguards cannot be finally assessed until the full custody and interview material is served. || 
sha:cccf70b339ec74c4ff839c7d982b3306570cf6abfa843abf5f6dcae95bc650a0,RP-02,RP-02,cccf70b339ec74c4ff839c7d982b3306570cf6abfa843abf5f6dcae95bc650a0,OFFLINE_COURT_PROJECTION,e2841289-1ed2-4dc4-9acf-dd22a03b63fc,MUTE,mute_cad_999,,mute_cad_999,,,src_charge|src_hearing|src_mg_forms|src_parties|src_dates|src_cctv|src_continuity|court_claims_25,4238,,"SAFE_COURT | The defence asks the court to record outstanding continuity, lab and search/phone material. || SAFE_POSITION | Possession, knowledge, intent and continuity remain provisional pending served drug/source material. || HEARING | 21"
sha:555a899704fa7c7f77d39dd39f724af3fc187eff5452e1c54bbbed959251d457,RP-03,RP-03,555a899704fa7c7f77d39dd39f724af3fc187eff5452e1c54bbbed959251d457,OFFLINE_COURT_PROJECTION,a42cb20a-017b-4dfb-b8a5-1dc5b11a3b27,MUTE,mute_cctv_master,,mute_cctv_master|mute_phone_download|mute_cad_999,,,src_charge|src_hearing|src_mg_forms|src_parties|src_dates|src_cctv|src_continuity|court_claims_36,10795,,SAFE_COURT | The defence asks the court to record that full custody and interview records remain outstanding. || SAFE_POSITION | Custody/PACE safeguards cannot be finally assessed until the full custody and interview material is served. || 
sha:ffe7a7da8c00c847a5ddb4ef9752b755ac6474f46b335c43c09e69b6a9041f01,PDF-ffe7a7da8c00,CB-Z-500-THEFT-0012_Theft_from_shop_500_page_bundle,ffe7a7da8c00c847a5ddb4ef9752b755ac6474f46b335c43c09e69b6a9041f01,OFFLINE_COURT_PROJECTION,ec02d7dd-b4db-4cfa-b91a-f68cdc0b5c16,INVENT,invent_interview_recording,invent_interview_recording,mute_export_log|mute_phone_download,modality_summary_vs_recording,,src_charge|src_hearing|src_mg_forms|src_parties|src_dates|src_cctv|src_cctv_stills|src_continuity|court_claims_40,1625525,,SAFE_COURT | The defence asks the court to record that full custody and interview records remain outstanding. || SAFE_POSITION | Custody/PACE safeguards cannot be finally assessed until the full custody and interview material is served. || 
sha:5bcd36e1ef8c3611e43e76cef64bbef75056bc76a812d2857977e8e6cfcd42d9,RP-06,RP-06,5bcd36e1ef8c3611e43e76cef64bbef75056bc76a812d2857977e8e6cfcd42d9,OFFLINE_COURT_PROJECTION,d9798c34-1668-4922-8607-fceea52ac765,MUTE,mute_cctv_master,,mute_cctv_master,,,src_charge|src_hearing|src_mg_forms|src_id_procedure|src_parties|src_dates|src_cctv|src_cctv_stills|src_continuity|court_claims_28,4746,,SAFE_COURT | The defence asks the court to record that source material must be clarified and timetabled. || SAFE_POSITION | The defence cannot safely fix a final position until the served source material is clarified. || DEADLINE | Hearing 
sha:94541fb543b06ca93f7cfc4964d527c900574e7c279e49225ec62af8d4e93871,RP-07,RP-07,94541fb543b06ca93f7cfc4964d527c900574e7c279e49225ec62af8d4e93871,OFFLINE_COURT_PROJECTION,f0fe8d7b-1e8f-4f64-a2ba-bde9298d6ef8,INVENT,invent_interview_recording,invent_interview_recording,mute_export_log|mute_phone_download,modality_summary_vs_recording,,src_charge|src_hearing|src_mg_forms|src_parties|src_dates|src_cctv|src_cctv_stills|src_continuity|court_claims_40,1613919,,SAFE_COURT | The defence asks the court to record that full custody and interview records remain outstanding. || SAFE_POSITION | Custody/PACE safeguards cannot be finally assessed until the full custody and interview material is served. || 
sha:bc5d732fa9306133c0c7d7fe2ea85a8e7d65a5d1b30a823ac491495839e0a6ef,ISAAC-PATEL-TB-546,CB-TB-546,bc5d732fa9306133c0c7d7fe2ea85a8e7d65a5d1b30a823ac491495839e0a6ef,OFFLINE_COURT_PROJECTION,,MODALITY,modality_summary_vs_recording,,mute_cctv_master,modality_summary_vs_recording,,src_charge|src_hearing|src_mg_forms|src_parties|src_dates|src_cctv|src_continuity|court_claims_33,10225,,"SAFE_COURT | Position remains provisional on the current papers — listed material families are not safely confirmed in the bundle yet. || SAFE_POSITION | Sequence, injury and causation remain provisional pending served witness, medical and "
sha:002f3fc9174aaac7d9f23ee0e8befdbb700c2867f8c5563612c645837fbea4d2,PDF-002f3fc9174a,CB-TB-1074_Marsh,002f3fc9174aaac7d9f23ee0e8befdbb700c2867f8c5563612c645837fbea4d2,OFFLINE_COURT_PROJECTION,,MUTE,mute_phone_download,,mute_phone_download|mute_cad_999,,,src_charge|src_hearing|src_mg_forms|src_parties|src_dates|src_cctv|src_continuity|court_claims_32,6934,,SAFE_COURT | The defence asks the court to record that full BWV and continuity material should be served. || SAFE_POSITION | Sequence and force remain provisional pending served BWV and officer source material. || HEARING | 08 August 2026 a
sha:004cfad261dc755e4182392bdb4351dc6a58aecd2f11ae740bef1a16172c307f,PDF-004cfad261dc,CB-TB-2046_Patel,004cfad261dc755e4182392bdb4351dc6a58aecd2f11ae740bef1a16172c307f,OFFLINE_COURT_PROJECTION,,MUTE,mute_cad_999,,mute_cad_999,,,src_charge|src_hearing|src_mg_forms|src_parties|src_dates|src_cctv|src_continuity|court_claims_25,6968,,SAFE_COURT | The file indicates no CCTV is available — confirm in writing that none exists; absence may shift weight onto witness account quality and consistency. || SAFE_POSITION | Identification and participation remain provisional pendin
sha:008d412a81804612c83cd2b305215f3ddd7059868a9a4b6839c7e3de788c46a2,PDF-008d412a8180,CB-TB-858_Coleman,008d412a81804612c83cd2b305215f3ddd7059868a9a4b6839c7e3de788c46a2,OFFLINE_COURT_PROJECTION,,MUTE,mute_export_log,,mute_export_log,,,src_charge|src_hearing|src_mg_forms|src_parties|src_cctv|src_continuity|court_claims_33,4936,,"SAFE_COURT | The defence asks the court to record outstanding CCTV, ID procedure and witness source material. || SAFE_POSITION | Identification and participation remain provisional pending served CCTV, ID and witness source material. || HEA"
sha:00b9d41b0f661c28a39bf963d225cfb4b16afb817a4521dd43db11d65b004df5,PDF-00b9d41b0f66,CB-TB-771_Harper,00b9d41b0f661c28a39bf963d225cfb4b16afb817a4521dd43db11d65b004df5,OFFLINE_COURT_PROJECTION,,MUTE,mute_cctv_master,,mute_cctv_master,,,src_charge|src_hearing|src_mg_forms|src_parties|src_dates|src_cctv|court_claims_24,6224,,SAFE_COURT | The defence asks the court to record that full BWV and continuity material should be served. || SAFE_POSITION | Sequence and force remain provisional pending served BWV and officer source material. || HEARING | 18 August 2026 a
sha:00e742b9946fbc96623ed5437029a27c84e1c9c52bff668fc2ab23bea011dfd4,PDF-00e742b9946f,CB-TB-1011_Reynolds,00e742b9946fbc96623ed5437029a27c84e1c9c52bff668fc2ab23bea011dfd4,OFFLINE_COURT_PROJECTION,,MUTE,mute_cad_999,,mute_cad_999,,,src_charge|src_hearing|src_mg_forms|src_parties|src_dates|src_cctv|src_cctv_stills|src_continuity|court_claims_33,5680,,"SAFE_COURT | The defence asks the court to record outstanding device, calibration and procedure records. || SAFE_POSITION | Driver identity, procedure and device evidence remain provisional pending served source records. || HEARING | 18 Jun"
sha:01834df5b278f59a8f570c93521a04763ab8c3e1a2ecf89defa053add2b5a2ac,PDF-01834df5b278,CB-TB-637_Shaw,01834df5b278f59a8f570c93521a04763ab8c3e1a2ecf89defa053add2b5a2ac,OFFLINE_COURT_PROJECTION,,MUTE,mute_cctv_master,,mute_cctv_master,,,src_charge|src_hearing|src_mg_forms|src_parties|src_dates|src_cctv|court_claims_25,5409,,"SAFE_COURT | The defence asks the court to record outstanding continuity, lab and search/phone material. || SAFE_POSITION | Possession, knowledge, intent and continuity remain provisional pending served drug/source material. || HEARING | 22"
sha:0287b9bbeb5cb9af14e5c18f9f83e0f24605c8792234dec4bfaf41ab384f34d3,PDF-0287b9bbeb5c,CB-TB-2074_Barlow,0287b9bbeb5cb9af14e5c18f9f83e0f24605c8792234dec4bfaf41ab384f34d3,OFFLINE_COURT_PROJECTION,,MUTE,mute_cad_999,,mute_cad_999,,,src_charge|src_hearing|src_mg_forms|src_parties|src_dates|src_cctv|src_continuity|court_claims_21,3137,,SAFE_COURT | The defence asks the court to record that full BWV and continuity material should be served. || SAFE_POSITION | Sequence and force remain provisional pending served BWV and officer source material. || HEARING | 19 August 2026 a
sha:029afcffb6cdd84841da1dbf184b77bc35c2cddd80881a53ceb8af817f2f6f82,PDF-029afcffb6cd,CB-TB-614_Patel,029afcffb6cdd84841da1dbf184b77bc35c2cddd80881a53ceb8af817f2f6f82,OFFLINE_COURT_PROJECTION,,MUTE,mute_cctv_master,,mute_cctv_master,,,src_charge|src_hearing|src_mg_forms|src_parties|src_dates|src_cctv|court_claims_28,5221,,SAFE_COURT | The defence asks the court to record that full BWV and continuity material should be served. || SAFE_POSITION | Sequence and force remain provisional pending served BWV and officer source material. || HEARING | 28 July 2026 at 
sha:01f929961cef9e21085a810fa9b24f2cfbe166577847b94c0e1ef59f7098145b,PDF-01f929961cef,CB-TB-604_Thornton,01f929961cef9e21085a810fa9b24f2cfbe166577847b94c0e1ef59f7098145b,OFFLINE_COURT_PROJECTION,,MUTE,mute_cctv_master,,mute_cctv_master,,,src_charge|src_hearing|src_mg_forms|src_parties|src_dates|src_cctv|court_claims_28,7549,,SAFE_COURT | The defence asks the court to record that full BWV and continuity material should be served. || SAFE_POSITION | Sequence and force remain provisional pending served BWV and officer source material. || HEARING | 28 June 2026 at 
sha:029daa994ce57eccf01ee55770a01881dfc7bc1200c29cd47190df149f2b6ce2,PDF-029daa994ce5,CB-TB-1204_Ross,029daa994ce57eccf01ee55770a01881dfc7bc1200c29cd47190df149f2b6ce2,OFFLINE_COURT_PROJECTION,,MUTE,mute_cad_999,,mute_cad_999,,,src_charge|src_hearing|src_mg_forms|src_id_procedure|src_parties|src_dates|src_cctv|src_cctv_stills|src_continuity|court_claims_28,5715,,SAFE_COURT | The defence asks the court to record that full BWV and continuity material should be served. || SAFE_POSITION | Sequence and force remain provisional pending served BWV and officer source material. || HEARING | 27/06/2026 14:00
sha:019ab2719aca0184fc7e392e39b431434741f25a3ea916181e2c10d686266804,PDF-019ab2719aca,CB-TB-1696_Ali,019ab2719aca0184fc7e392e39b431434741f25a3ea916181e2c10d686266804,OFFLINE_COURT_PROJECTION,,MUTE,mute_cad_999,,mute_cad_999,,,src_charge|src_hearing|src_mg_forms|src_parties|src_dates|src_cctv|src_continuity|court_claims_29,7455,,SAFE_COURT | The defence asks the court to record that full BWV and continuity material should be served. || SAFE_POSITION | Sequence and force remain provisional pending served BWV and officer source material. || HEARING | 5 August 2026 at
sha:0354b8770a88000b7376e7e729f7bc4842db4d417526ed939a2fa1fd5f8698cd,PDF-0354b8770a88,NS-CPS-2026-0437 - Copy (2),0354b8770a88000b7376e7e729f7bc4842db4d417526ed939a2fa1fd5f8698cd,OFFLINE_COURT_PROJECTION,,MUTE,mute_cctv_master,,mute_cctv_master,,,src_charge|src_hearing|src_mg_forms|src_parties|src_dates|src_cctv|src_continuity|court_claims_31,4767,,SAFE_COURT | The defence asks the court to record that full BWV and continuity material should be served. || SAFE_POSITION | Sequence and force remain provisional pending served BWV and officer source material. || DEADLINE | Hearing date no
sha:0394a7db748c12ffa4c9327c78ee7519c19bac7cb57c90617e25f22abfad7f2b,PDF-0394a7db748c,CB-TB-672_Morris,0394a7db748c12ffa4c9327c78ee7519c19bac7cb57c90617e25f22abfad7f2b,OFFLINE_COURT_PROJECTION,,MUTE,mute_cctv_master,,mute_cctv_master,,,src_charge|src_hearing|src_mg_forms|src_parties|src_dates|src_cctv|court_claims_24,7184,,SAFE_COURT | The defence asks the court to record that full BWV and continuity material should be served. || SAFE_POSITION | Sequence and force remain provisional pending served BWV and officer source material. || HEARING | 21 August 2026 a
sha:0415bf1fb4d2f1129e96524f47ba63ee35b51a992f6acfc107a2308108a15fa9,PDF-0415bf1fb4d2,CB-TB-1976_Iqbal,0415bf1fb4d2f1129e96524f47ba63ee35b51a992f6acfc107a2308108a15fa9,OFFLINE_COURT_PROJECTION,,MUTE,mute_cctv_master,,mute_cctv_master|mute_phone_download,,,src_charge|src_hearing|src_mg_forms|src_parties|src_dates|src_cctv|src_continuity|court_claims_36,6054,,SAFE_COURT | The defence asks the court to record that full custody and interview records remain outstanding. || SAFE_POSITION | Custody/PACE safeguards cannot be finally assessed until the full custody and interview material is served. || 
sha:04547fccfb184d5827d9cec8182c50ab6dde79ebfb4f7b267abea1b40b09e954,PDF-04547fccfb18,CB-TB-710_Wright,04547fccfb184d5827d9cec8182c50ab6dde79ebfb4f7b267abea1b40b09e954,OFFLINE_COURT_PROJECTION,,MUTE,mute_cctv_master,,mute_cctv_master,,,src_charge|src_hearing|src_mg_forms|src_parties|src_dates|src_cctv|src_cctv_stills|src_continuity|court_claims_24,6492,,SAFE_COURT | The defence asks the court to record that full BWV and continuity material should be served. || SAFE_POSITION | Sequence and force remain provisional pending served BWV and officer source material. || HEARING | 16 July 2026 at 
sha:04731b07a1820ebc17d2652cc239347014e15c559a8d924901657e0bd658dd0a,PDF-04731b07a182,CB-TB-1730_Walsh,04731b07a1820ebc17d2652cc239347014e15c559a8d924901657e0bd658dd0a,OFFLINE_COURT_PROJECTION,,MUTE,mute_phone_download,,mute_phone_download,,,src_charge|src_hearing|src_mg_forms|src_parties|src_dates|court_claims_33,4747,,"SAFE_COURT | Position remains provisional on the current papers — listed material families are not safely confirmed in the bundle yet. || SAFE_POSITION | Identification and participation remain provisional pending served CCTV, ID and witnes"
sha:0472bb29cb198f676342df38b2ef4218972f182e95ca696dda75563e03a081b4,PDF-0472bb29cb19,CB-TB-585_Marsh,0472bb29cb198f676342df38b2ef4218972f182e95ca696dda75563e03a081b4,OFFLINE_COURT_PROJECTION,,MODALITY,modality_summary_vs_recording,,mute_phone_download,modality_summary_vs_recording,,src_charge|src_hearing|src_mg_forms|src_parties|src_dates|src_continuity|court_claims_33,8712,,"SAFE_COURT | Position remains provisional on the current papers — listed material families are not safely confirmed in the bundle yet. || SAFE_POSITION | Identification and participation remain provisional pending served CCTV, ID and witnes"
sha:044f2ca433992992412cda3f8457f3e53cf72a5b9ea0a6ba40efd25a2a6bfb46,PDF-044f2ca43399,CB-TB-939_Archer,044f2ca433992992412cda3f8457f3e53cf72a5b9ea0a6ba40efd25a2a6bfb46,OFFLINE_COURT_PROJECTION,,MUTE,mute_cctv_master,,mute_cctv_master,,,src_charge|src_hearing|src_mg_forms|src_parties|src_dates|src_cctv|court_claims_21,9323,,"SAFE_COURT | The defence asks the court to record outstanding medical, video and sequence material. || SAFE_POSITION | Sequence, injury and causation remain provisional pending served witness, medical and video/source material. || HEARING |"
sha:04d1d35fb3cf88fd776d246f261d2af88cfae61acda0eb7996a6a31966940b82,PDF-04d1d35fb3cf,CB-TB-381_Spencer,04d1d35fb3cf88fd776d246f261d2af88cfae61acda0eb7996a6a31966940b82,OFFLINE_COURT_PROJECTION,,MUTE,mute_phone_download,,mute_phone_download,,,src_charge|src_hearing|src_mg_forms|src_parties|src_dates|src_continuity|court_claims_24,13385,,SAFE_COURT | The defence asks the court to record that full BWV and continuity material should be served. || SAFE_POSITION | Sequence and force remain provisional pending served BWV and officer source material. || HEARING | 06 August 2026 a
sha:04cb41c24342a4531dffd325eb05142f0bd8847612391886a57e71a5aea8b021,PDF-04cb41c24342,CB-TB-924_Doyle,04cb41c24342a4531dffd325eb05142f0bd8847612391886a57e71a5aea8b021,OFFLINE_COURT_PROJECTION,,MUTE,mute_cad_999,,mute_cad_999,,,src_charge|src_hearing|src_mg_forms|src_parties|src_cctv|court_claims_20,8635,,SAFE_COURT | The defence asks the court to record that full BWV and continuity material should be served. || SAFE_POSITION | Sequence and force remain provisional pending served BWV and officer source material. || HEARING | 31/07/2026 13:15
sha:05ad5d1b3793718f299a78e98e7c35c01a0ff67363892b63fedbdb6c022f8c2f,PDF-05ad5d1b3793,CB-TB-1921_Mills,05ad5d1b3793718f299a78e98e7c35c01a0ff67363892b63fedbdb6c022f8c2f,OFFLINE_COURT_PROJECTION,,MUTE,mute_phone_download,,mute_phone_download,,,src_charge|src_hearing|src_mg_forms|src_parties|src_dates|src_cctv|src_continuity|court_claims_28,4324,,SAFE_COURT | The defence asks the court to record that full BWV and continuity material should be served. || SAFE_POSITION | Sequence and force remain provisional pending served BWV and officer source material. || HEARING | 28 July 2026 09:
sha:052fad02543832eaba157ad83f4a44b726b2edbf548e377918f9ec6611c94dd1,PDF-052fad025438,CB-TB-246_Ash,052fad02543832eaba157ad83f4a44b726b2edbf548e377918f9ec6611c94dd1,OFFLINE_COURT_PROJECTION,,MUTE,mute_phone_download,,mute_phone_download,,,src_charge|src_hearing|src_mg_forms|src_parties|src_dates|court_claims_28,5848,,SAFE_COURT | The defence asks the court to record that full BWV and continuity material should be served. || SAFE_POSITION | Sequence and force remain provisional pending served BWV and officer source material. || HEARING | 21 August 2026 a
sha:05673dde899c3b6255d1af8ad0d40fee10acff568ac4404c9193629cfd114b59,PDF-05673dde899c,CB-TB-2087_Doyle,05673dde899c3b6255d1af8ad0d40fee10acff568ac4404c9193629cfd114b59,OFFLINE_COURT_PROJECTION,,MUTE,mute_cad_999,,mute_cad_999,,,src_charge|src_hearing|src_mg_forms|src_parties|src_dates|src_cctv|src_continuity|court_claims_29,5646,,SAFE_COURT | The defence asks the court to record that full BWV and continuity material should be served. || SAFE_POSITION | Sequence and force remain provisional pending served BWV and officer source material. || HEARING | 19 July 2026 at 
sha:05bbd2e351fc9447c1d2274fe0542cf69c852e00db82eafda1347d9843b47ac4,PDF-05bbd2e351fc,CB-TB-1231_Carver,05bbd2e351fc9447c1d2274fe0542cf69c852e00db82eafda1347d9843b47ac4,OFFLINE_COURT_PROJECTION,,DATE_ROLE,date_role_hearing_reused_as_deadline_language,,,,date_role_hearing_reused_as_deadline_language,src_charge|src_hearing|src_mg_forms|src_parties|src_dates|src_cctv|src_cctv_stills|src_continuity|court_claims_40,4108,,SAFE_COURT | The defence asks the court to record outstanding message/account source material and complainant statement gaps. || SAFE_POSITION | The defence position remains provisional pending served message/account material and instructio
sha:05c21fb1b4904de16d8ccd58633208bb73108647f8114e22761efe97bafb6aba,PDF-05c21fb1b490,CB-TB-1072_Webb,05c21fb1b4904de16d8ccd58633208bb73108647f8114e22761efe97bafb6aba,OFFLINE_COURT_PROJECTION,,MUTE,mute_cad_999,,mute_cad_999,,,src_charge|src_hearing|src_mg_forms|src_parties|src_dates|src_cctv|src_cctv_stills|src_continuity|court_claims_33,5201,,"SAFE_COURT | The defence asks the court to record outstanding device, calibration and procedure records. || SAFE_POSITION | Driver identity, procedure and device evidence remain provisional pending served source records. || HEARING | 10 Jul"
sha:071a198ac0c4761d087955a3645ccb2815ce8a5d3f22638c2c382cee4dd7d26f,PDF-071a198ac0c4,CB-TB-561_Price,071a198ac0c4761d087955a3645ccb2815ce8a5d3f22638c2c382cee4dd7d26f,OFFLINE_COURT_PROJECTION,,MODALITY,modality_summary_vs_recording,,,modality_summary_vs_recording,,src_charge|src_hearing|src_mg_forms|src_parties|src_dates|src_continuity|court_claims_33,2617,,"SAFE_COURT | The defence asks the court to record outstanding continuity, lab and search/phone material. || SAFE_POSITION | Possession, knowledge, intent and continuity remain provisional pending served drug/source material. || HEARING | 19"
sha:06af7f8615e2e0ae72422e3f0ee3a4f489465f1d18548f2c49a1303872641a80,PDF-06af7f8615e2,CB-TB-583_Flint,06af7f8615e2e0ae72422e3f0ee3a4f489465f1d18548f2c49a1303872641a80,OFFLINE_COURT_PROJECTION,,MODALITY,modality_summary_vs_recording,,,modality_summary_vs_recording,,src_charge|src_hearing|src_mg_forms|src_parties|src_dates|src_cctv|src_continuity|court_claims_37,3772,,SAFE_COURT | The defence asks the court to record outstanding message/account source material and complainant statement gaps. || SAFE_POSITION | The defence position remains provisional pending served message/account material and instructio
sha:075ddc3da2e2213a196687fa6c27a153d91f8675fea012504d7769756780f22b,PDF-075ddc3da2e2,CB-TB-1938_Lowry,075ddc3da2e2213a196687fa6c27a153d91f8675fea012504d7769756780f22b,OFFLINE_COURT_PROJECTION,,MUTE,mute_phone_download,,mute_phone_download,,,src_charge|src_hearing|src_mg_forms|src_parties|src_dates|src_cctv|src_continuity|court_claims_38,4724,,"SAFE_COURT | The defence asks the court to record outstanding CCTV, ID procedure and witness source material. || SAFE_POSITION | Identification and participation remain provisional pending served CCTV, ID and witness source material. || HEA"
sha:074ae9c44ac079b7484d787fea592d60b6152f09168d9de711c6179efa0c83e0,PDF-074ae9c44ac0,CB-TB-1683_Rees,074ae9c44ac079b7484d787fea592d60b6152f09168d9de711c6179efa0c83e0,OFFLINE_COURT_PROJECTION,,MUTE,mute_cad_999,,mute_cad_999,,,src_charge|src_hearing|src_mg_forms|src_parties|src_dates|src_cctv|court_claims_25,4365,,SAFE_COURT | The defence asks the court to record that full BWV and continuity material should be served. || SAFE_POSITION | Sequence and force remain provisional pending served BWV and officer source material. || HEARING | 27 June 2026 at 
sha:07b7ecbd569e80e6ace1a7d8a4b4253bfa5ef1fd14681d595096e0ae0290c034,PDF-07b7ecbd569e,CB-TB-554_Mitchell,07b7ecbd569e80e6ace1a7d8a4b4253bfa5ef1fd14681d595096e0ae0290c034,OFFLINE_COURT_PROJECTION,,MODALITY,modality_summary_vs_recording,,,modality_summary_vs_recording,,src_charge|src_hearing|src_mg_forms|src_parties|src_dates|src_continuity|court_claims_33,3377,,SAFE_COURT | The defence asks the court to record that source material must be clarified and timetabled. || SAFE_POSITION | The defence cannot safely fix a final position until the served source material is clarified. || HEARING | 25 June 2
sha:07f6dc94507fee126ee0d190daa1b549cd90ef99b51de4dd07b53bc98bf18a45,PDF-07f6dc94507f,CB-TB-748_Morgan,07f6dc94507fee126ee0d190daa1b549cd90ef99b51de4dd07b53bc98bf18a45,OFFLINE_COURT_PROJECTION,,MUTE,mute_cctv_master,,mute_cctv_master,,,src_charge|src_hearing|src_mg_forms|src_parties|src_dates|src_cctv|src_cctv_stills|src_continuity|court_claims_24,9756,,SAFE_COURT | The defence asks the court to record that full BWV and continuity material should be served. || SAFE_POSITION | Sequence and force remain provisional pending served BWV and officer source material. || HEARING | 24 August 2026 a
sha:07c6f98bf7e6906dbc5a207c7d5c99585fb69d47a33d2d2850fab386383993dd,PDF-07c6f98bf7e6,CB-TB-2166_Barlow,07c6f98bf7e6906dbc5a207c7d5c99585fb69d47a33d2d2850fab386383993dd,OFFLINE_COURT_PROJECTION,,MUTE,mute_phone_download,,mute_phone_download,,,src_charge|src_hearing|src_mg_forms|src_parties|src_dates|src_cctv|src_continuity|court_claims_21,9671,,"SAFE_COURT | The defence asks the court to record outstanding bank/device source and loss material. || SAFE_POSITION | Account control, dishonesty and loss remain provisional pending served bank/device source material. || HEARING | 15 Augus"
sha:0896af8fcb7388e8c928faf1617e96ba68baa39fef539e1ae1b116816af631f3,PDF-0896af8fcb73,CB-TB-781_Merritt,0896af8fcb7388e8c928faf1617e96ba68baa39fef539e1ae1b116816af631f3,OFFLINE_COURT_PROJECTION,,MUTE,mute_export_log,,mute_export_log|mute_cctv_master,,,src_charge|src_hearing|src_mg_forms|src_parties|src_dates|src_cctv|src_cctv_stills|court_claims_25,9926,,"SAFE_COURT | The defence asks the court to record outstanding CCTV, ID procedure and witness source material. || SAFE_POSITION | Identification and participation remain provisional pending served CCTV, ID and witness source material. || HEA"
sha:09112312e1957759fad03615e7d1e01b947870bc08a422c17f7c64f94bc6f9fd,PDF-09112312e195,CB-TB-1664_Sutton,09112312e1957759fad03615e7d1e01b947870bc08a422c17f7c64f94bc6f9fd,OFFLINE_COURT_PROJECTION,,MUTE,mute_cad_999,,mute_cad_999,,,src_charge|src_hearing|src_mg_forms|src_parties|src_dates|src_cctv|court_claims_21,2650,,SAFE_COURT | The defence asks the court to record that full BWV and continuity material should be served. || SAFE_POSITION | Sequence and force remain provisional pending served BWV and officer source material. || HEARING | 10 July 2026 at 
sha:093418c79890a3fa3353449240f4bd7ef0db0f1b5f6021f9bc6e1ca9a2917156,PDF-093418c79890,CB-TB-1588_Mason,093418c79890a3fa3353449240f4bd7ef0db0f1b5f6021f9bc6e1ca9a2917156,OFFLINE_COURT_PROJECTION,,MUTE,mute_phone_download,,mute_phone_download,,,src_charge|src_hearing|src_mg_forms|src_parties|src_cctv_stills|court_claims_24,2833,,SAFE_COURT | The defence asks the court to record that full custody and interview records remain outstanding. || SAFE_POSITION | Custody/PACE safeguards cannot be finally assessed until the full custody and interview material is served. || 
sha:0954b317ebad4e6231289a95f600e032d987c53d3555b847b0f7ba24da717ae8,PDF-0954b317ebad,CB-TB-1982_Reed,0954b317ebad4e6231289a95f600e032d987c53d3555b847b0f7ba24da717ae8,OFFLINE_COURT_PROJECTION,,MUTE,mute_phone_download,,mute_phone_download,,,src_charge|src_hearing|src_mg_forms|src_parties|src_dates|src_cctv|src_continuity|court_claims_34,6355,,"SAFE_COURT | The defence asks the court to record outstanding device, calibration and procedure records. || SAFE_POSITION | Driver identity, procedure and device evidence remain provisional pending served source records. || HEARING | 02 Sep"
sha:097d4f2c5dc192094f038cd26aa92d2c514a9df692287838e3d15f7295891cea,PDF-097d4f2c5dc1,CB-TB-2198_Patel,097d4f2c5dc192094f038cd26aa92d2c514a9df692287838e3d15f7295891cea,OFFLINE_COURT_PROJECTION,,MUTE,mute_phone_download,,mute_phone_download|mute_cad_999,,,src_charge|src_hearing|src_mg_forms|src_parties|src_dates|src_cctv|src_continuity|court_claims_21,10169,,"SAFE_COURT | The defence asks the court to record outstanding bank/device source and loss material. || SAFE_POSITION | Account control, dishonesty and loss remain provisional pending served bank/device source material. || HEARING | 2 July 2"
sha:09cdb549710a2ba734268455557441b4728a3002a99b3c46548640049f408f56,PDF-09cdb549710a,CB-TB-1553_Malik,09cdb549710a2ba734268455557441b4728a3002a99b3c46548640049f408f56,OFFLINE_COURT_PROJECTION,,MUTE,mute_cad_999,,mute_cad_999,,,src_charge|src_hearing|src_mg_forms|src_parties|src_cctv|src_cctv_stills|court_claims_21,3530,,"SAFE_COURT | The defence asks the court to record outstanding device, calibration and procedure records. || SAFE_POSITION | Driver identity, procedure and device evidence remain provisional pending served source records. || HEARING | 28 Aug"
sha:0a6e9116a533388b5d3e8dc88cda29298eccfb863bba3915ba95f42bdc50f688,PDF-0a6e9116a533,CB-TB-1962_Shaw,0a6e9116a533388b5d3e8dc88cda29298eccfb863bba3915ba95f42bdc50f688,OFFLINE_COURT_PROJECTION,,MUTE,mute_phone_download,,mute_phone_download,,,src_charge|src_hearing|src_mg_forms|src_parties|src_dates|src_cctv|src_continuity|court_claims_40,13386,,"SAFE_COURT | The defence asks the court to record outstanding CCTV, ID procedure and witness source material. || SAFE_POSITION | Identification and participation remain provisional pending served CCTV, ID and witness source material. || HEA"
sha:0a8457aba5c96457b0a76caf8fbcdf92639f39848bdfe559ae3e296bd304f050,PDF-0a8457aba5c9,CB-TB-1674_Hale,0a8457aba5c96457b0a76caf8fbcdf92639f39848bdfe559ae3e296bd304f050,OFFLINE_COURT_PROJECTION,,MUTE,mute_cad_999,,mute_cad_999,,,src_charge|src_hearing|src_mg_forms|src_parties|src_dates|src_cctv|court_claims_21,3179,,SAFE_COURT | The defence asks the court to record that full BWV and continuity material should be served. || SAFE_POSITION | Sequence and force remain provisional pending served BWV and officer source material. || HEARING | 9 August 2026 at
sha:0a84d4f16541b787ca7fe9b44f6dfa065b4d5bd0509480a25e840897643e8b62,PDF-0a84d4f16541,CB-TB-1525_Reynolds,0a84d4f16541b787ca7fe9b44f6dfa065b4d5bd0509480a25e840897643e8b62,OFFLINE_COURT_PROJECTION,,MUTE,mute_cad_999,,mute_cad_999,,,src_charge|src_hearing|src_mg_forms|src_parties|src_cctv|src_cctv_stills|court_claims_25,3719,,"SAFE_COURT | The defence asks the court to record outstanding CCTV, ID procedure and witness source material. || SAFE_POSITION | Identification and participation remain provisional pending served CCTV, ID and witness source material. || HEA"
sha:0ae84a2174c83b59ffe5bbd29afcfc87df7cbe2c82361964c294d26aa763bcbd,PDF-0ae84a2174c8,CB-TB-791_Clarke,0ae84a2174c83b59ffe5bbd29afcfc87df7cbe2c82361964c294d26aa763bcbd,OFFLINE_COURT_PROJECTION,,MUTE,mute_export_log,,mute_export_log|mute_cctv_master,,,src_charge|src_hearing|src_mg_forms|src_parties|src_dates|src_cctv|src_cctv_stills|court_claims_25,7256,,"SAFE_COURT | The defence asks the court to record outstanding CCTV, ID procedure and witness source material. || SAFE_POSITION | Identification and participation remain provisional pending served CCTV, ID and witness source material. || HEA"
sha:0b006d368ac23c29faa19b986620b586569bb215a3c9d1ca94221c86ba3ecb74,PDF-0b006d368ac2,CB-TB-1038_Foster,0b006d368ac23c29faa19b986620b586569bb215a3c9d1ca94221c86ba3ecb74,OFFLINE_COURT_PROJECTION,,MUTE,mute_cad_999,,mute_cad_999,,,src_charge|src_hearing|src_mg_forms|src_parties|src_dates|src_cctv|src_cctv_stills|src_continuity|court_claims_40,8352,,"SAFE_COURT | The defence asks the court to record outstanding CCTV, ID procedure and witness source material. || SAFE_POSITION | Identification and participation remain provisional pending served CCTV, ID and witness source material. || HEA"
sha:0a91f2c503af6fae423e26a87b814036dae003b92eb8f862564fee45fbde8abd,PDF-0a91f2c503af,CB-TB-953_Farrell,0a91f2c503af6fae423e26a87b814036dae003b92eb8f862564fee45fbde8abd,OFFLINE_COURT_PROJECTION,,MUTE,mute_phone_download,,mute_phone_download,,,src_charge|src_mg_forms|src_parties|src_cctv|court_claims_21,10257,,"SAFE_COURT | The defence asks the court to record outstanding device, calibration and procedure records. || SAFE_POSITION | Driver identity, procedure and device evidence remain provisional pending served source records. || HEARING | 14/07/"
sha:0b2f966bbcadb15266fca0cac09e1c4dbbe18c5b45dca5d3b39e569cca2b8af6,PDF-0b2f966bbcad,CB-TB-2200_West,0b2f966bbcadb15266fca0cac09e1c4dbbe18c5b45dca5d3b39e569cca2b8af6,OFFLINE_COURT_PROJECTION,,MUTE,mute_cad_999,,mute_cad_999,,,src_charge|src_hearing|src_mg_forms|src_parties|src_dates|src_cctv|src_continuity|court_claims_25,8353,,SAFE_COURT | The defence asks the court to record that full BWV and continuity material should be served. || SAFE_POSITION | Sequence and force remain provisional pending served BWV and officer source material. || HEARING | 8 July 2026 at 1
sha:0b9dada43da977ec730121db4f1dddea6450e51b6598619894e4784af41ae01e,PDF-0b9dada43da9,CB-TB-1227_Wright,0b9dada43da977ec730121db4f1dddea6450e51b6598619894e4784af41ae01e,OFFLINE_COURT_PROJECTION,,MUTE,mute_phone_download,,mute_phone_download,,,src_charge|src_hearing|src_mg_forms|src_parties|src_dates|src_continuity|court_claims_32,3568,,SAFE_COURT | The defence asks the court to record that full BWV and continuity material should be served. || SAFE_POSITION | Sequence and force remain provisional pending served BWV and officer source material. || HEARING | 21/06/2026 10:00
sha:0b861b57f50877d8d9b0b7df9b070265a53c8b94328b57b40ea0dee0f1a2d601,PDF-0b861b57f508,CB-TB-862_Mason,0b861b57f50877d8d9b0b7df9b070265a53c8b94328b57b40ea0dee0f1a2d601,OFFLINE_COURT_PROJECTION,,MUTE,mute_cctv_master,,mute_cctv_master,,,src_charge|src_hearing|src_mg_forms|src_dates|court_claims_25,3499,,"SAFE_COURT | The defence asks the court to record outstanding continuity, lab and search/phone material. || SAFE_POSITION | Possession, knowledge, intent and continuity remain provisional pending served drug/source material. || HEARING | 17"
sha:0b8c35577b839fe940b4dd14d79ca282c088b8abffa084bca9b40c79bdfb446d,PDF-0b8c35577b83,CB-TB-440_Turner,0b8c35577b839fe940b4dd14d79ca282c088b8abffa084bca9b40c79bdfb446d,OFFLINE_COURT_PROJECTION,,MODALITY,modality_screenshot_vs_download,,,modality_screenshot_vs_download,,src_charge|src_hearing|src_mg_forms|src_parties|src_cctv|src_continuity|court_claims_32,6482,,SAFE_COURT | The defence asks the court to record that full BWV and continuity material should be served. || SAFE_POSITION | Sequence and force remain provisional pending served BWV and officer source material. || HEARING | 21 June 2026 at 
sha:0cc036dc5e3bef7c604392c030886583a75a0b1f5874a0f000839efeb758b1b7,PDF-0cc036dc5e3b,CB-TB-2071_West,0cc036dc5e3bef7c604392c030886583a75a0b1f5874a0f000839efeb758b1b7,OFFLINE_COURT_PROJECTION,,MUTE,mute_cad_999,,mute_cad_999,,,src_charge|src_hearing|src_mg_forms|src_parties|src_dates|src_cctv|court_claims_21,2786,,SAFE_COURT | The defence asks the court to record that full BWV and continuity material should be served. || SAFE_POSITION | Sequence and force remain provisional pending served BWV and officer source material. || HEARING | 10 August 2026 a
sha:0c60785c9ffa45c4f55a034c40612318122494cbb52ea8d30ba5b07808b02064,PDF-0c60785c9ffa,CB-TB-1880_Hughes,0c60785c9ffa45c4f55a034c40612318122494cbb52ea8d30ba5b07808b02064,OFFLINE_COURT_PROJECTION,,MUTE,mute_phone_download,,mute_phone_download,,,src_charge|src_hearing|src_mg_forms|src_parties|src_dates|src_cctv|court_claims_37,3930,,"SAFE_COURT | The defence asks the court to record outstanding medical, video and sequence material. || SAFE_POSITION | Sequence, injury and causation remain provisional pending served witness, medical and video/source material. || HEARING |"
sha:0c4d40069262c7788b8b80340f00a2c77c682d8eae0ed065576986c2967601f6,PDF-0c4d40069262,CB-TB-1505_Newton,0c4d40069262c7788b8b80340f00a2c77c682d8eae0ed065576986c2967601f6,OFFLINE_COURT_PROJECTION,,MUTE,mute_cad_999,,mute_cad_999,,,src_charge|src_hearing|src_mg_forms|src_parties|src_cctv|src_cctv_stills|court_claims_24,4215,,SAFE_COURT | The defence asks the court to record that full custody and interview records remain outstanding. || SAFE_POSITION | Custody/PACE safeguards cannot be finally assessed until the full custody and interview material is served. || 
sha:0cec38891f416558025edeb6d3b080ce1dca17c21fc905d404ef4e9b0b21398b,PDF-0cec38891f41,CB-TB-1005_Barker,0cec38891f416558025edeb6d3b080ce1dca17c21fc905d404ef4e9b0b21398b,OFFLINE_COURT_PROJECTION,,MUTE,mute_cad_999,,mute_cad_999,,,src_charge|src_hearing|src_mg_forms|src_parties|src_dates|src_cctv|src_cctv_stills|src_continuity|court_claims_40,8471,,SAFE_COURT | The defence asks the court to record that full custody and interview records remain outstanding. || SAFE_POSITION | Custody/PACE safeguards cannot be finally assessed until the full custody and interview material is served. || 
sha:0d40677babce9227a6526c00dd56d052c9d47bd202af868ed6a68f052c3a0f20,PDF-0d40677babce,CB-TB-921_Merritt,0d40677babce9227a6526c00dd56d052c9d47bd202af868ed6a68f052c3a0f20,OFFLINE_COURT_PROJECTION,,MUTE,mute_cctv_master,,mute_cctv_master|mute_cad_999,,,src_charge|src_hearing|src_mg_forms|src_parties|src_cctv|court_claims_21,4036,,"SAFE_COURT | The defence asks the court to record outstanding device, calibration and procedure records. || SAFE_POSITION | Driver identity, procedure and device evidence remain provisional pending served source records. || HEARING | 25/07/"
sha:0d0ce8bf2606362b3726fa39469280a35669af91c672931cf219a0e7f0dbb1a1,PDF-0d0ce8bf2606,CB-TB-2119_Jennings,0d0ce8bf2606362b3726fa39469280a35669af91c672931cf219a0e7f0dbb1a1,OFFLINE_COURT_PROJECTION,,MUTE,mute_cad_999,,mute_cad_999,,,src_charge|src_hearing|src_mg_forms|src_parties|src_dates|src_cctv|src_continuity|court_claims_25,7240,,SAFE_COURT | The defence asks the court to record that full BWV and continuity material should be served. || SAFE_POSITION | Sequence and force remain provisional pending served BWV and officer source material. || HEARING | 14 August 2026 a
sha:0d6878c48dd705a08838bc970f9fd2ac647c5fd420c697fa322f131b5f7a45b3,PDF-0d6878c48dd7,CB-TB-2175_Fletcher,0d6878c48dd705a08838bc970f9fd2ac647c5fd420c697fa322f131b5f7a45b3,OFFLINE_COURT_PROJECTION,,MUTE,mute_cad_999,,mute_cad_999,,,src_charge|src_hearing|src_mg_forms|src_parties|src_dates|src_cctv|src_continuity|court_claims_25,11823,,"SAFE_COURT | The defence asks the court to record outstanding continuity, lab and search/phone material. || SAFE_POSITION | Possession, knowledge, intent and continuity remain provisional pending served drug/source material. || HEARING | 3 "
sha:0db7620c5a227534446d7f7d61253e921d9596421ca4433b07f6053d13af4d28,PDF-0db7620c5a22,CB-TB-050_Graves,0db7620c5a227534446d7f7d61253e921d9596421ca4433b07f6053d13af4d28,OFFLINE_COURT_PROJECTION,,INVENT,invent_phone_download,invent_phone_download,,,,src_charge|src_hearing|src_mg_forms|src_cctv|src_cctv_stills|court_claims_28,4051,,SAFE_COURT | The defence asks the court to record that full BWV and continuity material should be served. || SAFE_POSITION | Sequence and force remain provisional pending served BWV and officer source material. || HEARING | 16 June 2026 at 
sha:0db26fb8bf9a348b67057653e87d738c10ea5e690fec3340bc9f09fd0752bb4b,PDF-0db26fb8bf9a,CB-TB-914_Farrell,0db26fb8bf9a348b67057653e87d738c10ea5e690fec3340bc9f09fd0752bb4b,OFFLINE_COURT_PROJECTION,,MUTE,mute_cad_999,,mute_cad_999,,,src_charge|src_hearing|src_mg_forms|src_parties|src_cctv|court_claims_33,6215,,"SAFE_COURT | The defence asks the court to record outstanding continuity, lab and search/phone material. || SAFE_POSITION | Possession, knowledge, intent and continuity remain provisional pending served drug/source material. || HEARING | 15"
sha:0ddb2ddb613100cb72953fd6d9d124068242a9c64c776dff4185fb4fd5279a38,PDF-0ddb2ddb6131,CB-TB-1044_Reynolds,0ddb2ddb613100cb72953fd6d9d124068242a9c64c776dff4185fb4fd5279a38,OFFLINE_COURT_PROJECTION,,MUTE,mute_phone_download,,mute_phone_download,,,src_charge|src_hearing|src_mg_forms|src_parties|src_dates|court_claims_29,4878,,"SAFE_COURT | The defence asks the court to record outstanding medical, video and sequence material. || SAFE_POSITION | Sequence, injury and causation remain provisional pending served witness, medical and video/source material. || HEARING |"
sha:0e0af668ddd82f0b7645ca56089d51396d77c4fabd729d62ca7b272b00d4d456,PDF-0e0af668ddd8,CB-TB-797_Morgan,0e0af668ddd82f0b7645ca56089d51396d77c4fabd729d62ca7b272b00d4d456,OFFLINE_COURT_PROJECTION,,MUTE,mute_cctv_master,,mute_cctv_master,,,src_charge|src_hearing|src_mg_forms|src_parties|src_dates|src_cctv|court_claims_20,4415,,SAFE_COURT | The defence asks the court to record that full BWV and continuity material should be served. || SAFE_POSITION | Sequence and force remain provisional pending served BWV and officer source material. || HEARING | 21 August 2026 a
sha:0e06d7b6126a427d06c5a6dc6cd753ce4348ba3e56d78db61a0bd378344dd18d,PDF-0e06d7b6126a,CB-TB-509_Mitchell,0e06d7b6126a427d06c5a6dc6cd753ce4348ba3e56d78db61a0bd378344dd18d,OFFLINE_COURT_PROJECTION,,MODALITY,modality_summary_vs_recording,,,modality_summary_vs_recording,,src_charge|src_hearing|src_mg_forms|src_parties|src_dates|src_continuity|court_claims_32,8309,,SAFE_COURT | The defence asks the court to record that source material must be clarified and timetabled. || SAFE_POSITION | The defence cannot safely fix a final position until the served source material is clarified. || HEARING | 21 August
sha:0f05b8b0999054fffaf3564a382730e176fb286288df470afcb867ae4c09e221,PDF-0f05b8b09990,CB-TB-1910_Armitage,0f05b8b0999054fffaf3564a382730e176fb286288df470afcb867ae4c09e221,OFFLINE_COURT_PROJECTION,,MUTE,mute_phone_download,,mute_phone_download,,,src_charge|src_hearing|src_mg_forms|src_parties|src_dates|src_cctv|src_continuity|court_claims_29,6946,,SAFE_COURT | The defence asks the court to record that full BWV and continuity material should be served. || SAFE_POSITION | Sequence and force remain provisional pending served BWV and officer source material. || HEARING | 22 July 2026 10:
sha:0e4c94c582683a666e03f2f2cc0fbc616dd739c868126a3ee6f3a381e41c7ca4,PDF-0e4c94c58268,CB-TB-1981_Akhtar,0e4c94c582683a666e03f2f2cc0fbc616dd739c868126a3ee6f3a381e41c7ca4,OFFLINE_COURT_PROJECTION,,MUTE,mute_phone_download,,mute_phone_download,,,src_charge|src_hearing|src_mg_forms|src_parties|src_dates|src_cctv|court_claims_29,7376,,SAFE_COURT | The defence asks the court to record that full BWV and continuity material should be served. || SAFE_POSITION | Sequence and force remain provisional pending served BWV and officer source material. || HEARING | 21 June 2026 10:
sha:0f14333fb1041cc2409f21c31ea14f4bb500c6a8bb861b7bfe765cb3a544dcd3,PDF-0f14333fb104,CB-TB-2110_Okonkwo,0f14333fb1041cc2409f21c31ea14f4bb500c6a8bb861b7bfe765cb3a544dcd3,OFFLINE_COURT_PROJECTION,,MUTE,mute_cad_999,,mute_cad_999,,,src_charge|src_hearing|src_mg_forms|src_parties|src_dates|src_cctv|court_claims_25,5399,,SAFE_COURT | The defence asks the court to record that full BWV and continuity material should be served. || SAFE_POSITION | Sequence and force remain provisional pending served BWV and officer source material. || HEARING | 18 July 2026 at 
sha:0f5b8dfd7479646ca2a44efceffb56e983e3b3e4bdce156d6af6b66adbb5aed5,PDF-0f5b8dfd7479,CB-TB-1699_West,0f5b8dfd7479646ca2a44efceffb56e983e3b3e4bdce156d6af6b66adbb5aed5,OFFLINE_COURT_PROJECTION,,MUTE,mute_cad_999,,mute_cad_999,,,src_charge|src_hearing|src_mg_forms|src_parties|src_dates|src_cctv|src_continuity|court_claims_29,5910,,SAFE_COURT | The defence asks the court to record that full BWV and continuity material should be served. || SAFE_POSITION | Sequence and force remain provisional pending served BWV and officer source material. || HEARING | 14 August 2026 a
sha:0f2ca0cd10913ea60a04f28d472d38e01e34c5ee8c61e6fb330ae158f5bb593b,PDF-0f2ca0cd1091,CB-TB-997_Begum,0f2ca0cd10913ea60a04f28d472d38e01e34c5ee8c61e6fb330ae158f5bb593b,OFFLINE_COURT_PROJECTION,,MUTE,mute_phone_download,,mute_phone_download,,,src_charge|src_mg_forms|src_parties|src_cctv|court_claims_28,5501,,SAFE_COURT | The defence asks the court to record that full BWV and continuity material should be served. || SAFE_POSITION | Sequence and force remain provisional pending served BWV and officer source material. || HEARING | 27/07/2026 14:15
sha:0ff19dbe93a467db1ce3bedc333d03c6ec5ab36edc9af5933fcc4ed726d39d00,PDF-0ff19dbe93a4,CB-TB-2149_Barlow,0ff19dbe93a467db1ce3bedc333d03c6ec5ab36edc9af5933fcc4ed726d39d00,OFFLINE_COURT_PROJECTION,,MUTE,mute_cad_999,,mute_cad_999,,,src_charge|src_hearing|src_mg_forms|src_parties|src_dates|src_cctv|src_continuity|court_claims_25,8472,,SAFE_COURT | The defence asks the court to record outstanding message/account source material and complainant statement gaps. || SAFE_POSITION | The defence position remains provisional pending served message/account material and instructio
sha:10a6a57a04101c1f12b546dc04c163b0dc678ab5ba953249350adc191f297c10,PDF-10a6a57a0410,CB-TB-1271_Carver,10a6a57a04101c1f12b546dc04c163b0dc678ab5ba953249350adc191f297c10,OFFLINE_COURT_PROJECTION,,MUTE,mute_phone_download,,mute_phone_download,,,src_charge|src_hearing|src_mg_forms|src_parties|src_dates|src_cctv|src_cctv_stills|src_continuity|court_claims_25,4267,,"SAFE_COURT | The file indicates no banking and financial records is available — confirm in writing that none exists; absence may shift weight onto witness account quality and consistency. || SAFE_POSITION | Account control, dishonesty and l"
sha:105b2d0bb9ee7d05425fb6e3f81e3f583ccb7084ab641dca75ca6d1879fbdcc3,PDF-105b2d0bb9ee,CB-TB-788_Grant,105b2d0bb9ee7d05425fb6e3f81e3f583ccb7084ab641dca75ca6d1879fbdcc3,OFFLINE_COURT_PROJECTION,,MUTE,mute_export_log,,mute_export_log|mute_cctv_master,,,src_charge|src_hearing|src_mg_forms|src_parties|src_dates|src_cctv|src_cctv_stills|src_continuity|court_claims_29,8651,,"SAFE_COURT | The defence asks the court to record outstanding CCTV, ID procedure and witness source material. || SAFE_POSITION | Identification and participation remain provisional pending served CCTV, ID and witness source material. || HEA"
sha:107dece25c33643adff94d88c4ab0b7936b2d22c0dcd8bad1bbe73fd5b660ef4,PDF-107dece25c33,CB-TB-969_Khan,107dece25c33643adff94d88c4ab0b7936b2d22c0dcd8bad1bbe73fd5b660ef4,OFFLINE_COURT_PROJECTION,,MUTE,mute_cctv_master,,mute_cctv_master,,,src_charge|src_hearing|src_mg_forms|src_parties|src_cctv|court_claims_24,4606,,SAFE_COURT | The defence asks the court to record that full BWV and continuity material should be served. || SAFE_POSITION | Sequence and force remain provisional pending served BWV and officer source material. || HEARING | 29/08/2026 14:30
sha:105c1b1f951317bae590787042637e95c95682e83f15ea4fe88425ff2bbc005e,PDF-105c1b1f9513,CB-TB-1948_Barton,105c1b1f951317bae590787042637e95c95682e83f15ea4fe88425ff2bbc005e,OFFLINE_COURT_PROJECTION,,MUTE,mute_cctv_master,,mute_cctv_master|mute_phone_download|mute_cad_999,,,src_charge|src_hearing|src_mg_forms|src_parties|src_dates|src_cctv|src_continuity|court_claims_28,9864,,SAFE_COURT | The defence asks the court to record that full custody and interview records remain outstanding. || SAFE_POSITION | Custody/PACE safeguards cannot be finally assessed until the full custody and interview material is served. || 
sha:11202b29e2d2b5b464528bc9a3ad97cb6f62810553fece0474989e8c7815e4d4,PDF-11202b29e2d2,CB-TB-356_Coates,11202b29e2d2b5b464528bc9a3ad97cb6f62810553fece0474989e8c7815e4d4,OFFLINE_COURT_PROJECTION,,MUTE,mute_phone_download,,mute_phone_download,,,src_charge|src_hearing|src_mg_forms|src_parties|src_dates|src_continuity|court_claims_32,7271,,SAFE_COURT | The defence asks the court to record that full custody and interview records remain outstanding. || SAFE_POSITION | Custody/PACE safeguards cannot be finally assessed until the full custody and interview material is served. || 
sha:11177e39d52c429821a2bf40986442e966c077c3128900d3ac07478514779ea0,PDF-11177e39d52c,CB-TB-942_Naylor,11177e39d52c429821a2bf40986442e966c077c3128900d3ac07478514779ea0,OFFLINE_COURT_PROJECTION,,MUTE,mute_cctv_master,,mute_cctv_master,,,src_charge|src_hearing|src_mg_forms|src_parties|src_cctv|court_claims_28,9041,,SAFE_COURT | The defence asks the court to record that full BWV and continuity material should be served. || SAFE_POSITION | Sequence and force remain provisional pending served BWV and officer source material. || HEARING | 22/06/2026 09:30
sha:1264df7f4a0ac7388902ec70e9a7087d1650b4b544c6708bb510b8beedf6a72b,PDF-1264df7f4a0a,CB-TB-722_Morley,1264df7f4a0ac7388902ec70e9a7087d1650b4b544c6708bb510b8beedf6a72b,OFFLINE_COURT_PROJECTION,,MUTE,mute_cctv_master,,mute_cctv_master,,,src_charge|src_hearing|src_mg_forms|src_parties|src_dates|src_cctv|court_claims_24,4203,,SAFE_COURT | The defence asks the court to record that full BWV and continuity material should be served. || SAFE_POSITION | Sequence and force remain provisional pending served BWV and officer source material. || HEARING | 21 August 2026 a
sha:11c4cf212f904e31b474b5d82a580b73157fb84dd7edf6b608009c2afb134d70,PDF-11c4cf212f90,CB-TB-461_Khan,11c4cf212f904e31b474b5d82a580b73157fb84dd7edf6b608009c2afb134d70,OFFLINE_COURT_PROJECTION,,MUTE,mute_phone_download,,mute_phone_download,,,src_charge|src_hearing|src_mg_forms|src_parties|src_cctv|src_continuity|court_claims_24,6228,,SAFE_COURT | The defence asks the court to record that full BWV and continuity material should be served. || SAFE_POSITION | Sequence and force remain provisional pending served BWV and officer source material. || HEARING | 2 August 2026 at
sha:11c92ca78019761ddb22765c8c87b48acd64395d5fa03bb1e9ee90e355477309,PDF-11c92ca78019,CB-TB-1092_Thornton,11c92ca78019761ddb22765c8c87b48acd64395d5fa03bb1e9ee90e355477309,OFFLINE_COURT_PROJECTION,,MUTE,mute_cad_999,,mute_cad_999,,,src_charge|src_hearing|src_mg_forms|src_parties|src_dates|src_cctv|src_cctv_stills|src_continuity|court_claims_37,9140,,"SAFE_COURT | The defence asks the court to record outstanding device, calibration and procedure records. || SAFE_POSITION | Driver identity, procedure and device evidence remain provisional pending served source records. || HEARING | 20 Jul"
sha:122239d5c7e0b0836373a9fab4c31d1d075441cd4ec6f4d1f4dd98d33665e167,PDF-122239d5c7e0,CB-TB-1508_Patel,122239d5c7e0b0836373a9fab4c31d1d075441cd4ec6f4d1f4dd98d33665e167,OFFLINE_COURT_PROJECTION,,MUTE,mute_phone_download,,mute_phone_download,,,src_charge|src_hearing|src_mg_forms|src_parties|src_cctv|src_cctv_stills|court_claims_33,10701,,"SAFE_COURT | The defence asks the court to record outstanding medical, video and sequence material. || SAFE_POSITION | Sequence, injury and causation remain provisional pending served witness, medical and video/source material. || HEARING |"
sha:12f40f6420908c83d5e3f459a5e540c9f60b679b5b3a835b13a3a7b2c8e6166e,PDF-12f40f642090,CB-TB-1017_Pike,12f40f6420908c83d5e3f459a5e540c9f60b679b5b3a835b13a3a7b2c8e6166e,OFFLINE_COURT_PROJECTION,,MUTE,mute_cad_999,,mute_cad_999,,,src_charge|src_hearing|src_mg_forms|src_parties|src_dates|src_cctv|src_cctv_stills|src_continuity|court_claims_37,6008,,SAFE_COURT | The defence asks the court to record outstanding message/account source material and complainant statement gaps. || SAFE_POSITION | The defence position remains provisional pending served message/account material and instructio
sha:1273952c96a4e456d377760ca3dac0f8d44393e063ec052db1482a9306938290,PDF-1273952c96a4,CB-TB-1955_Kaur,1273952c96a4e456d377760ca3dac0f8d44393e063ec052db1482a9306938290,OFFLINE_COURT_PROJECTION,,MUTE,mute_cctv_master,,mute_cctv_master|mute_phone_download,,,src_charge|src_hearing|src_mg_forms|src_parties|src_dates|src_cctv|src_continuity|court_claims_37,10937,,SAFE_COURT | The defence asks the court to record that full BWV and continuity material should be served. || SAFE_POSITION | Sequence and force remain provisional pending served BWV and officer source material. || HEARING | 04 August 2026 1
sha:1349396cd552a801c97f63c4606bf45d4dce279a47e7d6146f90888a8c33ee09,PDF-1349396cd552,CB-TB-1087_Coleman,1349396cd552a801c97f63c4606bf45d4dce279a47e7d6146f90888a8c33ee09,OFFLINE_COURT_PROJECTION,,MUTE,mute_cad_999,,mute_cad_999,,,src_charge|src_hearing|src_mg_forms|src_parties|src_dates|src_cctv|src_continuity|court_claims_33,6631,,"SAFE_COURT | The defence asks the court to record outstanding continuity, lab and search/phone material. || SAFE_POSITION | Possession, knowledge, intent and continuity remain provisional pending served drug/source material. || HEARING | 23"
sha:139da16abcfc60a5080d50ea652145ea2fb21e5f72aa02bcbaeaf58ade4e2af9,PDF-139da16abcfc,CB-TB-239_Patterson,139da16abcfc60a5080d50ea652145ea2fb21e5f72aa02bcbaeaf58ade4e2af9,OFFLINE_COURT_PROJECTION,,MUTE,mute_phone_download,,mute_phone_download,,,src_charge|src_hearing|src_mg_forms|src_parties|src_dates|src_cctv|src_continuity|court_claims_29,6676,,"SAFE_COURT | Position remains provisional on the current papers — listed material families are not safely confirmed in the bundle yet. || SAFE_POSITION | Account control, dishonesty and loss remain provisional pending served bank/device sou"
sha:13f93bf8e3e0ea99cc1beea67f7682fb0d3f23922a1514ccee47cbca33f12ce2,PDF-13f93bf8e3e0,CB-TB-1577_Lane,13f93bf8e3e0ea99cc1beea67f7682fb0d3f23922a1514ccee47cbca33f12ce2,OFFLINE_COURT_PROJECTION,,MUTE,mute_cad_999,,mute_cad_999,,,src_charge|src_hearing|src_mg_forms|src_parties|src_cctv|src_cctv_stills|court_claims_25,5371,,"SAFE_COURT | The defence asks the court to record outstanding bank/device source and loss material. || SAFE_POSITION | Account control, dishonesty and loss remain provisional pending served bank/device source material. || HEARING | 24 Augus"
sha:13a449320e2d3747588f6daecb0abdd69561df60c6a75be5ff80be073892ed0b,PDF-13a449320e2d,CB-TB-985_Price,13a449320e2d3747588f6daecb0abdd69561df60c6a75be5ff80be073892ed0b,OFFLINE_COURT_PROJECTION,,MUTE,mute_phone_download,,mute_phone_download,,,src_charge|src_hearing|src_mg_forms|src_parties|src_dates|src_cctv|court_claims_25,6320,,"SAFE_COURT | Position remains provisional on the current papers — listed material families are not safely confirmed in the bundle yet. || SAFE_POSITION | Sequence, injury and causation remain provisional pending served witness, medical and "
sha:149ae21f8bfe600c1251d2c2736f9a88e2564a6a34b7f43f364ede381a6a9b1a,PDF-149ae21f8bfe,CB-TB-2127_Hale,149ae21f8bfe600c1251d2c2736f9a88e2564a6a34b7f43f364ede381a6a9b1a,OFFLINE_COURT_PROJECTION,,MUTE,mute_cad_999,,mute_cad_999,,,src_charge|src_hearing|src_mg_forms|src_parties|src_dates|src_cctv|src_continuity|court_claims_29,10550,,SAFE_COURT | The defence asks the court to record that full BWV and continuity material should be served. || SAFE_POSITION | Sequence and force remain provisional pending served BWV and officer source material. || HEARING | 29 June 2026 at 
sha:15b6c0120b329396e32083f5ce1765b5b3e7fdfb8d60720566973e6f329519ee,PDF-15b6c0120b32,CB-TB-534_Flint,15b6c0120b329396e32083f5ce1765b5b3e7fdfb8d60720566973e6f329519ee,OFFLINE_COURT_PROJECTION,,MODALITY,modality_summary_vs_recording,,,modality_summary_vs_recording,,src_charge|src_hearing|src_mg_forms|src_parties|src_dates|src_continuity|court_claims_29,6086,,"SAFE_COURT | The defence asks the court to record outstanding continuity, lab and search/phone material. || SAFE_POSITION | Possession, knowledge, intent and continuity remain provisional pending served drug/source material. || HEARING | 19"
sha:166ff2d9f20e253a5fd1a49e59498de5c87f5feb535a6bb90cd7a1daaccb0cd5,PDF-166ff2d9f20e,CB-TB-632_Olsen,166ff2d9f20e253a5fd1a49e59498de5c87f5feb535a6bb90cd7a1daaccb0cd5,OFFLINE_COURT_PROJECTION,,MUTE,mute_cctv_master,,mute_cctv_master,,,src_charge|src_hearing|src_mg_forms|src_parties|src_dates|src_cctv|src_continuity|court_claims_25,6952,,"SAFE_COURT | The defence asks the court to record outstanding continuity, lab and search/phone material. || SAFE_POSITION | Possession, knowledge, intent and continuity remain provisional pending served drug/source material. || HEARING | 07"
sha:16ca1bc2eab0e6b7ee462218cde5dfc8f7730bf7eb5c9dca3d754134bdfab13f,PDF-16ca1bc2eab0,CB-TB-673_Morley,16ca1bc2eab0e6b7ee462218cde5dfc8f7730bf7eb5c9dca3d754134bdfab13f,OFFLINE_COURT_PROJECTION,,MUTE,mute_cctv_master,,mute_cctv_master,,,src_charge|src_hearing|src_mg_forms|src_parties|src_dates|src_cctv|src_continuity|court_claims_24,3311,,SAFE_COURT | The defence asks the court to record that full BWV and continuity material should be served. || SAFE_POSITION | Sequence and force remain provisional pending served BWV and officer source material. || HEARING | 24 August 2026 a
sha:1732fb89dac9de07bdcc846881140e7a4d83d89cccd65302b42ce9f404aae90c,PDF-1732fb89dac9,CB-TB-2070_Khan,1732fb89dac9de07bdcc846881140e7a4d83d89cccd65302b42ce9f404aae90c,OFFLINE_COURT_PROJECTION,,INVENT,invent_phone_download,invent_phone_download,,modality_screenshot_vs_download,,src_charge|src_hearing|src_mg_forms|src_parties|src_dates|src_cctv|src_continuity|court_claims_25,3285,,"SAFE_COURT | The defence asks the court to record outstanding continuity, lab and search/phone material. || SAFE_POSITION | Possession, knowledge, intent and continuity remain provisional pending served drug/source material. || HEARING | 7 "
sha:1763b7f1375a386f4579017b3d1e0931cf5a92a0c1eede4087513f304a2b40f7,PDF-1763b7f1375a,CB-TB-1584_Price,1763b7f1375a386f4579017b3d1e0931cf5a92a0c1eede4087513f304a2b40f7,OFFLINE_COURT_PROJECTION,,MUTE,mute_cad_999,,mute_cad_999,,,src_charge|src_hearing|src_mg_forms|src_parties|src_cctv|src_cctv_stills|court_claims_21,4948,,"SAFE_COURT | The defence asks the court to record outstanding device, calibration and procedure records. || SAFE_POSITION | Driver identity, procedure and device evidence remain provisional pending served source records. || HEARING | 17 Jun"
sha:1735dca8c95e5de138aded1470dd5a56154681459c60d6c6d5b0b6d502aee650,PDF-1735dca8c95e,CB-TB-1861_Mercer,1735dca8c95e5de138aded1470dd5a56154681459c60d6c6d5b0b6d502aee650,OFFLINE_COURT_PROJECTION,,INVENT,invent_phone_download,invent_phone_download,,,,src_charge|src_hearing|src_mg_forms|src_parties|court_claims_29,8106,,"SAFE_COURT | The defence asks the court to record outstanding continuity, lab and search/phone material. || SAFE_POSITION | Possession, knowledge, intent and continuity remain provisional pending served drug/source material. || HEARING | 20"
sha:17c9a1e407ed3c49545b71bbca8db8e5ee978b82828ad15a455c40eb21408b92,PDF-17c9a1e407ed,CB-TB-2093_Hughes,17c9a1e407ed3c49545b71bbca8db8e5ee978b82828ad15a455c40eb21408b92,OFFLINE_COURT_PROJECTION,,INVENT,invent_phone_download,invent_phone_download,,,,src_charge|src_hearing|src_mg_forms|src_parties|src_dates|src_cctv|src_continuity|court_claims_25,6135,,"SAFE_COURT | The defence asks the court to record outstanding continuity, lab and search/phone material. || SAFE_POSITION | Possession, knowledge, intent and continuity remain provisional pending served drug/source material. || HEARING | 6 "
sha:180b9c23052ab8ebffc2e127d2381151c5c725daa7d235fd60ccb685b9b3e535,PDF-180b9c23052a,CB-TB-478_Murphy,180b9c23052ab8ebffc2e127d2381151c5c725daa7d235fd60ccb685b9b3e535,OFFLINE_COURT_PROJECTION,,MUTE,mute_phone_download,,mute_phone_download,,,src_charge|src_hearing|src_mg_forms|src_parties|src_cctv|src_continuity|court_claims_28,7786,,SAFE_COURT | The defence asks the court to record that full BWV and continuity material should be served. || SAFE_POSITION | Sequence and force remain provisional pending served BWV and officer source material. || HEARING | 25 June 2026 at 
sha:178c8bb4eadf761d3f213cbc2eef5efc860ca4c7756fd827c892644ec053b7df,PDF-178c8bb4eadf,CB-TB-1065_Parker,178c8bb4eadf761d3f213cbc2eef5efc860ca4c7756fd827c892644ec053b7df,OFFLINE_COURT_PROJECTION,,MUTE,mute_cad_999,,mute_cad_999,,,src_charge|src_hearing|src_mg_forms|src_parties|src_dates|src_cctv|src_cctv_stills|src_continuity|court_claims_36,10874,,SAFE_COURT | The defence asks the court to record that full BWV and continuity material should be served. || SAFE_POSITION | Sequence and force remain provisional pending served BWV and officer source material. || HEARING | 07 July 2026 at 
sha:18b8c76fe1e75a940cc63f5f7f5277c6d1f54e9798eb8d1e9dd1556c7c7de82c,PDF-18b8c76fe1e7,CB-TB-1079_Mitchell,18b8c76fe1e75a940cc63f5f7f5277c6d1f54e9798eb8d1e9dd1556c7c7de82c,OFFLINE_COURT_PROJECTION,,MUTE,mute_cad_999,,mute_cad_999,,,src_charge|src_hearing|src_mg_forms|src_parties|src_dates|src_cctv|src_cctv_stills|src_continuity|court_claims_36,6540,,SAFE_COURT | The defence asks the court to record that full custody and interview records remain outstanding. || SAFE_POSITION | Custody/PACE safeguards cannot be finally assessed until the full custody and interview material is served. || 
sha:1848f0971a9e29a8dd2b17386a443db7493ec5baa1c00bd1697c987f7d9e403b,PDF-1848f0971a9e,CB-TB-1619_Khan,1848f0971a9e29a8dd2b17386a443db7493ec5baa1c00bd1697c987f7d9e403b,OFFLINE_COURT_PROJECTION,,MODALITY,modality_screenshot_vs_download,,mute_cad_999,modality_screenshot_vs_download,,src_charge|src_hearing|src_mg_forms|src_parties|src_dates|src_cctv|src_continuity|court_claims_25,7523,,"SAFE_COURT | The defence asks the court to record outstanding continuity, lab and search/phone material. || SAFE_POSITION | Possession, knowledge, intent and continuity remain provisional pending served drug/source material. || HEARING | 15"
sha:19b3d7a1cc371a6e1db37b06cbe56617dd213c39e33cab43d4c52e4ef11c68f7,PDF-19b3d7a1cc37,CB-TB-693_Ross,19b3d7a1cc371a6e1db37b06cbe56617dd213c39e33cab43d4c52e4ef11c68f7,OFFLINE_COURT_PROJECTION,,MUTE,mute_cctv_master,,mute_cctv_master,,,src_charge|src_hearing|src_mg_forms|src_parties|src_dates|src_cctv|src_cctv_stills|src_continuity|court_claims_24,10520,,SAFE_COURT | The defence asks the court to record that full BWV and continuity material should be served. || SAFE_POSITION | Sequence and force remain provisional pending served BWV and officer source material. || HEARING | 09 August 2026 a
sha:1963db81219d4ea8d6e02eca46abb08e266e03ea6bdd3530c55affdc9847bef4,PDF-1963db81219d,CB-TB-895_Merritt,1963db81219d4ea8d6e02eca46abb08e266e03ea6bdd3530c55affdc9847bef4,OFFLINE_COURT_PROJECTION,,MUTE,mute_export_log,,mute_export_log,,,src_charge|src_hearing|src_mg_forms|src_parties|src_dates|src_cctv|src_continuity|court_claims_29,7180,,SAFE_COURT | The defence asks the court to record that full BWV and continuity material should be served. || SAFE_POSITION | Sequence and force remain provisional pending served BWV and officer source material. || HEARING | 10 July 2026 at 
sha:1a7b450c2b3a1b9aaa2d5aa975d531d65fbd34f76f90e32795030e370e73f73a,PDF-1a7b450c2b3a,CB-TB-1680_Grant,1a7b450c2b3a1b9aaa2d5aa975d531d65fbd34f76f90e32795030e370e73f73a,OFFLINE_COURT_PROJECTION,,MUTE,mute_cad_999,,mute_cad_999,,,src_charge|src_hearing|src_mg_forms|src_parties|src_dates|src_cctv|src_continuity|court_claims_25,4337,,SAFE_COURT | The defence asks the court to record that full BWV and continuity material should be served. || SAFE_POSITION | Sequence and force remain provisional pending served BWV and officer source material. || HEARING | 18 June 2026 at 
sha:1a04d99d75ecdde87aafb2aa6d543795851f1d67fe514348c44f4abcf9d31299,PDF-1a04d99d75ec,CB-TB-805_Flint,1a04d99d75ecdde87aafb2aa6d543795851f1d67fe514348c44f4abcf9d31299,OFFLINE_COURT_PROJECTION,,MUTE,mute_export_log,,mute_export_log,,,src_charge|src_hearing|src_mg_forms|src_parties|src_dates|src_cctv|src_continuity|court_claims_29,3984,,SAFE_COURT | The defence asks the court to record that full BWV and continuity material should be served. || SAFE_POSITION | Sequence and force remain provisional pending served BWV and officer source material. || HEARING | 13 August 2026 a
sha:19cf1528c31ff2209d92ac98d266931f4bf90ed486d00da8b2b8081ecfd502c4,PDF-19cf1528c31f,CB-TB-1066_Pike,19cf1528c31ff2209d92ac98d266931f4bf90ed486d00da8b2b8081ecfd502c4,OFFLINE_COURT_PROJECTION,,MUTE,mute_cad_999,,mute_cad_999,,,src_charge|src_hearing|src_mg_forms|src_parties|src_dates|src_cctv|src_cctv_stills|src_continuity|court_claims_36,10144,,SAFE_COURT | The defence asks the court to record that full custody and interview records remain outstanding. || SAFE_POSITION | Custody/PACE safeguards cannot be finally assessed until the full custody and interview material is served. || 
sha:1af68ed606d29348dbff9019135b53b79c5c1916938ea493782419e70e88841d,PDF-1af68ed606d2,CB-TB-321_Quinn,1af68ed606d29348dbff9019135b53b79c5c1916938ea493782419e70e88841d,OFFLINE_COURT_PROJECTION,,MUTE,mute_phone_download,,mute_phone_download,,,src_charge|src_hearing|src_mg_forms|src_parties|src_dates|src_cctv_stills|court_claims_25,7081,,"SAFE_COURT | The defence asks the court to record outstanding continuity, lab and search/phone material. || SAFE_POSITION | Possession, knowledge, intent and continuity remain provisional pending served drug/source material. || HEARING | 25"
sha:1aa615a74f4e48ae0bf5f2e0c46b5be61626c48a79db09b0dbc39fb6c3477d6b,PDF-1aa615a74f4e,CB-TB-754_Bennett,1aa615a74f4e48ae0bf5f2e0c46b5be61626c48a79db09b0dbc39fb6c3477d6b,OFFLINE_COURT_PROJECTION,,MUTE,mute_cctv_master,,mute_cctv_master,,,src_charge|src_hearing|src_mg_forms|src_parties|src_dates|src_cctv|src_cctv_stills|court_claims_24,7870,,SAFE_COURT | The defence asks the court to record that full BWV and continuity material should be served. || SAFE_POSITION | Sequence and force remain provisional pending served BWV and officer source material. || HEARING | 28 June 2026 at 
sha:1aef42d68d159e98e2e882b227570c18ba267b69c5c1e9bffbb174ffd823b8d4,PDF-1aef42d68d15,CB-TB-730_Grant,1aef42d68d159e98e2e882b227570c18ba267b69c5c1e9bffbb174ffd823b8d4,OFFLINE_COURT_PROJECTION,,MUTE,mute_cctv_master,,mute_cctv_master,,,src_charge|src_hearing|src_mg_forms|src_parties|src_dates|src_cctv|src_cctv_stills|court_claims_24,10064,,SAFE_COURT | The defence asks the court to record that full BWV and continuity material should be served. || SAFE_POSITION | Sequence and force remain provisional pending served BWV and officer source material. || HEARING | 01 July 2026 at 
sha:1bf39134d7544720724e8395609fcb77db45cf82a54765ee47ef3255e40d8a38,PDF-1bf39134d754,CB-TB-681_Ross,1bf39134d7544720724e8395609fcb77db45cf82a54765ee47ef3255e40d8a38,OFFLINE_COURT_PROJECTION,,MUTE,mute_cctv_master,,mute_cctv_master,,,src_charge|src_hearing|src_mg_forms|src_parties|src_dates|src_cctv|src_cctv_stills|court_claims_29,8564,,"SAFE_COURT | The defence asks the court to record outstanding CCTV, ID procedure and witness source material. || SAFE_POSITION | Identification and participation remain provisional pending served CCTV, ID and witness source material. || HEA"
sha:1bd82cab8217d963045f6e63c868ca5381e9bdd4c1d0b68cab57d18e74e8e4bc,PDF-1bd82cab8217,CB-TB-972_Akhtar,1bd82cab8217d963045f6e63c868ca5381e9bdd4c1d0b68cab57d18e74e8e4bc,OFFLINE_COURT_PROJECTION,,MUTE,mute_phone_download,,mute_phone_download,,,src_charge|src_hearing|src_mg_forms|src_parties|src_cctv|court_claims_33,7046,,"SAFE_COURT | The defence asks the court to record outstanding continuity, lab and search/phone material. || SAFE_POSITION | Possession, knowledge, intent and continuity remain provisional pending served drug/source material. || HEARING | 21"
sha:1cb4ec586c81a96f5ddd231b42a56d9f07d5e99a5a38c0c0fc4daceafa090c49,PDF-1cb4ec586c81,CB-TB-1926_Rahman,1cb4ec586c81a96f5ddd231b42a56d9f07d5e99a5a38c0c0fc4daceafa090c49,OFFLINE_COURT_PROJECTION,,MUTE,mute_cctv_master,,mute_cctv_master,,,src_charge|src_hearing|src_mg_forms|src_parties|src_dates|src_cctv|src_continuity|court_claims_29,3281,,SAFE_COURT | The defence asks the court to record that full BWV and continuity material should be served. || SAFE_POSITION | Sequence and force remain provisional pending served BWV and officer source material. || HEARING | 29 July 2026 10:
sha:1c77bb50f9c37e327377d1dc574fb42b09f5dc52fab83ecba23b485ecba98458,PDF-1c77bb50f9c3,CB-TB-2021_Sutton,1c77bb50f9c37e327377d1dc574fb42b09f5dc52fab83ecba23b485ecba98458,OFFLINE_COURT_PROJECTION,,MODALITY,modality_screenshot_vs_download,,,modality_screenshot_vs_download,,src_charge|src_hearing|src_mg_forms|src_parties|src_dates|src_cctv|src_continuity|court_claims_29,6401,,"SAFE_COURT | The defence asks the court to record outstanding continuity, lab and search/phone material. || SAFE_POSITION | Possession, knowledge, intent and continuity remain provisional pending served drug/source material. || HEARING | 31"
sha:1cc7058664c6ac92ed256fc1ced632fd5eb03bcdd0430131a5c2cc6181d318b0,PDF-1cc7058664c6,CB-TB-742_Morley,1cc7058664c6ac92ed256fc1ced632fd5eb03bcdd0430131a5c2cc6181d318b0,OFFLINE_COURT_PROJECTION,,MUTE,mute_export_log,,mute_export_log|mute_cctv_master,,,src_charge|src_hearing|src_mg_forms|src_parties|src_dates|src_cctv|src_cctv_stills|src_continuity|court_claims_25,9133,,"SAFE_COURT | The defence asks the court to record outstanding continuity, lab and search/phone material. || SAFE_POSITION | Possession, knowledge, intent and continuity remain provisional pending served drug/source material. || HEARING | 06"
sha:1d5b00bb7485a30c2a302a6afa74c04aeee7c7d0af6e46c5f54a3b24f9759e7d,PDF-1d5b00bb7485,CB-TB-390_Baines,1d5b00bb7485a30c2a302a6afa74c04aeee7c7d0af6e46c5f54a3b24f9759e7d,OFFLINE_COURT_PROJECTION,,MUTE,mute_phone_download,,mute_phone_download,,,src_charge|src_hearing|src_mg_forms|src_parties|src_dates|court_claims_28,7450,,SAFE_COURT | The defence asks the court to record that full custody and interview records remain outstanding. || SAFE_POSITION | Custody/PACE safeguards cannot be finally assessed until the full custody and interview material is served. || 
sha:1d13f336929d77b73318d23e12f0a04d8e3fa6014558d01305bdb03415e61ca0,PDF-1d13f336929d,CB-TB-432_Turner,1d13f336929d77b73318d23e12f0a04d8e3fa6014558d01305bdb03415e61ca0,OFFLINE_COURT_PROJECTION,,MODALITY,modality_screenshot_vs_download,,,modality_screenshot_vs_download,,src_charge|src_hearing|src_mg_forms|src_parties|src_cctv|src_continuity|court_claims_25,5282,,"SAFE_COURT | The defence asks the court to record outstanding continuity, lab and search/phone material. || SAFE_POSITION | Possession, knowledge, intent and continuity remain provisional pending served drug/source material. || HEARING | 16"
sha:1de50e6c066fb42b1ce27df2a6c7f2d7ffaadc1d2b0e971acfd063a746ed92a6,PDF-1de50e6c066f,CB-TB-734_Mitchell,1de50e6c066fb42b1ce27df2a6c7f2d7ffaadc1d2b0e971acfd063a746ed92a6,OFFLINE_COURT_PROJECTION,,MUTE,mute_cctv_master,,mute_cctv_master,,,src_charge|src_hearing|src_mg_forms|src_parties|src_dates|src_cctv|src_continuity|court_claims_25,7129,,"SAFE_COURT | The defence asks the court to record outstanding continuity, lab and search/phone material. || SAFE_POSITION | Possession, knowledge, intent and continuity remain provisional pending served drug/source material. || HEARING | 13"
sha:1ddfa706c1e68cd78f0a131b307212039081af7758443462b8fd922af218cb24,PDF-1ddfa706c1e6,CB-TB-2056_Moran,1ddfa706c1e68cd78f0a131b307212039081af7758443462b8fd922af218cb24,OFFLINE_COURT_PROJECTION,,MUTE,mute_cad_999,,mute_cad_999,,,src_charge|src_hearing|src_mg_forms|src_parties|src_dates|src_cctv|court_claims_25,5392,,SAFE_COURT | The defence asks the court to record that full BWV and continuity material should be served. || SAFE_POSITION | Sequence and force remain provisional pending served BWV and officer source material. || HEARING | 26 June 2026 at 
sha:1dc663f0da40fe0d8ba122ea26743459528e6f8712c078acfabf98b2d2944dd8,PDF-1dc663f0da40,CB-TB-1278_Blake,1dc663f0da40fe0d8ba122ea26743459528e6f8712c078acfabf98b2d2944dd8,OFFLINE_COURT_PROJECTION,,MUTE,mute_phone_download,,mute_phone_download,,,src_charge|src_hearing|src_mg_forms|src_parties|src_dates|src_cctv|src_continuity|court_claims_40,5463,,SAFE_COURT | The defence asks the court to record outstanding message/account source material and complainant statement gaps. || SAFE_POSITION | The defence position remains provisional pending served message/account material and instructio
sha:1dbac4c1e46fdbb3fb4d883d838b30b9c28feabbb5c92c4658a272ba2ade6924,PDF-1dbac4c1e46f,CB-TB-2130_Shaw,1dbac4c1e46fdbb3fb4d883d838b30b9c28feabbb5c92c4658a272ba2ade6924,OFFLINE_COURT_PROJECTION,,MUTE,mute_cad_999,,mute_cad_999,,,src_charge|src_hearing|src_mg_forms|src_parties|src_dates|src_cctv|src_continuity|court_claims_25,6312,,SAFE_COURT | The defence asks the court to record that full BWV and continuity material should be served. || SAFE_POSITION | Sequence and force remain provisional pending served BWV and officer source material. || HEARING | 8 July 2026 at 1
sha:1e630b94fbd245f8885fd14cc16a9701f8ba9ca665885008ff898576a2833a98,PDF-1e630b94fbd2,CB-TB-1213_Clarke,1e630b94fbd245f8885fd14cc16a9701f8ba9ca665885008ff898576a2833a98,OFFLINE_COURT_PROJECTION,,INVENT,invent_phone_download,invent_phone_download,mute_cad_999,modality_screenshot_vs_download,,src_charge|src_hearing|src_mg_forms|src_parties|src_dates|src_cctv|src_cctv_stills|src_continuity|court_claims_33,4163,,"SAFE_COURT | The defence asks the court to record outstanding continuity, lab and search/phone material. || SAFE_POSITION | Possession, knowledge, intent and continuity remain provisional pending served drug/source material. || HEARING | 24"
sha:1e5f0f888108dbbe4dcb69b5fceb147de80e4994cd605ccbc0537fd92bda5e77,PDF-1e5f0f888108,CB-TB-2083_Fletcher,1e5f0f888108dbbe4dcb69b5fceb147de80e4994cd605ccbc0537fd92bda5e77,OFFLINE_COURT_PROJECTION,,MUTE,mute_cad_999,,mute_cad_999,,,src_charge|src_hearing|src_mg_forms|src_parties|src_dates|src_cctv|src_continuity|court_claims_21,4387,,SAFE_COURT | The defence asks the court to record that full BWV and continuity material should be served. || SAFE_POSITION | Sequence and force remain provisional pending served BWV and officer source material. || HEARING | 7 July 2026 at 1
sha:1ec53df73dd1b0d38e28253b44207ab0d7dbeeb6953aaab97e417f8513dedb34,PDF-1ec53df73dd1,CB-TB-299_Rafiq,1ec53df73dd1b0d38e28253b44207ab0d7dbeeb6953aaab97e417f8513dedb34,OFFLINE_COURT_PROJECTION,,MUTE,mute_phone_download,,mute_phone_download,,,src_charge|src_hearing|src_mg_forms|src_parties|src_dates|court_claims_25,4116,,SAFE_COURT | The defence asks the court to record that source material must be clarified and timetabled. || SAFE_POSITION | The defence cannot safely fix a final position until the served source material is clarified. || HEARING | 12 August
sha:1ebf0ec0f22cba08834a37b778de84b704adb085eab030373c4de5cc2bfb72be,PDF-1ebf0ec0f22c,CB-TB-669_Foster,1ebf0ec0f22cba08834a37b778de84b704adb085eab030373c4de5cc2bfb72be,OFFLINE_COURT_PROJECTION,,MUTE,mute_cctv_master,,mute_cctv_master,,,src_charge|src_hearing|src_mg_forms|src_parties|src_dates|src_cctv|court_claims_24,6936,,SAFE_COURT | The defence asks the court to record that full BWV and continuity material should be served. || SAFE_POSITION | Sequence and force remain provisional pending served BWV and officer source material. || HEARING | 12 August 2026 a
sha:1ea03cd9eb3ddbf142afee71995b78325fb4289e322bb3d6585a4b9674f6dba5,PDF-1ea03cd9eb3d,CB-TB-569_Marsh,1ea03cd9eb3ddbf142afee71995b78325fb4289e322bb3d6585a4b9674f6dba5,OFFLINE_COURT_PROJECTION,,MODALITY,modality_summary_vs_recording,,,modality_summary_vs_recording,,src_charge|src_hearing|src_mg_forms|src_parties|src_dates|src_cctv|src_continuity|court_claims_37,8587,,"SAFE_COURT | Position remains provisional on the current papers — listed material families are not safely confirmed in the bundle yet. || SAFE_POSITION | Sequence, injury and causation remain provisional pending served witness, medical and "
sha:1f06a9de6f090e1df1c88a4e385197d45d3d789c6063e42af90403a3c9f2510c,PDF-1f06a9de6f09,CB-TB-739_Bennett,1f06a9de6f090e1df1c88a4e385197d45d3d789c6063e42af90403a3c9f2510c,OFFLINE_COURT_PROJECTION,,MUTE,mute_cctv_master,,mute_cctv_master,,,src_charge|src_hearing|src_mg_forms|src_parties|src_dates|src_cctv|court_claims_25,6131,,"SAFE_COURT | The defence asks the court to record outstanding continuity, lab and search/phone material. || SAFE_POSITION | Possession, knowledge, intent and continuity remain provisional pending served drug/source material. || HEARING | 28"
sha:1f00974906d9a94720939c29f8fbe97c06ab6cf9c0a6e7fc3c22e0d50b645399,PDF-1f00974906d9,CB-TB-588_Clarke,1f00974906d9a94720939c29f8fbe97c06ab6cf9c0a6e7fc3c22e0d50b645399,OFFLINE_COURT_PROJECTION,,MODALITY,modality_summary_vs_recording,,mute_cctv_master,modality_summary_vs_recording,,src_charge|src_hearing|src_mg_forms|src_parties|src_dates|src_cctv|src_continuity|court_claims_29,4121,,"SAFE_COURT | The defence asks the court to record outstanding continuity, lab and search/phone material. || SAFE_POSITION | Possession, knowledge, intent and continuity remain provisional pending served drug/source material. || HEARING | 18"
sha:1ede7d49eddb4baadf355302aa39c6c94d7f1ac2f96df8c7d604ba4baf40acc2,PDF-1ede7d49eddb,CB-TB-1889_Brookes,1ede7d49eddb4baadf355302aa39c6c94d7f1ac2f96df8c7d604ba4baf40acc2,OFFLINE_COURT_PROJECTION,,INVENT,invent_phone_download,invent_phone_download,,,,src_charge|src_hearing|src_mg_forms|src_parties|src_dates|src_cctv|src_continuity|court_claims_32,4694,,SAFE_COURT | The defence asks the court to record that the full extraction/source material remains outstanding. || SAFE_POSITION | Attribution remains provisional pending served device/source material and instructions. || HEARING | 29 July 
sha:1f655a2265e10d28c9549f85dc2719d7c53e24cdddf5a5f86f82c6992638376f,PDF-1f655a2265e1,CB-TB-120_Casey,1f655a2265e10d28c9549f85dc2719d7c53e24cdddf5a5f86f82c6992638376f,OFFLINE_COURT_PROJECTION,,MUTE,mute_cad_999,,mute_cad_999,,,src_charge|src_hearing|src_mg_forms|src_parties|src_cctv|src_continuity|court_claims_29,7739,,SAFE_COURT | The defence asks the court to record outstanding message/account source material and complainant statement gaps. || SAFE_POSITION | The defence position remains provisional pending served message/account material and instructio
sha:1f91b3a1055708333830dd3a179c9cb31ed81f31cd911705d0070b082b1928a1,PDF-1f91b3a10557,CB-TB-1999_Akhtar,1f91b3a1055708333830dd3a179c9cb31ed81f31cd911705d0070b082b1928a1,OFFLINE_COURT_PROJECTION,,MUTE,mute_cad_999,,mute_cad_999,,,src_charge|src_hearing|src_mg_forms|src_parties|src_dates|src_cctv|src_continuity|court_claims_36,9219,,SAFE_COURT | The defence asks the court to record that full custody and interview records remain outstanding. || SAFE_POSITION | Custody/PACE safeguards cannot be finally assessed until the full custody and interview material is served. || 
sha:1f878c4068988102be5ec49936878d84581a25f84cd95fe68ea30c47ec5c0fc6,PDF-1f878c406898,CB-TB-1095_Okonkwo,1f878c4068988102be5ec49936878d84581a25f84cd95fe68ea30c47ec5c0fc6,OFFLINE_COURT_PROJECTION,,MUTE,mute_cad_999,,mute_cad_999,,,src_charge|src_hearing|src_mg_forms|src_parties|src_dates|src_cctv|src_continuity|court_claims_36,9527,,SAFE_COURT | The defence asks the court to record that full BWV and continuity material should be served. || SAFE_POSITION | Sequence and force remain provisional pending served BWV and officer source material. || HEARING | 28 July 2026 at 
sha:2003bb04c02bbc71096d63c90949d67aae381e70fa2b6e068b25c1d4d799cf1d,PDF-2003bb04c02b,CB-TB-832_Byrne,2003bb04c02bbc71096d63c90949d67aae381e70fa2b6e068b25c1d4d799cf1d,OFFLINE_COURT_PROJECTION,,MUTE,mute_cctv_master,,mute_cctv_master,,,src_charge|src_hearing|src_mg_forms|src_dates|src_continuity|court_claims_28,4851,,SAFE_COURT | The defence asks the court to record that full BWV and continuity material should be served. || SAFE_POSITION | Sequence and force remain provisional pending served BWV and officer source material. || HEARING | 18 August 2026 a
sha:1fcfac0df7a2230476e916c408718e05fcc661edb19cd8a36ed6b08356a1e706,PDF-1fcfac0df7a2,CB-TB-1514_Bates,1fcfac0df7a2230476e916c408718e05fcc661edb19cd8a36ed6b08356a1e706,OFFLINE_COURT_PROJECTION,,MUTE,mute_cad_999,,mute_cad_999,,,src_charge|src_hearing|src_mg_forms|src_parties|src_cctv|src_cctv_stills|court_claims_33,10427,,"SAFE_COURT | The defence asks the court to record outstanding continuity, lab and search/phone material. || SAFE_POSITION | Possession, knowledge, intent and continuity remain provisional pending served drug/source material. || HEARING | 17"
sha:2031adfb5d345ee8920415b2fac1c4c80b3ff08d2fa4fc490290b1d0c221ea73,PDF-2031adfb5d34,CB-TB-678_Morgan,2031adfb5d345ee8920415b2fac1c4c80b3ff08d2fa4fc490290b1d0c221ea73,OFFLINE_COURT_PROJECTION,,MUTE,mute_export_log,,mute_export_log|mute_cctv_master,,,src_charge|src_hearing|src_mg_forms|src_parties|src_dates|src_cctv|src_cctv_stills|court_claims_25,8684,,"SAFE_COURT | The defence asks the court to record outstanding CCTV, ID procedure and witness source material. || SAFE_POSITION | Identification and participation remain provisional pending served CCTV, ID and witness source material. || HEA"
sha:202ae61eeff367ed5435fa95c9242c4108139892b37b52e98d10cb39ee281da8,PDF-202ae61eeff3,CB-TB-658_Parker,202ae61eeff367ed5435fa95c9242c4108139892b37b52e98d10cb39ee281da8,OFFLINE_COURT_PROJECTION,,MUTE,mute_cctv_master,,mute_cctv_master,,,src_charge|src_hearing|src_mg_forms|src_parties|src_dates|src_cctv|src_cctv_stills|court_claims_21,7467,,"SAFE_COURT | The defence asks the court to record outstanding device, calibration and procedure records. || SAFE_POSITION | Driver identity, procedure and device evidence remain provisional pending served source records. || HEARING | 10 Jul"
sha:202512afb4c0630565bd8a05a8547faeb67f47f01920d63e4bb2d16bf8b600c4,PDF-202512afb4c0,CB-TB-955_Merritt,202512afb4c0630565bd8a05a8547faeb67f47f01920d63e4bb2d16bf8b600c4,OFFLINE_COURT_PROJECTION,,MUTE,mute_phone_download,,mute_phone_download,,,src_charge|src_hearing|src_mg_forms|src_parties|src_dates|src_cctv|court_claims_24,5931,,SAFE_COURT | The defence asks the court to record that full BWV and continuity material should be served. || SAFE_POSITION | Sequence and force remain provisional pending served BWV and officer source material. || HEARING | 18/07/2026 13:15
sha:20ace02abc5211ba369d13326e36b1f751545854c409f37fa73d2e77fc3ba754,PDF-20ace02abc52,CB-TB-762_Thornton,20ace02abc5211ba369d13326e36b1f751545854c409f37fa73d2e77fc3ba754,OFFLINE_COURT_PROJECTION,,MUTE,mute_cctv_master,,mute_cctv_master,,,src_charge|src_hearing|src_mg_forms|src_parties|src_dates|src_cctv|court_claims_25,2607,,"SAFE_COURT | The defence asks the court to record outstanding device, calibration and procedure records. || SAFE_POSITION | Driver identity, procedure and device evidence remain provisional pending served source records. || HEARING | 22 Jul"
sha:20f739383dab28d40f0287f826ce050ebd295aebaccc97c84a1be0236aa5b31d,PDF-20f739383dab,CB-TB-524_Turner,20f739383dab28d40f0287f826ce050ebd295aebaccc97c84a1be0236aa5b31d,OFFLINE_COURT_PROJECTION,,MODALITY,modality_summary_vs_recording,,,modality_summary_vs_recording,,src_charge|src_hearing|src_mg_forms|src_parties|src_dates|src_cctv|src_continuity|court_claims_37,6709,,"SAFE_COURT | Position remains provisional on the current papers — listed material families are not safely confirmed in the bundle yet. || SAFE_POSITION | Sequence, injury and causation remain provisional pending served witness, medical and "
sha:21b0e6141affbaa8ad77faf7b2986c0cdfae04021c4ccc8135da4d8185bbe90f,PDF-21b0e6141aff,CB-TB-728_Quinn,21b0e6141affbaa8ad77faf7b2986c0cdfae04021c4ccc8135da4d8185bbe90f,OFFLINE_COURT_PROJECTION,,MUTE,mute_cctv_master,,mute_cctv_master,,,src_charge|src_hearing|src_mg_forms|src_parties|src_dates|src_cctv|src_cctv_stills|src_continuity|court_claims_24,7707,,SAFE_COURT | The defence asks the court to record that full BWV and continuity material should be served. || SAFE_POSITION | Sequence and force remain provisional pending served BWV and officer source material. || HEARING | 25 June 2026 at 
sha:2250abbfbe0afcc8ed6b356c6816d43fc876f3f8de9c18c8f8e8d5b159729e02,PDF-2250abbfbe0a,CB-TB-690_Patterson,2250abbfbe0afcc8ed6b356c6816d43fc876f3f8de9c18c8f8e8d5b159729e02,OFFLINE_COURT_PROJECTION,,MUTE,mute_export_log,,mute_export_log|mute_cctv_master,,,src_charge|src_hearing|src_mg_forms|src_parties|src_dates|src_cctv|src_cctv_stills|court_claims_25,9051,,"SAFE_COURT | The defence asks the court to record outstanding CCTV, ID procedure and witness source material. || SAFE_POSITION | Identification and participation remain provisional pending served CCTV, ID and witness source material. || HEA"
sha:21a2e12e50e89f4f5154519a30643f007010e742d39c42bfc4053128915aa070,PDF-21a2e12e50e8,CB-TB-261_Ross,21a2e12e50e89f4f5154519a30643f007010e742d39c42bfc4053128915aa070,OFFLINE_COURT_PROJECTION,,MUTE,mute_phone_download,,mute_phone_download,,,src_charge|src_hearing|src_mg_forms|src_parties|src_dates|src_cctv|src_continuity|court_claims_28,13498,,SAFE_COURT | The defence asks the court to record that full custody and interview records remain outstanding. || SAFE_POSITION | Custody/PACE safeguards cannot be finally assessed until the full custody and interview material is served. || 
sha:22780bbd8032a4319665b090519a4306bed40dca5bb440ded39e74bc3e3cbf59,PDF-22780bbd8032,CB-TB-263_Holt,22780bbd8032a4319665b090519a4306bed40dca5bb440ded39e74bc3e3cbf59,OFFLINE_COURT_PROJECTION,,MUTE,mute_phone_download,,mute_phone_download,,,src_charge|src_hearing|src_mg_forms|src_parties|src_dates|src_cctv|src_continuity|court_claims_24,7737,,SAFE_COURT | The defence asks the court to record that full custody and interview records remain outstanding. || SAFE_POSITION | Custody/PACE safeguards cannot be finally assessed until the full custody and interview material is served. || 
sha:226801f85a3c0c39908ef30ba8f9ee6aa329999842ac3452307525a354e984b2,PDF-226801f85a3c,CB-TB-160_Marlow,226801f85a3c0c39908ef30ba8f9ee6aa329999842ac3452307525a354e984b2,OFFLINE_COURT_PROJECTION,,MUTE,mute_phone_download,,mute_phone_download|mute_cad_999,,,src_charge|src_hearing|src_mg_forms|src_parties|src_cctv|src_continuity|court_claims_28,11279,,SAFE_COURT | The defence asks the court to record that full custody and interview records remain outstanding. || SAFE_POSITION | Custody/PACE safeguards cannot be finally assessed until the full custody and interview material is served. || 
sha:234a9c9eb2fbbe2e823e098263bc1a493ae999edb6530fb1831f9836f05c65b1,PDF-234a9c9eb2fb,CB-TB-2045_Nolan,234a9c9eb2fbbe2e823e098263bc1a493ae999edb6530fb1831f9836f05c65b1,OFFLINE_COURT_PROJECTION,,MUTE,mute_cad_999,,mute_cad_999,,,src_charge|src_hearing|src_mg_forms|src_parties|src_cctv|src_continuity|court_claims_25,4111,,SAFE_COURT | The defence asks the court to record that full BWV and continuity material should be served. || SAFE_POSITION | Sequence and force remain provisional pending served BWV and officer source material. || HEARING | 2 August 2026 at
sha:2316a18373ef53cea7e62d508b20b7797b77346421006d1790a695949866341d,PDF-2316a18373ef,CB-TB-1918_Finch,2316a18373ef53cea7e62d508b20b7797b77346421006d1790a695949866341d,OFFLINE_COURT_PROJECTION,,MUTE,mute_cctv_master,,mute_cctv_master|mute_phone_download,,,src_charge|src_hearing|src_mg_forms|src_parties|src_dates|src_cctv|src_continuity|court_claims_29,5509,,SAFE_COURT | The defence asks the court to record that full BWV and continuity material should be served. || SAFE_POSITION | Sequence and force remain provisional pending served BWV and officer source material. || HEARING | 02 September 202
sha:22dfd9b56a73618ee1ec547ae5e861ae97f850bddc76c28a95b08ce035e5eb1c,PDF-22dfd9b56a73,CB-TB-670_Morris,22dfd9b56a73618ee1ec547ae5e861ae97f850bddc76c28a95b08ce035e5eb1c,OFFLINE_COURT_PROJECTION,,MUTE,mute_cctv_master,,mute_cctv_master,,,src_charge|src_hearing|src_mg_forms|src_parties|src_dates|src_cctv|src_cctv_stills|court_claims_24,8044,,SAFE_COURT | The defence asks the court to record that full BWV and continuity material should be served. || SAFE_POSITION | Sequence and force remain provisional pending served BWV and officer source material. || HEARING | 15 August 2026 a
sha:2350ee8b9d64d250d99da59be4e08b26a935b08a12e0f031bc20e25bc844b0db,PDF-2350ee8b9d64,CB-TB-1575_Reynolds,2350ee8b9d64d250d99da59be4e08b26a935b08a12e0f031bc20e25bc844b0db,OFFLINE_COURT_PROJECTION,,INVENT,invent_phone_download,invent_phone_download,,,,src_charge|src_hearing|src_mg_forms|src_parties|src_cctv|src_cctv_stills|src_continuity|court_claims_29,2581,,"SAFE_COURT | The defence asks the court to record outstanding continuity, lab and search/phone material. || SAFE_POSITION | Possession, knowledge, intent and continuity remain provisional pending served drug/source material. || HEARING | 22"
sha:2356a71b5931544a760aae4665b4147359958a94e170f0b3cd207ffd65bf70fb,PDF-2356a71b5931,CB-TB-1814_Glover,2356a71b5931544a760aae4665b4147359958a94e170f0b3cd207ffd65bf70fb,OFFLINE_COURT_PROJECTION,,MUTE,mute_phone_download,,mute_phone_download,,,src_charge|src_hearing|src_mg_forms|src_parties|src_dates|src_cctv_stills|court_claims_28,4784,,SAFE_COURT | The defence asks the court to record that full BWV and continuity material should be served. || SAFE_POSITION | Sequence and force remain provisional pending served BWV and officer source material. || HEARING | 29 July 2026 14:
sha:2361f977e101dba2d0ddcded875b29b8123352649c21a1b433ffe09c3f261507,PDF-2361f977e101,CB-TB-2094_Rees,2361f977e101dba2d0ddcded875b29b8123352649c21a1b433ffe09c3f261507,OFFLINE_COURT_PROJECTION,,MUTE,mute_cad_999,,mute_cad_999,,,src_charge|src_hearing|src_mg_forms|src_parties|src_dates|src_cctv|src_continuity|court_claims_29,9376,,SAFE_COURT | The defence asks the court to record that full BWV and continuity material should be served. || SAFE_POSITION | Sequence and force remain provisional pending served BWV and officer source material. || HEARING | 9 August 2026 at
sha:2350408cbd360dfc31d514ff829e2ec5aad44d910ac549ead235897980f361d4,PDF-2350408cbd36,CB-TB-1012_Walsh,2350408cbd360dfc31d514ff829e2ec5aad44d910ac549ead235897980f361d4,OFFLINE_COURT_PROJECTION,,MUTE,mute_cad_999,,mute_cad_999,,,src_charge|src_hearing|src_mg_forms|src_parties|src_dates|src_cctv|src_cctv_stills|src_continuity|court_claims_37,10381,,"SAFE_COURT | The defence asks the court to record outstanding device, calibration and procedure records. || SAFE_POSITION | Driver identity, procedure and device evidence remain provisional pending served source records. || HEARING | 05 Aug"
sha:23ab9c3a168fcd572d6acc507f76f875b7d2e9b4acc42f5a151d2bce5b56c4c5,PDF-23ab9c3a168f,CB-TB-2121_Fletcher,23ab9c3a168fcd572d6acc507f76f875b7d2e9b4acc42f5a151d2bce5b56c4c5,OFFLINE_COURT_PROJECTION,,MUTE,mute_cad_999,,mute_cad_999,,,src_charge|src_hearing|src_mg_forms|src_parties|src_dates|src_cctv|src_continuity|court_claims_25,10664,,SAFE_COURT | The defence asks the court to record that full BWV and continuity material should be served. || SAFE_POSITION | Sequence and force remain provisional pending served BWV and officer source material. || HEARING | 20 August 2026 a
sha:241532c1ed15e5eff6b1cdc5e713b722e0d995e501bb3af1f6f66214347abe60,PDF-241532c1ed15,CB-TB-767_Doyle,241532c1ed15e5eff6b1cdc5e713b722e0d995e501bb3af1f6f66214347abe60,OFFLINE_COURT_PROJECTION,,MUTE,mute_cctv_master,,mute_cctv_master|mute_cad_999,,,src_charge|src_hearing|src_mg_forms|src_parties|src_dates|src_cctv|src_cctv_stills|court_claims_20,7241,,SAFE_COURT | The defence asks the court to record that full BWV and continuity material should be served. || SAFE_POSITION | Sequence and force remain provisional pending served BWV and officer source material. || HEARING | 06 August 2026 a
sha:242447a7b8dd043739b4d1aac17019aadca04f4060b84b6eae67d88d6f453e72,PDF-242447a7b8dd,CB-TB-1906_Mills,242447a7b8dd043739b4d1aac17019aadca04f4060b84b6eae67d88d6f453e72,OFFLINE_COURT_PROJECTION,,MUTE,mute_cctv_master,,mute_cctv_master|mute_phone_download,,,src_charge|src_hearing|src_mg_forms|src_parties|src_dates|src_cctv|src_continuity|court_claims_40,8435,,SAFE_COURT | The defence asks the court to record that full custody and interview records remain outstanding. || SAFE_POSITION | Custody/PACE safeguards cannot be finally assessed until the full custody and interview material is served. || 
sha:23ba2230b23c07d0d5c9d2c0ea97588db37cc7c6cb0f70b6299a90815a09466c,PDF-23ba2230b23c,CB-TB-1857_Dale,23ba2230b23c07d0d5c9d2c0ea97588db37cc7c6cb0f70b6299a90815a09466c,OFFLINE_COURT_PROJECTION,,INVENT,invent_phone_download,invent_phone_download,,,,src_charge|src_hearing|src_mg_forms|src_parties|src_dates|src_continuity|court_claims_36,6649,,SAFE_COURT | The defence asks the court to record that the full extraction/source material remains outstanding. || SAFE_POSITION | Attribution remains provisional pending served device/source material and instructions. || HEARING | 08 July 
sha:241458624b3be3a6308aa7bb271c7ba70e26ed3a2f09d1ace2a806f9317f9ef3,PDF-241458624b3b,CB-TB-968_Hale,241458624b3be3a6308aa7bb271c7ba70e26ed3a2f09d1ace2a806f9317f9ef3,OFFLINE_COURT_PROJECTION,,MUTE,mute_cctv_master,,mute_cctv_master,,,src_charge|src_hearing|src_mg_forms|src_parties|src_cctv|court_claims_28,10372,,SAFE_COURT | The defence asks the court to record that full BWV and continuity material should be served. || SAFE_POSITION | Sequence and force remain provisional pending served BWV and officer source material. || HEARING | 13/08/2026 10:00
sha:245941ecc4fdb256267c0c7a4c2d22a275ce0c34ae40f92a96654a6772d789a1,PDF-245941ecc4fd,CB-TB-419_Ryder,245941ecc4fdb256267c0c7a4c2d22a275ce0c34ae40f92a96654a6772d789a1,OFFLINE_COURT_PROJECTION,,MUTE,mute_phone_download,,mute_phone_download,,,src_charge|src_hearing|src_mg_forms|src_parties|src_cctv|src_continuity|court_claims_32,6028,,SAFE_COURT | The defence asks the court to record that full BWV and continuity material should be served. || SAFE_POSITION | Sequence and force remain provisional pending served BWV and officer source material. || HEARING | 21 July 2026 at 
sha:249306cddb3a06a04ff5367b549afb76e27e2146ced1f8166d05aa9d70dc6e75,PDF-249306cddb3a,CB-TB-1862_Barker,249306cddb3a06a04ff5367b549afb76e27e2146ced1f8166d05aa9d70dc6e75,OFFLINE_COURT_PROJECTION,,MUTE,mute_phone_download,,mute_phone_download,,,src_charge|src_hearing|src_mg_forms|src_parties|src_dates|src_continuity|court_claims_33,3418,,"SAFE_COURT | The defence asks the court to record outstanding device, calibration and procedure records. || SAFE_POSITION | Driver identity, procedure and device evidence remain provisional pending served source records. || HEARING | 23 Jul"
sha:24e1fd8bf38dd24265a8fafcfe08d121cf81da0cb08088d18fd5b996133868db,PDF-24e1fd8bf38d,CB-TB-575_Ross,24e1fd8bf38dd24265a8fafcfe08d121cf81da0cb08088d18fd5b996133868db,OFFLINE_COURT_PROJECTION,,MODALITY,modality_summary_vs_recording,,,modality_summary_vs_recording,,src_charge|src_hearing|src_mg_forms|src_parties|src_dates|src_continuity|court_claims_33,7548,,"SAFE_COURT | Position remains provisional on the current papers — listed material families are not safely confirmed in the bundle yet. || SAFE_POSITION | Sequence, injury and causation remain provisional pending served witness, medical and "
sha:253be4e9975dd793093f8ffc33a344c266d7a5d1abd9e9da3290fcb7926e6e2a,PDF-253be4e9975d,CB-TB-1067_Morris,253be4e9975dd793093f8ffc33a344c266d7a5d1abd9e9da3290fcb7926e6e2a,OFFLINE_COURT_PROJECTION,,MUTE,mute_cad_999,,mute_cad_999,,,src_charge|src_hearing|src_mg_forms|src_parties|src_dates|src_cctv|src_cctv_stills|src_continuity|court_claims_33,6872,,"SAFE_COURT | The defence asks the court to record outstanding continuity, lab and search/phone material. || SAFE_POSITION | Possession, knowledge, intent and continuity remain provisional pending served drug/source material. || HEARING | 29"
sha:255e9fbd8352936883424618028af152c34eae76577bfb257b2f8945f87b8686,PDF-255e9fbd8352,CB-TB-2171_Mason,255e9fbd8352936883424618028af152c34eae76577bfb257b2f8945f87b8686,OFFLINE_COURT_PROJECTION,,MUTE,mute_cad_999,,mute_cad_999,,,src_charge|src_hearing|src_mg_forms|src_parties|src_dates|src_cctv|src_continuity|court_claims_29,7546,,SAFE_COURT | The defence asks the court to record that full BWV and continuity material should be served. || SAFE_POSITION | Sequence and force remain provisional pending served BWV and officer source material. || HEARING | 21 June 2026 at 
sha:260dd6b4d764adfcb8a8624b8036905cb03004970dced3c0d1659b49726265f9,PDF-260dd6b4d764,CB-TB-441_Flint,260dd6b4d764adfcb8a8624b8036905cb03004970dced3c0d1659b49726265f9,OFFLINE_COURT_PROJECTION,,MODALITY,modality_screenshot_vs_download,,,modality_screenshot_vs_download,,src_charge|src_hearing|src_mg_forms|src_parties|src_cctv|src_continuity|court_claims_28,3987,,SAFE_COURT | The defence asks the court to record that the full extraction/source material remains outstanding. || SAFE_POSITION | Attribution remains provisional pending served device/source material and instructions. || HEARING | 23 June 
sha:257a17804ad6c932c5eabf81da88a9723d61ac62ebfb3493c8534e6100227369,PDF-257a17804ad6,CB-TB-676_Coleman,257a17804ad6c932c5eabf81da88a9723d61ac62ebfb3493c8534e6100227369,OFFLINE_COURT_PROJECTION,,MUTE,mute_cctv_master,,mute_cctv_master,,,src_charge|src_hearing|src_mg_forms|src_parties|src_dates|src_cctv|src_continuity|court_claims_25,7090,,"SAFE_COURT | The defence asks the court to record outstanding CCTV, ID procedure and witness source material. || SAFE_POSITION | Identification and participation remain provisional pending served CCTV, ID and witness source material. || HEA"
sha:2629344790d9e1b4cbaca5950283a1edb26f05e44569fa7f7947e95a5ca0ef3e,PDF-2629344790d9,CB-TB-763_Marsh,2629344790d9e1b4cbaca5950283a1edb26f05e44569fa7f7947e95a5ca0ef3e,OFFLINE_COURT_PROJECTION,,MUTE,mute_cctv_master,,mute_cctv_master,,,src_charge|src_hearing|src_mg_forms|src_parties|src_dates|src_cctv|src_cctv_stills|court_claims_21,2601,,"SAFE_COURT | The defence asks the court to record outstanding device, calibration and procedure records. || SAFE_POSITION | Driver identity, procedure and device evidence remain provisional pending served source records. || HEARING | 25 Jul"
sha:264af2665f6c2dd1c632070eb34799d509b5527eefb759acfb83794dea6a966f,PDF-264af2665f6c,CB-TB-1623_Ross,264af2665f6c2dd1c632070eb34799d509b5527eefb759acfb83794dea6a966f,OFFLINE_COURT_PROJECTION,,MODALITY,modality_screenshot_vs_download,,,modality_screenshot_vs_download,,src_charge|src_hearing|src_mg_forms|src_parties|src_cctv|src_continuity|court_claims_25,4632,,"SAFE_COURT | Position remains provisional on the current papers — listed material families are not safely confirmed in the bundle yet. || SAFE_POSITION | Account control, dishonesty and loss remain provisional pending served bank/device sou"
sha:2723c7c8088e1a3fd6a305c4a1db53b903b4304517a2792e44303867d1c6f0fc,PDF-2723c7c8088e,CB-TB-2091_Barlow,2723c7c8088e1a3fd6a305c4a1db53b903b4304517a2792e44303867d1c6f0fc,OFFLINE_COURT_PROJECTION,,MUTE,mute_phone_download,,mute_phone_download,,,src_charge|src_hearing|src_mg_forms|src_parties|src_dates|src_cctv|src_continuity|court_claims_20,5299,,SAFE_COURT | The defence asks the court to record that full custody and interview records remain outstanding. || SAFE_POSITION | Custody/PACE safeguards cannot be finally assessed until the full custody and interview material is served. || 
sha:26e05eb846c4d6bf6e9e0434f27ff409a6d34397d1ccf873f0bfeb1df07a8a10,PDF-26e05eb846c4,CB-TB-2136_Pike,26e05eb846c4d6bf6e9e0434f27ff409a6d34397d1ccf873f0bfeb1df07a8a10,OFFLINE_COURT_PROJECTION,,MUTE,mute_cad_999,,mute_cad_999,,,src_charge|src_hearing|src_mg_forms|src_parties|src_dates|src_cctv|src_continuity|court_claims_21,6451,,SAFE_COURT | The defence asks the court to record that full BWV and continuity material should be served. || SAFE_POSITION | Sequence and force remain provisional pending served BWV and officer source material. || HEARING | 26 July 2026 at 
sha:27863b425fa80105c4f4b7d86510b720a8ba1953e56aef1c8778734a1d10cbb9,PDF-27863b425fa8,CB-TB-2062_Hayes,27863b425fa80105c4f4b7d86510b720a8ba1953e56aef1c8778734a1d10cbb9,OFFLINE_COURT_PROJECTION,,INVENT,invent_phone_download,invent_phone_download,mute_cad_999,,,src_charge|src_hearing|src_mg_forms|src_parties|src_dates|src_cctv|src_continuity|court_claims_25,3018,,"SAFE_COURT | The defence asks the court to record outstanding continuity, lab and search/phone material. || SAFE_POSITION | Possession, knowledge, intent and continuity remain provisional pending served drug/source material. || HEARING | 14"
sha:273e889ddb8ca9b249fc83b40c8f46b101af44f08801e6768c0f9055474bc125,PDF-273e889ddb8c,CB-TB-228_Doyle,273e889ddb8ca9b249fc83b40c8f46b101af44f08801e6768c0f9055474bc125,OFFLINE_COURT_PROJECTION,,MUTE,mute_phone_download,,mute_phone_download,,,src_charge|src_hearing|src_mg_forms|src_parties|src_dates|src_cctv|src_cctv_stills|court_claims_29,6860,,"SAFE_COURT | Position remains provisional on the current papers — listed material families are not safely confirmed in the bundle yet. || SAFE_POSITION | Account control, dishonesty and loss remain provisional pending served bank/device sou"
sha:2781ba503c552ea4747351c6ed35d9393bac214b4df044f265f95c1acdb0516e,PDF-2781ba503c55,CB-TB-2048_Fletcher,2781ba503c552ea4747351c6ed35d9393bac214b4df044f265f95c1acdb0516e,OFFLINE_COURT_PROJECTION,,MUTE,mute_cad_999,,mute_cad_999,,,src_charge|src_hearing|src_mg_forms|src_parties|src_dates|src_cctv|src_continuity|court_claims_25,5757,,SAFE_COURT | The defence asks the court to record that full BWV and continuity material should be served. || SAFE_POSITION | Sequence and force remain provisional pending served BWV and officer source material. || HEARING | 11 August 2026 a
sha:279f34df600c85b0313b4ab8e70d84434f1ff960d8e9cb8f79809001ff05c537,PDF-279f34df600c,CB-TB-595_Khan,279f34df600c85b0313b4ab8e70d84434f1ff960d8e9cb8f79809001ff05c537,OFFLINE_COURT_PROJECTION,,MODALITY,modality_summary_vs_recording,,,modality_summary_vs_recording,,src_charge|src_hearing|src_mg_forms|src_parties|src_dates|src_continuity|court_claims_33,3175,,SAFE_COURT | The defence asks the court to record that source material must be clarified and timetabled. || SAFE_POSITION | The defence cannot safely fix a final position until the served source material is clarified. || HEARING | 16 August
sha:27a13a45394bdb8a8912e8f5cca29d6002f39eba95aeff01ed4be0a8f9bd2369,PDF-27a13a45394b,CB-TB-101_Palmer,27a13a45394bdb8a8912e8f5cca29d6002f39eba95aeff01ed4be0a8f9bd2369,OFFLINE_COURT_PROJECTION,,MUTE,mute_phone_download,,mute_phone_download,,,src_charge|src_hearing|src_mg_forms|src_parties|src_cctv|src_continuity|court_claims_37,14331,,SAFE_COURT | The defence asks the court to record that full BWV and continuity material should be served. || SAFE_POSITION | Sequence and force remain provisional pending served BWV and officer source material. || HEARING | 23 June 2026 at 
sha:287c7211fa15c443bbd097a6165049c86a4f2001bea0ddc0630ebcd511ab7052,PDF-287c7211fa15,gauntlet-06-dup-mg6,287c7211fa15c443bbd097a6165049c86a4f2001bea0ddc0630ebcd511ab7052,OFFLINE_COURT_PROJECTION,,INVENT,invent_bwv,invent_bwv,mute_export_log,,,src_charge|src_hearing|src_mg_forms|src_parties|src_cctv|src_cctv_stills|court_claims_25,3733,,SAFE_COURT | Position remains provisional on the current papers — listed material families are not safely confirmed in the bundle yet. || SAFE_POSITION | Sequence and force remain provisional pending served BWV and officer source material. 
sha:292c3e443e87d48c05371a8d047cd7d54f99de1beb3246a1f59c2b56eb412c58,PDF-292c3e443e87,CB-TB-1913_Marsh,292c3e443e87d48c05371a8d047cd7d54f99de1beb3246a1f59c2b56eb412c58,OFFLINE_COURT_PROJECTION,,MUTE,mute_cctv_master,,mute_cctv_master|mute_phone_download|mute_cad_999,,,src_charge|src_hearing|src_mg_forms|src_parties|src_dates|src_cctv|court_claims_20,3161,,SAFE_COURT | The defence asks the court to record that full custody and interview records remain outstanding. || SAFE_POSITION | Custody/PACE safeguards cannot be finally assessed until the full custody and interview material is served. || 
sha:291bae7216e8f1a3235e98ade53f69a823d6f6dbf124333554fe7b0b6f210662,PDF-291bae7216e8,CB-TB-1547_Ellis,291bae7216e8f1a3235e98ade53f69a823d6f6dbf124333554fe7b0b6f210662,OFFLINE_COURT_PROJECTION,,MUTE,mute_cad_999,,mute_cad_999,,,src_charge|src_hearing|src_mg_forms|src_parties|src_cctv|src_cctv_stills|src_continuity|court_claims_29,8480,,"SAFE_COURT | The defence asks the court to record outstanding bank/device source and loss material. || SAFE_POSITION | Account control, dishonesty and loss remain provisional pending served bank/device source material. || HEARING | 22 Augus"
sha:294e8c33ffc08f8b4dea821bc08c5006f433cacd0be984c5c0de8188bf638bfa,PDF-294e8c33ffc0,CB-TB-172_Rowe,294e8c33ffc08f8b4dea821bc08c5006f433cacd0be984c5c0de8188bf638bfa,OFFLINE_COURT_PROJECTION,,MUTE,mute_cad_999,,mute_cad_999,,,src_charge|src_hearing|src_mg_forms|src_parties|src_cctv|src_continuity|court_claims_24,6589,,SAFE_COURT | The defence asks the court to record that full custody and interview records remain outstanding. || SAFE_POSITION | Custody/PACE safeguards cannot be finally assessed until the full custody and interview material is served. || 
sha:29343237c834ed349e5f4a43f9c074a70f6757952749824125e8a90809a7ede1,PDF-29343237c834,CB-TB-619_Parker,29343237c834ed349e5f4a43f9c074a70f6757952749824125e8a90809a7ede1,OFFLINE_COURT_PROJECTION,,MUTE,mute_cctv_master,,mute_cctv_master,,,src_charge|src_hearing|src_mg_forms|src_parties|src_dates|src_cctv|src_continuity|court_claims_24,8133,,SAFE_COURT | The defence asks the court to record that full BWV and continuity material should be served. || SAFE_POSITION | Sequence and force remain provisional pending served BWV and officer source material. || HEARING | 12 August 2026 a
sha:29f2f472ff0991215de5c74479f98955d053a47bf9753663a0db22d4316ac722,PDF-29f2f472ff09,CB-TB-1056_Clarke,29f2f472ff0991215de5c74479f98955d053a47bf9753663a0db22d4316ac722,OFFLINE_COURT_PROJECTION,,MUTE,mute_phone_download,,mute_phone_download|mute_cad_999,,,src_charge|src_hearing|src_mg_forms|src_parties|src_dates|src_cctv|court_claims_28,5146,,SAFE_COURT | The defence asks the court to record that full BWV and continuity material should be served. || SAFE_POSITION | Sequence and force remain provisional pending served BWV and officer source material. || HEARING | 14 July 2026 at 
sha:2a5f288b8ae213555bf19cb43473cc09b3ea4c637258012c630ae8305d36e916,PDF-2a5f288b8ae2,CB-TB-881_Hale,2a5f288b8ae213555bf19cb43473cc09b3ea4c637258012c630ae8305d36e916,OFFLINE_COURT_PROJECTION,,INVENT,invent_phone_download,invent_phone_download,,,,src_charge|src_hearing|src_mg_forms|src_cctv|court_claims_29,3217,,"SAFE_COURT | The defence asks the court to record outstanding bank/device source and loss material. || SAFE_POSITION | Account control, dishonesty and loss remain provisional pending served bank/device source material. || HEARING | 13 Augus"
sha:2a77776b1ccd9c80f1d5913b8c4d2d5eab71e7a8c06491cc20b816e264901164,PDF-2a77776b1ccd,CB-TB-904_Mason,2a77776b1ccd9c80f1d5913b8c4d2d5eab71e7a8c06491cc20b816e264901164,OFFLINE_COURT_PROJECTION,,MUTE,mute_cctv_master,,mute_cctv_master,,,src_charge|src_hearing|src_mg_forms|src_parties|src_cctv|court_claims_21,3883,,SAFE_COURT | The defence asks the court to record that full BWV and continuity material should be served. || SAFE_POSITION | Sequence and force remain provisional pending served BWV and officer source material. || HEARING | 21/06/2026 13:15
sha:29c8f36160c1e12d43a1227bcb1a3a2b9f847d9a28796be945191fcd8fc97483,PDF-29c8f36160c1,CB-TB-905_Doyle,29c8f36160c1e12d43a1227bcb1a3a2b9f847d9a28796be945191fcd8fc97483,OFFLINE_COURT_PROJECTION,,MUTE,mute_phone_download,,mute_phone_download,,,src_charge|src_hearing|src_mg_forms|src_parties|src_cctv|court_claims_25,7404,,"SAFE_COURT | Position remains provisional on the current papers — listed material families are not safely confirmed in the bundle yet. || SAFE_POSITION | Account control, dishonesty and loss remain provisional pending served bank/device sou"
sha:2abe688f4f23dbdcb7030ed1b081db9a4186a3f9651ec684b9e8039b1764336b,PDF-2abe688f4f23,CB-TB-1099_Ross,2abe688f4f23dbdcb7030ed1b081db9a4186a3f9651ec684b9e8039b1764336b,OFFLINE_COURT_PROJECTION,,MUTE,mute_cad_999,,mute_cad_999,,,src_charge|src_hearing|src_mg_forms|src_parties|src_dates|src_cctv|src_continuity|court_claims_36,7890,,SAFE_COURT | The defence asks the court to record that full BWV and continuity material should be served. || SAFE_POSITION | Sequence and force remain provisional pending served BWV and officer source material. || HEARING | 05 August 2026 a
sha:2acfc2afe059ed6752c08a307f059f07ac6991e3ab6d0efb0302a5ce56fb1cbd,PDF-2acfc2afe059,CB-TB-2009_Ali,2acfc2afe059ed6752c08a307f059f07ac6991e3ab6d0efb0302a5ce56fb1cbd,OFFLINE_COURT_PROJECTION,,MUTE,mute_cad_999,,mute_cad_999,,,src_charge|src_hearing|src_mg_forms|src_parties|src_dates|src_cctv|src_continuity|court_claims_21,9982,,SAFE_COURT | The defence asks the court to record that full BWV and continuity material should be served. || SAFE_POSITION | Sequence and force remain provisional pending served BWV and officer source material. || HEARING | 25 June 2026 at 
sha:2bb2752814db666dafd0f2f975de387e8fa39704ce0916d6e02ce98153f44c3b,PDF-2bb2752814db,NS-CPS-2026-0431 - Copy (2),2bb2752814db666dafd0f2f975de387e8fa39704ce0916d6e02ce98153f44c3b,OFFLINE_COURT_PROJECTION,,MUTE,mute_cctv_master,,mute_cctv_master,,,src_charge|src_hearing|src_mg_forms|src_parties|src_dates|src_cctv|src_continuity|court_claims_31,4645,,SAFE_COURT | The defence asks the court to record that full BWV and continuity material should be served. || SAFE_POSITION | Sequence and force remain provisional pending served BWV and officer source material. || DEADLINE | Hearing date no
sha:2c77806271f9b226ce639d7c183b73a2d7df6446240a9e295ecbbad83d2459dc,PDF-2c77806271f9,CB-TB-596_Nair,2c77806271f9b226ce639d7c183b73a2d7df6446240a9e295ecbbad83d2459dc,OFFLINE_COURT_PROJECTION,,INVENT,invent_phone_download,invent_phone_download,,modality_summary_vs_recording,,src_charge|src_hearing|src_mg_forms|src_parties|src_dates|src_continuity|court_claims_40,7821,,SAFE_COURT | The defence asks the court to record that the full extraction/source material remains outstanding. || SAFE_POSITION | Attribution remains provisional pending served device/source material and instructions. || HEARING | 28 June 
sha:2c863ca2ff773919f8f23b390b3121c7f976b35f8f36c0b914421aa18c48c67b,PDF-2c863ca2ff77,CB-TB-864_Evans,2c863ca2ff773919f8f23b390b3121c7f976b35f8f36c0b914421aa18c48c67b,OFFLINE_COURT_PROJECTION,,INVENT,invent_phone_download,invent_phone_download,,,,src_charge|src_hearing|src_mg_forms|src_dates|src_continuity|court_claims_29,8695,,SAFE_COURT | The defence asks the court to record that full BWV and continuity material should be served. || SAFE_POSITION | Sequence and force remain provisional pending served BWV and officer source material. || HEARING | 23 June 2026 at 
sha:2cfd0bdf2e2ba1e209f22a8310143adb9958b7dabe58ffbb8d94145f9c2ee5fc,PDF-2cfd0bdf2e2b,CB-TB-1590_Grant,2cfd0bdf2e2ba1e209f22a8310143adb9958b7dabe58ffbb8d94145f9c2ee5fc,OFFLINE_COURT_PROJECTION,,INVENT,invent_phone_download,invent_phone_download,,,,src_charge|src_hearing|src_mg_forms|src_parties|src_cctv|src_cctv_stills|court_claims_32,2828,,SAFE_COURT | The defence asks the court to record that the full extraction/source material remains outstanding. || SAFE_POSITION | Attribution remains provisional pending served device/source material and instructions. || HEARING | 23 June 
sha:2d15ae33571f7ffc3fe67ae03e37d3546537260fad0d4b6b03f2ff98c33c8916,PDF-2d15ae33571f,CB-TB-426_Byrne,2d15ae33571f7ffc3fe67ae03e37d3546537260fad0d4b6b03f2ff98c33c8916,OFFLINE_COURT_PROJECTION,,MODALITY,modality_screenshot_vs_download,,mute_cad_999,modality_screenshot_vs_download,,src_charge|src_hearing|src_mg_forms|src_parties|src_cctv|src_continuity|court_claims_25,6243,,"SAFE_COURT | The defence asks the court to record outstanding continuity, lab and search/phone material. || SAFE_POSITION | Possession, knowledge, intent and continuity remain provisional pending served drug/source material. || HEARING | 4 "
sha:2ca35b0511a7bd626e6a2f01280728ba6b3c7f97e89d675b2912a26cc37da291,PDF-2ca35b0511a7,CB-TB-514_Khan,2ca35b0511a7bd626e6a2f01280728ba6b3c7f97e89d675b2912a26cc37da291,OFFLINE_COURT_PROJECTION,,MODALITY,modality_summary_vs_recording,,,modality_summary_vs_recording,,src_charge|src_hearing|src_mg_forms|src_parties|src_dates|src_continuity|court_claims_33,8464,,"SAFE_COURT | Position remains provisional on the current papers — listed material families are not safely confirmed in the bundle yet. || SAFE_POSITION | Sequence, injury and causation remain provisional pending served witness, medical and "
sha:2d13a977eb118185c77b86ea7b9949700099a956f7b650cf4921855e96dcb55a,PDF-2d13a977eb11,CB-TB-014_Siddiq,2d13a977eb118185c77b86ea7b9949700099a956f7b650cf4921855e96dcb55a,OFFLINE_COURT_PROJECTION,,INVENT,invent_phone_download,invent_phone_download,,,,src_charge|src_hearing|src_mg_forms|src_parties|src_cctv_stills|src_continuity|court_claims_33,9230,,"SAFE_COURT | The defence asks the court to record outstanding continuity, lab and search/phone material. || SAFE_POSITION | Possession, knowledge, intent and continuity remain provisional pending served drug/source material. || HEARING | 31"
sha:2db96762fa4a6433485396463fbeca94c689bc28f610e13199d5218b31872c59,PDF-2db96762fa4a,CB-TB-529_Foster,2db96762fa4a6433485396463fbeca94c689bc28f610e13199d5218b31872c59,OFFLINE_COURT_PROJECTION,,MODALITY,modality_summary_vs_recording,,,modality_summary_vs_recording,,src_charge|src_hearing|src_mg_forms|src_parties|src_dates|src_continuity|court_claims_33,5385,,SAFE_COURT | The defence asks the court to record outstanding message/account source material and complainant statement gaps. || SAFE_POSITION | The defence position remains provisional pending served message/account material and instructio
sha:2db5d5c19a33f2e25c3a7815e4b55e1a4c715d1e680a4769b497bbbb7f45ede1,PDF-2db5d5c19a33,CB-TB-240_Kent,2db5d5c19a33f2e25c3a7815e4b55e1a4c715d1e680a4769b497bbbb7f45ede1,OFFLINE_COURT_PROJECTION,,MUTE,mute_phone_download,,mute_phone_download,,,src_charge|src_hearing|src_mg_forms|src_parties|src_dates|src_cctv|court_claims_28,7936,,SAFE_COURT | The defence asks the court to record that full BWV and continuity material should be served. || SAFE_POSITION | Sequence and force remain provisional pending served BWV and officer source material. || HEARING | 03 August 2026 a
sha:2d1d564446bf09c3e3bc74aaa0d7131c6b0e97a5fb6d1d0777b2ad6e85b341b7,PDF-2d1d564446bf,CB-TB-892_Bennett,2d1d564446bf09c3e3bc74aaa0d7131c6b0e97a5fb6d1d0777b2ad6e85b341b7,OFFLINE_COURT_PROJECTION,,MUTE,mute_cctv_master,,mute_cctv_master,,,src_charge|src_hearing|src_mg_forms|src_parties|src_dates|src_cctv|src_continuity|court_claims_32,5200,,SAFE_COURT | The defence asks the court to record that full BWV and continuity material should be served. || SAFE_POSITION | Sequence and force remain provisional pending served BWV and officer source material. || HEARING | 01 July 2026 at 
sha:2d583e4cf505eb371429c07e8f339428f4d1d65175caa51297f38202960140b6,PDF-2d583e4cf505,CB-TB-749_Hale,2d583e4cf505eb371429c07e8f339428f4d1d65175caa51297f38202960140b6,OFFLINE_COURT_PROJECTION,,MUTE,mute_cctv_master,,mute_cctv_master,,,src_charge|src_hearing|src_mg_forms|src_parties|src_dates|src_cctv|src_cctv_stills|src_continuity|court_claims_24,9529,,SAFE_COURT | The defence asks the court to record that full BWV and continuity material should be served. || SAFE_POSITION | Sequence and force remain provisional pending served BWV and officer source material. || HEARING | 27 August 2026 a
sha:2dc93789e23cd62833c7f7b1866525fa766b717865bf94b11a394538ffd13e3e,PDF-2dc93789e23c,CB-TB-1621_Mitchell,2dc93789e23cd62833c7f7b1866525fa766b717865bf94b11a394538ffd13e3e,OFFLINE_COURT_PROJECTION,,MUTE,mute_phone_download,,mute_phone_download|mute_cad_999,,,src_charge|src_hearing|src_mg_forms|src_parties|src_dates|src_cctv|src_continuity|court_claims_25,5981,,SAFE_COURT | The defence asks the court to record that full BWV and continuity material should be served. || SAFE_POSITION | Sequence and force remain provisional pending served BWV and officer source material. || HEARING | 21 July 2026 at 
sha:2e393e51120f1f99c5757c218eca6e690d4f3422b2879ad6340910e2217be6b5,PDF-2e393e51120f,CB-TB-773_Price,2e393e51120f1f99c5757c218eca6e690d4f3422b2879ad6340910e2217be6b5,OFFLINE_COURT_PROJECTION,,MUTE,mute_cctv_master,,mute_cctv_master,,,src_charge|src_hearing|src_mg_forms|src_parties|src_dates|src_cctv|src_continuity|court_claims_24,9213,,SAFE_COURT | The defence asks the court to record that full BWV and continuity material should be served. || SAFE_POSITION | Sequence and force remain provisional pending served BWV and officer source material. || HEARING | 24 August 2026 a
sha:2f05ad705923597ef7615cd0846533e599ca3b81092aa3b1b94842b30c03e8b0,PDF-2f05ad705923,CB-TB-1645_Parker,2f05ad705923597ef7615cd0846533e599ca3b81092aa3b1b94842b30c03e8b0,OFFLINE_COURT_PROJECTION,,MUTE,mute_cad_999,,mute_cad_999,,,src_charge|src_hearing|src_mg_forms|src_parties|src_dates|src_cctv|src_continuity|court_claims_25,6308,,SAFE_COURT | The defence asks the court to record that full BWV and continuity material should be served. || SAFE_POSITION | Sequence and force remain provisional pending served BWV and officer source material. || HEARING | 23 July 2026 at 
sha:2f484146c68a7ad59a35607f93f711b2a0f04b0fdb1182e56d4cc861d9d5d368,PDF-2f484146c68a,CB-TB-2189_Merritt,2f484146c68a7ad59a35607f93f711b2a0f04b0fdb1182e56d4cc861d9d5d368,OFFLINE_COURT_PROJECTION,,MUTE,mute_cad_999,,mute_cad_999,,,src_charge|src_hearing|src_mg_forms|src_parties|src_dates|src_cctv|src_continuity|court_claims_25,7840,,"SAFE_COURT | The defence asks the court to record outstanding continuity, lab and search/phone material. || SAFE_POSITION | Possession, knowledge, intent and continuity remain provisional pending served drug/source material. || HEARING | 14"
sha:2f17511a54edaf0399e1830965273b7ca8d240c3cf15c72358f441269ec7c2c5,PDF-2f17511a54ed,CB-TB-1004_Hayes,2f17511a54edaf0399e1830965273b7ca8d240c3cf15c72358f441269ec7c2c5,OFFLINE_COURT_PROJECTION,,MUTE,mute_cad_999,,mute_cad_999,,,src_charge|src_hearing|src_mg_forms|src_parties|src_dates|src_cctv|src_cctv_stills|src_continuity|court_claims_36,7606,,SAFE_COURT | The defence asks the court to record that full custody and interview records remain outstanding. || SAFE_POSITION | Custody/PACE safeguards cannot be finally assessed until the full custody and interview material is served. || 
sha:2f945f46c4a627e4684aaf5d61a3c6270c4e2e4308ac8f25deefed6a09e47633,PDF-2f945f46c4a6,CB-TB-1538_Mason,2f945f46c4a627e4684aaf5d61a3c6270c4e2e4308ac8f25deefed6a09e47633,OFFLINE_COURT_PROJECTION,,MUTE,mute_cad_999,,mute_cad_999,,,src_charge|src_hearing|src_mg_forms|src_parties|src_cctv|src_cctv_stills|src_continuity|court_claims_28,9334,,SAFE_COURT | The defence asks the court to record that full BWV and continuity material should be served. || SAFE_POSITION | Sequence and force remain provisional pending served BWV and officer source material. || HEARING | 27 August 2026 a
sha:2fe458678cbc62f3ceb7150c36b4fcebc50f3ef136ca92ae1824991ec18148c0,PDF-2fe458678cbc,CB-TB-646_Hughes,2fe458678cbc62f3ceb7150c36b4fcebc50f3ef136ca92ae1824991ec18148c0,OFFLINE_COURT_PROJECTION,,MUTE,mute_cctv_master,,mute_cctv_master,,,src_charge|src_hearing|src_mg_forms|src_parties|src_dates|src_cctv|src_cctv_stills|court_claims_32,9493,,SAFE_COURT | The defence asks the court to record that full BWV and continuity material should be served. || SAFE_POSITION | Sequence and force remain provisional pending served BWV and officer source material. || HEARING | 18 August 2026 a
sha:309e28d94ecafbc94615aeab41442158eaf9d9c66e4f991d1ec04af03b2f3215,PDF-309e28d94eca,CB-TB-1083_Griffiths,309e28d94ecafbc94615aeab41442158eaf9d9c66e4f991d1ec04af03b2f3215,OFFLINE_COURT_PROJECTION,,MUTE,mute_phone_download,,mute_phone_download|mute_cad_999,,,src_charge|src_hearing|src_mg_forms|src_parties|src_dates|src_continuity|court_claims_24,4697,,SAFE_COURT | The defence asks the court to record that full custody and interview records remain outstanding. || SAFE_POSITION | Custody/PACE safeguards cannot be finally assessed until the full custody and interview material is served. || 
sha:303acb8612f8de132a45a9e1e9d98532fc254371a497278cc3e394329bc1ed50,PDF-303acb8612f8,CB-TB-780_Mitchell,303acb8612f8de132a45a9e1e9d98532fc254371a497278cc3e394329bc1ed50,OFFLINE_COURT_PROJECTION,,MUTE,mute_cctv_master,,mute_cctv_master,,,src_charge|src_hearing|src_mg_forms|src_parties|src_dates|src_cctv|src_continuity|court_claims_25,6414,,"SAFE_COURT | The defence asks the court to record outstanding CCTV, ID procedure and witness source material. || SAFE_POSITION | Identification and participation remain provisional pending served CCTV, ID and witness source material. || HEA"
sha:3065fa9d521f8a972ab06fa12e62b6c7ceb63da39ad87c4284ca328ec3de69b9,PDF-3065fa9d521f,CB-TB-715_Merritt,3065fa9d521f8a972ab06fa12e62b6c7ceb63da39ad87c4284ca328ec3de69b9,OFFLINE_COURT_PROJECTION,,MUTE,mute_cctv_master,,mute_cctv_master,,,src_charge|src_hearing|src_mg_forms|src_parties|src_dates|src_cctv|court_claims_32,6624,,SAFE_COURT | The defence asks the court to record that full BWV and continuity material should be served. || SAFE_POSITION | Sequence and force remain provisional pending served BWV and officer source material. || HEARING | 31 July 2026 at 
sha:30eff70ad7bccea817c6f8fc88d4d0b9331c2837760afa19876adfa29db09952,PDF-30eff70ad7bc,CB-TB-406_Barker,30eff70ad7bccea817c6f8fc88d4d0b9331c2837760afa19876adfa29db09952,OFFLINE_COURT_PROJECTION,,MUTE,mute_phone_download,,mute_phone_download|mute_cad_999,,,src_charge|src_hearing|src_mg_forms|src_parties|src_cctv|court_claims_28,4990,,SAFE_COURT | The defence asks the court to record that full BWV and continuity material should be served. || SAFE_POSITION | Sequence and force remain provisional pending served BWV and officer source material. || HEARING | 25 June 2026 at 
sha:30e6b2fd8b72de47c6dfd986c62a82e04ed427a16769794f075f170c81b11f70,PDF-30e6b2fd8b72,CB-TB-894_Turner,30e6b2fd8b72de47c6dfd986c62a82e04ed427a16769794f075f170c81b11f70,OFFLINE_COURT_PROJECTION,,MUTE,mute_export_log,,mute_export_log,,,src_charge|src_hearing|src_mg_forms|src_parties|src_dates|src_cctv|src_continuity|court_claims_33,8079,,"SAFE_COURT | The defence asks the court to record outstanding CCTV, ID procedure and witness source material. || SAFE_POSITION | Identification and participation remain provisional pending served CCTV, ID and witness source material. || HEA"
sha:30ccd607c42d4ba62d36f25e2ab2a734f375e6b287c0eb9d446ba81704cdd11f,PDF-30ccd607c42d,CB-TB-1605_Cole,30ccd607c42d4ba62d36f25e2ab2a734f375e6b287c0eb9d446ba81704cdd11f,OFFLINE_COURT_PROJECTION,,MODALITY,modality_screenshot_vs_download,,mute_cad_999,modality_screenshot_vs_download,,src_charge|src_hearing|src_mg_forms|src_parties|src_cctv|src_continuity|court_claims_29,12515,,"SAFE_COURT | The defence asks the court to record outstanding continuity, lab and search/phone material. || SAFE_POSITION | Possession, knowledge, intent and continuity remain provisional pending served drug/source material. || HEARING | 12"
sha:3176c95bde4393bb4495dd10057d7423c08cc90ec22d1d9327e06b9d55445911,PDF-3176c95bde43,CB-TB-1601_Okonkwo,3176c95bde4393bb4495dd10057d7423c08cc90ec22d1d9327e06b9d55445911,OFFLINE_COURT_PROJECTION,,MUTE,mute_cad_999,,mute_cad_999,,,src_charge|src_hearing|src_mg_forms|src_parties|src_dates|src_cctv|src_continuity|court_claims_29,7784,,SAFE_COURT | The defence asks the court to record that full BWV and continuity material should be served. || SAFE_POSITION | Sequence and force remain provisional pending served BWV and officer source material. || HEARING | 31 July 2026 at 
sha:313b5f2b5a5bd0e0961da2d9747540556994c4dda5fa4bc7ca2e463294724293,PDF-313b5f2b5a5b,CB-TB-2195_Clarke,313b5f2b5a5bd0e0961da2d9747540556994c4dda5fa4bc7ca2e463294724293,OFFLINE_COURT_PROJECTION,,MUTE,mute_cad_999,,mute_cad_999,,,src_charge|src_hearing|src_mg_forms|src_parties|src_dates|src_cctv|src_continuity|court_claims_29,9884,,"SAFE_COURT | The defence asks the court to record outstanding continuity, lab and search/phone material. || SAFE_POSITION | Possession, knowledge, intent and continuity remain provisional pending served drug/source material. || HEARING | 23"
sha:323137bbafbf0748b8abf326748dc70b8feac90c0a29e7db9957bfc4b25cf944,PDF-323137bbafbf,CB-TB-188_Walsh,323137bbafbf0748b8abf326748dc70b8feac90c0a29e7db9957bfc4b25cf944,OFFLINE_COURT_PROJECTION,,MUTE,mute_cad_999,,mute_cad_999,,,src_charge|src_hearing|src_mg_forms|src_parties|src_cctv|src_cctv_stills|src_continuity|court_claims_29,7762,,"SAFE_COURT | The defence asks the court to record outstanding CCTV, ID procedure and witness source material. || SAFE_POSITION | Identification and participation remain provisional pending served CCTV, ID and witness source material. || HEA"
sha:3299c527fd418429b6aaa3d510f80fe9ac4d708dfa5ccfc4149b986016e91d5e,PDF-3299c527fd41,CB-TB-692_Thornton,3299c527fd418429b6aaa3d510f80fe9ac4d708dfa5ccfc4149b986016e91d5e,OFFLINE_COURT_PROJECTION,,MUTE,mute_cctv_master,,mute_cctv_master,,,src_charge|src_hearing|src_mg_forms|src_parties|src_dates|src_cctv|src_continuity|court_claims_20,4262,,SAFE_COURT | The defence asks the court to record that full BWV and continuity material should be served. || SAFE_POSITION | Sequence and force remain provisional pending served BWV and officer source material. || HEARING | 06 August 2026 a
sha:323fddafd396e712fbc374b56559daa24e63e21ba6f33bd6b689311ba510e635,PDF-323fddafd396,CB-TB-738_Mitchell,323fddafd396e712fbc374b56559daa24e63e21ba6f33bd6b689311ba510e635,OFFLINE_COURT_PROJECTION,,MUTE,mute_cctv_master,,mute_cctv_master,,,src_charge|src_hearing|src_mg_forms|src_parties|src_dates|src_cctv|src_cctv_stills|src_continuity|court_claims_29,6799,,"SAFE_COURT | The defence asks the court to record outstanding continuity, lab and search/phone material. || SAFE_POSITION | Possession, knowledge, intent and continuity remain provisional pending served drug/source material. || HEARING | 25"
sha:326b31b9cda3868fbb9674d0976cfe0f31ba0675bd8521a777310cddf2247303,PDF-326b31b9cda3,CB-TB-2118_Khan,326b31b9cda3868fbb9674d0976cfe0f31ba0675bd8521a777310cddf2247303,OFFLINE_COURT_PROJECTION,,MUTE,mute_phone_download,,mute_phone_download,,,src_charge|src_hearing|src_mg_forms|src_parties|src_dates|src_cctv|src_continuity|court_claims_21,11705,,SAFE_COURT | The defence asks the court to record that full BWV and continuity material should be served. || SAFE_POSITION | Sequence and force remain provisional pending served BWV and officer source material. || HEARING | 11 August 2026 a
sha:3332f5bf946f1e7f394adb1fc5db1393d65921df0d932395ede7d60e6665cb96,PDF-3332f5bf946f,CB-TB-124_Ahmed,3332f5bf946f1e7f394adb1fc5db1393d65921df0d932395ede7d60e6665cb96,OFFLINE_COURT_PROJECTION,,MUTE,mute_cad_999,,mute_cad_999,,,src_charge|src_hearing|src_mg_forms|src_parties|src_continuity|court_claims_28,5685,,SAFE_COURT | The defence asks the court to record that full custody and interview records remain outstanding. || SAFE_POSITION | Custody/PACE safeguards cannot be finally assessed until the full custody and interview material is served. || 
sha:3319e723496b34e5eb55165c0b961ec2290bd98a7f6b6e83e97b417d5a1189ab,PDF-3319e723496b,CB-TB-340_Hart,3319e723496b34e5eb55165c0b961ec2290bd98a7f6b6e83e97b417d5a1189ab,OFFLINE_COURT_PROJECTION,,MUTE,mute_phone_download,,mute_phone_download,,,src_charge|src_hearing|src_mg_forms|src_parties|src_dates|court_claims_24,7968,,SAFE_COURT | The defence asks the court to record that full BWV and continuity material should be served. || SAFE_POSITION | Sequence and force remain provisional pending served BWV and officer source material. || HEARING | 28 June 2026 at 
sha:33b894dba3b8e737c200b0319c87621dfa64d18647cfbf05748fe3c373b4d020,PDF-33b894dba3b8,CB-TB-719_Brooks,33b894dba3b8e737c200b0319c87621dfa64d18647cfbf05748fe3c373b4d020,OFFLINE_COURT_PROJECTION,,MUTE,mute_cctv_master,,mute_cctv_master,,,src_charge|src_hearing|src_mg_forms|src_parties|src_dates|src_cctv|court_claims_24,6064,,SAFE_COURT | The defence asks the court to record that full BWV and continuity material should be served. || SAFE_POSITION | Sequence and force remain provisional pending served BWV and officer source material. || HEARING | 12 August 2026 a
sha:3424f87544def762cae30b3860293bd8077f7ca2cbe4a050fffb4aa165a7a525,PDF-3424f87544de,CB-TB-1687_Hale,3424f87544def762cae30b3860293bd8077f7ca2cbe4a050fffb4aa165a7a525,OFFLINE_COURT_PROJECTION,,MUTE,mute_export_log,,mute_export_log|mute_cad_999,,,src_charge|src_hearing|src_mg_forms|src_parties|src_dates|src_cctv|src_continuity|court_claims_25,6880,,SAFE_COURT | The defence asks the court to record that full BWV and continuity material should be served. || SAFE_POSITION | Sequence and force remain provisional pending served BWV and officer source material. || HEARING | 9 July 2026 at 1
sha:3448565bd97e105fd06630c71a90304ab4a4412aba8dca1dca8289cf0d5db88a,PDF-3448565bd97e,CB-TB-607_Evans,3448565bd97e105fd06630c71a90304ab4a4412aba8dca1dca8289cf0d5db88a,OFFLINE_COURT_PROJECTION,,MUTE,mute_cctv_master,,mute_cctv_master,,,src_charge|src_hearing|src_mg_forms|src_parties|src_dates|src_cctv|src_cctv_stills|court_claims_24,8940,,SAFE_COURT | The defence asks the court to record that full BWV and continuity material should be served. || SAFE_POSITION | Sequence and force remain provisional pending served BWV and officer source material. || HEARING | 07 July 2026 at 
sha:345895dcbed75f2bf65ec6d01cec617d7289e2822bff1d3836114798795c860a,PDF-345895dcbed7,CB-TB-2049_Sutton,345895dcbed75f2bf65ec6d01cec617d7289e2822bff1d3836114798795c860a,OFFLINE_COURT_PROJECTION,,MUTE,mute_cad_999,,mute_cad_999,,,src_charge|src_hearing|src_mg_forms|src_parties|src_dates|src_cctv|src_continuity|court_claims_25,6647,,SAFE_COURT | The defence asks the court to record that full BWV and continuity material should be served. || SAFE_POSITION | Sequence and force remain provisional pending served BWV and officer source material. || HEARING | 14 August 2026 a
sha:3494050ff8688e63f9aad52f0245c2b8ef71db402a279b1477049858bd0f8e82,PDF-3494050ff868,CB-TB-2152_Okonkwo,3494050ff8688e63f9aad52f0245c2b8ef71db402a279b1477049858bd0f8e82,OFFLINE_COURT_PROJECTION,,MUTE,mute_phone_download,,mute_phone_download,,,src_charge|src_hearing|src_mg_forms|src_parties|src_dates|src_cctv|src_continuity|court_claims_21,10886,,SAFE_COURT | The defence asks the court to record that full BWV and continuity material should be served. || SAFE_POSITION | Sequence and force remain provisional pending served BWV and officer source material. || HEARING | 4 July 2026 at 1
sha:34f42fa5f7203c2b9540a18ccfc431f2b83b3ddd7daed00709d1d568ab47bf86,PDF-34f42fa5f720,CB-TB-525_Ali,34f42fa5f7203c2b9540a18ccfc431f2b83b3ddd7daed00709d1d568ab47bf86,OFFLINE_COURT_PROJECTION,,MODALITY,modality_summary_vs_recording,,mute_cctv_master,modality_summary_vs_recording,,src_charge|src_hearing|src_mg_forms|src_parties|src_dates|src_cctv|src_continuity|court_claims_32,4104,,SAFE_COURT | The defence asks the court to record that full BWV and continuity material should be served. || SAFE_POSITION | Sequence and force remain provisional pending served BWV and officer source material. || HEARING | 19 July 2026 09:
sha:358cb87c792c838ce119671f49a7782a9667def8542164d5f1168fd0a9a18be1,PDF-358cb87c792c,CB-TB-597_Price,358cb87c792c838ce119671f49a7782a9667def8542164d5f1168fd0a9a18be1,OFFLINE_COURT_PROJECTION,,MODALITY,modality_summary_vs_recording,,,modality_summary_vs_recording,,src_charge|src_hearing|src_mg_forms|src_parties|src_dates|src_continuity|court_claims_37,5040,,"SAFE_COURT | The defence asks the court to record outstanding device, calibration and procedure records. || SAFE_POSITION | Driver identity, procedure and device evidence remain provisional pending served source records. || HEARING | 26 Aug"
sha:359e7c68a77197dd321ee3e1695a074e31894f7c4cbb3c3c338874934c8f2b12,PDF-359e7c68a771,CB-TB-726_Brooks,359e7c68a77197dd321ee3e1695a074e31894f7c4cbb3c3c338874934c8f2b12,OFFLINE_COURT_PROJECTION,,MUTE,mute_cctv_master,,mute_cctv_master,,,src_charge|src_hearing|src_mg_forms|src_parties|src_dates|src_cctv|court_claims_24,4767,,SAFE_COURT | The defence asks the court to record that full BWV and continuity material should be served. || SAFE_POSITION | Sequence and force remain provisional pending served BWV and officer source material. || HEARING | 19 June 2026 at 
sha:362faab4ed6078cbba04ba6879423b602042c1bf2d301210699a7830810d531e,PDF-362faab4ed60,CB-TB-612_Evans,362faab4ed6078cbba04ba6879423b602042c1bf2d301210699a7830810d531e,OFFLINE_COURT_PROJECTION,,MUTE,mute_cctv_master,,mute_cctv_master,,,src_charge|src_hearing|src_mg_forms|src_parties|src_dates|src_cctv|src_cctv_stills|src_continuity|court_claims_24,6318,,SAFE_COURT | The defence asks the court to record that full BWV and continuity material should be served. || SAFE_POSITION | Sequence and force remain provisional pending served BWV and officer source material. || HEARING | 22 July 2026 at 
sha:359951ac5a943d048af3974fc68f886654e8b8e9d91c394c839ff35342c5ceef,PDF-359951ac5a94,CB-TB-2089_Parker,359951ac5a943d048af3974fc68f886654e8b8e9d91c394c839ff35342c5ceef,OFFLINE_COURT_PROJECTION,,MUTE,mute_cad_999,,mute_cad_999,,,src_charge|src_hearing|src_mg_forms|src_parties|src_dates|src_cctv|src_continuity|court_claims_25,7999,,SAFE_COURT | The defence asks the court to record that full BWV and continuity material should be served. || SAFE_POSITION | Sequence and force remain provisional pending served BWV and officer source material. || HEARING | 25 July 2026 at 
sha:36753302f024d297ed5d4d74df61d5268300054582c537fccb7cdbbe5bf86299,PDF-36753302f024,CB-TB-1922_Huxley,36753302f024d297ed5d4d74df61d5268300054582c537fccb7cdbbe5bf86299,OFFLINE_COURT_PROJECTION,,MUTE,mute_cctv_master,,mute_cctv_master,,,src_charge|src_hearing|src_mg_forms|src_parties|src_dates|src_cctv|src_continuity|court_claims_33,2324,,SAFE_COURT | The defence asks the court to record that full BWV and continuity material should be served. || SAFE_POSITION | Sequence and force remain provisional pending served BWV and officer source material. || HEARING | 31 July 2026 10:
sha:3667a58b6d4e24a98d1d952a23bd2aa1229203ca45d5d6307f844eed42f52c3c,PDF-3667a58b6d4e,CB-TB-1949_Reed,3667a58b6d4e24a98d1d952a23bd2aa1229203ca45d5d6307f844eed42f52c3c,OFFLINE_COURT_PROJECTION,,MUTE,mute_cad_999,,mute_cad_999,,,src_charge|src_hearing|src_mg_forms|src_parties|src_dates|src_cctv|src_continuity|court_claims_29,6110,,"SAFE_COURT | The defence asks the court to record outstanding bank/device source and loss material. || SAFE_POSITION | Account control, dishonesty and loss remain provisional pending served bank/device source material. || HEARING | 24 Augus"
sha:36bbecd05803ecdf3f25406cd1f871b4cd2c47d2f4ae1b6c7aae6ec1f7b47e56,PDF-36bbecd05803,CB-TB-950_Ross,36bbecd05803ecdf3f25406cd1f871b4cd2c47d2f4ae1b6c7aae6ec1f7b47e56,OFFLINE_COURT_PROJECTION,,MUTE,mute_cctv_master,,mute_cctv_master|mute_phone_download,,,src_charge|src_mg_forms|src_parties|src_cctv|court_claims_29,5288,,"SAFE_COURT | The defence asks the court to record outstanding continuity, lab and search/phone material. || SAFE_POSITION | Possession, knowledge, intent and continuity remain provisional pending served drug/source material. || HEARING | 08"
sha:37174895683698272b0c7d1fa2def9cdfe7dc582df2812fad3ee0b5dc54d3fed,PDF-371748956836,CB-TB-490_Pike,37174895683698272b0c7d1fa2def9cdfe7dc582df2812fad3ee0b5dc54d3fed,OFFLINE_COURT_PROJECTION,,MODALITY,modality_screenshot_vs_download,,mute_cad_999,modality_screenshot_vs_download,,src_charge|src_hearing|src_mg_forms|src_parties|src_continuity|court_claims_26,3972,,SAFE_COURT | The defence asks the court to record that the full extraction/source material remains outstanding. || SAFE_POSITION | Attribution remains provisional pending served device/source material and instructions. || HEARING | 19 July 
sha:37ab25c753fd53217f5e7309b682b8bb060ca17bafca39f56e0cea3c1cc04dc5,PDF-37ab25c753fd,CB-TB-1174_Coates,37ab25c753fd53217f5e7309b682b8bb060ca17bafca39f56e0cea3c1cc04dc5,OFFLINE_COURT_PROJECTION,,INVENT,invent_phone_download,invent_phone_download,,,,src_charge|src_hearing|src_mg_forms|src_id_procedure|src_parties|src_dates|src_cctv|src_continuity|court_claims_29,5386,,"SAFE_COURT | The defence asks the court to record outstanding continuity, lab and search/phone material. || SAFE_POSITION | Possession, knowledge, intent and continuity remain provisional pending served drug/source material. || HEARING | 19"
sha:3769685ed6df78680ab8e1fdfbdfb54a07085229c1f72412a7f5668ad1f8f8c0,PDF-3769685ed6df,CB-TB-1171_Shaw,3769685ed6df78680ab8e1fdfbdfb54a07085229c1f72412a7f5668ad1f8f8c0,OFFLINE_COURT_PROJECTION,,INVENT,invent_phone_download,invent_phone_download,,,,src_charge|src_hearing|src_mg_forms|src_id_procedure|src_parties|src_dates|src_cctv|src_continuity|court_claims_37,9854,,"SAFE_COURT | The defence asks the court to record outstanding continuity, lab and search/phone material. || SAFE_POSITION | Possession, knowledge, intent and continuity remain provisional pending served drug/source material. || HEARING | 28"
sha:380823238c92489623b313d3aed5fac7c5ed4f6bbbe2ac1f2f008f5f71b94857,PDF-380823238c92,CB-TB-919_Mitchell,380823238c92489623b313d3aed5fac7c5ed4f6bbbe2ac1f2f008f5f71b94857,OFFLINE_COURT_PROJECTION,,MUTE,mute_phone_download,,mute_phone_download,,,src_charge|src_hearing|src_mg_forms|src_parties|src_cctv|court_claims_26,4946,,"SAFE_COURT | The defence asks the court to record outstanding device, calibration and procedure records. || SAFE_POSITION | Driver identity, procedure and device evidence remain provisional pending served source records. || HEARING | 21/07/"
sha:3846805e2cdf799b7b561f0bd0d77dd75330257d6cfeef688e8a58d0a3e09ea5,PDF-3846805e2cdf,CB-TB-1734_Keighley,3846805e2cdf799b7b561f0bd0d77dd75330257d6cfeef688e8a58d0a3e09ea5,OFFLINE_COURT_PROJECTION,,MUTE,mute_phone_download,,mute_phone_download,,,src_charge|src_hearing|src_mg_forms|src_parties|src_cctv|src_continuity|court_claims_24,2837,,SAFE_COURT | The defence asks the court to record that full BWV and continuity material should be served. || SAFE_POSITION | Sequence and force remain provisional pending served BWV and officer source material. || HEARING | 14 July 2026
sha:395e037fdf4b43dfde189d3979e65eaf876ed678c873bd276dff9f8a20d2b0b7,PDF-395e037fdf4b,CB-TB-655_Pike,395e037fdf4b43dfde189d3979e65eaf876ed678c873bd276dff9f8a20d2b0b7,OFFLINE_COURT_PROJECTION,,MUTE,mute_cctv_master,,mute_cctv_master,,,src_charge|src_hearing|src_mg_forms|src_parties|src_dates|src_cctv|src_cctv_stills|src_continuity|court_claims_25,8613,,"SAFE_COURT | The defence asks the court to record outstanding bank/device source and loss material. || SAFE_POSITION | Account control, dishonesty and loss remain provisional pending served bank/device source material. || HEARING | 01 July "
sha:38f40eec45c6a1ffdcd23bd903cd212eeed4b9a98362230d78d3a89c9a412f66,PDF-38f40eec45c6,CB-TB-713_Morley,38f40eec45c6a1ffdcd23bd903cd212eeed4b9a98362230d78d3a89c9a412f66,OFFLINE_COURT_PROJECTION,,MUTE,mute_cctv_master,,mute_cctv_master,,,src_charge|src_hearing|src_mg_forms|src_parties|src_dates|src_cctv|src_cctv_stills|court_claims_28,8331,,SAFE_COURT | The defence asks the court to record that full BWV and continuity material should be served. || SAFE_POSITION | Sequence and force remain provisional pending served BWV and officer source material. || HEARING | 25 July 2026 at 
sha:393010dbcf866d196e90ebd42a85c3e100beeaa7b89c9584a0b36921ae4e7157,PDF-393010dbcf86,CB-TB-1616_Riley,393010dbcf866d196e90ebd42a85c3e100beeaa7b89c9584a0b36921ae4e7157,OFFLINE_COURT_PROJECTION,,MODALITY,modality_screenshot_vs_download,,mute_cad_999,modality_screenshot_vs_download,,src_charge|src_hearing|src_mg_forms|src_parties|src_dates|src_cctv|src_continuity|court_claims_25,8516,,"SAFE_COURT | The defence asks the court to record outstanding continuity, lab and search/phone material. || SAFE_POSITION | Possession, knowledge, intent and continuity remain provisional pending served drug/source material. || HEARING | 6 "
sha:394f237f6f64dd7da2ea6f780869468bb3b042a068a5e9e3e31c599dc2fc0ec7,PDF-394f237f6f64,CB-TB-2151_Coates,394f237f6f64dd7da2ea6f780869468bb3b042a068a5e9e3e31c599dc2fc0ec7,OFFLINE_COURT_PROJECTION,,INVENT,invent_phone_download,invent_phone_download,,modality_screenshot_vs_download,,src_charge|src_hearing|src_mg_forms|src_parties|src_cctv|src_continuity|court_claims_25,9435,,"SAFE_COURT | The defence asks the court to record outstanding continuity, lab and search/phone material. || SAFE_POSITION | Possession, knowledge, intent and continuity remain provisional pending served drug/source material. || HEARING | 1 "
sha:38b27ab169c730633766fd1f0d1abfb4e3319d001b1c5c6228db3bde9272933f,PDF-38b27ab169c7,CB-TB-174_Ross,38b27ab169c730633766fd1f0d1abfb4e3319d001b1c5c6228db3bde9272933f,OFFLINE_COURT_PROJECTION,,MUTE,mute_phone_download,,mute_phone_download,,,src_charge|src_hearing|src_mg_forms|src_parties|src_cctv|src_continuity|court_claims_33,12164,,SAFE_COURT | The defence asks the court to record that full BWV and continuity material should be served. || SAFE_POSITION | Sequence and force remain provisional pending served BWV and officer source material. || HEARING | 20 June 2026 at 
sha:39d4bbc959a6b89617ef3c5a3d88b6c55c4a07913da3d8cb583247852030b292,PDF-39d4bbc959a6,NS-CPS-2026-0436 - Copy (2),39d4bbc959a6b89617ef3c5a3d88b6c55c4a07913da3d8cb583247852030b292,OFFLINE_COURT_PROJECTION,,MUTE,mute_cctv_master,,mute_cctv_master,,,src_charge|src_hearing|src_mg_forms|src_parties|src_dates|src_cctv|src_continuity|court_claims_28,4710,,"SAFE_COURT | The defence asks the court to record outstanding device, calibration and procedure records. || SAFE_POSITION | Driver identity, procedure and device evidence remain provisional pending served source records. || DEADLINE | Heari"
sha:3b58f5eaa9e646bca981b58edd567510ac5bd579fa7b44e3328582f2a6f2fc10,PDF-3b58f5eaa9e6,CB-TB-1908_Blythe,3b58f5eaa9e646bca981b58edd567510ac5bd579fa7b44e3328582f2a6f2fc10,OFFLINE_COURT_PROJECTION,,MUTE,mute_cad_999,,mute_cad_999,,,src_charge|src_hearing|src_mg_forms|src_parties|src_dates|src_cctv|court_claims_28,4359,,"SAFE_COURT | The defence asks the court to record outstanding continuity, lab and search/phone material. || SAFE_POSITION | Possession, knowledge, intent and continuity remain provisional pending served drug/source material. || HEARING | 21"
sha:3addf269a3d418393389bf618b46472f945de14198d0eef6fe3054a4f54816b7,PDF-3addf269a3d4,CB-TB-2058_Hale,3addf269a3d418393389bf618b46472f945de14198d0eef6fe3054a4f54816b7,OFFLINE_COURT_PROJECTION,,MUTE,mute_cad_999,,mute_cad_999,,,src_charge|src_hearing|src_mg_forms|src_parties|src_dates|src_cctv|src_continuity|court_claims_29,6156,,SAFE_COURT | The defence asks the court to record that full BWV and continuity material should be served. || SAFE_POSITION | Sequence and force remain provisional pending served BWV and officer source material. || HEARING | 2 July 2026 at 1
sha:3ba66dc1afd482f7aaaaf316f3c536cf9552cebec78abd6da23cab26c186feb5,PDF-3ba66dc1afd4,CB-TB-666_Mitchell,3ba66dc1afd482f7aaaaf316f3c536cf9552cebec78abd6da23cab26c186feb5,OFFLINE_COURT_PROJECTION,,MUTE,mute_cctv_master,,mute_cctv_master,,,src_charge|src_hearing|src_mg_forms|src_parties|src_dates|src_cctv|src_continuity|court_claims_24,5587,,SAFE_COURT | The defence asks the court to record that full BWV and continuity material should be served. || SAFE_POSITION | Sequence and force remain provisional pending served BWV and officer source material. || HEARING | 03 August 2026 a
sha:3b92b7adea4e64bc836bbc11560f440b90cef96fb260a4d4abd1141190d68acc,PDF-3b92b7adea4e,CB-TB-1592_Wells,3b92b7adea4e64bc836bbc11560f440b90cef96fb260a4d4abd1141190d68acc,OFFLINE_COURT_PROJECTION,,INVENT,invent_cctv_master,invent_cctv_master,mute_cad_999,,,src_charge|src_hearing|src_mg_forms|src_parties|src_cctv|src_cctv_stills|court_claims_28,3394,,SAFE_COURT | The defence asks the court to record that full custody and interview records remain outstanding. || SAFE_POSITION | Custody/PACE safeguards cannot be finally assessed until the full custody and interview material is served. || 
sha:3ba5188b783d1d96a62664b3501bace8108f76e11a9b785ebfe2bc697bb8d21c,PDF-3ba5188b783d,CB-TB-1270_Coates,3ba5188b783d1d96a62664b3501bace8108f76e11a9b785ebfe2bc697bb8d21c,OFFLINE_COURT_PROJECTION,,MUTE,mute_cad_999,,mute_cad_999,,,src_charge|src_hearing|src_mg_forms|src_parties|src_dates|src_cctv|src_cctv_stills|src_continuity|court_claims_33,6332,,"SAFE_COURT | The defence asks the court to record outstanding device, calibration and procedure records. || SAFE_POSITION | Driver identity, procedure and device evidence remain provisional pending served source records. || HEARING | 14/08/"
sha:3c3ef5207397769b422ae9d1d8e078bc623b8ec4685f5cbbb1580b22778e5eb2,PDF-3c3ef5207397,CB-TB-1042_Marsh,3c3ef5207397769b422ae9d1d8e078bc623b8ec4685f5cbbb1580b22778e5eb2,OFFLINE_COURT_PROJECTION,,MUTE,mute_cad_999,,mute_cad_999,,,src_charge|src_hearing|src_mg_forms|src_parties|src_dates|src_cctv|src_cctv_stills|src_continuity|court_claims_32,5769,,SAFE_COURT | The defence asks the court to record that full BWV and continuity material should be served. || SAFE_POSITION | Sequence and force remain provisional pending served BWV and officer source material. || HEARING | 27 August 2026 a
sha:3c422b6f6d44ca37ea02df62e2d7697f86d08e043a8e29148cb88a575ae7a393,PDF-3c422b6f6d44,CB-TB-1542_Wells,3c422b6f6d44ca37ea02df62e2d7697f86d08e043a8e29148cb88a575ae7a393,OFFLINE_COURT_PROJECTION,,INVENT,invent_phone_download,invent_phone_download,,,,src_charge|src_hearing|src_mg_forms|src_parties|src_cctv|src_cctv_stills|court_claims_32,4998,,SAFE_COURT | The defence asks the court to record that the full extraction/source material remains outstanding. || SAFE_POSITION | Attribution remains provisional pending served device/source material and instructions. || HEARING | 17 June 
sha:3d3cc90c8e5a102f1d42a7891b32d3e236868eaf5807ce252108ca7ebc71ff84,PDF-3d3cc90c8e5a,CB-TB-1041_Flint,3d3cc90c8e5a102f1d42a7891b32d3e236868eaf5807ce252108ca7ebc71ff84,OFFLINE_COURT_PROJECTION,,MUTE,mute_phone_download,,mute_phone_download,,,src_charge|src_hearing|src_mg_forms|src_parties|src_dates|src_cctv|court_claims_37,5532,,"SAFE_COURT | The defence asks the court to record outstanding CCTV, ID procedure and witness source material. || SAFE_POSITION | Identification and participation remain provisional pending served CCTV, ID and witness source material. || HEA"
sha:3d099ecc1f224b1252970455a84e509a47edd042f26bdf3a03d73bea3064b613,PDF-3d099ecc1f22,CB-TB-1785_Mercer,3d099ecc1f224b1252970455a84e509a47edd042f26bdf3a03d73bea3064b613,OFFLINE_COURT_PROJECTION,,INVENT,invent_phone_download,invent_phone_download,,,,src_charge|src_hearing|src_mg_forms|src_parties|src_cctv|src_continuity|court_claims_33,3860,,"SAFE_COURT | The defence asks the court to record outstanding continuity, lab and search/phone material. || SAFE_POSITION | Possession, knowledge, intent and continuity remain provisional pending served drug/source material. || HEARING | 17"
sha:3c584979fa13d9cca8b943f67696bf58eed897fb17b3e7b8ca0350cf29808dc5,PDF-3c584979fa13,CB-TB-1059_Mitchell,3c584979fa13d9cca8b943f67696bf58eed897fb17b3e7b8ca0350cf29808dc5,OFFLINE_COURT_PROJECTION,,MUTE,mute_cad_999,,mute_cad_999,,,src_charge|src_hearing|src_mg_forms|src_parties|src_dates|src_cctv|src_cctv_stills|src_continuity|court_claims_40,9370,,SAFE_COURT | The defence asks the court to record that full BWV and continuity material should be served. || SAFE_POSITION | Sequence and force remain provisional pending served BWV and officer source material. || HEARING | 21 July 2026 at 
sha:3d6275c7b7e78a5c3d7c69cde4c2da9c55dbd5f9457e87f21e360f58fa406b96,PDF-3d6275c7b7e7,CB-TB-1049_Thornton,3d6275c7b7e78a5c3d7c69cde4c2da9c55dbd5f9457e87f21e360f58fa406b96,OFFLINE_COURT_PROJECTION,,MUTE,mute_cad_999,,mute_cad_999,,,src_charge|src_hearing|src_mg_forms|src_parties|src_dates|src_cctv|src_cctv_stills|src_continuity|court_claims_38,7070,,"SAFE_COURT | The defence asks the court to record outstanding bank/device source and loss material. || SAFE_POSITION | Account control, dishonesty and loss remain provisional pending served bank/device source material. || HEARING | 03 Augus"
sha:3d7e6ba79f656b862fdc940776456ef2599587ecdd6a8e95aca2ab660a73f467,PDF-3d7e6ba79f65,CB-TB-1703_Redfern,3d7e6ba79f656b862fdc940776456ef2599587ecdd6a8e95aca2ab660a73f467,OFFLINE_COURT_PROJECTION,,MUTE,mute_phone_download,,mute_phone_download,,,src_charge|src_hearing|src_mg_forms|src_parties|src_cctv|src_continuity|court_claims_32,5977,,SAFE_COURT | The defence asks the court to record that full BWV and continuity material should be served. || SAFE_POSITION | Sequence and force remain provisional pending served BWV and officer source material. || HEARING | 26 June 2026 11:
sha:3db383a94604eb610e98712c7b8a662ddae9dcdbf4810f29541a7723ac40bb70,PDF-3db383a94604,CB-TB-1091_Richards,3db383a94604eb610e98712c7b8a662ddae9dcdbf4810f29541a7723ac40bb70,OFFLINE_COURT_PROJECTION,,MUTE,mute_cad_999,,mute_cad_999,,,src_charge|src_hearing|src_mg_forms|src_parties|src_dates|src_cctv|src_cctv_stills|src_continuity|court_claims_29,5310,,"SAFE_COURT | The defence asks the court to record outstanding device, calibration and procedure records. || SAFE_POSITION | Driver identity, procedure and device evidence remain provisional pending served source records. || HEARING | 28 Jun"
sha:3d84e2c36a4383257c775870a9c2531646082b1ec271ed3f3ff7325c2d82fd0d,PDF-3d84e2c36a43,CB-TB-2088_Kerr,3d84e2c36a4383257c775870a9c2531646082b1ec271ed3f3ff7325c2d82fd0d,OFFLINE_COURT_PROJECTION,,MODALITY,modality_screenshot_vs_download,,,modality_screenshot_vs_download,,src_charge|src_hearing|src_mg_forms|src_parties|src_dates|src_cctv|src_continuity|court_claims_29,6467,,"SAFE_COURT | The defence asks the court to record outstanding continuity, lab and search/phone material. || SAFE_POSITION | Possession, knowledge, intent and continuity remain provisional pending served drug/source material. || HEARING | 22"
sha:3d9ac263ad56594442d9a48314e667780a027e0e72d5fa3e2f284119203c6e50,PDF-3d9ac263ad56,CB-TB-1700_Clarke,3d9ac263ad56594442d9a48314e667780a027e0e72d5fa3e2f284119203c6e50,OFFLINE_COURT_PROJECTION,,MUTE,mute_cad_999,,mute_cad_999,,,src_charge|src_hearing|src_mg_forms|src_parties|src_dates|src_cctv|src_continuity|court_claims_25,7045,,SAFE_COURT | The defence asks the court to record that full BWV and continuity material should be served. || SAFE_POSITION | Sequence and force remain provisional pending served BWV and officer source material. || HEARING | 17 August 2026 a
sha:3e584fbda8d8b3e47b88e870eb2f563b0d131a50cf85f5fa6ef57dba2e6c5e9f,PDF-3e584fbda8d8,CB-TB-106_Sutton,3e584fbda8d8b3e47b88e870eb2f563b0d131a50cf85f5fa6ef57dba2e6c5e9f,OFFLINE_COURT_PROJECTION,,MUTE,mute_cad_999,,mute_cad_999,,,src_charge|src_hearing|src_mg_forms|src_parties|src_cctv|src_continuity|court_claims_29,9382,,"SAFE_COURT | The defence asks the court to record outstanding CCTV, ID procedure and witness source material. || SAFE_POSITION | Identification and participation remain provisional pending served CCTV, ID and witness source material. || HEA"
sha:3ebad0f3876ed61c67e8ab445457947fdc08822abf92e461c2a257f724a30258,PDF-3ebad0f3876e,CB-TB-1069_Okonkwo,3ebad0f3876ed61c67e8ab445457947fdc08822abf92e461c2a257f724a30258,OFFLINE_COURT_PROJECTION,,MUTE,mute_cad_999,,mute_cad_999,,,src_charge|src_hearing|src_mg_forms|src_parties|src_dates|src_cctv|src_cctv_stills|src_continuity|court_claims_40,9540,,"SAFE_COURT | Position remains provisional on the current papers — listed material families are not safely confirmed in the bundle yet. || SAFE_POSITION | Account control, dishonesty and loss remain provisional pending served bank/device sou"
sha:3f3f887e5a687e76392562707f1af1594c078062a7f5ce3a7d9bb0428c0413c5,PDF-3f3f887e5a68,CB-TB-1528_Harding,3f3f887e5a687e76392562707f1af1594c078062a7f5ce3a7d9bb0428c0413c5,OFFLINE_COURT_PROJECTION,,MUTE,mute_phone_download,,mute_phone_download,,,src_charge|src_hearing|src_mg_forms|src_parties|src_cctv_stills|court_claims_28,3158,,SAFE_COURT | The defence asks the court to record that full custody and interview records remain outstanding. || SAFE_POSITION | Custody/PACE safeguards cannot be finally assessed until the full custody and interview material is served. || 
sha:3f45ab9699730f7d20a6cada647d5077747d5e8845e9461ea667204c348bb7d5,PDF-3f45ab969973,CB-TB-055_Hart,3f45ab9699730f7d20a6cada647d5077747d5e8845e9461ea667204c348bb7d5,OFFLINE_COURT_PROJECTION,,INVENT,invent_phone_download,invent_phone_download,mute_cad_999,,,src_charge|src_hearing|src_mg_forms|src_parties|src_cctv|src_continuity|court_claims_36,6993,,SAFE_COURT | The defence asks the court to record that full BWV and continuity material should be served. || SAFE_POSITION | Sequence and force remain provisional pending served BWV and officer source material. || HEARING | 01 July 2026 at 
sha:3faf843cf00c6d7eda4c67b1772814d2611ed94fab7ddad71dd5151a3acd8ae4,PDF-3faf843cf00c,CB-TB-498_Turner,3faf843cf00c6d7eda4c67b1772814d2611ed94fab7ddad71dd5151a3acd8ae4,OFFLINE_COURT_PROJECTION,,MUTE,mute_phone_download,,mute_phone_download,,,src_charge|src_hearing|src_mg_forms|src_parties|src_cctv|src_continuity|court_claims_33,3345,,"SAFE_COURT | The defence asks the court to record outstanding device, calibration and procedure records. || SAFE_POSITION | Driver identity, procedure and device evidence remain provisional pending served source records. || HEARING | 4 Augu"
sha:3fbadb59236900cf46b7295595c0af6df6f2e5234d8a5d8e93b3beb9658fc5ad,PDF-3fbadb592369,CB-TB-1629_Kerr,3fbadb59236900cf46b7295595c0af6df6f2e5234d8a5d8e93b3beb9658fc5ad,OFFLINE_COURT_PROJECTION,,MODALITY,modality_screenshot_vs_download,,,modality_screenshot_vs_download,,src_charge|src_hearing|src_mg_forms|src_parties|src_dates|src_cctv|src_continuity|court_claims_25,6800,,"SAFE_COURT | The defence asks the court to record outstanding continuity, lab and search/phone material. || SAFE_POSITION | Possession, knowledge, intent and continuity remain provisional pending served drug/source material. || HEARING | 14"
sha:3f942fd950b5fff0ea65d1a3cd42f3104013b2b49d5c8e430cf1b3255432bd39,PDF-3f942fd950b5,CB-TB-1029_Webb,3f942fd950b5fff0ea65d1a3cd42f3104013b2b49d5c8e430cf1b3255432bd39,OFFLINE_COURT_PROJECTION,,MUTE,mute_phone_download,,mute_phone_download|mute_cad_999,,,src_charge|src_hearing|src_mg_forms|src_parties|src_dates|src_cctv|src_continuity|court_claims_38,7674,,"SAFE_COURT | The defence asks the court to record outstanding bank/device source and loss material. || SAFE_POSITION | Account control, dishonesty and loss remain provisional pending served bank/device source material. || HEARING | 29 Augus"
sha:3f897b05ef6ac2423578f49ab947bb9a1cfb943d591cf1e58bf641d9b95c8dfb,PDF-3f897b05ef6a,CB-TB-859_Vale,3f897b05ef6ac2423578f49ab947bb9a1cfb943d591cf1e58bf641d9b95c8dfb,OFFLINE_COURT_PROJECTION,,MUTE,mute_export_log,,mute_export_log,,,src_charge|src_hearing|src_mg_forms|src_parties|src_dates|src_cctv|src_continuity|court_claims_29,9369,,SAFE_COURT | The defence asks the court to record that source material must be clarified and timetabled. || SAFE_POSITION | The defence cannot safely fix a final position until the served source material is clarified. || HEARING | 23 August
sha:4062074c747f0ab95e24ce63336983137c3040011aa298adf2423d84c3ca9126,PDF-4062074c747f,CB-TB-1256_Rees,4062074c747f0ab95e24ce63336983137c3040011aa298adf2423d84c3ca9126,OFFLINE_COURT_PROJECTION,,DATE_ROLE,date_role_hearing_reused_as_deadline_language,,,,date_role_hearing_reused_as_deadline_language,src_charge|src_hearing|src_mg_forms|src_id_procedure|src_parties|src_dates|src_cctv|src_cctv_stills|court_claims_32,4308,,SAFE_COURT | The defence asks the court to record that full custody and interview records remain outstanding. || SAFE_POSITION | Custody/PACE safeguards cannot be finally assessed until the full custody and interview material is served. || 
sha:408013d4d69a528c87cae7992b7b450e840799b462bea4e8acc753a4fce876c0,PDF-408013d4d69a,CB-TB-1541_Brooks,408013d4d69a528c87cae7992b7b450e840799b462bea4e8acc753a4fce876c0,OFFLINE_COURT_PROJECTION,,MUTE,mute_cad_999,,mute_cad_999,,,src_charge|src_hearing|src_mg_forms|src_parties|src_cctv|src_cctv_stills|court_claims_24,4773,,SAFE_COURT | The defence asks the court to record that full custody and interview records remain outstanding. || SAFE_POSITION | Custody/PACE safeguards cannot be finally assessed until the full custody and interview material is served. || 
sha:410b94313168fb6798e0d386ed06af1b20faaf6967c73ed34045f0c97570f53c,PDF-410b94313168,CB-TB-1778_Holt,410b94313168fb6798e0d386ed06af1b20faaf6967c73ed34045f0c97570f53c,OFFLINE_COURT_PROJECTION,,MUTE,mute_phone_download,,mute_phone_download,,,src_charge|src_hearing|src_mg_forms|src_parties|src_cctv|src_continuity|court_claims_28,4245,,SAFE_COURT | The defence asks the court to record that full custody and interview records remain outstanding. || SAFE_POSITION | Custody/PACE safeguards cannot be finally assessed until the full custody and interview material is served. || 
sha:40a0d870d8a9a84fd28902b0465d592de519d56e74c668a0d827ab7b8b0a784f,PDF-40a0d870d8a9,CB-TB-1979_Rahman,40a0d870d8a9a84fd28902b0465d592de519d56e74c668a0d827ab7b8b0a784f,OFFLINE_COURT_PROJECTION,,MUTE,mute_cctv_master,,mute_cctv_master|mute_phone_download|mute_cad_999,,,src_charge|src_hearing|src_mg_forms|src_parties|src_dates|src_cctv|src_continuity|court_claims_28,9756,,SAFE_COURT | The defence asks the court to record that full custody and interview records remain outstanding. || SAFE_POSITION | Custody/PACE safeguards cannot be finally assessed until the full custody and interview material is served. || 
sha:4208bb905ff511e931cfb0792995783f971f8aa614cbcb7d4e35435df5a3afd5,PDF-4208bb905ff5,CB-TB-1936_Vale,4208bb905ff511e931cfb0792995783f971f8aa614cbcb7d4e35435df5a3afd5,OFFLINE_COURT_PROJECTION,,MUTE,mute_phone_download,,mute_phone_download,,,src_charge|src_hearing|src_mg_forms|src_parties|src_dates|src_cctv|src_continuity|court_claims_33,3523,,SAFE_COURT | The defence asks the court to record that full BWV and continuity material should be served. || SAFE_POSITION | Sequence and force remain provisional pending served BWV and officer source material. || HEARING | 26 July 2026 11:
sha:428569c2f207dc5af34dbcb2035eabcd467b972767878792fc62ade36835defe,PDF-428569c2f207,CB-TB-198_Foster,428569c2f207dc5af34dbcb2035eabcd467b972767878792fc62ade36835defe,OFFLINE_COURT_PROJECTION,,INVENT,invent_phone_download,invent_phone_download,,,,src_charge|src_hearing|src_mg_forms|src_parties|src_cctv|src_continuity|court_claims_33,5261,,"SAFE_COURT | The defence asks the court to record outstanding continuity, lab and search/phone material. || SAFE_POSITION | Possession, knowledge, intent and continuity remain provisional pending served drug/source material. || HEARING | 18"
sha:431859b7a5b0c27777d33c5dd49e58a73438a65a1fe0f1609596c156485d6512,PDF-431859b7a5b0,CB-TB-1903_Quinn,431859b7a5b0c27777d33c5dd49e58a73438a65a1fe0f1609596c156485d6512,OFFLINE_COURT_PROJECTION,,MUTE,mute_cctv_master,,mute_cctv_master|mute_phone_download,,,src_charge|src_hearing|src_mg_forms|src_parties|src_dates|src_cctv|src_continuity|court_claims_33,12474,,SAFE_COURT | The defence asks the court to record that full BWV and continuity material should be served. || SAFE_POSITION | Sequence and force remain provisional pending served BWV and officer source material. || HEARING | 10 September 202
sha:4297e9ddd4693537eaaae9ff232e2083ba7fff5e37c91d3472e69acd3fdf7eaa,PDF-4297e9ddd469,CB-TB-085_West,4297e9ddd4693537eaaae9ff232e2083ba7fff5e37c91d3472e69acd3fdf7eaa,OFFLINE_COURT_PROJECTION,,INVENT,invent_phone_download,invent_phone_download,,,,src_charge|src_hearing|src_mg_forms|src_parties|src_cctv|src_continuity|court_claims_36,10581,,SAFE_COURT | The defence asks the court to record that full BWV and continuity material should be served. || SAFE_POSITION | Sequence and force remain provisional pending served BWV and officer source material. || HEARING | 16 July 2026 at 
sha:434c80ef97015f1808ccc654db19cba9b87ffa493f489db7679ef104faf8adbb,PDF-434c80ef9701,CB-TB-760_Coleman,434c80ef97015f1808ccc654db19cba9b87ffa493f489db7679ef104faf8adbb,OFFLINE_COURT_PROJECTION,,MUTE,mute_cctv_master,,mute_cctv_master,,,src_charge|src_hearing|src_mg_forms|src_parties|src_dates|src_cctv|src_cctv_stills|court_claims_21,6652,,"SAFE_COURT | The defence asks the court to record outstanding device, calibration and procedure records. || SAFE_POSITION | Driver identity, procedure and device evidence remain provisional pending served source records. || HEARING | 16 Jul"
sha:434f155c6c7db1fb8caf534511c7044bf234b804da8d160b0956f66140a3416b,PDF-434f155c6c7d,CB-TB-2193_Fraser,434f155c6c7db1fb8caf534511c7044bf234b804da8d160b0956f66140a3416b,OFFLINE_COURT_PROJECTION,,MODALITY,modality_screenshot_vs_download,,,modality_screenshot_vs_download,,src_charge|src_hearing|src_mg_forms|src_parties|src_dates|src_cctv|src_continuity|court_claims_25,7880,,"SAFE_COURT | The defence asks the court to record outstanding continuity, lab and search/phone material. || SAFE_POSITION | Possession, knowledge, intent and continuity remain provisional pending served drug/source material. || HEARING | 26"
sha:4353e475266dd949e5c74ff5ddf52f66c274585020766d729d240368c8ef4d45,PDF-4353e475266d,CB-TB-680_Price,4353e475266dd949e5c74ff5ddf52f66c274585020766d729d240368c8ef4d45,OFFLINE_COURT_PROJECTION,,MUTE,mute_cctv_master,,mute_cctv_master|mute_cad_999,,,src_charge|src_hearing|src_mg_forms|src_parties|src_dates|src_cctv|court_claims_21,5478,,"SAFE_COURT | The defence asks the court to record outstanding CCTV, ID procedure and witness source material. || SAFE_POSITION | Identification and participation remain provisional pending served CCTV, ID and witness source material. || HEA"
sha:439d81f34d57469af8495a432cc16814cad241dca258ab9e8067b05366262acb,PDF-439d81f34d57,CB-TB-1493_Clarke,439d81f34d57469af8495a432cc16814cad241dca258ab9e8067b05366262acb,OFFLINE_COURT_PROJECTION,,INVENT,invent_cctv_master,invent_cctv_master,,,,src_charge|src_hearing|src_mg_forms|src_parties|src_dates|src_cctv|court_claims_28,3076,,SAFE_COURT | The defence asks the court to record that full BWV and continuity material should be served. || SAFE_POSITION | Sequence and force remain provisional pending served BWV and officer source material. || HEARING | 15 August 2026 a
sha:43795de25552f54e79638e5e0c79b657a50c9e4ba38dc68956853c6013f6ac00,PDF-43795de25552,CB-TB-653_Clarke,43795de25552f54e79638e5e0c79b657a50c9e4ba38dc68956853c6013f6ac00,OFFLINE_COURT_PROJECTION,,MUTE,mute_cctv_master,,mute_cctv_master,,,src_charge|src_hearing|src_mg_forms|src_parties|src_dates|src_cctv|src_cctv_stills|src_continuity|court_claims_25,9032,,"SAFE_COURT | The defence asks the court to record outstanding bank/device source and loss material. || SAFE_POSITION | Account control, dishonesty and loss remain provisional pending served bank/device source material. || HEARING | 25 June "
sha:43cd5456d5b3f23613a50b9735c0c78c1f3dedfdf31c28c2c55aaacdff5ce8bd,PDF-43cd5456d5b3,CB-TB-331_Nolan,43cd5456d5b3f23613a50b9735c0c78c1f3dedfdf31c28c2c55aaacdff5ce8bd,OFFLINE_COURT_PROJECTION,,MUTE,mute_phone_download,,mute_phone_download,,,src_charge|src_hearing|src_mg_forms|src_parties|src_dates|src_cctv|src_continuity|court_claims_24,12104,,SAFE_COURT | The defence asks the court to record that full custody and interview records remain outstanding. || SAFE_POSITION | Custody/PACE safeguards cannot be finally assessed until the full custody and interview material is served. || 
sha:44354a7cd350c3f0d5bd4c4a8ad2d276afbc2c8692bd219fc5b20cb34579911a,PDF-44354a7cd350,CB-TB-695_Brooks,44354a7cd350c3f0d5bd4c4a8ad2d276afbc2c8692bd219fc5b20cb34579911a,OFFLINE_COURT_PROJECTION,,MUTE,mute_export_log,,mute_export_log|mute_cctv_master,,,src_charge|src_hearing|src_mg_forms|src_parties|src_dates|src_cctv|src_cctv_stills|court_claims_20,4335,,SAFE_COURT | The defence asks the court to record that full BWV and continuity material should be served. || SAFE_POSITION | Sequence and force remain provisional pending served BWV and officer source material. || HEARING | 15 August 2026 a
sha:44068b884b783abbeb65e62bfcc925d313ace09af9850d6883011dfba5f938eb,PDF-44068b884b78,CB-TB-1665_West,44068b884b783abbeb65e62bfcc925d313ace09af9850d6883011dfba5f938eb,OFFLINE_COURT_PROJECTION,,MUTE,mute_cad_999,,mute_cad_999,,,src_charge|src_hearing|src_mg_forms|src_parties|src_dates|src_cctv|src_continuity|court_claims_25,3305,,"SAFE_COURT | The defence asks the court to record outstanding device, calibration and procedure records. || SAFE_POSITION | Driver identity, procedure and device evidence remain provisional pending served source records. || HEARING | 13 Jul"
sha:44314594003f3d58b71ba9bcb0ab11eceacc5cc310faf14d48971ab4660be723,PDF-44314594003f,CB-TB-2147_Hale,44314594003f3d58b71ba9bcb0ab11eceacc5cc310faf14d48971ab4660be723,OFFLINE_COURT_PROJECTION,,MUTE,mute_cad_999,,mute_cad_999,,,src_charge|src_hearing|src_mg_forms|src_parties|src_dates|src_cctv|court_claims_21,5391,,"SAFE_COURT | The defence asks the court to record outstanding device, calibration and procedure records. || SAFE_POSITION | Driver identity, procedure and device evidence remain provisional pending served source records. || HEARING | 19 Jun"
sha:440165fbdb289009aeb6bce7307cfbbf6d73acd3d592d327e280d38f1611f6e9,PDF-440165fbdb28,CB-TB-435_Rees,440165fbdb289009aeb6bce7307cfbbf6d73acd3d592d327e280d38f1611f6e9,OFFLINE_COURT_PROJECTION,,MODALITY,modality_screenshot_vs_download,,mute_cad_999,modality_screenshot_vs_download,,src_charge|src_hearing|src_mg_forms|src_parties|src_cctv|src_continuity|court_claims_25,6927,,"SAFE_COURT | The defence asks the court to record outstanding continuity, lab and search/phone material. || SAFE_POSITION | Possession, knowledge, intent and continuity remain provisional pending served drug/source material. || HEARING | 22"
sha:451588dd2ed3eab742ea563730c268a6b700f5df4ac6191f988cc13746e9df25,PDF-451588dd2ed3,CB-TB-1676_Okonkwo,451588dd2ed3eab742ea563730c268a6b700f5df4ac6191f988cc13746e9df25,OFFLINE_COURT_PROJECTION,,MUTE,mute_cad_999,,mute_cad_999,,,src_charge|src_hearing|src_mg_forms|src_parties|src_dates|src_cctv|src_continuity|court_claims_25,5324,,"SAFE_COURT | The defence asks the court to record outstanding device, calibration and procedure records. || SAFE_POSITION | Driver identity, procedure and device evidence remain provisional pending served source records. || HEARING | 15 Aug"
sha:44aa5a9b21568554692dd08cede0ecbbbd07cccfd1480cda3d6609d46d5233ea,PDF-44aa5a9b2156,CB-TB-047_Bennett,44aa5a9b21568554692dd08cede0ecbbbd07cccfd1480cda3d6609d46d5233ea,OFFLINE_COURT_PROJECTION,,MUTE,mute_cctv_master,,mute_cctv_master,,,src_charge|src_hearing|src_mg_forms|src_parties|src_cctv|src_continuity|court_claims_28,6768,,SAFE_COURT | The defence asks the court to record that full BWV and continuity material should be served. || SAFE_POSITION | Sequence and force remain provisional pending served BWV and officer source material. || HEARING | 21 August 2026 a
sha:451a941ba3de6993b157fd45da7136aed6aaf7c1cfee22e9624ab09f53919c3d,PDF-451a941ba3de,CB-TB-543_Marsh,451a941ba3de6993b157fd45da7136aed6aaf7c1cfee22e9624ab09f53919c3d,OFFLINE_COURT_PROJECTION,,MODALITY,modality_summary_vs_recording,,,modality_summary_vs_recording,,src_charge|src_hearing|src_mg_forms|src_parties|src_dates|src_cctv|src_continuity|court_claims_33,8393,,"SAFE_COURT | Position remains provisional on the current papers — listed material families are not safely confirmed in the bundle yet. || SAFE_POSITION | Sequence, injury and causation remain provisional pending served witness, medical and "
sha:460d3620f09065318339b1466edb58dbe5cbf4d2f1c57b95c4a1d72533cc6ea1,PDF-460d3620f090,CB-TB-777_Doyle,460d3620f09065318339b1466edb58dbe5cbf4d2f1c57b95c4a1d72533cc6ea1,OFFLINE_COURT_PROJECTION,,MUTE,mute_cctv_master,,mute_cctv_master,,,src_charge|src_hearing|src_mg_forms|src_parties|src_dates|src_cctv|src_continuity|court_claims_25,5908,,"SAFE_COURT | The defence asks the court to record outstanding CCTV, ID procedure and witness source material. || SAFE_POSITION | Identification and participation remain provisional pending served CCTV, ID and witness source material. || HEA"
sha:4555fbb2150bddc81f18b565352dbed48f5a8b0e00ebe62f8b87a64af3f49aea,PDF-4555fbb2150b,CB-TB-617_Thornton,4555fbb2150bddc81f18b565352dbed48f5a8b0e00ebe62f8b87a64af3f49aea,OFFLINE_COURT_PROJECTION,,MUTE,mute_cctv_master,,mute_cctv_master,,,src_charge|src_hearing|src_mg_forms|src_parties|src_dates|src_cctv|src_cctv_stills|court_claims_25,7869,,"SAFE_COURT | The defence asks the court to record outstanding CCTV, ID procedure and witness source material. || SAFE_POSITION | Identification and participation remain provisional pending served CCTV, ID and witness source material. || HEA"
sha:459d4875c144cfbb6ede6b85ef79ab10ce9839d13dc391dab0c703b01bf0f735,PDF-459d4875c144,CB-TB-806_Hussain,459d4875c144cfbb6ede6b85ef79ab10ce9839d13dc391dab0c703b01bf0f735,OFFLINE_COURT_PROJECTION,,INVENT,invent_phone_download,invent_phone_download,mute_export_log,,,src_charge|src_hearing|src_mg_forms|src_parties|src_cctv|src_continuity|court_claims_33,7572,,SAFE_COURT | The defence asks the court to record that full BWV and continuity material should be served. || SAFE_POSITION | Sequence and force remain provisional pending served BWV and officer source material. || HEARING | 16 August 2026 a
sha:4544efc180e6b8c95edde044d4fad839ef5e07f16dbc10b25c8be6fb2298bafd,PDF-4544efc180e6,CB-TB-1968_Kellett,4544efc180e6b8c95edde044d4fad839ef5e07f16dbc10b25c8be6fb2298bafd,OFFLINE_COURT_PROJECTION,,MUTE,mute_cctv_master,,mute_cctv_master,,,src_charge|src_hearing|src_mg_forms|src_parties|src_dates|src_cctv|src_continuity|court_claims_40,10811,,SAFE_COURT | The defence asks the court to record that full custody and interview records remain outstanding. || SAFE_POSITION | Custody/PACE safeguards cannot be finally assessed until the full custody and interview material is served. || 
sha:46e10934c7a59dc7a93a04ef88e1fdadb3d860cb33524336814f28b485e29c5c,PDF-46e10934c7a5,CB-TB-590_Khan,46e10934c7a59dc7a93a04ef88e1fdadb3d860cb33524336814f28b485e29c5c,OFFLINE_COURT_PROJECTION,,MODALITY,modality_summary_vs_recording,,,modality_summary_vs_recording,,src_charge|src_hearing|src_mg_forms|src_parties|src_dates|src_continuity|court_claims_33,5079,,SAFE_COURT | The defence asks the court to record outstanding message/account source material and complainant statement gaps. || SAFE_POSITION | The defence position remains provisional pending served message/account material and instructio
sha:46857485c9f97fce2b479942f55fc521b2947a5b7283adcb6a2366f58751a682,PDF-46857485c9f9,CB-TB-431_Ryder,46857485c9f97fce2b479942f55fc521b2947a5b7283adcb6a2366f58751a682,OFFLINE_COURT_PROJECTION,,MODALITY,modality_screenshot_vs_download,,,modality_screenshot_vs_download,,src_charge|src_hearing|src_mg_forms|src_parties|src_cctv|src_continuity|court_claims_25,5936,,"SAFE_COURT | The defence asks the court to record outstanding continuity, lab and search/phone material. || SAFE_POSITION | Possession, knowledge, intent and continuity remain provisional pending served drug/source material. || HEARING | 14"
sha:47a345b81edccac51ba9a1082dfcb987cac1b699c30c541a096dac2a4d0263f4,PDF-47a345b81edc,CB-TB-568_Grant,47a345b81edccac51ba9a1082dfcb987cac1b699c30c541a096dac2a4d0263f4,OFFLINE_COURT_PROJECTION,,MODALITY,modality_summary_vs_recording,,mute_phone_download,modality_summary_vs_recording,,src_charge|src_hearing|src_mg_forms|src_parties|src_dates|src_continuity|court_claims_33,3747,,SAFE_COURT | The defence asks the court to record that source material must be clarified and timetabled. || SAFE_POSITION | The defence cannot safely fix a final position until the served source material is clarified. || HEARING | 23 August
sha:47932fe5ecc059f632318694adfc308da9a4a77358573f3cae1efbd611c8fb8a,PDF-47932fe5ecc0,CB-TB-1663_Kerr,47932fe5ecc059f632318694adfc308da9a4a77358573f3cae1efbd611c8fb8a,OFFLINE_COURT_PROJECTION,,MUTE,mute_phone_download,,mute_phone_download|mute_cad_999,,,src_charge|src_hearing|src_mg_forms|src_parties|src_dates|src_cctv|src_continuity|court_claims_21,3476,,SAFE_COURT | The defence asks the court to record that full BWV and continuity material should be served. || SAFE_POSITION | Sequence and force remain provisional pending served BWV and officer source material. || HEARING | 7 July 2026 at 1
sha:47765825e48a9253e867714ca9f7dcbfc28834f7ba8a885df24f4186e014ba65,PDF-47765825e48a,CB-TB-913_Coates,47765825e48a9253e867714ca9f7dcbfc28834f7ba8a885df24f4186e014ba65,OFFLINE_COURT_PROJECTION,,MUTE,mute_cad_999,,mute_cad_999,,,src_charge|src_hearing|src_mg_forms|src_parties|src_cctv|court_claims_25,4580,,"SAFE_COURT | The defence asks the court to record outstanding continuity, lab and search/phone material. || SAFE_POSITION | Possession, knowledge, intent and continuity remain provisional pending served drug/source material. || HEARING | 09"
sha:47ba2289d71b8b2d05a09c97f9fdba1b433ebcd83fe261e38a28a0bdd62c1db1,PDF-47ba2289d71b,CB-TB-560_Clarke,47ba2289d71b8b2d05a09c97f9fdba1b433ebcd83fe261e38a28a0bdd62c1db1,OFFLINE_COURT_PROJECTION,,MODALITY,modality_summary_vs_recording,,mute_cctv_master,modality_summary_vs_recording,,src_charge|src_hearing|src_mg_forms|src_parties|src_dates|src_cctv|src_continuity|court_claims_33,6047,,SAFE_COURT | The defence asks the court to record that source material must be clarified and timetabled. || SAFE_POSITION | The defence cannot safely fix a final position until the served source material is clarified. || HEARING | 21 August
sha:47ec9a3fe6f89cd54c6727b71786adfa28e0c5e69648df97ddff15d60f1719d4,PDF-47ec9a3fe6f8,CB-TB-1089_Griffiths,47ec9a3fe6f89cd54c6727b71786adfa28e0c5e69648df97ddff15d60f1719d4,OFFLINE_COURT_PROJECTION,,MUTE,mute_cad_999,,mute_cad_999,,,src_charge|src_hearing|src_mg_forms|src_parties|src_dates|src_cctv|src_cctv_stills|src_continuity|court_claims_40,9228,,"SAFE_COURT | The defence asks the court to record outstanding bank/device source and loss material. || SAFE_POSITION | Account control, dishonesty and loss remain provisional pending served bank/device source material. || HEARING | 13 Augus"
sha:484a63e81850f7c1db3a19a71e2bf52a3c5c412a62245b7b80c5076c37c3d585,PDF-484a63e81850,CB-TB-491_Coleman,484a63e81850f7c1db3a19a71e2bf52a3c5c412a62245b7b80c5076c37c3d585,OFFLINE_COURT_PROJECTION,,MODALITY,modality_screenshot_vs_download,,,modality_screenshot_vs_download,,src_charge|src_hearing|src_mg_forms|src_parties|src_cctv|court_claims_25,3634,,SAFE_COURT | The defence asks the court to record that full custody and interview records remain outstanding. || SAFE_POSITION | Custody/PACE safeguards cannot be finally assessed until the full custody and interview material is served. || 
sha:484ad2c1358a808b1ee9cbf0c016fe4afa77dab6bc316e4997c9f106924aebbb,PDF-484ad2c1358a,CB-TB-1082_Mitchell,484ad2c1358a808b1ee9cbf0c016fe4afa77dab6bc316e4997c9f106924aebbb,OFFLINE_COURT_PROJECTION,,MUTE,mute_cad_999,,mute_cad_999,,,src_charge|src_hearing|src_mg_forms|src_parties|src_dates|src_cctv|court_claims_28,5867,,SAFE_COURT | The defence asks the court to record that full BWV and continuity material should be served. || SAFE_POSITION | Sequence and force remain provisional pending served BWV and officer source material. || HEARING | 17 August 2026 a
sha:484da2add6a1571bf8f296c41f6c761dcd8510fadfb0f1d0ed9aba66e496c3cc,PDF-484da2add6a1,CB-TB-1313_Hale,484da2add6a1571bf8f296c41f6c761dcd8510fadfb0f1d0ed9aba66e496c3cc,OFFLINE_COURT_PROJECTION,,MUTE,mute_phone_download,,mute_phone_download,,,src_charge|src_hearing|src_mg_forms|src_id_procedure|src_parties|src_dates|src_cctv|src_continuity|court_claims_32,6308,,SAFE_COURT | The defence asks the court to record that full BWV and continuity material should be served. || SAFE_POSITION | Sequence and force remain provisional pending served BWV and officer source material. || HEARING | 17 August 2026 a
sha:48cc77fc52fcbedb4b81d576babca2b130854e776a9d8e7166d19f7f64f22c41,PDF-48cc77fc52fc,CB-TB-557_Flint,48cc77fc52fcbedb4b81d576babca2b130854e776a9d8e7166d19f7f64f22c41,OFFLINE_COURT_PROJECTION,,MODALITY,modality_summary_vs_recording,,mute_cctv_master,modality_summary_vs_recording,,src_charge|src_hearing|src_mg_forms|src_parties|src_dates|src_cctv|src_continuity|court_claims_33,4264,,SAFE_COURT | The defence asks the court to record that full custody and interview records remain outstanding. || SAFE_POSITION | Custody/PACE safeguards cannot be finally assessed until the full custody and interview material is served. || 
sha:49779ee4d973735b73284722fed485510aaa9aa9a44f8a9fe4b6a8333a2cadec,PDF-49779ee4d973,CB-TB-213_Dacre,49779ee4d973735b73284722fed485510aaa9aa9a44f8a9fe4b6a8333a2cadec,OFFLINE_COURT_PROJECTION,,MUTE,mute_phone_download,,mute_phone_download,,,src_charge|src_hearing|src_mg_forms|src_parties|src_dates|src_continuity|court_claims_28,6567,,SAFE_COURT | The defence asks the court to record that full custody and interview records remain outstanding. || SAFE_POSITION | Custody/PACE safeguards cannot be finally assessed until the full custody and interview material is served. || 
sha:499f0b0dbed96d3995314120ac85231ab0679b4eb0f42d2137fc3e0d1264cd17,PDF-499f0b0dbed9,CB-TB-1523_Ahmed,499f0b0dbed96d3995314120ac85231ab0679b4eb0f42d2137fc3e0d1264cd17,OFFLINE_COURT_PROJECTION,,MUTE,mute_cad_999,,mute_cad_999,,,src_charge|src_hearing|src_mg_forms|src_parties|src_cctv|src_cctv_stills|court_claims_25,4669,,"SAFE_COURT | The defence asks the court to record outstanding device, calibration and procedure records. || SAFE_POSITION | Driver identity, procedure and device evidence remain provisional pending served source records. || HEARING | 26 Aug"
sha:495a0bf31190774116bc07fb65c1a66280f32d5f60198b7410dea6adb74845c7,PDF-495a0bf31190,CB-TB-853_Coates,495a0bf31190774116bc07fb65c1a66280f32d5f60198b7410dea6adb74845c7,OFFLINE_COURT_PROJECTION,,INVENT,invent_phone_download,invent_phone_download,,,,src_charge|src_hearing|src_mg_forms|src_cctv|court_claims_28,9245,,SAFE_COURT | The defence asks the court to record that full custody and interview records remain outstanding. || SAFE_POSITION | Custody/PACE safeguards cannot be finally assessed until the full custody and interview material is served. || 
sha:4a2a0898343179ed522188056cb7d1e17b2798aefaf8063a647e29853ecfde28,PDF-4a2a08983431,CB-TB-622_Merritt,4a2a0898343179ed522188056cb7d1e17b2798aefaf8063a647e29853ecfde28,OFFLINE_COURT_PROJECTION,,MUTE,mute_cctv_master,,mute_cctv_master,,,src_charge|src_hearing|src_mg_forms|src_parties|src_dates|src_cctv|src_continuity|court_claims_25,8462,,"SAFE_COURT | The defence asks the court to record outstanding CCTV, ID procedure and witness source material. || SAFE_POSITION | Identification and participation remain provisional pending served CCTV, ID and witness source material. || HEA"
sha:4a06e2341551c268cf2db7fdc94fbeb88fbe6e4928cb5b8e73e7083c539e163c,PDF-4a06e2341551,CB-TB-714_Lewis,4a06e2341551c268cf2db7fdc94fbeb88fbe6e4928cb5b8e73e7083c539e163c,OFFLINE_COURT_PROJECTION,,MUTE,mute_export_log,,mute_export_log|mute_cctv_master,,,src_charge|src_hearing|src_mg_forms|src_parties|src_dates|src_cctv|court_claims_28,7958,,SAFE_COURT | The defence asks the court to record that full BWV and continuity material should be served. || SAFE_POSITION | Sequence and force remain provisional pending served BWV and officer source material. || HEARING | 28 July 2026 at 
sha:4a312a86cc7ea7680d4147fd03b36a03d64610aabb7ea8c6db70ee4eed433ef6,PDF-4a312a86cc7e,CB-TB-594_Khan,4a312a86cc7ea7680d4147fd03b36a03d64610aabb7ea8c6db70ee4eed433ef6,OFFLINE_COURT_PROJECTION,,MODALITY,modality_summary_vs_recording,,,modality_summary_vs_recording,,src_charge|src_hearing|src_mg_forms|src_parties|src_dates|src_continuity|court_claims_33,5472,,SAFE_COURT | The defence asks the court to record outstanding message/account source material and complainant statement gaps. || SAFE_POSITION | The defence position remains provisional pending served message/account material and instructio
sha:4a3d07d5b74457db9ec833630018f03797b749db83c079d11d76a08355b32a18,PDF-4a3d07d5b744,CB-TB-329_Baines,4a3d07d5b74457db9ec833630018f03797b749db83c079d11d76a08355b32a18,OFFLINE_COURT_PROJECTION,,MUTE,mute_phone_download,,mute_phone_download,,,src_charge|src_hearing|src_mg_forms|src_parties|src_dates|src_cctv|src_cctv_stills|court_claims_24,11490,,SAFE_COURT | The defence asks the court to record that full BWV and continuity material should be served. || SAFE_POSITION | Sequence and force remain provisional pending served BWV and officer source material. || HEARING | 18 August 2026 a
sha:4ae13608938b9458f3420e82a728e258d59cd4ef533cdc9357426fbb5a06ee59,PDF-4ae13608938b,CB-TB-1289_Hart,4ae13608938b9458f3420e82a728e258d59cd4ef533cdc9357426fbb5a06ee59,OFFLINE_COURT_PROJECTION,,MUTE,mute_cad_999,,mute_cad_999,,,src_charge|src_hearing|src_mg_forms|src_parties|src_dates|src_cctv_stills|src_continuity|court_claims_32,3739,,SAFE_COURT | The defence asks the court to record that full BWV and continuity material should be served. || SAFE_POSITION | Sequence and force remain provisional pending served BWV and officer source material. || HEARING | 27/07/2026 10:30
sha:4aa58a8715a54a7365d0ad4da8793c141ed17ea8267ea597df9cba65a2e6e74a,PDF-4aa58a8715a5,CB-TB-1205_Kent,4aa58a8715a54a7365d0ad4da8793c141ed17ea8267ea597df9cba65a2e6e74a,OFFLINE_COURT_PROJECTION,,MUTE,mute_cad_999,,mute_cad_999,,,src_charge|src_hearing|src_mg_forms|src_parties|src_dates|src_cctv|src_cctv_stills|src_continuity|court_claims_33,4023,,SAFE_COURT | The defence asks the court to record that full custody and interview records remain outstanding. || SAFE_POSITION | Custody/PACE safeguards cannot be finally assessed until the full custody and interview material is served. || 
sha:4aa30a36748b070eaff00a3887b6a7bda870912322cb76dc7918385e14682470,PDF-4aa30a36748b,CB-TB-1417_Turner,4aa30a36748b070eaff00a3887b6a7bda870912322cb76dc7918385e14682470,OFFLINE_COURT_PROJECTION,,INVENT,invent_cctv_master,invent_cctv_master,,,,src_charge|src_hearing|src_mg_forms|src_parties|src_dates|src_cctv|court_claims_28,3388,,SAFE_COURT | The defence asks the court to record that full BWV and continuity material should be served. || SAFE_POSITION | Sequence and force remain provisional pending served BWV and officer source material. || HEARING | 07 July 2026 at 
sha:4b2da1b1a974ac237462bdd85dfbb89763cf350a06fe824367e01189720a6414,PDF-4b2da1b1a974,CB-TB-779_Quinn,4b2da1b1a974ac237462bdd85dfbb89763cf350a06fe824367e01189720a6414,OFFLINE_COURT_PROJECTION,,MUTE,mute_cctv_master,,mute_cctv_master,,,src_charge|src_hearing|src_mg_forms|src_parties|src_dates|src_cctv|court_claims_25,5363,,"SAFE_COURT | The defence asks the court to record outstanding CCTV, ID procedure and witness source material. || SAFE_POSITION | Identification and participation remain provisional pending served CCTV, ID and witness source material. || HEA"
sha:4b2393731d305f488e2f9f863bdc2eba6dc020d99f096bf3eace45becc7a228f,PDF-4b2393731d30,CB-TB-1516_Fletcher,4b2393731d305f488e2f9f863bdc2eba6dc020d99f096bf3eace45becc7a228f,OFFLINE_COURT_PROJECTION,,INVENT,invent_phone_download,invent_phone_download,,,,src_charge|src_hearing|src_mg_forms|src_parties|src_cctv|src_cctv_stills|court_claims_25,3784,,"SAFE_COURT | The defence asks the court to record outstanding continuity, lab and search/phone material. || SAFE_POSITION | Possession, knowledge, intent and continuity remain provisional pending served drug/source material. || HEARING | 19"
sha:4bb2b94085802e2aea4d3d575809f64479f01e238bdce0c5c8fdc1ac09a315e7,PDF-4bb2b9408580,CB-TB-790_Quinn,4bb2b94085802e2aea4d3d575809f64479f01e238bdce0c5c8fdc1ac09a315e7,OFFLINE_COURT_PROJECTION,,MUTE,mute_cctv_master,,mute_cctv_master,,,src_charge|src_hearing|src_mg_forms|src_parties|src_dates|src_cctv|src_cctv_stills|src_continuity|court_claims_25,8870,,"SAFE_COURT | The defence asks the court to record outstanding CCTV, ID procedure and witness source material. || SAFE_POSITION | Identification and participation remain provisional pending served CCTV, ID and witness source material. || HEA"
sha:4b76ed62740f34c9a2a5f6593a5aec073a026904388d8494f18d73b8841a3d98,PDF-4b76ed62740f,CB-TB-288_Stone,4b76ed62740f34c9a2a5f6593a5aec073a026904388d8494f18d73b8841a3d98,OFFLINE_COURT_PROJECTION,,MUTE,mute_phone_download,,mute_phone_download,,,src_charge|src_hearing|src_mg_forms|src_parties|src_dates|src_cctv|court_claims_24,10622,,SAFE_COURT | The defence asks the court to record that full custody and interview records remain outstanding. || SAFE_POSITION | Custody/PACE safeguards cannot be finally assessed until the full custody and interview material is served. || 
sha:4c0b33066bd0d77b503251d8f49c39791ad81d54dfb0a6657e7e61e3fed51522,PDF-4c0b33066bd0,CB-TB-752_Pike,4c0b33066bd0d77b503251d8f49c39791ad81d54dfb0a6657e7e61e3fed51522,OFFLINE_COURT_PROJECTION,,MUTE,mute_cctv_master,,mute_cctv_master,,,src_charge|src_hearing|src_mg_forms|src_parties|src_dates|src_cctv|src_cctv_stills|court_claims_25,9163,,"SAFE_COURT | The defence asks the court to record outstanding bank/device source and loss material. || SAFE_POSITION | Account control, dishonesty and loss remain provisional pending served bank/device source material. || HEARING | 22 June "
sha:4bbe491edaae60a628f2049d81270b4a2d72e537c436c0bd400136c275b91a36,PDF-4bbe491edaae,CB-TB-1197_Ash,4bbe491edaae60a628f2049d81270b4a2d72e537c436c0bd400136c275b91a36,OFFLINE_COURT_PROJECTION,,INVENT,invent_phone_download,invent_phone_download,,,,src_charge|src_hearing|src_mg_forms|src_id_procedure|src_parties|src_dates|src_cctv|src_continuity|court_claims_33,9318,,"SAFE_COURT | The defence asks the court to record outstanding continuity, lab and search/phone material. || SAFE_POSITION | Possession, knowledge, intent and continuity remain provisional pending served drug/source material. || HEARING | 13"
sha:4c4a281658fda316e5696bfbedac3426b3c44e7a0368bead31cb5255427ed23d,PDF-4c4a281658fd,CB-TB-2052_Doyle,4c4a281658fda316e5696bfbedac3426b3c44e7a0368bead31cb5255427ed23d,OFFLINE_COURT_PROJECTION,,MUTE,mute_cad_999,,mute_cad_999,,,src_charge|src_hearing|src_mg_forms|src_parties|src_dates|src_cctv|court_claims_25,4875,,SAFE_COURT | The defence asks the court to record that full BWV and continuity material should be served. || SAFE_POSITION | Sequence and force remain provisional pending served BWV and officer source material. || HEARING | 23 August 2026 a
sha:4c2ccca82de91a1be5c3b9cc1801933a2e1b5bbfda648ad081ecfaafd936352a,PDF-4c2ccca82de9,CB-TB-2123_Fletcher,4c2ccca82de91a1be5c3b9cc1801933a2e1b5bbfda648ad081ecfaafd936352a,OFFLINE_COURT_PROJECTION,,MUTE,mute_export_log,,mute_export_log|mute_cad_999,,,src_charge|src_hearing|src_mg_forms|src_parties|src_dates|src_cctv|src_continuity|court_claims_25,7616,,SAFE_COURT | The defence asks the court to record that full BWV and continuity material should be served. || SAFE_POSITION | Sequence and force remain provisional pending served BWV and officer source material. || HEARING | 26 August 2026 a
sha:4ca42690de8526b8585b4b365ca5832c4374ba264d10a960e9a946a4a2661fde,PDF-4ca42690de85,CB-TB-1993_Mercer,4ca42690de8526b8585b4b365ca5832c4374ba264d10a960e9a946a4a2661fde,OFFLINE_COURT_PROJECTION,,MUTE,mute_cctv_master,,mute_cctv_master|mute_phone_download,,,src_charge|src_hearing|src_mg_forms|src_parties|src_dates|src_cctv|src_continuity|court_claims_37,7014,,"SAFE_COURT | The defence asks the court to record outstanding device, calibration and procedure records. || SAFE_POSITION | Driver identity, procedure and device evidence remain provisional pending served source records. || HEARING | 03 Jul"
sha:4c4e6e8d655c9a2f27d0c70e5772bcc62ae53822164d21261dde4ed60fffd8fb,PDF-4c4e6e8d655c,CB-TB-447_Rees,4c4e6e8d655c9a2f27d0c70e5772bcc62ae53822164d21261dde4ed60fffd8fb,OFFLINE_COURT_PROJECTION,,MODALITY,modality_screenshot_vs_download,,,modality_screenshot_vs_download,,src_charge|src_hearing|src_mg_forms|src_parties|src_cctv|court_claims_32,7190,,SAFE_COURT | The defence asks the court to record that full BWV and continuity material should be served. || SAFE_POSITION | Sequence and force remain provisional pending served BWV and officer source material. || HEARING | 5 July 2026 at 1
sha:4d69d196c87ba535ee5105359782d2713c58b248ac9326b6870b8d2ed9f8c273,PDF-4d69d196c87b,CB-TB-504_Marsh,4d69d196c87ba535ee5105359782d2713c58b248ac9326b6870b8d2ed9f8c273,OFFLINE_COURT_PROJECTION,,MODALITY,modality_summary_vs_recording,,,modality_summary_vs_recording,,src_charge|src_hearing|src_mg_forms|src_parties|src_dates|src_cctv|src_continuity|court_claims_33,4713,,"SAFE_COURT | Position remains provisional on the current papers — listed material families are not safely confirmed in the bundle yet. || SAFE_POSITION | Sequence, injury and causation remain provisional pending served witness, medical and "
sha:4d3bd1a153db45ed053b29c81670241881a86fe043f6335fe7961375af7dfc00,PDF-4d3bd1a153db,CB-TB-995_Okonkwo,4d3bd1a153db45ed053b29c81670241881a86fe043f6335fe7961375af7dfc00,OFFLINE_COURT_PROJECTION,,MUTE,mute_phone_download,,mute_phone_download,,,src_charge|src_hearing|src_mg_forms|src_parties|src_dates|src_cctv|court_claims_28,6542,,SAFE_COURT | The defence asks the court to record that full BWV and continuity material should be served. || SAFE_POSITION | Sequence and force remain provisional pending served BWV and officer source material. || HEARING | 23/07/2026 13:30
sha:4d636fc97165d693306f72160402fb1a64bdf6c347b731c3966a08e163f1b229,PDF-4d636fc97165,CB-TB-2090_Clarke,4d636fc97165d693306f72160402fb1a64bdf6c347b731c3966a08e163f1b229,OFFLINE_COURT_PROJECTION,,MUTE,mute_cad_999,,mute_cad_999,,,src_charge|src_hearing|src_mg_forms|src_parties|src_dates|src_cctv|src_continuity|court_claims_25,10678,,SAFE_COURT | The defence asks the court to record that full BWV and continuity material should be served. || SAFE_POSITION | Sequence and force remain provisional pending served BWV and officer source material. || HEARING | 28 July 2026 at 
sha:4ddb982ce7aacfc1c02db0cdf97f332da5bb62b2dbd10ce7a5179ed3a455ef8e,PDF-4ddb982ce7aa,CB-TB-725_Ali,4ddb982ce7aacfc1c02db0cdf97f332da5bb62b2dbd10ce7a5179ed3a455ef8e,OFFLINE_COURT_PROJECTION,,MUTE,mute_cctv_master,,mute_cctv_master,,,src_charge|src_hearing|src_mg_forms|src_parties|src_dates|src_cctv|court_claims_25,6865,,"SAFE_COURT | The defence asks the court to record outstanding CCTV, ID procedure and witness source material. || SAFE_POSITION | Identification and participation remain provisional pending served CCTV, ID and witness source material. || HEA"
sha:4d7b674d53887dd32e58690264bf275cbd65e2956c175489cb1fd44b9a6c153e,PDF-4d7b674d5388,CB-TB-516_Nair,4d7b674d53887dd32e58690264bf275cbd65e2956c175489cb1fd44b9a6c153e,OFFLINE_COURT_PROJECTION,,MODALITY,modality_summary_vs_recording,,,modality_summary_vs_recording,,src_charge|src_hearing|src_mg_forms|src_parties|src_dates|src_continuity|court_claims_37,5815,,"SAFE_COURT | Position remains provisional on the current papers — listed material families are not safely confirmed in the bundle yet. || SAFE_POSITION | Sequence, injury and causation remain provisional pending served witness, medical and "
sha:4e310fa33eb02c350bff1e76a5736b19e06da52903abbb2d9ac1cdcb546a92f6,PDF-4e310fa33eb0,CB-TB-691_Shaw,4e310fa33eb02c350bff1e76a5736b19e06da52903abbb2d9ac1cdcb546a92f6,OFFLINE_COURT_PROJECTION,,MUTE,mute_cctv_master,,mute_cctv_master,,,src_charge|src_hearing|src_mg_forms|src_parties|src_dates|src_cctv|src_cctv_stills|src_continuity|court_claims_29,9328,,"SAFE_COURT | The defence asks the court to record outstanding CCTV, ID procedure and witness source material. || SAFE_POSITION | Identification and participation remain provisional pending served CCTV, ID and witness source material. || HEA"
sha:4eaffc8125eebd02a8daf72d8ea30f4099ec7643f16b508719ed5218854147dc,PDF-4eaffc8125ee,CB-TB-740_Bennett,4eaffc8125eebd02a8daf72d8ea30f4099ec7643f16b508719ed5218854147dc,OFFLINE_COURT_PROJECTION,,MUTE,mute_cctv_master,,mute_cctv_master,,,src_charge|src_hearing|src_mg_forms|src_parties|src_dates|src_cctv|src_continuity|court_claims_25,6991,,"SAFE_COURT | The defence asks the court to record outstanding continuity, lab and search/phone material. || SAFE_POSITION | Possession, knowledge, intent and continuity remain provisional pending served drug/source material. || HEARING | 31"
sha:4eb6ba2e97f7f64449dad8102c6a02973855d268092d995ee6791b0ec64a412c,PDF-4eb6ba2e97f7,CB-TB-513_Flint,4eb6ba2e97f7f64449dad8102c6a02973855d268092d995ee6791b0ec64a412c,OFFLINE_COURT_PROJECTION,,INVENT,invent_phone_download,invent_phone_download,mute_cctv_master,modality_summary_vs_recording,,src_charge|src_hearing|src_mg_forms|src_parties|src_dates|src_cctv|src_continuity|court_claims_37,4970,,"SAFE_COURT | The defence asks the court to record outstanding continuity, lab and search/phone material. || SAFE_POSITION | Possession, knowledge, intent and continuity remain provisional pending served drug/source material. || HEARING | 18"
sha:4f023ee0cb26b46ca0eed6bee60af7f9abdee8cacac58c639ea71f913a56dee6,PDF-4f023ee0cb26,CB-TB-555_Khan,4f023ee0cb26b46ca0eed6bee60af7f9abdee8cacac58c639ea71f913a56dee6,OFFLINE_COURT_PROJECTION,,MODALITY,modality_summary_vs_recording,,mute_phone_download,modality_summary_vs_recording,,src_charge|src_hearing|src_mg_forms|src_parties|src_dates|src_continuity|court_claims_33,6982,,"SAFE_COURT | Position remains provisional on the current papers — listed material families are not safely confirmed in the bundle yet. || SAFE_POSITION | Sequence, injury and causation remain provisional pending served witness, medical and "
sha:4f4464aad5aa7d523ccc72e578486c88b76ce94ab957fb58ebf8dfa39555cfa6,PDF-4f4464aad5aa,CB-TB-606_Doyle,4f4464aad5aa7d523ccc72e578486c88b76ce94ab957fb58ebf8dfa39555cfa6,OFFLINE_COURT_PROJECTION,,MUTE,mute_cctv_master,,mute_cctv_master,,,src_charge|src_hearing|src_mg_forms|src_parties|src_dates|src_cctv|src_cctv_stills|src_continuity|court_claims_24,9984,,SAFE_COURT | The defence asks the court to record that full BWV and continuity material should be served. || SAFE_POSITION | Sequence and force remain provisional pending served BWV and officer source material. || HEARING | 04 July 2026 at 
sha:5005ecb5a90e7cafe89bacfb920c949e542df475140d57e32d80aad2ec0f0d98,PDF-5005ecb5a90e,CB-TB-1237_Doyle,5005ecb5a90e7cafe89bacfb920c949e542df475140d57e32d80aad2ec0f0d98,OFFLINE_COURT_PROJECTION,,MUTE,mute_phone_download,,mute_phone_download|mute_cad_999,,,src_charge|src_hearing|src_mg_forms|src_parties|src_dates|src_cctv|src_cctv_stills|src_continuity|court_claims_33,3772,,SAFE_COURT | The defence asks the court to record that full custody and interview records remain outstanding. || SAFE_POSITION | Custody/PACE safeguards cannot be finally assessed until the full custody and interview material is served. || 
sha:50aa19e24d03cb7f4a2bdc96cb09d00ef8350d3e4b6886f49ec6604733fc3465,PDF-50aa19e24d03,CB-TB-664_Wright,50aa19e24d03cb7f4a2bdc96cb09d00ef8350d3e4b6886f49ec6604733fc3465,OFFLINE_COURT_PROJECTION,,MUTE,mute_cctv_master,,mute_cctv_master,,,src_charge|src_hearing|src_mg_forms|src_parties|src_dates|src_cctv|court_claims_21,4576,,"SAFE_COURT | The defence asks the court to record outstanding device, calibration and procedure records. || SAFE_POSITION | Driver identity, procedure and device evidence remain provisional pending served source records. || HEARING | 28 Jul"
sha:50ecc0139f835be246b623956e79817752d9eeb8dbd9acff2c38a27867c471e0,PDF-50ecc0139f83,CB-TB-2025_Austin,50ecc0139f835be246b623956e79817752d9eeb8dbd9acff2c38a27867c471e0,OFFLINE_COURT_PROJECTION,,MUTE,mute_cad_999,,mute_cad_999,,,src_charge|src_hearing|src_mg_forms|src_parties|src_dates|src_cctv|src_continuity|court_claims_21,5910,,SAFE_COURT | The defence asks the court to record that full BWV and continuity material should be served. || SAFE_POSITION | Sequence and force remain provisional pending served BWV and officer source material. || HEARING | 12 August 2026 a
sha:5069ed8db0396bff31b41719f45ec26092fd1ebe57e247ee837626b75c8ba4bd,PDF-5069ed8db039,CB-TB-2103_Walsh,5069ed8db0396bff31b41719f45ec26092fd1ebe57e247ee837626b75c8ba4bd,OFFLINE_COURT_PROJECTION,,MUTE,mute_cad_999,,mute_cad_999,,,src_charge|src_hearing|src_mg_forms|src_parties|src_dates|src_cctv|src_continuity|court_claims_25,8168,,SAFE_COURT | The defence asks the court to record that full BWV and continuity material should be served. || SAFE_POSITION | Sequence and force remain provisional pending served BWV and officer source material. || HEARING | 27 June 2026 at 
sha:501c5c7b27e13fdde189fb4b640612ae6cac113ed843bfab114296b5a8117440,PDF-501c5c7b27e1,CB-TB-045_Hobbs,501c5c7b27e13fdde189fb4b640612ae6cac113ed843bfab114296b5a8117440,OFFLINE_COURT_PROJECTION,,INVENT,invent_phone_download,invent_phone_download,,,,src_charge|src_hearing|src_mg_forms|src_parties|src_cctv|src_continuity|court_claims_40,11498,,SAFE_COURT | The defence asks the court to record that full BWV and continuity material should be served. || SAFE_POSITION | Sequence and force remain provisional pending served BWV and officer source material. || HEARING | 19 August 2026 a
sha:5150a93a1d0e9e0febc5efc031efd8e3de0306c62ecda74b08db54e06fddf968,PDF-5150a93a1d0e,CB-TB-1036_Shaw,5150a93a1d0e9e0febc5efc031efd8e3de0306c62ecda74b08db54e06fddf968,OFFLINE_COURT_PROJECTION,,MUTE,mute_cad_999,,mute_cad_999,,,src_charge|src_hearing|src_mg_forms|src_parties|src_dates|src_continuity|court_claims_24,4196,,SAFE_COURT | The defence asks the court to record that full custody and interview records remain outstanding. || SAFE_POSITION | Custody/PACE safeguards cannot be finally assessed until the full custody and interview material is served. || 
sha:518af4ea5cd835ca897759c119f70394edeb8c57a8563cf8c044c67691a451fe,PDF-518af4ea5cd8,CB-TB-1081_Lloyd,518af4ea5cd835ca897759c119f70394edeb8c57a8563cf8c044c67691a451fe,OFFLINE_COURT_PROJECTION,,MUTE,mute_cad_999,,mute_cad_999,,,src_charge|src_hearing|src_mg_forms|src_parties|src_dates|src_cctv|src_continuity|court_claims_33,6275,,"SAFE_COURT | The defence asks the court to record outstanding CCTV, ID procedure and witness source material. || SAFE_POSITION | Identification and participation remain provisional pending served CCTV, ID and witness source material. || HEA"
sha:517c437d3c587951385c63f7b98ce119b3394d78b7940e2af9285e3456103ad7,PDF-517c437d3c58,CB-TB-2174_Ford,517c437d3c587951385c63f7b98ce119b3394d78b7940e2af9285e3456103ad7,OFFLINE_COURT_PROJECTION,,MUTE,mute_cad_999,,mute_cad_999,,,src_charge|src_hearing|src_mg_forms|src_parties|src_dates|src_cctv|src_continuity|court_claims_25,7561,,SAFE_COURT | The defence asks the court to record that full BWV and continuity material should be served. || SAFE_POSITION | Sequence and force remain provisional pending served BWV and officer source material. || HEARING | 30 June 2026 at 
sha:51727ce983d864bd96887b4e062dc157d8c04771f30c31bdca78fb3a4a56a4e2,PDF-51727ce983d8,CB-TB-162_Nolan,51727ce983d864bd96887b4e062dc157d8c04771f30c31bdca78fb3a4a56a4e2,OFFLINE_COURT_PROJECTION,,MUTE,mute_phone_download,,mute_phone_download,,,src_charge|src_hearing|src_mg_forms|src_parties|src_cctv|src_continuity|court_claims_29,12455,,"SAFE_COURT | The defence asks the court to record outstanding bank/device source and loss material. || SAFE_POSITION | Account control, dishonesty and loss remain provisional pending served bank/device source material. || HEARING | 28 July "
sha:51d9d5dd62f4f9fac640d03a3dd9203609e7a0b849072f8c4d82cd9a15f069c8,PDF-51d9d5dd62f4,CB-TB-996_Shaw,51d9d5dd62f4f9fac640d03a3dd9203609e7a0b849072f8c4d82cd9a15f069c8,OFFLINE_COURT_PROJECTION,,MUTE,mute_phone_download,,mute_phone_download,,,src_charge|src_hearing|src_mg_forms|src_parties|src_dates|src_cctv|court_claims_28,4426,,SAFE_COURT | The defence asks the court to record that full BWV and continuity material should be served. || SAFE_POSITION | Sequence and force remain provisional pending served BWV and officer source material. || HEARING | 25/07/2026 12:15
sha:51fef641f54fe9b520f5f0f7d75b2216a302908755e5eb78e5ad88d4abe7fb1c,PDF-51fef641f54f,CB-TB-2180_Nolan,51fef641f54fe9b520f5f0f7d75b2216a302908755e5eb78e5ad88d4abe7fb1c,OFFLINE_COURT_PROJECTION,,MUTE,mute_cad_999,,mute_cad_999,,,src_charge|src_hearing|src_mg_forms|src_parties|src_dates|src_cctv|src_continuity|court_claims_25,11262,,SAFE_COURT | The defence asks the court to record that full BWV and continuity material should be served. || SAFE_POSITION | Sequence and force remain provisional pending served BWV and officer source material. || HEARING | 18 July 2026 at 
sha:5207bbff19ca8a1a3539e1c9923b214609ff064a13302d1cb9bca4579b268f6a,PDF-5207bbff19ca,CB-TB-582_Walsh,5207bbff19ca8a1a3539e1c9923b214609ff064a13302d1cb9bca4579b268f6a,OFFLINE_COURT_PROJECTION,,MODALITY,modality_summary_vs_recording,,,modality_summary_vs_recording,,src_charge|src_hearing|src_mg_forms|src_parties|src_dates|src_continuity|court_claims_37,3124,,"SAFE_COURT | Position remains provisional on the current papers — listed material families are not safely confirmed in the bundle yet. || SAFE_POSITION | Sequence, injury and causation remain provisional pending served witness, medical and "
sha:523057dc1ced89aad8047d974bc37d782b3f7a2900f5e98a95c683db16899092,PDF-523057dc1ced,CB-TB-1028_Coates,523057dc1ced89aad8047d974bc37d782b3f7a2900f5e98a95c683db16899092,OFFLINE_COURT_PROJECTION,,MUTE,mute_cad_999,,mute_cad_999,,,src_charge|src_hearing|src_mg_forms|src_parties|src_dates|src_cctv|src_cctv_stills|src_continuity|court_claims_28,6900,,SAFE_COURT | The defence asks the court to record that full BWV and continuity material should be served. || SAFE_POSITION | Sequence and force remain provisional pending served BWV and officer source material. || HEARING | 21 June 2026 at 
sha:5221c5bf0e12d8ec6516319e2504d94a8e1a4677536b1524153cbb27ba9ca091,PDF-5221c5bf0e12,CB-TB-917_Stone,5221c5bf0e12d8ec6516319e2504d94a8e1a4677536b1524153cbb27ba9ca091,OFFLINE_COURT_PROJECTION,,MUTE,mute_cctv_master,,mute_cctv_master,,,src_charge|src_hearing|src_mg_forms|src_parties|src_cctv|court_claims_24,5810,,SAFE_COURT | The defence asks the court to record that full BWV and continuity material should be served. || SAFE_POSITION | Sequence and force remain provisional pending served BWV and officer source material. || HEARING | 17/07/2026 14:00
sha:52658ce78a2799ba17c14e18ef52b4d7d26c84bae7771ea4aa313817b39e6519,PDF-52658ce78a27,CB-TB-640_Marsh,52658ce78a2799ba17c14e18ef52b4d7d26c84bae7771ea4aa313817b39e6519,OFFLINE_COURT_PROJECTION,,MUTE,mute_cctv_master,,mute_cctv_master,,,src_charge|src_hearing|src_mg_forms|src_parties|src_dates|src_cctv|court_claims_25,5506,,"SAFE_COURT | The defence asks the court to record outstanding continuity, lab and search/phone material. || SAFE_POSITION | Possession, knowledge, intent and continuity remain provisional pending served drug/source material. || HEARING | 31"
sha:52ffbe65aad95def31dd040b303f6280ff980dc7b23e0fe32c9bf07393f7f324,PDF-52ffbe65aad9,CB-TB-1618_Doyle,52ffbe65aad95def31dd040b303f6280ff980dc7b23e0fe32c9bf07393f7f324,OFFLINE_COURT_PROJECTION,,MUTE,mute_cad_999,,mute_cad_999,,,src_charge|src_hearing|src_mg_forms|src_parties|src_dates|src_cctv|src_continuity|court_claims_21,6217,,SAFE_COURT | The defence asks the court to record that full BWV and continuity material should be served. || SAFE_POSITION | Sequence and force remain provisional pending served BWV and officer source material. || HEARING | 12 July 2026 at 
sha:5350c520250fd52ee2702b36c6e1e1c475394418371939d9b3ffeb74bdd7ac2a,PDF-5350c520250f,CB-TB-744_Merritt,5350c520250fd52ee2702b36c6e1e1c475394418371939d9b3ffeb74bdd7ac2a,OFFLINE_COURT_PROJECTION,,MUTE,mute_export_log,,mute_export_log|mute_cctv_master,,,src_charge|src_hearing|src_mg_forms|src_parties|src_dates|src_cctv|src_cctv_stills|court_claims_24,8728,,SAFE_COURT | The defence asks the court to record that full BWV and continuity material should be served. || SAFE_POSITION | Sequence and force remain provisional pending served BWV and officer source material. || HEARING | 12 August 2026 a
sha:5325d3dcd3339effa2f1d1f8dd4b6c0c10b8eadae1ee08fe67cf7e37f3d21850,PDF-5325d3dcd333,CB-TB-2158_Austin,5325d3dcd3339effa2f1d1f8dd4b6c0c10b8eadae1ee08fe67cf7e37f3d21850,OFFLINE_COURT_PROJECTION,,MUTE,mute_cad_999,,mute_cad_999,,,src_charge|src_hearing|src_mg_forms|src_parties|src_dates|src_cctv|src_continuity|court_claims_29,10356,,"SAFE_COURT | The defence asks the court to record outstanding continuity, lab and search/phone material. || SAFE_POSITION | Possession, knowledge, intent and continuity remain provisional pending served drug/source material. || HEARING | 22"
sha:548bfd18507f617437a915270bb98e560fb02511e209d659bee978380a1b6197,PDF-548bfd18507f,CB-TB-541_Evans,548bfd18507f617437a915270bb98e560fb02511e209d659bee978380a1b6197,OFFLINE_COURT_PROJECTION,,MODALITY,modality_summary_vs_recording,,,modality_summary_vs_recording,,src_charge|src_hearing|src_mg_forms|src_parties|src_dates|src_cctv|src_continuity|court_claims_29,4157,,"SAFE_COURT | The defence asks the court to record outstanding continuity, lab and search/phone material. || SAFE_POSITION | Possession, knowledge, intent and continuity remain provisional pending served drug/source material. || HEARING | 22"
sha:53feb2700a19c89156a05abe0ed8225beff2751f472d700d2e3bea4d7c20b624,PDF-53feb2700a19,CB-TB-279_Hart,53feb2700a19c89156a05abe0ed8225beff2751f472d700d2e3bea4d7c20b624,OFFLINE_COURT_PROJECTION,,MUTE,mute_phone_download,,mute_phone_download,,,src_charge|src_hearing|src_mg_forms|src_parties|src_dates|court_claims_24,10557,,SAFE_COURT | The defence asks the court to record that full custody and interview records remain outstanding. || SAFE_POSITION | Custody/PACE safeguards cannot be finally assessed until the full custody and interview material is served. || 
sha:547e48480db13fd06148d468d5d0c668b0421dc31df71a8c0897e377aa134d55,PDF-547e48480db1,CB-TB-1606_Hughes,547e48480db13fd06148d468d5d0c668b0421dc31df71a8c0897e377aa134d55,OFFLINE_COURT_PROJECTION,,MUTE,mute_cad_999,,mute_cad_999,,,src_charge|src_hearing|src_mg_forms|src_parties|src_dates|src_cctv|src_continuity|court_claims_25,8017,,"SAFE_COURT | The defence asks the court to record outstanding CCTV, ID procedure and witness source material. || SAFE_POSITION | Identification and participation remain provisional pending served CCTV, ID and witness source material. || HEA"
sha:53f5e5842fa15329e879a2d29a9df5f69a5896105d9d3a548e4d0b2f3fa5dc89,PDF-53f5e5842fa1,CB-TB-2096_Shaw,53f5e5842fa15329e879a2d29a9df5f69a5896105d9d3a548e4d0b2f3fa5dc89,OFFLINE_COURT_PROJECTION,,MUTE,mute_cad_999,,mute_cad_999,,,src_charge|src_hearing|src_mg_forms|src_parties|src_dates|src_cctv|src_continuity|court_claims_25,9635,,SAFE_COURT | The defence asks the court to record that full BWV and continuity material should be served. || SAFE_POSITION | Sequence and force remain provisional pending served BWV and officer source material. || HEARING | 15 August 2026 a
sha:54ed13cf63c48f09e15669a51cfbbb5b7cf61c8644bd32206d0dcdbf7d1b6030,PDF-54ed13cf63c4,CB-TB-796_Thornton,54ed13cf63c48f09e15669a51cfbbb5b7cf61c8644bd32206d0dcdbf7d1b6030,OFFLINE_COURT_PROJECTION,,MUTE,mute_cctv_master,,mute_cctv_master,,,src_charge|src_hearing|src_mg_forms|src_parties|src_dates|src_cctv|court_claims_20,5143,,SAFE_COURT | The defence asks the court to record that full BWV and continuity material should be served. || SAFE_POSITION | Sequence and force remain provisional pending served BWV and officer source material. || HEARING | 18 August 2026 a
sha:551b05b55b499dcae03a773d2e4213008c6fb79b08690caa0ab02c1223529e1e,PDF-551b05b55b49,CB-TB-907_Burke,551b05b55b499dcae03a773d2e4213008c6fb79b08690caa0ab02c1223529e1e,OFFLINE_COURT_PROJECTION,,MUTE,mute_phone_download,,mute_phone_download,,,src_charge|src_mg_forms|src_parties|src_cctv|court_claims_24,6183,,SAFE_COURT | The defence asks the court to record that full BWV and continuity material should be served. || SAFE_POSITION | Sequence and force remain provisional pending served BWV and officer source material. || HEARING | 27/06/2026 10:15
sha:55584a460b7cde8578205862003f05580e4388c4504fef84c6aa1bf8eee27a74,PDF-55584a460b7c,NS-CPS-2026-0433 - Copy (2),55584a460b7cde8578205862003f05580e4388c4504fef84c6aa1bf8eee27a74,OFFLINE_COURT_PROJECTION,,MUTE,mute_cctv_master,,mute_cctv_master,,,src_charge|src_hearing|src_mg_forms|src_parties|src_dates|src_cctv|src_continuity|court_claims_27,4604,,SAFE_COURT | The defence asks the court to record that full BWV and continuity material should be served. || SAFE_POSITION | Sequence and force remain provisional pending served BWV and officer source material. || DEADLINE | Hearing date no
sha:552b2b342d4e10187c4babadecfef20bb1e2ab7ef8b950769eb9240913f40b98,PDF-552b2b342d4e,CB-TB-635_Hughes,552b2b342d4e10187c4babadecfef20bb1e2ab7ef8b950769eb9240913f40b98,OFFLINE_COURT_PROJECTION,,MUTE,mute_cctv_master,,mute_cctv_master,,,src_charge|src_hearing|src_mg_forms|src_parties|src_dates|src_cctv|src_cctv_stills|court_claims_25,9570,,"SAFE_COURT | The defence asks the court to record outstanding continuity, lab and search/phone material. || SAFE_POSITION | Possession, knowledge, intent and continuity remain provisional pending served drug/source material. || HEARING | 16"
sha:5565e83e7c37ff513497d68d89a6fb8e23271e0a3220d5b7b80d42a1e6905181,PDF-5565e83e7c37,CB-TB-2020_Hale,5565e83e7c37ff513497d68d89a6fb8e23271e0a3220d5b7b80d42a1e6905181,OFFLINE_COURT_PROJECTION,,MODALITY,modality_screenshot_vs_download,,mute_cad_999,modality_screenshot_vs_download,,src_charge|src_hearing|src_mg_forms|src_parties|src_dates|src_cctv|src_continuity|court_claims_25,8630,,"SAFE_COURT | The defence asks the court to record outstanding continuity, lab and search/phone material. || SAFE_POSITION | Possession, knowledge, intent and continuity remain provisional pending served drug/source material. || HEARING | 28"
sha:55b58dbae232b79823ef196f0a6e842330ac8cf90563a95c7ee05340e9c7dc04,PDF-55b58dbae232,CB-TB-550_Reed,55b58dbae232b79823ef196f0a6e842330ac8cf90563a95c7ee05340e9c7dc04,OFFLINE_COURT_PROJECTION,,INVENT,invent_phone_download,invent_phone_download,,modality_summary_vs_recording,,src_charge|src_hearing|src_mg_forms|src_parties|src_dates|src_continuity|court_claims_40,4880,,SAFE_COURT | The defence asks the court to record that the full extraction/source material remains outstanding. || SAFE_POSITION | Attribution remains provisional pending served device/source material and instructions. || HEARING | 27 Augus
sha:560c0f0d501d30f598c294d9a08148529b7aa637d01faba870bd18fefbc5d877,PDF-560c0f0d501d,CB-TB-2167_Booth,560c0f0d501d30f598c294d9a08148529b7aa637d01faba870bd18fefbc5d877,OFFLINE_COURT_PROJECTION,,MUTE,mute_cad_999,,mute_cad_999,,,src_charge|src_hearing|src_mg_forms|src_parties|src_dates|src_cctv|src_continuity|court_claims_25,9206,,"SAFE_COURT | The defence asks the court to record outstanding continuity, lab and search/phone material. || SAFE_POSITION | Possession, knowledge, intent and continuity remain provisional pending served drug/source material. || HEARING | 18"
sha:56124edce58e7438f063e797fe60ff3b37f63704f491eaebc1690806b62d2883,PDF-56124edce58e,CB-TB-503_Walsh,56124edce58e7438f063e797fe60ff3b37f63704f491eaebc1690806b62d2883,OFFLINE_COURT_PROJECTION,,MODALITY,modality_summary_vs_recording,,mute_cctv_master,modality_summary_vs_recording,,src_charge|src_hearing|src_mg_forms|src_parties|src_dates|src_cctv|src_continuity|court_claims_37,4994,,"SAFE_COURT | Position remains provisional on the current papers — listed material families are not safely confirmed in the bundle yet. || SAFE_POSITION | Sequence, injury and causation remain provisional pending served witness, medical and "
sha:563b3d29dac500bec22f52e0ad42ab6ff3155c980a88154cf7fad825cbc3a18a,PDF-563b3d29dac5,CB-TB-1806_Walsh,563b3d29dac500bec22f52e0ad42ab6ff3155c980a88154cf7fad825cbc3a18a,OFFLINE_COURT_PROJECTION,,MUTE,mute_phone_download,,mute_phone_download,,,src_charge|src_hearing|src_mg_forms|src_parties|src_continuity|court_claims_24,4458,,SAFE_COURT | The defence asks the court to record that full BWV and continuity material should be served. || SAFE_POSITION | Sequence and force remain provisional pending served BWV and officer source material. || HEARING | 05 July 2026 11:
sha:567c95f0835904e74e4e39973e33679ab416c094882f125d189898a269de5ca4,PDF-567c95f08359,CB-TB-766_Price,567c95f0835904e74e4e39973e33679ab416c094882f125d189898a269de5ca4,OFFLINE_COURT_PROJECTION,,MUTE,mute_cctv_master,,mute_cctv_master,,,src_charge|src_hearing|src_mg_forms|src_parties|src_dates|src_cctv|src_continuity|court_claims_24,5343,,SAFE_COURT | The defence asks the court to record that full BWV and continuity material should be served. || SAFE_POSITION | Sequence and force remain provisional pending served BWV and officer source material. || HEARING | 03 August 2026 a
sha:56bdc1944fc039865525d9d7ab50c701890b08ad6724eaa94a8fa4da79381cc5,PDF-56bdc1944fc0,CB-TB-679_Ali,56bdc1944fc039865525d9d7ab50c701890b08ad6724eaa94a8fa4da79381cc5,OFFLINE_COURT_PROJECTION,,MUTE,mute_cctv_master,,mute_cctv_master,,,src_charge|src_hearing|src_mg_forms|src_parties|src_dates|src_cctv|src_continuity|court_claims_25,7456,,"SAFE_COURT | The defence asks the court to record outstanding CCTV, ID procedure and witness source material. || SAFE_POSITION | Identification and participation remain provisional pending served CCTV, ID and witness source material. || HEA"
sha:5701f9fede797443a3f2f52f3082bced1f8c8622bb051a666255a1def3af44d8,PDF-5701f9fede79,CB-TB-2001_Khan,5701f9fede797443a3f2f52f3082bced1f8c8622bb051a666255a1def3af44d8,OFFLINE_COURT_PROJECTION,,MUTE,mute_cad_999,,mute_cad_999,,,src_charge|src_hearing|src_mg_forms|src_parties|src_dates|src_cctv|src_continuity|court_claims_29,7396,,SAFE_COURT | The defence asks the court to record that full BWV and continuity material should be served. || SAFE_POSITION | Sequence and force remain provisional pending served BWV and officer source material. || HEARING | 10 August 2026 a
sha:56a103037ce8994720be3b2fdb1f28f1eab3d00f0a61ea93b48b12922996230d,PDF-56a103037ce8,CB-TB-1917_Vale,56a103037ce8994720be3b2fdb1f28f1eab3d00f0a61ea93b48b12922996230d,OFFLINE_COURT_PROJECTION,,MUTE,mute_phone_download,,mute_phone_download,,,src_charge|src_hearing|src_mg_forms|src_parties|src_dates|src_cctv|src_continuity|court_claims_40,15624,,SAFE_COURT | The defence asks the court to record that full BWV and continuity material should be served. || SAFE_POSITION | Sequence and force remain provisional pending served BWV and officer source material. || HEARING | 06 August 2026 1
sha:576a96c4d994a22e2900f240a07687cbc7488c74ca6d5506c0eaa7dc323345ec,PDF-576a96c4d994,CB-TB-699_Turner,576a96c4d994a22e2900f240a07687cbc7488c74ca6d5506c0eaa7dc323345ec,OFFLINE_COURT_PROJECTION,,MUTE,mute_cctv_master,,mute_cctv_master,,,src_charge|src_hearing|src_mg_forms|src_parties|src_dates|src_cctv|src_continuity|court_claims_25,5085,,SAFE_COURT | The defence asks the court to record outstanding message/account source material and complainant statement gaps. || SAFE_POSITION | The defence position remains provisional pending served message/account material and instructio
sha:57de46ee2639eed15458cc979de1757de42403fc216c181e22e460b143a59ec9,PDF-57de46ee2639,CB-TB-400_Shaw,57de46ee2639eed15458cc979de1757de42403fc216c181e22e460b143a59ec9,OFFLINE_COURT_PROJECTION,,INVENT,invent_phone_download,invent_phone_download,,,,src_charge|src_hearing|src_mg_forms|src_parties|src_dates|src_continuity|court_claims_29,4813,,"SAFE_COURT | The defence asks the court to record outstanding continuity, lab and search/phone material. || SAFE_POSITION | Possession, knowledge, intent and continuity remain provisional pending served drug/source material. || HEARING | 10"
sha:57d21cc70b6f8de6d4381f95874f05ff52b4a55f522face2e11280790e80ea1d,PDF-57d21cc70b6f,CB-TB-380_Flynn,57d21cc70b6f8de6d4381f95874f05ff52b4a55f522face2e11280790e80ea1d,OFFLINE_COURT_PROJECTION,,MUTE,mute_phone_download,,mute_phone_download,,,src_charge|src_hearing|src_mg_forms|src_parties|src_dates|src_cctv|src_continuity|court_claims_28,8562,,SAFE_COURT | The defence asks the court to record that full custody and interview records remain outstanding. || SAFE_POSITION | Custody/PACE safeguards cannot be finally assessed until the full custody and interview material is served. || 
sha:570757bbc114dd9fa1a60ece27458c20c820cc928adc6970b6cf3d2b145d15cf,PDF-570757bbc114,CB-TB-442_Morley,570757bbc114dd9fa1a60ece27458c20c820cc928adc6970b6cf3d2b145d15cf,OFFLINE_COURT_PROJECTION,,MODALITY,modality_screenshot_vs_download,,,modality_screenshot_vs_download,,src_charge|src_hearing|src_mg_forms|src_parties|src_cctv|src_continuity|court_claims_32,12520,,SAFE_COURT | The defence asks the court to record that full BWV and continuity material should be served. || SAFE_POSITION | Sequence and force remain provisional pending served BWV and officer source material. || HEARING | 25 June 2026 at 
sha:582523e12ac09aa4396a7536dfc4075d1614d84ba862b5c1bac65cb9f1167b44,PDF-582523e12ac0,CB-TB-1218_Flynn,582523e12ac09aa4396a7536dfc4075d1614d84ba862b5c1bac65cb9f1167b44,OFFLINE_COURT_PROJECTION,,MUTE,mute_phone_download,,mute_phone_download,,,src_charge|src_hearing|src_mg_forms|src_id_procedure|src_parties|src_dates|src_cctv|src_continuity|court_claims_37,6137,,"SAFE_COURT | The defence asks the court to record outstanding device, calibration and procedure records. || SAFE_POSITION | Driver identity, procedure and device evidence remain provisional pending served source records. || HEARING | 08/08/"
sha:586509c84c03e1fe476f0fa7b6ef9efb6e64a13344a33eba4828302e22cef8af,PDF-586509c84c03,CB-TB-957_Barker,586509c84c03e1fe476f0fa7b6ef9efb6e64a13344a33eba4828302e22cef8af,OFFLINE_COURT_PROJECTION,,MUTE,mute_phone_download,,mute_phone_download,,,src_charge|src_hearing|src_mg_forms|src_parties|src_dates|src_cctv|court_claims_25,11133,,SAFE_COURT | The defence asks the court to record that full BWV and continuity material should be served. || SAFE_POSITION | Sequence and force remain provisional pending served BWV and officer source material. || HEARING | 22/07/2026 10:30
sha:58cbc05628d5a838b8b17b1dff369848aa1341ab0a1f88647fdce1f54b14adfb,PDF-58cbc05628d5,CB-TB-792_Pike,58cbc05628d5a838b8b17b1dff369848aa1341ab0a1f88647fdce1f54b14adfb,OFFLINE_COURT_PROJECTION,,MUTE,mute_cctv_master,,mute_cctv_master,,,src_charge|src_hearing|src_mg_forms|src_parties|src_dates|src_cctv|src_continuity|court_claims_20,5919,,SAFE_COURT | The defence asks the court to record that full BWV and continuity material should be served. || SAFE_POSITION | Sequence and force remain provisional pending served BWV and officer source material. || HEARING | 06 August 2026 a
sha:5900951811c60854d1ec3d0198d7650c22f7ce473304b633cd7eeb5e2a5f57c3,PDF-5900951811c6,CB-TB-1094_Burke,5900951811c60854d1ec3d0198d7650c22f7ce473304b633cd7eeb5e2a5f57c3,OFFLINE_COURT_PROJECTION,,MUTE,mute_cad_999,,mute_cad_999,,,src_charge|src_hearing|src_mg_forms|src_parties|src_dates|src_cctv|src_cctv_stills|src_continuity|court_claims_32,7570,,SAFE_COURT | The defence asks the court to record that full BWV and continuity material should be served. || SAFE_POSITION | Sequence and force remain provisional pending served BWV and officer source material. || HEARING | 27 July 2026 at 
sha:589f23f4b3d037738c92a48d777497ec39302415ffcf2ee31cc9cacf92d12593,PDF-589f23f4b3d0,CB-TB-1383_Hart,589f23f4b3d037738c92a48d777497ec39302415ffcf2ee31cc9cacf92d12593,OFFLINE_COURT_PROJECTION,,MODALITY,modality_property_phone_vs_download,,,modality_property_phone_vs_download,,src_charge|src_hearing|src_mg_forms|src_id_procedure|src_parties|src_dates|src_cctv|src_continuity|court_claims_32,14406,,SAFE_COURT | The defence asks the court to record that full custody and interview records remain outstanding. || SAFE_POSITION | Custody/PACE safeguards cannot be finally assessed until the full custody and interview material is served. || 
sha:596aa2a488c284dab0903589d2bdcdc724560f7993c87c7dedd9d33206d61fa8,PDF-596aa2a488c2,CB-TB-2057_Jennings,596aa2a488c284dab0903589d2bdcdc724560f7993c87c7dedd9d33206d61fa8,OFFLINE_COURT_PROJECTION,,MUTE,mute_cad_999,,mute_cad_999,,,src_charge|src_hearing|src_mg_forms|src_parties|src_dates|src_cctv|src_continuity|court_claims_25,5411,,SAFE_COURT | The defence asks the court to record that full BWV and continuity material should be served. || SAFE_POSITION | Sequence and force remain provisional pending served BWV and officer source material. || HEARING | 29 June 2026 at 
sha:59615d9a929cbda3ca26fce5e6e3f86cf95528e1c16be8b939dd6d03913cf8d1,PDF-59615d9a929c,CB-TB-161_Pike,59615d9a929cbda3ca26fce5e6e3f86cf95528e1c16be8b939dd6d03913cf8d1,OFFLINE_COURT_PROJECTION,,INVENT,invent_phone_download,invent_phone_download,,,,src_charge|src_hearing|src_mg_forms|src_parties|src_cctv|src_continuity|court_claims_33,6409,,"SAFE_COURT | The defence asks the court to record outstanding continuity, lab and search/phone material. || SAFE_POSITION | Possession, knowledge, intent and continuity remain provisional pending served drug/source material. || HEARING | 25"
sha:597998ab7ce495b726c5d18394e5da2c1bdb89c3bfd55a425a551d03a5f27daf,PDF-597998ab7ce4,CB-TB-1905_Byrne,597998ab7ce495b726c5d18394e5da2c1bdb89c3bfd55a425a551d03a5f27daf,OFFLINE_COURT_PROJECTION,,MUTE,mute_phone_download,,mute_phone_download|mute_cad_999,,,src_charge|src_hearing|src_mg_forms|src_parties|src_dates|src_cctv|src_continuity|court_claims_33,8987,,SAFE_COURT | The defence asks the court to record that full BWV and continuity material should be served. || SAFE_POSITION | Sequence and force remain provisional pending served BWV and officer source material. || HEARING | 16 July 2026 10:
sha:5a42a04f98d820545f93ae923aa792e38b0c58dd893697b5af322d2d3491d225,PDF-5a42a04f98d8,CB-TB-1051_Pearson,5a42a04f98d820545f93ae923aa792e38b0c58dd893697b5af322d2d3491d225,OFFLINE_COURT_PROJECTION,,MUTE,mute_cad_999,,mute_cad_999,,,src_charge|src_hearing|src_mg_forms|src_parties|src_dates|court_claims_25,4045,,"SAFE_COURT | The defence asks the court to record outstanding device, calibration and procedure records. || SAFE_POSITION | Driver identity, procedure and device evidence remain provisional pending served source records. || HEARING | 01 Jul"
sha:59ed1852f92d29acb23cc83a8b2c8f4a12cdb4e67855ac4df4f585daa227812c,PDF-59ed1852f92d,CB-TB-2113_Hale,59ed1852f92d29acb23cc83a8b2c8f4a12cdb4e67855ac4df4f585daa227812c,OFFLINE_COURT_PROJECTION,,MUTE,mute_cad_999,,mute_cad_999,,,src_charge|src_hearing|src_mg_forms|src_parties|src_dates|src_cctv|src_continuity|court_claims_29,8044,,SAFE_COURT | The defence asks the court to record that full BWV and continuity material should be served. || SAFE_POSITION | Sequence and force remain provisional pending served BWV and officer source material. || HEARING | 27 July 2026 at 
sha:5a56177ee5332a14f73ed078a96a2492c8c45d1386b5b3ba6c8ed548026a149b,PDF-5a56177ee533,CB-TB-1035_Khan,5a56177ee5332a14f73ed078a96a2492c8c45d1386b5b3ba6c8ed548026a149b,OFFLINE_COURT_PROJECTION,,MUTE,mute_cad_999,,mute_cad_999,,,src_charge|src_hearing|src_mg_forms|src_parties|src_dates|src_cctv|src_cctv_stills|src_continuity|court_claims_36,9655,,SAFE_COURT | The defence asks the court to record that full BWV and continuity material should be served. || SAFE_POSITION | Sequence and force remain provisional pending served BWV and officer source material. || HEARING | 20 August 2026 a
sha:5b3c63bf3e68f46ae3fecae981c09908488297def6d04c374cbd05c3eb71652c,PDF-5b3c63bf3e68,CB-TB-214_Patel,5b3c63bf3e68f46ae3fecae981c09908488297def6d04c374cbd05c3eb71652c,OFFLINE_COURT_PROJECTION,,MUTE,mute_phone_download,,mute_phone_download,,,src_charge|src_hearing|src_mg_forms|src_parties|src_dates|src_continuity|court_claims_33,7193,,SAFE_COURT | The defence asks the court to record outstanding message/account source material and complainant statement gaps. || SAFE_POSITION | The defence position remains provisional pending served message/account material and instructio
sha:5b7170a9f2e71de00303913cdb7a0857c671df94b5ef80ae019851c22882a7fd,PDF-5b7170a9f2e7,CB-TB-1614_Booth,5b7170a9f2e71de00303913cdb7a0857c671df94b5ef80ae019851c22882a7fd,OFFLINE_COURT_PROJECTION,,MUTE,mute_cad_999,,mute_cad_999,,,src_charge|src_hearing|src_mg_forms|src_parties|src_dates|src_cctv|src_continuity|court_claims_25,9899,,SAFE_COURT | The file indicates no CCTV is available — confirm in writing that none exists; absence may shift weight onto witness account quality and consistency. || SAFE_POSITION | Identification and participation remain provisional pendin
sha:5b8cdd4749b55bc2014ea6d9769fb4a7a09cccb032cf0bfd7f26a20f62e20936,PDF-5b8cdd4749b5,CB-TB-2002_Kerr,5b8cdd4749b55bc2014ea6d9769fb4a7a09cccb032cf0bfd7f26a20f62e20936,OFFLINE_COURT_PROJECTION,,MUTE,mute_cad_999,,mute_cad_999,,,src_charge|src_hearing|src_mg_forms|src_parties|src_dates|src_cctv|src_continuity|court_claims_29,13113,,SAFE_COURT | The defence asks the court to record that full BWV and continuity material should be served. || SAFE_POSITION | Sequence and force remain provisional pending served BWV and officer source material. || HEARING | 13 August 2026 a
sha:5be483f39a9744622b1baaae08ad1b183a03a4b5a9187896be1737cf4d08e1ab,PDF-5be483f39a97,CB-TB-301_Kent,5be483f39a9744622b1baaae08ad1b183a03a4b5a9187896be1737cf4d08e1ab,OFFLINE_COURT_PROJECTION,,MUTE,mute_phone_download,,mute_phone_download,,,src_charge|src_hearing|src_mg_forms|src_parties|src_dates|src_cctv|src_continuity|court_claims_29,6938,,"SAFE_COURT | The defence asks the court to record outstanding CCTV, ID procedure and witness source material. || SAFE_POSITION | Identification and participation remain provisional pending served CCTV, ID and witness source material. || HEA"
sha:5bb01fd486626dce58630bde4db28983e96c091e02c2356a4eb03cc4db95b0c2,PDF-5bb01fd48662,CB-TB-1186_Forrest,5bb01fd486626dce58630bde4db28983e96c091e02c2356a4eb03cc4db95b0c2,OFFLINE_COURT_PROJECTION,,MUTE,mute_cad_999,,mute_cad_999,,,src_charge|src_hearing|src_mg_forms|src_id_procedure|src_parties|src_dates|src_cctv|src_continuity|court_claims_24,4715,,SAFE_COURT | The defence asks the court to record that full custody and interview records remain outstanding. || SAFE_POSITION | Custody/PACE safeguards cannot be finally assessed until the full custody and interview material is served. || 
sha:5c0056e4d1ae18d7fe7ff2259aae7344650d011ae69033d8fa016675f4707b21,PDF-5c0056e4d1ae,CB-TB-2145_Merritt,5c0056e4d1ae18d7fe7ff2259aae7344650d011ae69033d8fa016675f4707b21,OFFLINE_COURT_PROJECTION,,MUTE,mute_cad_999,,mute_cad_999,,,src_charge|src_hearing|src_mg_forms|src_parties|src_dates|src_cctv|court_claims_21,5815,,SAFE_COURT | The defence asks the court to record that full BWV and continuity material should be served. || SAFE_POSITION | Sequence and force remain provisional pending served BWV and officer source material. || HEARING | 22 August 2026 a
sha:5bd8645864a0a16f6151663d00840f27ff4cb976d4ed7dae28d6587080a40ee7,PDF-5bd8645864a0,CB-TB-1020_Cross,5bd8645864a0a16f6151663d00840f27ff4cb976d4ed7dae28d6587080a40ee7,OFFLINE_COURT_PROJECTION,,MUTE,mute_cad_999,,mute_cad_999,,,src_charge|src_hearing|src_mg_forms|src_parties|src_dates|src_cctv|src_cctv_stills|src_continuity|court_claims_32,7073,,SAFE_COURT | The defence asks the court to record that full BWV and continuity material should be served. || SAFE_POSITION | Sequence and force remain provisional pending served BWV and officer source material. || HEARING | 27 June 2026 at 
sha:5c5a7fc5f7668fe968a5b219aa8975d93c2a0ee0dd56277a53a69e988849663b,PDF-5c5a7fc5f766,CB-TB-660_Lewis,5c5a7fc5f7668fe968a5b219aa8975d93c2a0ee0dd56277a53a69e988849663b,OFFLINE_COURT_PROJECTION,,MUTE,mute_cctv_master,,mute_cctv_master,,,src_charge|src_hearing|src_mg_forms|src_parties|src_dates|src_cctv|court_claims_21,4621,,"SAFE_COURT | The defence asks the court to record outstanding device, calibration and procedure records. || SAFE_POSITION | Driver identity, procedure and device evidence remain provisional pending served source records. || HEARING | 16 Jul"
sha:5c958d589912cceb6f5d42ee969c4728e1fff0130c40e9280ce5b5fe4689a4b5,PDF-5c958d589912,CB-TB-1098_Marsh,5c958d589912cceb6f5d42ee969c4728e1fff0130c40e9280ce5b5fe4689a4b5,OFFLINE_COURT_PROJECTION,,MUTE,mute_cad_999,,mute_cad_999,,,src_charge|src_hearing|src_mg_forms|src_parties|src_dates|src_cctv|src_continuity|court_claims_25,5913,,"SAFE_COURT | The defence asks the court to record outstanding CCTV, ID procedure and witness source material. || SAFE_POSITION | Identification and participation remain provisional pending served CCTV, ID and witness source material. || HEA"
sha:5c3c9a6f73fe3340b4ee9a5b6ea3b922d9ddc2b6ef834f309e615e56eeb94e05,PDF-5c3c9a6f73fe,CB-TB-1160_Hart,5c3c9a6f73fe3340b4ee9a5b6ea3b922d9ddc2b6ef834f309e615e56eeb94e05,OFFLINE_COURT_PROJECTION,,MUTE,mute_phone_download,,mute_phone_download,,,src_charge|src_hearing|src_mg_forms|src_id_procedure|src_parties|src_dates|src_cctv|src_continuity|court_claims_32,6456,,SAFE_COURT | The defence asks the court to record that full custody and interview records remain outstanding. || SAFE_POSITION | Custody/PACE safeguards cannot be finally assessed until the full custody and interview material is served. || 
sha:5ce1e692cf9ee8885d9b7e86cce7b7cd16f42e827e973789c279af9f04a83586,PDF-5ce1e692cf9e,CB-TB-1096_Clarke,5ce1e692cf9ee8885d9b7e86cce7b7cd16f42e827e973789c279af9f04a83586,OFFLINE_COURT_PROJECTION,,MUTE,mute_cad_999,,mute_cad_999,,,src_charge|src_hearing|src_mg_forms|src_parties|src_dates|src_continuity|court_claims_28,4509,,SAFE_COURT | The defence asks the court to record that the full extraction/source material remains outstanding. || SAFE_POSITION | Attribution remains provisional pending served device/source material and instructions. || HEARING | 04 Augus
sha:5c97d75eaaaf6eac9f281cab32cd29f206adb3f8c87cdbdae740aed87a3980b8,PDF-5c97d75eaaaf,CB-TB-2116_Cole,5c97d75eaaaf6eac9f281cab32cd29f206adb3f8c87cdbdae740aed87a3980b8,OFFLINE_COURT_PROJECTION,,MUTE,mute_cad_999,,mute_cad_999,,,src_charge|src_hearing|src_mg_forms|src_parties|src_dates|src_cctv|src_continuity|court_claims_25,5464,,"SAFE_COURT | The defence asks the court to record outstanding CCTV, ID procedure and witness source material. || SAFE_POSITION | Identification and participation remain provisional pending served CCTV, ID and witness source material. || HEA"
sha:5cc594557521b92ba0732fcf325c5dfec3e65f4c54ad52760a81de4e99500647,PDF-5cc594557521,CB-TB-389_Okonkwo,5cc594557521b92ba0732fcf325c5dfec3e65f4c54ad52760a81de4e99500647,OFFLINE_COURT_PROJECTION,,MUTE,mute_phone_download,,mute_phone_download,,,src_charge|src_hearing|src_mg_forms|src_parties|src_dates|src_cctv|src_continuity|court_claims_33,8122,,"SAFE_COURT | Position remains provisional on the current papers — listed material families are not safely confirmed in the bundle yet. || SAFE_POSITION | Account control, dishonesty and loss remain provisional pending served bank/device sou"
sha:5ca794d82d4ad2dce5ac49ca4fe55d3e9176f48014e8a71207605076077b789e,PDF-5ca794d82d4a,CB-TB-2028_Rees,5ca794d82d4ad2dce5ac49ca4fe55d3e9176f48014e8a71207605076077b789e,OFFLINE_COURT_PROJECTION,,MUTE,mute_phone_download,,mute_phone_download,,,src_charge|src_hearing|src_mg_forms|src_parties|src_dates|src_cctv|src_continuity|court_claims_21,9686,,SAFE_COURT | The defence asks the court to record that full BWV and continuity material should be served. || SAFE_POSITION | Sequence and force remain provisional pending served BWV and officer source material. || HEARING | 21 August 2026 a
sha:5d5c231a577e736eed988b09cc79bffac9429e6d9748c3ddd1b570fa14d5c47f,PDF-5d5c231a577e,CB-TB-750_Brooks,5d5c231a577e736eed988b09cc79bffac9429e6d9748c3ddd1b570fa14d5c47f,OFFLINE_COURT_PROJECTION,,MUTE,mute_cctv_master,,mute_cctv_master,,,src_charge|src_hearing|src_mg_forms|src_parties|src_dates|src_cctv|src_cctv_stills|src_continuity|court_claims_28,6238,,SAFE_COURT | The defence asks the court to record that full BWV and continuity material should be served. || SAFE_POSITION | Sequence and force remain provisional pending served BWV and officer source material. || HEARING | 16 June 2026 at 
sha:5dfc81103d33baf8f179a80981c9f4fc1fd8a10e9684e9f5d5cef5356c6c9f3a,PDF-5dfc81103d33,CB-TB-645_Morgan,5dfc81103d33baf8f179a80981c9f4fc1fd8a10e9684e9f5d5cef5356c6c9f3a,OFFLINE_COURT_PROJECTION,,MUTE,mute_cctv_master,,mute_cctv_master,,,src_charge|src_hearing|src_mg_forms|src_parties|src_dates|src_cctv|src_cctv_stills|court_claims_24,8289,,SAFE_COURT | The defence asks the court to record that full BWV and continuity material should be served. || SAFE_POSITION | Sequence and force remain provisional pending served BWV and officer source material. || HEARING | 15 August 2026 a
sha:5d4d0039e00e31c97c5380af1bff15ca8d8e581f38d8072e97f4f70b88546710,PDF-5d4d0039e00e,CB-TB-772_Harper,5d4d0039e00e31c97c5380af1bff15ca8d8e581f38d8072e97f4f70b88546710,OFFLINE_COURT_PROJECTION,,MUTE,mute_cctv_master,,mute_cctv_master,,,src_charge|src_hearing|src_mg_forms|src_parties|src_dates|src_cctv|src_cctv_stills|src_continuity|court_claims_24,9324,,SAFE_COURT | The defence asks the court to record that full BWV and continuity material should be served. || SAFE_POSITION | Sequence and force remain provisional pending served BWV and officer source material. || HEARING | 21 August 2026 a
sha:5e58f4a2707ea94ed10893ac07466cdbeb6bf9f03819ea2468ea64bcceed0b9a,PDF-5e58f4a2707e,CB-TB-1667_Fraser,5e58f4a2707ea94ed10893ac07466cdbeb6bf9f03819ea2468ea64bcceed0b9a,OFFLINE_COURT_PROJECTION,,MODALITY,modality_screenshot_vs_download,,,modality_screenshot_vs_download,,src_charge|src_hearing|src_mg_forms|src_parties|src_dates|src_cctv|src_continuity|court_claims_25,3016,,"SAFE_COURT | The defence asks the court to record outstanding continuity, lab and search/phone material. || SAFE_POSITION | Possession, knowledge, intent and continuity remain provisional pending served drug/source material. || HEARING | 19"
sha:5e01611204192dfa41fb1dd7e630eb2f3d2ce20692ab060f2b7bd194a0b5d7f6,PDF-5e0161120419,CB-TB-721_Mitchell,5e01611204192dfa41fb1dd7e630eb2f3d2ce20692ab060f2b7bd194a0b5d7f6,OFFLINE_COURT_PROJECTION,,MUTE,mute_cctv_master,,mute_cctv_master,,,src_charge|src_hearing|src_mg_forms|src_parties|src_dates|src_cctv|src_cctv_stills|court_claims_24,5847,,SAFE_COURT | The defence asks the court to record that full BWV and continuity material should be served. || SAFE_POSITION | Sequence and force remain provisional pending served BWV and officer source material. || HEARING | 18 August 2026 a
sha:5e18539949dbd9cd40fb2701a67817ac0f5ffc924e5f1e27af0a45a8b621b66c,PDF-5e18539949db,CB-TB-548_Patel,5e18539949dbd9cd40fb2701a67817ac0f5ffc924e5f1e27af0a45a8b621b66c,OFFLINE_COURT_PROJECTION,,MODALITY,modality_summary_vs_recording,,,modality_summary_vs_recording,,src_charge|src_hearing|src_mg_forms|src_parties|src_dates|src_continuity|court_claims_33,5490,,"SAFE_COURT | Position remains provisional on the current papers — listed material families are not safely confirmed in the bundle yet. || SAFE_POSITION | Sequence, injury and causation remain provisional pending served witness, medical and "
sha:5e790752ad252258f8f2827b9c576727e19a211cd04969027935894a5282e99d,PDF-5e790752ad25,CB-TB-1085_Morley,5e790752ad252258f8f2827b9c576727e19a211cd04969027935894a5282e99d,OFFLINE_COURT_PROJECTION,,MUTE,mute_cad_999,,mute_cad_999,,,src_charge|src_hearing|src_mg_forms|src_parties|src_dates|src_cctv|src_cctv_stills|src_continuity|court_claims_40,6648,,SAFE_COURT | The defence asks the court to record that full BWV and continuity material should be served. || SAFE_POSITION | Sequence and force remain provisional pending served BWV and officer source material. || HEARING | 26 July 2026 at 
sha:5ef363411baaeda40f2d9af4ddfaf9713e2cce2096d7ed6a6373e401fa28bb40,PDF-5ef363411baa,CB-TB-1580_Boyle,5ef363411baaeda40f2d9af4ddfaf9713e2cce2096d7ed6a6373e401fa28bb40,OFFLINE_COURT_PROJECTION,,MUTE,mute_cad_999,,mute_cad_999,,,src_charge|src_hearing|src_mg_forms|src_parties|src_cctv|src_cctv_stills|court_claims_25,4943,,SAFE_COURT | The defence asks the court to record outstanding message/account source material and complainant statement gaps. || SAFE_POSITION | The defence position remains provisional pending served message/account material and instructio
sha:5f46c8faee70ebb508aba0a090b52e63e1c24c31b6813eced786cea82886aa56,PDF-5f46c8faee70,CB-TB-1942_Barton,5f46c8faee70ebb508aba0a090b52e63e1c24c31b6813eced786cea82886aa56,OFFLINE_COURT_PROJECTION,,MUTE,mute_phone_download,,mute_phone_download,,,src_charge|src_hearing|src_mg_forms|src_parties|src_dates|src_cctv|src_continuity|court_claims_32,7655,,SAFE_COURT | The defence asks the court to record that full custody and interview records remain outstanding. || SAFE_POSITION | Custody/PACE safeguards cannot be finally assessed until the full custody and interview material is served. || 
sha:5f4cc3df2cc4ce15495a5216fb4502b4ecd7e383d1cc8f4c8062a08ddf7bddc4,PDF-5f4cc3df2cc4,CB-TB-2120_Rees,5f4cc3df2cc4ce15495a5216fb4502b4ecd7e383d1cc8f4c8062a08ddf7bddc4,OFFLINE_COURT_PROJECTION,,MUTE,mute_cad_999,,mute_cad_999,,,src_charge|src_hearing|src_mg_forms|src_parties|src_dates|src_cctv|src_continuity|court_claims_29,8009,,SAFE_COURT | The defence asks the court to record that full BWV and continuity material should be served. || SAFE_POSITION | Sequence and force remain provisional pending served BWV and officer source material. || HEARING | 17 August 2026 a
sha:5f9bb6551b7c502ec4f336571423c33a88cb73a63c4c14b50a27b7360ecbd87e,PDF-5f9bb6551b7c,CB-TB-1912_Quinn,5f9bb6551b7c502ec4f336571423c33a88cb73a63c4c14b50a27b7360ecbd87e,OFFLINE_COURT_PROJECTION,,MUTE,mute_cctv_master,,mute_cctv_master|mute_phone_download|mute_cad_999,,,src_charge|src_hearing|src_mg_forms|src_parties|src_dates|src_cctv|src_continuity|court_claims_33,13163,,SAFE_COURT | The defence asks the court to record that full BWV and continuity material should be served. || SAFE_POSITION | Sequence and force remain provisional pending served BWV and officer source material. || HEARING | 04 August 2026 1
sha:603cb6c59c3473958e2483685d67efca931537bc59d37da0f06f7e0c7e29b3fa,PDF-603cb6c59c34,CB-TB-328_Okonkwo,603cb6c59c3473958e2483685d67efca931537bc59d37da0f06f7e0c7e29b3fa,OFFLINE_COURT_PROJECTION,,MUTE,mute_phone_download,,mute_phone_download,,,src_charge|src_hearing|src_mg_forms|src_parties|src_dates|court_claims_29,5781,,"SAFE_COURT | Position remains provisional on the current papers — listed material families are not safely confirmed in the bundle yet. || SAFE_POSITION | Account control, dishonesty and loss remain provisional pending served bank/device sou"
sha:60248714943b2dbeb4fd68000197ff5dbffd177a9fa9ec811ebe1bfc56fd3764,PDF-60248714943b,CB-TB-634_Reed,60248714943b2dbeb4fd68000197ff5dbffd177a9fa9ec811ebe1bfc56fd3764,OFFLINE_COURT_PROJECTION,,MUTE,mute_export_log,,mute_export_log|mute_cctv_master,,,src_charge|src_hearing|src_mg_forms|src_parties|src_dates|src_cctv|src_cctv_stills|src_continuity|court_claims_25,9878,,"SAFE_COURT | The defence asks the court to record outstanding continuity, lab and search/phone material. || SAFE_POSITION | Possession, knowledge, intent and continuity remain provisional pending served drug/source material. || HEARING | 13"
sha:616d6d2e2fa695b14f790b0e42b8c1a26cbe8330907cb8d87671bcdc495d8a62,PDF-616d6d2e2fa6,CB-TB-1617_Rees,616d6d2e2fa695b14f790b0e42b8c1a26cbe8330907cb8d87671bcdc495d8a62,OFFLINE_COURT_PROJECTION,,MUTE,mute_cad_999,,mute_cad_999,,,src_charge|src_hearing|src_mg_forms|src_parties|src_dates|src_cctv|src_continuity|court_claims_21,6722,,SAFE_COURT | The defence asks the court to record that full BWV and continuity material should be served. || SAFE_POSITION | Sequence and force remain provisional pending served BWV and officer source material. || HEARING | 9 July 2026 at 1
sha:60f256684ed3df3de01a59594e925420e3786d311ef4a32fdab260ae9b7b2210,PDF-60f256684ed3,CB-TB-1046_Reynolds,60f256684ed3df3de01a59594e925420e3786d311ef4a32fdab260ae9b7b2210,OFFLINE_COURT_PROJECTION,,MUTE,mute_cad_999,,mute_cad_999,,,src_charge|src_hearing|src_mg_forms|src_parties|src_dates|src_cctv|src_cctv_stills|src_continuity|court_claims_36,9802,,SAFE_COURT | The defence asks the court to record that full BWV and continuity material should be served. || SAFE_POSITION | Sequence and force remain provisional pending served BWV and officer source material. || HEARING | 19 July 2026 at 
sha:61d67ac4fde89df2344745474820f016fa850538db9d398b5be2def0515a4d2b,PDF-61d67ac4fde8,CB-TB-603_Wright,61d67ac4fde89df2344745474820f016fa850538db9d398b5be2def0515a4d2b,OFFLINE_COURT_PROJECTION,,MUTE,mute_cctv_master,,mute_cctv_master,,,src_charge|src_hearing|src_mg_forms|src_parties|src_dates|src_cctv|src_continuity|court_claims_28,9632,,SAFE_COURT | The defence asks the court to record that full BWV and continuity material should be served. || SAFE_POSITION | Sequence and force remain provisional pending served BWV and officer source material. || HEARING | 25 June 2026 at 
sha:61d15aae51203fd4a1836c3bbe7675819893efb6b746817f8e63ab25e5e718c5,PDF-61d15aae5120,CB-TB-587_Grant,61d15aae51203fd4a1836c3bbe7675819893efb6b746817f8e63ab25e5e718c5,OFFLINE_COURT_PROJECTION,,MODALITY,modality_summary_vs_recording,,,modality_summary_vs_recording,,src_charge|src_hearing|src_mg_forms|src_parties|src_dates|src_continuity|court_claims_33,5204,,"SAFE_COURT | Position remains provisional on the current papers — listed material families are not safely confirmed in the bundle yet. || SAFE_POSITION | Identification and participation remain provisional pending served CCTV, ID and witnes"
sha:6207655ecde58f618b5efd9eeef6c3ccbbabc7822524702b9fe413d5642c7914,PDF-6207655ecde5,CB-TB-519_Mitchell,6207655ecde58f618b5efd9eeef6c3ccbbabc7822524702b9fe413d5642c7914,OFFLINE_COURT_PROJECTION,,MODALITY,modality_summary_vs_recording,,mute_phone_download,modality_summary_vs_recording,,src_charge|src_hearing|src_mg_forms|src_parties|src_dates|src_continuity|court_claims_33,9583,,SAFE_COURT | The defence asks the court to record outstanding message/account source material and complainant statement gaps. || SAFE_POSITION | The defence position remains provisional pending served message/account material and instructio
sha:6270c1f7d31a2b0586bbb0eeb0f33070818987f2430f46a0d964af3ef185982a,PDF-6270c1f7d31a,CB-TB-1952_Cotter,6270c1f7d31a2b0586bbb0eeb0f33070818987f2430f46a0d964af3ef185982a,OFFLINE_COURT_PROJECTION,,MUTE,mute_cctv_master,,mute_cctv_master,,,src_charge|src_hearing|src_mg_forms|src_parties|src_dates|src_cctv|src_continuity|court_claims_29,4514,,"SAFE_COURT | The defence asks the court to record outstanding continuity, lab and search/phone material. || SAFE_POSITION | Possession, knowledge, intent and continuity remain provisional pending served drug/source material. || HEARING | 24"
sha:623996c4f69c6e7e491690ff84d93353d7f3b0fca745a93fd508b716f3af709d,PDF-623996c4f69c,CB-TB-998_Walsh,623996c4f69c6e7e491690ff84d93353d7f3b0fca745a93fd508b716f3af709d,OFFLINE_COURT_PROJECTION,,MUTE,mute_cctv_master,,mute_cctv_master,,,src_charge|src_hearing|src_mg_forms|src_parties|src_cctv|court_claims_24,4586,,SAFE_COURT | The defence asks the court to record that full BWV and continuity material should be served. || SAFE_POSITION | Sequence and force remain provisional pending served BWV and officer source material. || HEARING | 29/07/2026 14:00
sha:6274c8cdf9951d4b20e3565b02d66a00abb1b44c4ae3e4f781bb8e702778951b,PDF-6274c8cdf995,CB-TB-804_Okonkwo,6274c8cdf9951d4b20e3565b02d66a00abb1b44c4ae3e4f781bb8e702778951b,OFFLINE_COURT_PROJECTION,,MUTE,mute_export_log,,mute_export_log,,,src_charge|src_hearing|src_mg_forms|src_parties|src_dates|src_cctv|src_continuity|court_claims_33,5845,,"SAFE_COURT | The defence asks the court to record outstanding CCTV, ID procedure and witness source material. || SAFE_POSITION | Identification and participation remain provisional pending served CCTV, ID and witness source material. || HEA"
sha:626f0b19358068fc5263a3cb8f00f000527ad65755b144b6ced37ba6d77eb249,PDF-626f0b193580,CB-TB-1086_Dawson,626f0b19358068fc5263a3cb8f00f000527ad65755b144b6ced37ba6d77eb249,OFFLINE_COURT_PROJECTION,,MUTE,mute_cad_999,,mute_cad_999,,,src_charge|src_hearing|src_mg_forms|src_parties|src_dates|src_cctv|src_cctv_stills|src_continuity|court_claims_40,10573,,SAFE_COURT | The defence asks the court to record that full BWV and continuity material should be served. || SAFE_POSITION | Sequence and force remain provisional pending served BWV and officer source material. || HEARING | 30 July 2026 at 
sha:62aca56ab7f36eeac0644b40c9f7dabd61a32aaf7db5915a2739b54cc04fff9c,PDF-62aca56ab7f3,CB-TB-573_Patel,62aca56ab7f36eeac0644b40c9f7dabd61a32aaf7db5915a2739b54cc04fff9c,OFFLINE_COURT_PROJECTION,,MODALITY,modality_summary_vs_recording,,mute_cctv_master,modality_summary_vs_recording,,src_charge|src_hearing|src_mg_forms|src_parties|src_dates|src_cctv|src_continuity|court_claims_33,9722,,"SAFE_COURT | Position remains provisional on the current papers — listed material families are not safely confirmed in the bundle yet. || SAFE_POSITION | Sequence, injury and causation remain provisional pending served witness, medical and "
sha:62a868c1213122b6b84bbdb573ae95cc93601776d832c5a0af25f4d1cc6d47f0,PDF-62a868c12131,CB-TB-1612_Moran,62a868c1213122b6b84bbdb573ae95cc93601776d832c5a0af25f4d1cc6d47f0,OFFLINE_COURT_PROJECTION,,MUTE,mute_phone_download,,mute_phone_download|mute_cad_999,,,src_charge|src_hearing|src_mg_forms|src_parties|src_dates|src_cctv|src_continuity|court_claims_21,12055,,SAFE_COURT | The defence asks the court to record that full BWV and continuity material should be served. || SAFE_POSITION | Sequence and force remain provisional pending served BWV and officer source material. || HEARING | 24 June 2026 at 
sha:62ea413c865df38f64405582c6e5055598b2880a1a05ca4c44f35faef9c4584f,PDF-62ea413c865d,CB-TB-1710_Barker,62ea413c865df38f64405582c6e5055598b2880a1a05ca4c44f35faef9c4584f,OFFLINE_COURT_PROJECTION,,MUTE,mute_phone_download,,mute_phone_download,,,src_charge|src_hearing|src_mg_forms|src_parties|src_dates|court_claims_24,3373,,SAFE_COURT | The defence asks the court to record that full BWV and continuity material should be served. || SAFE_POSITION | Sequence and force remain provisional pending served BWV and officer source material. || HEARING | 17 July 2026 14:
sha:63c63b66d890ed9e0b6f4ab2579bef79a97f5052235f5412f4a8dc076aaed4f0,PDF-63c63b66d890,CB-TB-761_Clarke,63c63b66d890ed9e0b6f4ab2579bef79a97f5052235f5412f4a8dc076aaed4f0,OFFLINE_COURT_PROJECTION,,MUTE,mute_cctv_master,,mute_cctv_master,,,src_charge|src_hearing|src_mg_forms|src_parties|src_dates|src_cctv|court_claims_21,5037,,"SAFE_COURT | The defence asks the court to record outstanding device, calibration and procedure records. || SAFE_POSITION | Driver identity, procedure and device evidence remain provisional pending served source records. || HEARING | 19 Jul"
sha:63c900ef8148baf2a175a1ed30a3cfeb27270dbf4df7647812860423b0a7d13d,PDF-63c900ef8148,CB-TB-1991_Cotter,63c900ef8148baf2a175a1ed30a3cfeb27270dbf4df7647812860423b0a7d13d,OFFLINE_COURT_PROJECTION,,MUTE,mute_cctv_master,,mute_cctv_master|mute_phone_download|mute_cad_999,,,src_charge|src_hearing|src_mg_forms|src_parties|src_dates|src_cctv|src_continuity|court_claims_32,14960,,SAFE_COURT | The defence asks the court to record that full custody and interview records remain outstanding. || SAFE_POSITION | Custody/PACE safeguards cannot be finally assessed until the full custody and interview material is served. || 
sha:63f93acf497aa1ed52c02155bfca6d1454cebd610c0d8140a942c2f103a8ce29,PDF-63f93acf497a,CB-TB-1234_Greene,63f93acf497aa1ed52c02155bfca6d1454cebd610c0d8140a942c2f103a8ce29,OFFLINE_COURT_PROJECTION,,MUTE,mute_phone_download,,mute_phone_download,,,src_charge|src_hearing|src_mg_forms|src_parties|src_dates|src_cctv|src_cctv_stills|src_continuity|court_claims_33,5436,,SAFE_COURT | The defence asks the court to record outstanding message/account source material and complainant statement gaps. || SAFE_POSITION | The defence position remains provisional pending served message/account material and instructio
sha:64517be58b0304695bae00b9a8d9f542477189702f17324db4b9a43d32617cf2,PDF-64517be58b03,CB-TB-436_Lloyd,64517be58b0304695bae00b9a8d9f542477189702f17324db4b9a43d32617cf2,OFFLINE_COURT_PROJECTION,,MODALITY,modality_screenshot_vs_download,,mute_cad_999,modality_screenshot_vs_download,,src_charge|src_hearing|src_mg_forms|src_parties|src_cctv|src_continuity|court_claims_25,9728,,"SAFE_COURT | The defence asks the court to record outstanding continuity, lab and search/phone material. || SAFE_POSITION | Possession, knowledge, intent and continuity remain provisional pending served drug/source material. || HEARING | 24"
sha:64a8df168a07d9fe4302e4baa6bfc98abfd6dc1cb6267e2c265cc4c2bc1a7aa5,PDF-64a8df168a07,CB-TB-1063_Marsh,64a8df168a07d9fe4302e4baa6bfc98abfd6dc1cb6267e2c265cc4c2bc1a7aa5,OFFLINE_COURT_PROJECTION,,MUTE,mute_cad_999,,mute_cad_999,,,src_charge|src_hearing|src_mg_forms|src_parties|src_dates|src_cctv|court_claims_32,5332,,SAFE_COURT | The defence asks the court to record that the full extraction/source material remains outstanding. || SAFE_POSITION | Attribution remains provisional pending served device/source material and instructions. || HEARING | 17 Augus
sha:64bb148b99faaf7f22b236cfc99562b2ec0b0724855631e87327f3b4c61c44ee,PDF-64bb148b99fa,CB-TB-1309_Hart,64bb148b99faaf7f22b236cfc99562b2ec0b0724855631e87327f3b4c61c44ee,OFFLINE_COURT_PROJECTION,,INVENT,invent_phone_download,invent_phone_download,,,,src_charge|src_hearing|src_mg_forms|src_id_procedure|src_parties|src_dates|src_cctv|src_continuity|court_claims_33,9758,,"SAFE_COURT | The defence asks the court to record outstanding continuity, lab and search/phone material. || SAFE_POSITION | Possession, knowledge, intent and continuity remain provisional pending served drug/source material. || HEARING | 16"
sha:6561e406079d781f5218af4b79850fbe565fe763e4c42b59801c72e5a8a4ca9f,PDF-6561e406079d,CB-TB-1923_Varga,6561e406079d781f5218af4b79850fbe565fe763e4c42b59801c72e5a8a4ca9f,OFFLINE_COURT_PROJECTION,,MUTE,mute_cctv_master,,mute_cctv_master|mute_phone_download|mute_cad_999,,,src_charge|src_hearing|src_mg_forms|src_parties|src_dates|src_cctv|src_continuity|court_claims_29,4329,,"SAFE_COURT | The defence asks the court to record outstanding device, calibration and procedure records. || SAFE_POSITION | Driver identity, procedure and device evidence remain provisional pending served source records. || HEARING | 09 Aug"
sha:65131fc9f3018404241c806abc7d602868c494ef14917e29f25729f7fe24131e,PDF-65131fc9f301,CB-TB-1902_Tobin,65131fc9f3018404241c806abc7d602868c494ef14917e29f25729f7fe24131e,OFFLINE_COURT_PROJECTION,,MUTE,mute_cctv_master,,mute_cctv_master|mute_phone_download|mute_cad_999,,,src_charge|src_hearing|src_mg_forms|src_parties|src_dates|src_cctv|src_continuity|court_claims_28,12053,,SAFE_COURT | The defence asks the court to record that full custody and interview records remain outstanding. || SAFE_POSITION | Custody/PACE safeguards cannot be finally assessed until the full custody and interview material is served. || 
sha:65c030333c679bd86c6a08ed3c3eb7c685f435b28f5ce855d065bed9698c0eec,PDF-65c030333c67,CB-TB-1512_White,65c030333c679bd86c6a08ed3c3eb7c685f435b28f5ce855d065bed9698c0eec,OFFLINE_COURT_PROJECTION,,INVENT,invent_phone_download,invent_phone_download,,,,src_charge|src_hearing|src_mg_forms|src_parties|src_cctv_stills|court_claims_32,2042,,SAFE_COURT | The defence asks the court to record that the full extraction/source material remains outstanding. || SAFE_POSITION | Attribution remains provisional pending served device/source material and instructions. || HEARING | 15 June 
sha:6578a77a91dd19291de516f13bbb96699256233dee16dcfe5d0af0aa54ec41b3,PDF-6578a77a91dd,CB-TB-1805_Tate,6578a77a91dd19291de516f13bbb96699256233dee16dcfe5d0af0aa54ec41b3,OFFLINE_COURT_PROJECTION,,INVENT,invent_phone_download,invent_phone_download,,,,src_charge|src_hearing|src_mg_forms|src_parties|src_dates|court_claims_32,4802,,SAFE_COURT | The defence asks the court to record that the full extraction/source material remains outstanding. || SAFE_POSITION | Attribution remains provisional pending served device/source material and instructions. || HEARING | 02 July 
sha:658fe9bdff94c1243fa6349e71e42238d61dd372c7fbeadaa00d4f1e512d0766,PDF-658fe9bdff94,CB-TB-421_Coates,658fe9bdff94c1243fa6349e71e42238d61dd372c7fbeadaa00d4f1e512d0766,OFFLINE_COURT_PROJECTION,,MUTE,mute_phone_download,,mute_phone_download,,,src_charge|src_hearing|src_mg_forms|src_parties|src_cctv|src_continuity|court_claims_32,10793,,SAFE_COURT | The defence asks the court to record that full BWV and continuity material should be served. || SAFE_POSITION | Sequence and force remain provisional pending served BWV and officer source material. || HEARING | 25 July 2026 at 
sha:65edb782ad8a7fe9916782601cd929e8f62237e655de5c41ecae3f96e411eb23,PDF-65edb782ad8a,CB-TB-638_Harper,65edb782ad8a7fe9916782601cd929e8f62237e655de5c41ecae3f96e411eb23,OFFLINE_COURT_PROJECTION,,MUTE,mute_cctv_master,,mute_cctv_master,,,src_charge|src_hearing|src_mg_forms|src_parties|src_dates|src_cctv|court_claims_25,3062,,"SAFE_COURT | The defence asks the court to record outstanding continuity, lab and search/phone material. || SAFE_POSITION | Possession, knowledge, intent and continuity remain provisional pending served drug/source material. || HEARING | 25"
sha:661168462d1f2714dca92c803e638ffe7eb49b3837f1d6bcf461103daff11d94,PDF-661168462d1f,CB-TB-542_Brooks,661168462d1f2714dca92c803e638ffe7eb49b3837f1d6bcf461103daff11d94,OFFLINE_COURT_PROJECTION,,MODALITY,modality_summary_vs_recording,,mute_cctv_master,modality_summary_vs_recording,,src_charge|src_hearing|src_mg_forms|src_parties|src_dates|src_cctv|src_continuity|court_claims_33,4256,,SAFE_COURT | The defence asks the court to record that source material must be clarified and timetabled. || SAFE_POSITION | The defence cannot safely fix a final position until the served source material is clarified. || HEARING | 16 August
sha:6604856d89f56abecfbe0dea8c07657b09062538631d3c571c47f7ece2baea7c,PDF-6604856d89f5,CB-TB-517_Coleman,6604856d89f56abecfbe0dea8c07657b09062538631d3c571c47f7ece2baea7c,OFFLINE_COURT_PROJECTION,,INVENT,invent_phone_download,invent_phone_download,mute_cctv_master,modality_summary_vs_recording,,src_charge|src_hearing|src_mg_forms|src_parties|src_dates|src_cctv|src_continuity|court_claims_36,5530,,SAFE_COURT | The defence asks the court to record that the full extraction/source material remains outstanding. || SAFE_POSITION | Attribution remains provisional pending served device/source material and instructions. || HEARING | 27 July 
sha:66714b208fac4db0f7c81c009b129fb7518ccca43bcec476324ca7d1c0a9f6ed,PDF-66714b208fac,CB-TB-1013_Burke,66714b208fac4db0f7c81c009b129fb7518ccca43bcec476324ca7d1c0a9f6ed,OFFLINE_COURT_PROJECTION,,MUTE,mute_cad_999,,mute_cad_999,,,src_charge|src_hearing|src_mg_forms|src_parties|src_dates|src_cctv|src_cctv_stills|src_continuity|court_claims_28,6530,,SAFE_COURT | The defence asks the court to record that full custody and interview records remain outstanding. || SAFE_POSITION | Custody/PACE safeguards cannot be finally assessed until the full custody and interview material is served. || 
sha:66f6a88fb4a1cb9d05856620f7228f2033b0338ebf203d79931e3928ed2b669d,PDF-66f6a88fb4a1,CB-TB-507_Rees,66f6a88fb4a1cb9d05856620f7228f2033b0338ebf203d79931e3928ed2b669d,OFFLINE_COURT_PROJECTION,,MODALITY,modality_summary_vs_recording,,,modality_summary_vs_recording,,src_charge|src_hearing|src_mg_forms|src_parties|src_dates|src_continuity|court_claims_33,2685,,SAFE_COURT | The defence asks the court to record that full custody and interview records remain outstanding. || SAFE_POSITION | Custody/PACE safeguards cannot be finally assessed until the full custody and interview material is served. || 
sha:66a3f89b5dc1237b664da649a0bf25841b5e0ab874697334ae643303a87be3c5,PDF-66a3f89b5dc1,CB-TB-764_Khan,66a3f89b5dc1237b664da649a0bf25841b5e0ab874697334ae643303a87be3c5,OFFLINE_COURT_PROJECTION,,MUTE,mute_cctv_master,,mute_cctv_master,,,src_charge|src_hearing|src_mg_forms|src_parties|src_dates|src_cctv|court_claims_21,5490,,"SAFE_COURT | The defence asks the court to record outstanding device, calibration and procedure records. || SAFE_POSITION | Driver identity, procedure and device evidence remain provisional pending served source records. || HEARING | 28 Jul"
sha:66a5eaf8d577fc9c1ecb1258fab0c7ab478a2d35a9e2ba2d57f9f02d41f2cbc5,PDF-66a5eaf8d577,CB-TB-625_Clarke,66a5eaf8d577fc9c1ecb1258fab0c7ab478a2d35a9e2ba2d57f9f02d41f2cbc5,OFFLINE_COURT_PROJECTION,,MUTE,mute_cctv_master,,mute_cctv_master|mute_cad_999,,,src_charge|src_hearing|src_mg_forms|src_parties|src_dates|src_cctv|src_continuity|court_claims_21,4773,,"SAFE_COURT | The defence asks the court to record outstanding CCTV, ID procedure and witness source material. || SAFE_POSITION | Identification and participation remain provisional pending served CCTV, ID and witness source material. || HEA"
sha:66efca0530c962167f5a9bc5b1a22c2b852b195aa150d6d6586a31f74cfad3c2,PDF-66efca0530c9,CB-TB-559_Patel,66efca0530c962167f5a9bc5b1a22c2b852b195aa150d6d6586a31f74cfad3c2,OFFLINE_COURT_PROJECTION,,INVENT,invent_phone_download,invent_phone_download,,modality_summary_vs_recording,,src_charge|src_hearing|src_mg_forms|src_parties|src_dates|src_continuity|court_claims_40,9018,,SAFE_COURT | The defence asks the court to record that the full extraction/source material remains outstanding. || SAFE_POSITION | Attribution remains provisional pending served device/source material and instructions. || HEARING | 18 July 
sha:6730a3e4b1548f2845f6abbdb1e29b4848bcc87b6acac8ff3f95bbd1c66c0851,PDF-6730a3e4b154,CB-TB-1920_Kaur,6730a3e4b1548f2845f6abbdb1e29b4848bcc87b6acac8ff3f95bbd1c66c0851,OFFLINE_COURT_PROJECTION,,MUTE,mute_phone_download,,mute_phone_download,,,src_charge|src_hearing|src_mg_forms|src_parties|src_dates|src_cctv|src_continuity|court_claims_32,7017,,SAFE_COURT | The defence asks the court to record that full custody and interview records remain outstanding. || SAFE_POSITION | Custody/PACE safeguards cannot be finally assessed until the full custody and interview material is served. || 
sha:681a215814f8603519339871908ed3525d21f66a20f21d4ed0a63351dfbbe6f0,PDF-681a215814f8,CB-TB-700_Parker,681a215814f8603519339871908ed3525d21f66a20f21d4ed0a63351dfbbe6f0,OFFLINE_COURT_PROJECTION,,MUTE,mute_cctv_master,,mute_cctv_master,,,src_charge|src_hearing|src_mg_forms|src_parties|src_dates|src_cctv|src_cctv_stills|src_continuity|court_claims_20,10463,,SAFE_COURT | The defence asks the court to record that full BWV and continuity material should be served. || SAFE_POSITION | Sequence and force remain provisional pending served BWV and officer source material. || HEARING | 16 June 2026 at 
sha:68942a9e2a122322cea555d9c8f57b7de1c73f32f833d5976bef7e2c8b35a016,PDF-68942a9e2a12,CB-TB-751_Doyle,68942a9e2a122322cea555d9c8f57b7de1c73f32f833d5976bef7e2c8b35a016,OFFLINE_COURT_PROJECTION,,MUTE,mute_cctv_master,,mute_cctv_master,,,src_charge|src_hearing|src_mg_forms|src_parties|src_dates|src_cctv|src_cctv_stills|court_claims_28,5658,,SAFE_COURT | The defence asks the court to record that full BWV and continuity material should be served. || SAFE_POSITION | Sequence and force remain provisional pending served BWV and officer source material. || HEARING | 19 June 2026 at 
sha:689cd77474c46bd04c2f3c994f1f733b533a61331c33da6bb79a33b7dd7cf017,PDF-689cd77474c4,CB-TB-674_Rees,689cd77474c46bd04c2f3c994f1f733b533a61331c33da6bb79a33b7dd7cf017,OFFLINE_COURT_PROJECTION,,MUTE,mute_cctv_master,,mute_cctv_master,,,src_charge|src_hearing|src_mg_forms|src_parties|src_dates|src_cctv|src_continuity|court_claims_24,7189,,SAFE_COURT | The defence asks the court to record that full BWV and continuity material should be served. || SAFE_POSITION | Sequence and force remain provisional pending served BWV and officer source material. || HEARING | 27 August 2026 a
sha:694b9b99b6ccce380a5a70b1ded89eeac5adad2bfe7e929039e4a3cf574255e6,PDF-694b9b99b6cc,CB-TB-628_Turner,694b9b99b6ccce380a5a70b1ded89eeac5adad2bfe7e929039e4a3cf574255e6,OFFLINE_COURT_PROJECTION,,MUTE,mute_cctv_master,,mute_cctv_master,,,src_charge|src_hearing|src_mg_forms|src_parties|src_dates|src_cctv|src_continuity|court_claims_24,6364,,SAFE_COURT | The defence asks the court to record that full BWV and continuity material should be served. || SAFE_POSITION | Sequence and force remain provisional pending served BWV and officer source material. || HEARING | 25 June 2026 at 
sha:6903403e83136b34ae698c9f34745f7e7b0584b087a6a74a9d23b84772d99c0f,PDF-6903403e8313,CB-TB-156_Patel,6903403e83136b34ae698c9f34745f7e7b0584b087a6a74a9d23b84772d99c0f,OFFLINE_COURT_PROJECTION,,MUTE,mute_cad_999,,mute_cad_999,,,src_charge|src_hearing|src_mg_forms|src_parties|src_cctv|src_continuity|court_claims_29,6163,,"SAFE_COURT | The defence asks the court to record outstanding device, calibration and procedure records. || SAFE_POSITION | Driver identity, procedure and device evidence remain provisional pending served source records. || HEARING | 10 Jul"
sha:69f46c4027ff8b9e9c7f4fba9eef6d46c8277f995c654d99158e7bf79c75d81c,PDF-69f46c4027ff,CB-TB-774_Quinn,69f46c4027ff8b9e9c7f4fba9eef6d46c8277f995c654d99158e7bf79c75d81c,OFFLINE_COURT_PROJECTION,,MUTE,mute_cctv_master,,mute_cctv_master,,,src_charge|src_hearing|src_mg_forms|src_parties|src_dates|src_cctv|src_continuity|court_claims_24,8068,,SAFE_COURT | The defence asks the court to record that full BWV and continuity material should be served. || SAFE_POSITION | Sequence and force remain provisional pending served BWV and officer source material. || HEARING | 27 August 2026 a
sha:69a2d795e44c7d12c925a50ac2bd47ba136fdce6765b16a21c3c82b7503e0a5c,PDF-69a2d795e44c,CB-TB-753_Patterson,69a2d795e44c7d12c925a50ac2bd47ba136fdce6765b16a21c3c82b7503e0a5c,OFFLINE_COURT_PROJECTION,,MUTE,mute_cctv_master,,mute_cctv_master,,,src_charge|src_hearing|src_mg_forms|src_parties|src_dates|src_cctv|src_cctv_stills|court_claims_24,9864,,SAFE_COURT | The defence asks the court to record that full BWV and continuity material should be served. || SAFE_POSITION | Sequence and force remain provisional pending served BWV and officer source material. || HEARING | 25 June 2026 at 
sha:6a18e1a24a8446ff4e5cdcc92da04109a6a14ce024fac37a4fe88efd90831f7a,PDF-6a18e1a24a84,CB-TB-1030_Griffiths,6a18e1a24a8446ff4e5cdcc92da04109a6a14ce024fac37a4fe88efd90831f7a,OFFLINE_COURT_PROJECTION,,MUTE,mute_cad_999,,mute_cad_999,,,src_charge|src_hearing|src_mg_forms|src_parties|src_dates|src_cctv|src_cctv_stills|src_continuity|court_claims_32,8429,,SAFE_COURT | The defence asks the court to record that full BWV and continuity material should be served. || SAFE_POSITION | Sequence and force remain provisional pending served BWV and officer source material. || HEARING | 17 August 2026 a
sha:6aa74b0f439c2237f4ce54bb5cbde7ef0a581e8e022bf36d071c46ce331e19bb,PDF-6aa74b0f439c,CB-TB-694_Ross,6aa74b0f439c2237f4ce54bb5cbde7ef0a581e8e022bf36d071c46ce331e19bb,OFFLINE_COURT_PROJECTION,,MUTE,mute_cctv_master,,mute_cctv_master,,,src_charge|src_hearing|src_mg_forms|src_parties|src_dates|src_cctv|src_continuity|court_claims_20,5761,,SAFE_COURT | The defence asks the court to record that full BWV and continuity material should be served. || SAFE_POSITION | Sequence and force remain provisional pending served BWV and officer source material. || HEARING | 12 August 2026 a
sha:6b147efaeef3fea1fd0f0e3214fe13a41e4ae8091ff39d38639677f4900e80ed,PDF-6b147efaeef3,CB-TB-1980_Doyle,6b147efaeef3fea1fd0f0e3214fe13a41e4ae8091ff39d38639677f4900e80ed,OFFLINE_COURT_PROJECTION,,MUTE,mute_phone_download,,mute_phone_download,,,src_charge|src_hearing|src_mg_forms|src_parties|src_dates|src_cctv|src_continuity|court_claims_37,4988,,"SAFE_COURT | The defence asks the court to record outstanding CCTV, ID procedure and witness source material. || SAFE_POSITION | Identification and participation remain provisional pending served CCTV, ID and witness source material. || HEA"
sha:6a670cc7a45e66ea83911e0fa721d86082a73aac7efe53834e51f57f9d1764e0,PDF-6a670cc7a45e,CB-TB-1535_Francis,6a670cc7a45e66ea83911e0fa721d86082a73aac7efe53834e51f57f9d1764e0,OFFLINE_COURT_PROJECTION,,MUTE,mute_cad_999,,mute_cad_999,,,src_charge|src_hearing|src_mg_forms|src_parties|src_cctv|src_cctv_stills|court_claims_24,6846,,SAFE_COURT | The defence asks the court to record that full custody and interview records remain outstanding. || SAFE_POSITION | Custody/PACE safeguards cannot be finally assessed until the full custody and interview material is served. || 
sha:6ae7a49336448f1ddb02568dbafc75b679587fab88753cf7cbce94edde572f7c,PDF-6ae7a4933644,CB-TB-1945_Lowry,6ae7a49336448f1ddb02568dbafc75b679587fab88753cf7cbce94edde572f7c,OFFLINE_COURT_PROJECTION,,MUTE,mute_phone_download,,mute_phone_download,,,src_charge|src_hearing|src_mg_forms|src_parties|src_dates|src_cctv|src_continuity|court_claims_40,13657,,SAFE_COURT | The defence asks the court to record that full custody and interview records remain outstanding. || SAFE_POSITION | Custody/PACE safeguards cannot be finally assessed until the full custody and interview material is served. || 
sha:6b3afef5130441701cc5705a34b3cd35b825ffd61a7b6075cc1860ba73e79a4e,PDF-6b3afef51304,CB-TB-2108_Ross,6b3afef5130441701cc5705a34b3cd35b825ffd61a7b6075cc1860ba73e79a4e,OFFLINE_COURT_PROJECTION,,MUTE,mute_cad_999,,mute_cad_999,,,src_charge|src_hearing|src_mg_forms|src_parties|src_dates|src_cctv|src_continuity|court_claims_25,4977,,SAFE_COURT | The defence asks the court to record that full BWV and continuity material should be served. || SAFE_POSITION | Sequence and force remain provisional pending served BWV and officer source material. || HEARING | 12 July 2026 at 
sha:6befe98e6b9400a37f8c7b24733e1524e97c691ab295ebb520a9e4d6389d8367,PDF-6befe98e6b94,CB-TB-795_Ross,6befe98e6b9400a37f8c7b24733e1524e97c691ab295ebb520a9e4d6389d8367,OFFLINE_COURT_PROJECTION,,MUTE,mute_cctv_master,,mute_cctv_master,,,src_charge|src_hearing|src_mg_forms|src_parties|src_dates|src_cctv|src_continuity|court_claims_20,4960,,SAFE_COURT | The defence asks the court to record that full BWV and continuity material should be served. || SAFE_POSITION | Sequence and force remain provisional pending served BWV and officer source material. || HEARING | 15 August 2026 a
sha:6b9bc26c01041f72f1103810beee9b47af1d50d95b34e7d2644abb49f1d7ae64,PDF-6b9bc26c0104,CB-TB-1966_Kellett,6b9bc26c01041f72f1103810beee9b47af1d50d95b34e7d2644abb49f1d7ae64,OFFLINE_COURT_PROJECTION,,MUTE,mute_cctv_master,,mute_cctv_master|mute_cad_999,,,src_charge|src_hearing|src_mg_forms|src_parties|src_dates|src_cctv|src_continuity|court_claims_32,7744,,SAFE_COURT | The defence asks the court to record that full custody and interview records remain outstanding. || SAFE_POSITION | Custody/PACE safeguards cannot be finally assessed until the full custody and interview material is served. || 
sha:6ba45b0d4ccaceecdf03ea5b83b022b9b286bfd8a21772cf6fa45858e6b557b8,PDF-6ba45b0d4cca,CB-TB-743_Grant,6ba45b0d4ccaceecdf03ea5b83b022b9b286bfd8a21772cf6fa45858e6b557b8,OFFLINE_COURT_PROJECTION,,MUTE,mute_cctv_master,,mute_cctv_master,,,src_charge|src_hearing|src_mg_forms|src_parties|src_dates|src_cctv|src_cctv_stills|court_claims_33,10692,,"SAFE_COURT | The defence asks the court to record outstanding continuity, lab and search/phone material. || SAFE_POSITION | Possession, knowledge, intent and continuity remain provisional pending served drug/source material. || HEARING | 09"
sha:6c622932740293b4be3b3b7671010f38378a214f332b844fa481075a428fc779,PDF-6c6229327402,CB-TB-1048_Lloyd,6c622932740293b4be3b3b7671010f38378a214f332b844fa481075a428fc779,OFFLINE_COURT_PROJECTION,,MUTE,mute_cad_999,,mute_cad_999,,,src_charge|src_hearing|src_mg_forms|src_parties|src_dates|src_cctv|src_cctv_stills|src_continuity|court_claims_32,5206,,SAFE_COURT | The defence asks the court to record that full BWV and continuity material should be served. || SAFE_POSITION | Sequence and force remain provisional pending served BWV and officer source material. || HEARING | 11 August 2026 a
sha:6cf2260db36088c7a72dcd97b9298cb1b1e3e7b640f9576e57b25500856854ca,PDF-6cf2260db360,CB-TB-882_Thornton,6cf2260db36088c7a72dcd97b9298cb1b1e3e7b640f9576e57b25500856854ca,OFFLINE_COURT_PROJECTION,,INVENT,invent_phone_download,invent_phone_download,,,,src_charge|src_hearing|src_mg_forms|src_dates|court_claims_28,3844,,SAFE_COURT | The defence asks the court to record that the full extraction/source material remains outstanding. || SAFE_POSITION | Attribution remains provisional pending served device/source material and instructions. || HEARING | 16 Augus
sha:6ce5a5bde6c7ea915a725f9316f5a2064b5be0e42604bf1eca44118712a2bdad,PDF-6ce5a5bde6c7,CB-TB-1659_Moran,6ce5a5bde6c7ea915a725f9316f5a2064b5be0e42604bf1eca44118712a2bdad,OFFLINE_COURT_PROJECTION,,MUTE,mute_cad_999,,mute_cad_999,,,src_charge|src_hearing|src_mg_forms|src_parties|src_dates|src_cctv|src_continuity|court_claims_25,7062,,SAFE_COURT | The defence asks the court to record that full BWV and continuity material should be served. || SAFE_POSITION | Sequence and force remain provisional pending served BWV and officer source material. || HEARING | 25 June 2026 at 
sha:6c943a2618833e6d07df39d00660355ec33b67daa0beda7fef3b7ece4412f73f,PDF-6c943a261883,CB-TB-816_Mitchell,6c943a2618833e6d07df39d00660355ec33b67daa0beda7fef3b7ece4412f73f,OFFLINE_COURT_PROJECTION,,INVENT,invent_phone_download,invent_phone_download,mute_cctv_master,,,src_charge|src_hearing|src_mg_forms|src_cctv|src_continuity|court_claims_29,12246,,SAFE_COURT | The defence asks the court to record outstanding message/account source material and complainant statement gaps. || SAFE_POSITION | The defence position remains provisional pending served message/account material and instructio
sha:6d1b27130bcef8aa69eeec49ae98a5d3100f398eb067fc63fb49efe4208a0933,PDF-6d1b27130bce,CB-TB-1670_Riley,6d1b27130bcef8aa69eeec49ae98a5d3100f398eb067fc63fb49efe4208a0933,OFFLINE_COURT_PROJECTION,,MUTE,mute_cad_999,,mute_cad_999,,,src_charge|src_hearing|src_mg_forms|src_parties|src_cctv|court_claims_21,2766,,"SAFE_COURT | The defence asks the court to record outstanding CCTV, ID procedure and witness source material. || SAFE_POSITION | Identification and participation remain provisional pending served CCTV, ID and witness source material. || HEA"
sha:6d289043330f917939ee6ddc35dc95ad9b8b79423eb407c40f0df3deb126d1ef,PDF-6d289043330f,CB-TB-775_Khan,6d289043330f917939ee6ddc35dc95ad9b8b79423eb407c40f0df3deb126d1ef,OFFLINE_COURT_PROJECTION,,MUTE,mute_cctv_master,,mute_cctv_master,,,src_charge|src_hearing|src_mg_forms|src_parties|src_dates|src_cctv|court_claims_24,6327,,SAFE_COURT | The defence asks the court to record that full BWV and continuity material should be served. || SAFE_POSITION | Sequence and force remain provisional pending served BWV and officer source material. || HEARING | 16 June 2026 at 
sha:6d2a9951a0122e276cf97c3a628eab4057b2078125c321427b42337591e90d82,PDF-6d2a9951a012,CB-TB-2078_Merritt,6d2a9951a0122e276cf97c3a628eab4057b2078125c321427b42337591e90d82,OFFLINE_COURT_PROJECTION,,MUTE,mute_export_log,,mute_export_log|mute_cad_999,,,src_charge|src_hearing|src_mg_forms|src_parties|src_dates|src_cctv|src_continuity|court_claims_25,5339,,SAFE_COURT | The defence asks the court to record that full BWV and continuity material should be served. || SAFE_POSITION | Sequence and force remain provisional pending served BWV and officer source material. || HEARING | 22 June 2026 at 
sha:6da0c2e9ff2c7339c029a0facc3f2291011c3aaffbd133d13837b1b805994fcf,PDF-6da0c2e9ff2c,CB-TB-1990_Blythe,6da0c2e9ff2c7339c029a0facc3f2291011c3aaffbd133d13837b1b805994fcf,OFFLINE_COURT_PROJECTION,,MUTE,mute_phone_download,,mute_phone_download,,,src_charge|src_hearing|src_mg_forms|src_parties|src_dates|src_cctv|src_continuity|court_claims_33,5325,,"SAFE_COURT | The defence asks the court to record outstanding bank/device source and loss material. || SAFE_POSITION | Account control, dishonesty and loss remain provisional pending served bank/device source material. || HEARING | 11 Septe"
sha:6d5c8d435062c90b7867a1f7804c331f6b6cd65d8fb673495f87010f345c71cd,PDF-6d5c8d435062,CB-TB-2131_Sutton,6d5c8d435062c90b7867a1f7804c331f6b6cd65d8fb673495f87010f345c71cd,OFFLINE_COURT_PROJECTION,,MUTE,mute_cad_999,,mute_cad_999,,,src_charge|src_hearing|src_mg_forms|src_parties|src_dates|src_cctv|src_continuity|court_claims_25,8384,,SAFE_COURT | The defence asks the court to record that full BWV and continuity material should be served. || SAFE_POSITION | Sequence and force remain provisional pending served BWV and officer source material. || HEARING | 11 July 2026 at 
sha:6e820c3808a16762ad8f7d67c7b1755a4a83a03581b220018e77a4516baf8134,PDF-6e820c3808a1,CB-TB-720_Clarke,6e820c3808a16762ad8f7d67c7b1755a4a83a03581b220018e77a4516baf8134,OFFLINE_COURT_PROJECTION,,MUTE,mute_cctv_master,,mute_cctv_master,,,src_charge|src_hearing|src_mg_forms|src_parties|src_dates|src_cctv|src_continuity|court_claims_24,6711,,SAFE_COURT | The defence asks the court to record that full BWV and continuity material should be served. || SAFE_POSITION | Sequence and force remain provisional pending served BWV and officer source material. || HEARING | 15 August 2026 a
sha:6ec3e291c2b17f3a85483f557466aa79e0fb874e90d5fbf4b9fe4fac09a63a91,PDF-6ec3e291c2b1,CB-TB-2085_Okonkwo,6ec3e291c2b17f3a85483f557466aa79e0fb874e90d5fbf4b9fe4fac09a63a91,OFFLINE_COURT_PROJECTION,,MUTE,mute_cad_999,,mute_cad_999,,,src_charge|src_hearing|src_mg_forms|src_parties|src_dates|src_cctv|src_continuity|court_claims_29,5535,,SAFE_COURT | The defence asks the court to record that full BWV and continuity material should be served. || SAFE_POSITION | Sequence and force remain provisional pending served BWV and officer source material. || HEARING | 13 July 2026 at 
sha:6e9c0afebdf5a53b9b4fe96277e30dc4a6bf9a2e9f5b62243f52de6dfac831a3,PDF-6e9c0afebdf5,CB-TB-1165_Hale,6e9c0afebdf5a53b9b4fe96277e30dc4a6bf9a2e9f5b62243f52de6dfac831a3,OFFLINE_COURT_PROJECTION,,INVENT,invent_phone_download,invent_phone_download,,,,src_charge|src_hearing|src_mg_forms|src_id_procedure|src_parties|src_dates|src_cctv|src_continuity|court_claims_29,5926,,"SAFE_COURT | The defence asks the court to record outstanding continuity, lab and search/phone material. || SAFE_POSITION | Possession, knowledge, intent and continuity remain provisional pending served drug/source material. || HEARING | 13"
sha:6e3f57b7a535761f016f7494c810717b3ca15b91292d6ff34f33ed85f409cd69,PDF-6e3f57b7a535,CB-TB-2199_Hale,6e3f57b7a535761f016f7494c810717b3ca15b91292d6ff34f33ed85f409cd69,OFFLINE_COURT_PROJECTION,,MUTE,mute_cad_999,,mute_cad_999,,,src_charge|src_hearing|src_mg_forms|src_parties|src_dates|src_cctv|src_continuity|court_claims_25,8607,,SAFE_COURT | The defence asks the court to record that full BWV and continuity material should be served. || SAFE_POSITION | Sequence and force remain provisional pending served BWV and officer source material. || HEARING | 5 July 2026 at 1
sha:6eaab870d51b6bb98cc008c08c11aabc4547070560c1e9f174e2bc1ce31109c5,PDF-6eaab870d51b,CB-TB-923_Mitchell,6eaab870d51b6bb98cc008c08c11aabc4547070560c1e9f174e2bc1ce31109c5,OFFLINE_COURT_PROJECTION,,MUTE,mute_phone_download,,mute_phone_download,,,src_charge|src_hearing|src_mg_forms|src_parties|src_cctv|court_claims_24,7627,,SAFE_COURT | The defence asks the court to record that full BWV and continuity material should be served. || SAFE_POSITION | Sequence and force remain provisional pending served BWV and officer source material. || HEARING | 29/07/2026 12:00
sha:6f0e3810dccd299f80145f117a768538cada73744fe2c3361d3c774a64914929,PDF-6f0e3810dccd,CB-TB-633_Flint,6f0e3810dccd299f80145f117a768538cada73744fe2c3361d3c774a64914929,OFFLINE_COURT_PROJECTION,,MUTE,mute_cctv_master,,mute_cctv_master,,,src_charge|src_hearing|src_mg_forms|src_parties|src_dates|src_cctv|court_claims_25,5312,,"SAFE_COURT | The defence asks the court to record outstanding continuity, lab and search/phone material. || SAFE_POSITION | Possession, knowledge, intent and continuity remain provisional pending served drug/source material. || HEARING | 10"
sha:6f452189a76e4c6b13916235054d98981aaeb863789c2a09901927046c336195,PDF-6f452189a76e,CB-TB-785_Hughes,6f452189a76e4c6b13916235054d98981aaeb863789c2a09901927046c336195,OFFLINE_COURT_PROJECTION,,MUTE,mute_cctv_master,,mute_cctv_master,,,src_charge|src_hearing|src_mg_forms|src_parties|src_dates|src_cctv|src_cctv_stills|court_claims_29,7527,,"SAFE_COURT | The defence asks the court to record outstanding CCTV, ID procedure and witness source material. || SAFE_POSITION | Identification and participation remain provisional pending served CCTV, ID and witness source material. || HEA"
sha:6f6e7bed0d100885c731f6956f73bbc455ab75e4524738a15305c809848bebae,PDF-6f6e7bed0d10,CB-TB-1829_Hobbs,6f6e7bed0d100885c731f6956f73bbc455ab75e4524738a15305c809848bebae,OFFLINE_COURT_PROJECTION,,MUTE,mute_phone_download,,mute_phone_download,,,src_charge|src_hearing|src_mg_forms|src_parties|src_dates|src_cctv|court_claims_25,3191,,"SAFE_COURT | The defence asks the court to record outstanding device, calibration and procedure records. || SAFE_POSITION | Driver identity, procedure and device evidence remain provisional pending served source records. || HEARING | 29 Jun"
sha:6fc3a67ef1c6e8dae24bad88beeef1f70306a15a404d87c42e1d967a332cd739,PDF-6fc3a67ef1c6,CB-TB-486_Brennan,6fc3a67ef1c6e8dae24bad88beeef1f70306a15a404d87c42e1d967a332cd739,OFFLINE_COURT_PROJECTION,,MUTE,mute_phone_download,,mute_phone_download,,,src_charge|src_hearing|src_mg_forms|src_parties|src_cctv|src_continuity|court_claims_29,7901,,SAFE_COURT | The defence asks the court to record that full BWV and continuity material should be served. || SAFE_POSITION | Sequence and force remain provisional pending served BWV and officer source material. || HEARING | 11 July 2026 at 
sha:6f6c1fb248bea0a159337f75dfc5a1a001e7c9627c78da970cf6a494f64c4ba5,PDF-6f6c1fb248be,CB-TB-1756_Wardle,6f6c1fb248bea0a159337f75dfc5a1a001e7c9627c78da970cf6a494f64c4ba5,OFFLINE_COURT_PROJECTION,,INVENT,invent_phone_download,invent_phone_download,,,,src_charge|src_hearing|src_mg_forms|src_parties|src_cctv|src_cctv_stills|src_continuity|court_claims_40,8770,,SAFE_COURT | The defence asks the court to record that the full extraction/source material remains outstanding. || SAFE_POSITION | Attribution remains provisional pending served device/source material and instructions. || HEARING | 05 July 
sha:706517419c86a2b9844449ac2b475952dfb3ec4e06cb55b5a2ef5722c0502ea3,PDF-706517419c86,CB-TB-793_Rees,706517419c86a2b9844449ac2b475952dfb3ec4e06cb55b5a2ef5722c0502ea3,OFFLINE_COURT_PROJECTION,,MUTE,mute_cctv_master,,mute_cctv_master,,,src_charge|src_hearing|src_mg_forms|src_parties|src_dates|src_cctv|src_cctv_stills|court_claims_20,4499,,SAFE_COURT | The defence asks the court to record that full BWV and continuity material should be served. || SAFE_POSITION | Sequence and force remain provisional pending served BWV and officer source material. || HEARING | 09 August 2026 a
sha:7043b1bf7bb0cf9dc5976bae18b1bfc041a40c0986177968a01a3f137021ee3d,PDF-7043b1bf7bb0,CB-TB-1867_Hobbs,7043b1bf7bb0cf9dc5976bae18b1bfc041a40c0986177968a01a3f137021ee3d,OFFLINE_COURT_PROJECTION,,MUTE,mute_phone_download,,mute_phone_download,,,src_charge|src_hearing|src_mg_forms|src_parties|src_dates|src_continuity|court_claims_37,7874,,"SAFE_COURT | Position remains provisional on the current papers — listed material families are not safely confirmed in the bundle yet. || SAFE_POSITION | Identification and participation remain provisional pending served CCTV, ID and witnes"
sha:708444c31712d48ca4e62d792494e2a519e1612d4db628c3bf5d35c9fd87b485,PDF-708444c31712,CB-TB-1230_Coates,708444c31712d48ca4e62d792494e2a519e1612d4db628c3bf5d35c9fd87b485,OFFLINE_COURT_PROJECTION,,MUTE,mute_phone_download,,mute_phone_download|mute_cad_999,,,src_charge|src_hearing|src_mg_forms|src_parties|src_dates|src_cctv|src_continuity|court_claims_25,6185,,SAFE_COURT | The defence asks the court to record that full custody and interview records remain outstanding. || SAFE_POSITION | Custody/PACE safeguards cannot be finally assessed until the full custody and interview material is served. || 
sha:70ccb3f20ab68017cecccbf74e44bcf958ebfe66d4c69b42b11fc3295ae419ae,PDF-70ccb3f20ab6,CB-TB-784_Coleman,70ccb3f20ab68017cecccbf74e44bcf958ebfe66d4c69b42b11fc3295ae419ae,OFFLINE_COURT_PROJECTION,,MUTE,mute_cctv_master,,mute_cctv_master,,,src_charge|src_hearing|src_mg_forms|src_parties|src_dates|src_cctv|src_cctv_stills|src_continuity|court_claims_25,9350,,"SAFE_COURT | The defence asks the court to record outstanding CCTV, ID procedure and witness source material. || SAFE_POSITION | Identification and participation remain provisional pending served CCTV, ID and witness source material. || HEA"
sha:70e710fc07eb4979d2c5fea56cfe3f71dafbb4b9f30a0f8035f5a0fe2b85eff9,PDF-70e710fc07eb,CB-TB-847_Morgan,70e710fc07eb4979d2c5fea56cfe3f71dafbb4b9f30a0f8035f5a0fe2b85eff9,OFFLINE_COURT_PROJECTION,,MUTE,mute_cctv_master,,mute_cctv_master,,,src_charge|src_hearing|src_mg_forms|src_dates|src_continuity|court_claims_29,7254,,"SAFE_COURT | The defence asks the court to record outstanding device, calibration and procedure records. || SAFE_POSITION | Driver identity, procedure and device evidence remain provisional pending served source records. || HEARING | 18 Jul"
sha:71a16d17b543213980feed479b5b948adf6615866e74ab17d4893ccb18b5ca56,PDF-71a16d17b543,CB-TB-1556_Stephens,71a16d17b543213980feed479b5b948adf6615866e74ab17d4893ccb18b5ca56,OFFLINE_COURT_PROJECTION,,MUTE,mute_cad_999,,mute_cad_999,,,src_charge|src_hearing|src_mg_forms|src_parties|src_cctv|src_cctv_stills|court_claims_21,3130,,"SAFE_COURT | Position remains provisional on the current papers — listed material families are not safely confirmed in the bundle yet. || SAFE_POSITION | Account control, dishonesty and loss remain provisional pending served bank/device sou"
sha:7180fd1decd50a4925732d720d5e15da3ffbd6da4266d3d43c661b88c9290058,PDF-7180fd1decd5,CB-TB-290_Rowe,7180fd1decd50a4925732d720d5e15da3ffbd6da4266d3d43c661b88c9290058,OFFLINE_COURT_PROJECTION,,MUTE,mute_phone_download,,mute_phone_download,,,src_charge|src_hearing|src_mg_forms|src_parties|src_dates|court_claims_24,7398,,SAFE_COURT | The defence asks the court to record that full BWV and continuity material should be served. || SAFE_POSITION | Sequence and force remain provisional pending served BWV and officer source material. || HEARING | 16 July 2026 at 
sha:7289e524281bb8ad7df82957027553297219c2d974dd54e23d90c90f74cf1e6b,PDF-7289e524281b,CB-TB-769_Coleman,7289e524281bb8ad7df82957027553297219c2d974dd54e23d90c90f74cf1e6b,OFFLINE_COURT_PROJECTION,,MUTE,mute_cctv_master,,mute_cctv_master,,,src_charge|src_hearing|src_mg_forms|src_parties|src_dates|src_cctv|src_continuity|court_claims_24,9545,,SAFE_COURT | The defence asks the court to record that full BWV and continuity material should be served. || SAFE_POSITION | Sequence and force remain provisional pending served BWV and officer source material. || HEARING | 12 August 2026 a
sha:72573cdaf21781be3e719412994cf105c4639e1c1cbf51bf0cd70cdd94426a0f,PDF-72573cdaf217,CB-TB-876_Hayes,72573cdaf21781be3e719412994cf105c4639e1c1cbf51bf0cd70cdd94426a0f,OFFLINE_COURT_PROJECTION,,INVENT,invent_phone_download,invent_phone_download,mute_export_log,,,src_charge|src_hearing|src_mg_forms|src_parties|src_cctv|src_continuity|court_claims_37,6147,,"SAFE_COURT | The defence asks the court to record outstanding CCTV, ID procedure and witness source material. || SAFE_POSITION | Identification and participation remain provisional pending served CCTV, ID and witness source material. || HEA"
sha:722781c165aeae23154b21b09ede7c1450d2bd5a7d3cb51c46d8114f6a937498,PDF-722781c165ae,CB-TB-1494_Rowe,722781c165aeae23154b21b09ede7c1450d2bd5a7d3cb51c46d8114f6a937498,OFFLINE_COURT_PROJECTION,,INVENT,invent_phone_download,invent_phone_download,,,,src_charge|src_hearing|src_mg_forms|src_id_procedure|src_parties|src_dates|src_cctv|src_continuity|court_claims_37,9312,,"SAFE_COURT | The defence asks the court to record outstanding continuity, lab and search/phone material. || SAFE_POSITION | Possession, knowledge, intent and continuity remain provisional pending served drug/source material. || HEARING | 22"
sha:7260e66577fb99d76728d4a174d003c89fa5334f4da8b319982df146da014b11,PDF-7260e66577fb,CB-TB-1856_Griffiths,7260e66577fb99d76728d4a174d003c89fa5334f4da8b319982df146da014b11,OFFLINE_COURT_PROJECTION,,INVENT,invent_phone_download,invent_phone_download,,,,src_charge|src_hearing|src_mg_forms|src_parties|src_cctv|src_continuity|court_claims_40,9370,,SAFE_COURT | The defence asks the court to record that the full extraction/source material remains outstanding. || SAFE_POSITION | Attribution remains provisional pending served device/source material and instructions. || HEARING | 05 July 
sha:72ccff0d54a8348bc3b7f8f1509fe0a54ca549667dbd9c5de44177454b469be8,PDF-72ccff0d54a8,CB-TB-330_Bishop,72ccff0d54a8348bc3b7f8f1509fe0a54ca549667dbd9c5de44177454b469be8,OFFLINE_COURT_PROJECTION,,MUTE,mute_phone_download,,mute_phone_download,,,src_charge|src_hearing|src_mg_forms|src_parties|src_dates|src_cctv|src_continuity|court_claims_28,6873,,SAFE_COURT | The defence asks the court to record that full custody and interview records remain outstanding. || SAFE_POSITION | Custody/PACE safeguards cannot be finally assessed until the full custody and interview material is served. || 
sha:72fb8156f02cc39f9820bad062ee4fad1bdbd2a81a281a4db979cf235a86de0b,PDF-72fb8156f02c,CB-TB-271_Daly,72fb8156f02cc39f9820bad062ee4fad1bdbd2a81a281a4db979cf235a86de0b,OFFLINE_COURT_PROJECTION,,MUTE,mute_phone_download,,mute_phone_download,,,src_charge|src_hearing|src_mg_forms|src_parties|src_dates|src_cctv|src_cctv_stills|src_continuity|court_claims_33,8838,,"SAFE_COURT | The defence asks the court to record outstanding continuity, lab and search/phone material. || SAFE_POSITION | Possession, knowledge, intent and continuity remain provisional pending served drug/source material. || HEARING | 12"
sha:7299aaf3e2d45d1717ee3b0508b9210e218df43f63298213b925486a5ed24004,PDF-7299aaf3e2d4,CB-TB-1656_Fraser,7299aaf3e2d45d1717ee3b0508b9210e218df43f63298213b925486a5ed24004,OFFLINE_COURT_PROJECTION,,MUTE,mute_cad_999,,mute_cad_999,,,src_charge|src_hearing|src_mg_forms|src_parties|src_dates|src_cctv|src_continuity|court_claims_25,7269,,SAFE_COURT | The defence asks the court to record that full BWV and continuity material should be served. || SAFE_POSITION | Sequence and force remain provisional pending served BWV and officer source material. || HEARING | 25 August 2026 a
sha:73b67c06c7af45b40a5850e5591df767b1c3fbee15c0a83d31f439dce9d85dc0,PDF-73b67c06c7af,CB-TB-258_Flynn,73b67c06c7af45b40a5850e5591df767b1c3fbee15c0a83d31f439dce9d85dc0,OFFLINE_COURT_PROJECTION,,MUTE,mute_phone_download,,mute_phone_download,,,src_charge|src_hearing|src_mg_forms|src_parties|src_dates|src_cctv|src_continuity|court_claims_32,9390,,SAFE_COURT | The defence asks the court to record that full BWV and continuity material should be served. || SAFE_POSITION | Sequence and force remain provisional pending served BWV and officer source material. || HEARING | 04 July 2026 at 
sha:73426e72fdfed3c19ab7ccad7d870d428afcb08102f625a4f363750df4492a3b,PDF-73426e72fdfe,CB-TB-2098_Hayes,73426e72fdfed3c19ab7ccad7d870d428afcb08102f625a4f363750df4492a3b,OFFLINE_COURT_PROJECTION,,MUTE,mute_cad_999,,mute_cad_999,,,src_charge|src_hearing|src_mg_forms|src_parties|src_dates|src_cctv|src_continuity|court_claims_25,8706,,SAFE_COURT | The defence asks the court to record outstanding message/account source material and complainant statement gaps. || SAFE_POSITION | The defence position remains provisional pending served message/account material and instructio
sha:74322fc0a6757f232e1e61a3e8f239055447ba1b647ae1084b998a98a6b2a991,PDF-74322fc0a675,CB-TB-1834_Pike,74322fc0a6757f232e1e61a3e8f239055447ba1b647ae1084b998a98a6b2a991,OFFLINE_COURT_PROJECTION,,MUTE,mute_phone_download,,mute_phone_download,,,src_charge|src_hearing|src_mg_forms|src_parties|src_dates|src_continuity|court_claims_28,3383,,SAFE_COURT | The defence asks the court to record that full BWV and continuity material should be served. || SAFE_POSITION | Sequence and force remain provisional pending served BWV and officer source material. || HEARING | 14 July 2026 12:
sha:7404435f11c53281d720209450d5c55e4a019f7c79e37a74fa6c2e0b26208abf,PDF-7404435f11c5,CB-TB-1019_Coleman,7404435f11c53281d720209450d5c55e4a019f7c79e37a74fa6c2e0b26208abf,OFFLINE_COURT_PROJECTION,,MUTE,mute_cad_999,,mute_cad_999,,,src_charge|src_hearing|src_mg_forms|src_parties|src_dates|src_cctv|src_cctv_stills|src_continuity|court_claims_36,6895,,SAFE_COURT | The defence asks the court to record that full BWV and continuity material should be served. || SAFE_POSITION | Sequence and force remain provisional pending served BWV and officer source material. || HEARING | 11 July 2026 at 
sha:748a52df47b51a25df2275aa2a55dc5bcaef2af83b2293667246ce9ca1d89ba8,PDF-748a52df47b5,CB-TB-877_Ahmed,748a52df47b51a25df2275aa2a55dc5bcaef2af83b2293667246ce9ca1d89ba8,OFFLINE_COURT_PROJECTION,,MUTE,mute_export_log,,mute_export_log|mute_cctv_master,,,src_charge|src_hearing|src_mg_forms|src_id_procedure|src_parties|src_dates|src_cctv|src_continuity|court_claims_29,5177,,SAFE_COURT | The defence asks the court to record that full BWV and continuity material should be served. || SAFE_POSITION | Sequence and force remain provisional pending served BWV and officer source material. || HEARING | 01 August 2026 a
sha:749b61474643c5d692170f60d612dbe80406abf5b8424dd41032ffe3c72c8d8c,PDF-749b61474643,CB-TB-1265_Ward,749b61474643c5d692170f60d612dbe80406abf5b8424dd41032ffe3c72c8d8c,OFFLINE_COURT_PROJECTION,,MUTE,mute_phone_download,,mute_phone_download,,,src_charge|src_hearing|src_mg_forms|src_parties|src_dates|src_cctv_stills|src_continuity|court_claims_25,4116,,"SAFE_COURT | The defence asks the court to record outstanding continuity, lab and search/phone material. || SAFE_POSITION | Possession, knowledge, intent and continuity remain provisional pending served drug/source material. || HEARING | 30"
sha:751c46f16cc4bc8a112ac42d4e55cf4e71e876dd1ba051c0e35e349ca7c0f9fd,PDF-751c46f16cc4,CB-TB-572_Patel,751c46f16cc4bc8a112ac42d4e55cf4e71e876dd1ba051c0e35e349ca7c0f9fd,OFFLINE_COURT_PROJECTION,,MODALITY,modality_summary_vs_recording,,mute_cctv_master,modality_summary_vs_recording,,src_charge|src_hearing|src_mg_forms|src_parties|src_dates|src_cctv|src_continuity|court_claims_29,8532,,"SAFE_COURT | The defence asks the court to record outstanding continuity, lab and search/phone material. || SAFE_POSITION | Possession, knowledge, intent and continuity remain provisional pending served drug/source material. || HEARING | 24"
sha:75accda0d1775b8346d2f62035ae876f915f88e5e151584d51cb0a7ab41ce5f4,PDF-75accda0d177,CB-TB-1076_Porter,75accda0d1775b8346d2f62035ae876f915f88e5e151584d51cb0a7ab41ce5f4,OFFLINE_COURT_PROJECTION,,MUTE,mute_cad_999,,mute_cad_999,,,src_charge|src_hearing|src_mg_forms|src_parties|src_dates|src_cctv|src_cctv_stills|src_continuity|court_claims_28,5002,,SAFE_COURT | The defence asks the court to record that full BWV and continuity material should be served. || SAFE_POSITION | Sequence and force remain provisional pending served BWV and officer source material. || HEARING | 01 July 2026 at 
sha:75357313f354e611403c850f46bc1cfb2a85789210bdc87ab60751def1dbe9a9,PDF-75357313f354,CB-TB-696_Khan,75357313f354e611403c850f46bc1cfb2a85789210bdc87ab60751def1dbe9a9,OFFLINE_COURT_PROJECTION,,MUTE,mute_cctv_master,,mute_cctv_master,,,src_charge|src_hearing|src_mg_forms|src_parties|src_dates|src_cctv|src_cctv_stills|src_continuity|court_claims_20,7717,,SAFE_COURT | The defence asks the court to record that full BWV and continuity material should be served. || SAFE_POSITION | Sequence and force remain provisional pending served BWV and officer source material. || HEARING | 18 August 2026 a
sha:761d6db8907f58e8262dae457d080c8b7140dc168e19d2f121cb0a907a2d2bfa,PDF-761d6db8907f,CB-TB-1679_Hale,761d6db8907f58e8262dae457d080c8b7140dc168e19d2f121cb0a907a2d2bfa,OFFLINE_COURT_PROJECTION,,MUTE,mute_cad_999,,mute_cad_999,,,src_charge|src_hearing|src_mg_forms|src_parties|src_dates|src_cctv|court_claims_21,4242,,SAFE_COURT | The defence asks the court to record that full BWV and continuity material should be served. || SAFE_POSITION | Sequence and force remain provisional pending served BWV and officer source material. || HEARING | 24 August 2026 a
sha:760fb526d347fbcb24eb58b4181f05198420a946bd028c59205d1dd54cead199,PDF-760fb526d347,CB-TB-136_Wright,760fb526d347fbcb24eb58b4181f05198420a946bd028c59205d1dd54cead199,OFFLINE_COURT_PROJECTION,,MUTE,mute_cad_999,,mute_cad_999,,,src_charge|src_hearing|src_mg_forms|src_parties|src_cctv|src_cctv_stills|src_continuity|court_claims_28,14824,,SAFE_COURT | The defence asks the court to record that full custody and interview records remain outstanding. || SAFE_POSITION | Custody/PACE safeguards cannot be finally assessed until the full custody and interview material is served. || 
sha:76d5ab2a229bfd16475064af982d15ed8f16f9e23421f8c14c94a46382c4e5ca,PDF-76d5ab2a229b,CB-TB-1552_Barnes,76d5ab2a229bfd16475064af982d15ed8f16f9e23421f8c14c94a46382c4e5ca,OFFLINE_COURT_PROJECTION,,MUTE,mute_cad_999,,mute_cad_999,,,src_charge|src_hearing|src_mg_forms|src_parties|src_cctv|src_cctv_stills|court_claims_21,3201,,"SAFE_COURT | The defence asks the court to record outstanding continuity, lab and search/phone material. || SAFE_POSITION | Possession, knowledge, intent and continuity remain provisional pending served drug/source material. || HEARING | 27"
sha:7632e7c958b62df9a1a6f413df0e1c794c47914bb5c10b1cef47e42b2f4b062c,PDF-7632e7c958b6,CB-TB-2080_Walsh,7632e7c958b62df9a1a6f413df0e1c794c47914bb5c10b1cef47e42b2f4b062c,OFFLINE_COURT_PROJECTION,,MODALITY,modality_screenshot_vs_download,,,modality_screenshot_vs_download,,src_charge|src_hearing|src_mg_forms|src_parties|src_dates|src_cctv|src_continuity|court_claims_29,5213,,"SAFE_COURT | The defence asks the court to record outstanding continuity, lab and search/phone material. || SAFE_POSITION | Possession, knowledge, intent and continuity remain provisional pending served drug/source material. || HEARING | 28"
sha:76a23242e8aa56c209108146e9b4ebda94ecb25c9496cf60adc27f75c60395b6,PDF-76a23242e8aa,CB-TB-1958_Rourke,76a23242e8aa56c209108146e9b4ebda94ecb25c9496cf60adc27f75c60395b6,OFFLINE_COURT_PROJECTION,,MUTE,mute_cctv_master,,mute_cctv_master|mute_phone_download|mute_cad_999,,,src_charge|src_hearing|src_mg_forms|src_parties|src_dates|src_cctv|src_continuity|court_claims_36,7398,,SAFE_COURT | The defence asks the court to record that full custody and interview records remain outstanding. || SAFE_POSITION | Custody/PACE safeguards cannot be finally assessed until the full custody and interview material is served. || 
sha:771871263afc9a90084cd552156d77846205c280568dbb849a131afecf9ec986,PDF-771871263afc,CB-TB-765_Coleman,771871263afc9a90084cd552156d77846205c280568dbb849a131afecf9ec986,OFFLINE_COURT_PROJECTION,,MUTE,mute_cctv_master,,mute_cctv_master,,,src_charge|src_hearing|src_mg_forms|src_parties|src_dates|src_cctv|src_continuity|court_claims_21,6420,,"SAFE_COURT | The defence asks the court to record outstanding device, calibration and procedure records. || SAFE_POSITION | Driver identity, procedure and device evidence remain provisional pending served source records. || HEARING | 31 Jul"
sha:772d043564bd012de07d36461ec5ef5c2a3e8315d05419d028817da88f708c35,PDF-772d043564bd,CB-TB-1242_Blake,772d043564bd012de07d36461ec5ef5c2a3e8315d05419d028817da88f708c35,OFFLINE_COURT_PROJECTION,,MUTE,mute_phone_download,,mute_phone_download,,,src_charge|src_hearing|src_mg_forms|src_parties|src_dates|src_cctv|court_claims_37,4296,,"SAFE_COURT | The defence asks the court to record outstanding CCTV, ID procedure and witness source material. || SAFE_POSITION | Identification and participation remain provisional pending served CCTV, ID and witness source material. || HEA"
sha:76e38ed4d7c88b44563483f88cb2f1976e1c6d9460d3f82126209dacd31f5f9f,PDF-76e38ed4d7c8,CB-TB-535_Rees,76e38ed4d7c88b44563483f88cb2f1976e1c6d9460d3f82126209dacd31f5f9f,OFFLINE_COURT_PROJECTION,,MODALITY,modality_summary_vs_recording,,,modality_summary_vs_recording,,src_charge|src_hearing|src_mg_forms|src_parties|src_dates|src_continuity|court_claims_32,8338,,SAFE_COURT | The defence asks the court to record that full BWV and continuity material should be served. || SAFE_POSITION | Sequence and force remain provisional pending served BWV and officer source material. || HEARING | 28 June 2026 10:
sha:775e5d6496766a798ff39637fb78b668983a45125f71b5370577eff977fc2132,PDF-775e5d649676,CB-TB-717_Thornton,775e5d6496766a798ff39637fb78b668983a45125f71b5370577eff977fc2132,OFFLINE_COURT_PROJECTION,,MUTE,mute_cctv_master,,mute_cctv_master,,,src_charge|src_hearing|src_mg_forms|src_parties|src_dates|src_cctv|src_continuity|court_claims_24,6263,,SAFE_COURT | The defence asks the court to record that full BWV and continuity material should be served. || SAFE_POSITION | Sequence and force remain provisional pending served BWV and officer source material. || HEARING | 06 August 2026 a
sha:772ead55442ef44be6982d2baeb1c033a5f344fa6a020667779e5e7003c9e145,PDF-772ead55442e,CB-TB-609_Thornton,772ead55442ef44be6982d2baeb1c033a5f344fa6a020667779e5e7003c9e145,OFFLINE_COURT_PROJECTION,,MUTE,mute_cctv_master,,mute_cctv_master,,,src_charge|src_hearing|src_mg_forms|src_parties|src_dates|src_cctv|src_continuity|court_claims_28,6644,,SAFE_COURT | The defence asks the court to record that full BWV and continuity material should be served. || SAFE_POSITION | Sequence and force remain provisional pending served BWV and officer source material. || HEARING | 13 July 2026 at 
sha:774cfc85a370a2bac1b38a800738493037da77728bc6e6051dae077ec853d75f,PDF-774cfc85a370,CB-TB-1018_Dawson,774cfc85a370a2bac1b38a800738493037da77728bc6e6051dae077ec853d75f,OFFLINE_COURT_PROJECTION,,MUTE,mute_phone_download,,mute_phone_download|mute_cad_999,,,src_charge|src_hearing|src_mg_forms|src_parties|src_dates|src_cctv|court_claims_29,5600,,"SAFE_COURT | The defence asks the court to record outstanding CCTV, ID procedure and witness source material. || SAFE_POSITION | Identification and participation remain provisional pending served CCTV, ID and witness source material. || HEA"
sha:772fc3e13c00acd60e0856e7b0da4edf5a6b8ef25b92bc3ba3efca8d17be7504,PDF-772fc3e13c00,CB-TB-900_Clarke,772fc3e13c00acd60e0856e7b0da4edf5a6b8ef25b92bc3ba3efca8d17be7504,OFFLINE_COURT_PROJECTION,,INVENT,invent_phone_download,invent_phone_download,,,,src_charge|src_hearing|src_mg_forms|src_dates|src_cctv|court_claims_29,6679,,SAFE_COURT | The defence asks the court to record that full BWV and continuity material should be served. || SAFE_POSITION | Sequence and force remain provisional pending served BWV and officer source material. || HEARING | 25 July 2026 at 
sha:7874ccdd6d020f1287a3816d911121b9cdfff3953fb01ed4cd0bab7b490c1010,PDF-7874ccdd6d02,CB-TB-756_Patterson,7874ccdd6d020f1287a3816d911121b9cdfff3953fb01ed4cd0bab7b490c1010,OFFLINE_COURT_PROJECTION,,MUTE,mute_cctv_master,,mute_cctv_master,,,src_charge|src_hearing|src_mg_forms|src_parties|src_dates|src_cctv|court_claims_25,3602,,"SAFE_COURT | The defence asks the court to record outstanding device, calibration and procedure records. || SAFE_POSITION | Driver identity, procedure and device evidence remain provisional pending served source records. || HEARING | 04 Jul"
sha:787e7e3caa1db684aae1031e7076db039e593ba2d6b332290200d3f60d06de7f,PDF-787e7e3caa1d,CB-TB-500_Shaw,787e7e3caa1db684aae1031e7076db039e593ba2d6b332290200d3f60d06de7f,OFFLINE_COURT_PROJECTION,,MODALITY,modality_screenshot_vs_download,,,modality_screenshot_vs_download,,src_charge|src_hearing|src_mg_forms|src_parties|src_cctv|src_continuity|court_claims_33,3446,,"SAFE_COURT | The defence asks the court to record outstanding continuity, lab and search/phone material. || SAFE_POSITION | Possession, knowledge, intent and continuity remain provisional pending served drug/source material. || HEARING | 8 "
sha:797bc9c286d17b98f325a9df3ae858f64f4fc8643d0ab59185602d1089ea67d5,PDF-797bc9c286d1,CB-TB-1555_Newton,797bc9c286d17b98f325a9df3ae858f64f4fc8643d0ab59185602d1089ea67d5,OFFLINE_COURT_PROJECTION,,MUTE,mute_cad_999,,mute_cad_999,,,src_charge|src_hearing|src_mg_forms|src_parties|src_cctv|src_cctv_stills|src_continuity|court_claims_25,3658,,"SAFE_COURT | The defence asks the court to record outstanding CCTV, ID procedure and witness source material. || SAFE_POSITION | Identification and participation remain provisional pending served CCTV, ID and witness source material. || HEA"
sha:7996a909402d1618b5918301ec5028cd36e56081b76b423648bb2fa798ed17f8,PDF-7996a909402d,CB-TB-1666_Walsh,7996a909402d1618b5918301ec5028cd36e56081b76b423648bb2fa798ed17f8,OFFLINE_COURT_PROJECTION,,MUTE,mute_cad_999,,mute_cad_999,,,src_charge|src_hearing|src_mg_forms|src_parties|src_dates|src_cctv|court_claims_21,2571,,SAFE_COURT | The defence asks the court to record that full BWV and continuity material should be served. || SAFE_POSITION | Sequence and force remain provisional pending served BWV and officer source material. || HEARING | 16 July 2026 at 
sha:79849120f31c9ebbca4814387180a93cccdd952c5c5f0b4cdca86faab93dba5e,PDF-79849120f31c,CB-TB-566_Morgan,79849120f31c9ebbca4814387180a93cccdd952c5c5f0b4cdca86faab93dba5e,OFFLINE_COURT_PROJECTION,,MODALITY,modality_summary_vs_recording,,,modality_summary_vs_recording,,src_charge|src_hearing|src_mg_forms|src_parties|src_dates|src_continuity|court_claims_33,3637,,SAFE_COURT | The defence asks the court to record that source material must be clarified and timetabled. || SAFE_POSITION | The defence cannot safely fix a final position until the served source material is clarified. || HEARING | 24 August
sha:79cf2d0474372361879405ea9cce01113ff77098a4013408d7b6f7dbc3b3ae54,PDF-79cf2d047437,CB-TB-649_Bennett,79cf2d0474372361879405ea9cce01113ff77098a4013408d7b6f7dbc3b3ae54,OFFLINE_COURT_PROJECTION,,MUTE,mute_cctv_master,,mute_cctv_master,,,src_charge|src_hearing|src_mg_forms|src_parties|src_dates|src_cctv|src_cctv_stills|src_continuity|court_claims_24,7788,,SAFE_COURT | The defence asks the court to record that full BWV and continuity material should be served. || SAFE_POSITION | Sequence and force remain provisional pending served BWV and officer source material. || HEARING | 27 August 2026 a
sha:79f44f24d634cd2f95c0f7196a2b30f7f3f39dd268be98e28ef4ecbe617a8dbc,PDF-79f44f24d634,CB-TB-1928_Stone,79f44f24d634cd2f95c0f7196a2b30f7f3f39dd268be98e28ef4ecbe617a8dbc,OFFLINE_COURT_PROJECTION,,MUTE,mute_cctv_master,,mute_cctv_master,,,src_charge|src_hearing|src_mg_forms|src_parties|src_dates|src_cctv|src_continuity|court_claims_33,3518,,"SAFE_COURT | The defence asks the court to record outstanding continuity, lab and search/phone material. || SAFE_POSITION | Possession, knowledge, intent and continuity remain provisional pending served drug/source material. || HEARING | 18"
sha:7a2023133e81f33758fc6d12cd427c983bdf39a78740730610b23c39c3dd7aa3,PDF-7a2023133e81,CB-TB-025_Daniel_Kerr,7a2023133e81f33758fc6d12cd427c983bdf39a78740730610b23c39c3dd7aa3,OFFLINE_COURT_PROJECTION,,INVENT,invent_phone_download,invent_phone_download,,modality_screenshot_vs_download,,src_charge|src_hearing|src_mg_forms|src_parties|src_dates|court_claims_24,4966,,SAFE_COURT | The defence asks the court to record outstanding message/account source material and complainant statement gaps. || SAFE_POSITION | The defence position remains provisional pending served message/account material and instructio
sha:7a47657993e764822cbe77f04beee9d1dec8ca040f85f532b941a91b6a14fbbd,PDF-7a47657993e7,CB-TB-1568_Marsh,7a47657993e764822cbe77f04beee9d1dec8ca040f85f532b941a91b6a14fbbd,OFFLINE_COURT_PROJECTION,,MUTE,mute_phone_download,,mute_phone_download,,,src_charge|src_hearing|src_mg_forms|src_parties|src_cctv|src_cctv_stills|src_continuity|court_claims_33,7383,,"SAFE_COURT | The defence asks the court to record outstanding medical, video and sequence material. || SAFE_POSITION | Sequence, injury and causation remain provisional pending served witness, medical and video/source material. || HEARING |"
sha:7a4d2ab488e9427b7d082f58442da26d50b3be9a4b5aacdc509de1e61536fa35,PDF-7a4d2ab488e9,CB-TB-567_Ali,7a4d2ab488e9427b7d082f58442da26d50b3be9a4b5aacdc509de1e61536fa35,OFFLINE_COURT_PROJECTION,,MODALITY,modality_summary_vs_recording,,mute_cctv_master,modality_summary_vs_recording,,src_charge|src_hearing|src_mg_forms|src_parties|src_dates|src_cctv|src_continuity|court_claims_29,3279,,"SAFE_COURT | The defence asks the court to record outstanding continuity, lab and search/phone material. || SAFE_POSITION | Possession, knowledge, intent and continuity remain provisional pending served drug/source material. || HEARING | 22"
sha:7adcaef8277eea07d914f891b61d900b5f3f1b8ee263e8396513c4c9e9e7ef0f,PDF-7adcaef8277e,CB-TB-657_Bennett,7adcaef8277eea07d914f891b61d900b5f3f1b8ee263e8396513c4c9e9e7ef0f,OFFLINE_COURT_PROJECTION,,MUTE,mute_cctv_master,,mute_cctv_master,,,src_charge|src_hearing|src_mg_forms|src_parties|src_dates|src_cctv|court_claims_25,6465,,"SAFE_COURT | The defence asks the court to record outstanding device, calibration and procedure records. || SAFE_POSITION | Driver identity, procedure and device evidence remain provisional pending served source records. || HEARING | 07 Jul"
sha:7a9c9de7ddfe52e318f5cd5811c851c3b78e8b3d274d916821eac0c68b7ea988,PDF-7a9c9de7ddfe,CB-TB-831_Reed,7a9c9de7ddfe52e318f5cd5811c851c3b78e8b3d274d916821eac0c68b7ea988,OFFLINE_COURT_PROJECTION,,MUTE,mute_cctv_master,,mute_cctv_master,,,src_charge|src_hearing|src_mg_forms|src_parties|src_cctv|src_continuity|court_claims_28,3982,,SAFE_COURT | The defence asks the court to record that full BWV and continuity material should be served. || SAFE_POSITION | Sequence and force remain provisional pending served BWV and officer source material. || HEARING | 15 August 2026 a
sha:7b1ae74d5acc1a04cff5987d04a46c4a374bc24f136fb3e45a9904b3a1eedadb,PDF-7b1ae74d5acc,CB-TB-1826_Morris,7b1ae74d5acc1a04cff5987d04a46c4a374bc24f136fb3e45a9904b3a1eedadb,OFFLINE_COURT_PROJECTION,,MUTE,mute_phone_download,,mute_phone_download,,,src_charge|src_hearing|src_mg_forms|src_parties|court_claims_29,4770,,"SAFE_COURT | The defence asks the court to record outstanding device, calibration and procedure records. || SAFE_POSITION | Driver identity, procedure and device evidence remain provisional pending served source records. || HEARING | 20 Jun"
sha:7b9e69cd44ec82ff1cd5bb06646eca1dcc2d756f6d823f54125d5ad29e91e663,PDF-7b9e69cd44ec,CB-TB-757_Parker,7b9e69cd44ec82ff1cd5bb06646eca1dcc2d756f6d823f54125d5ad29e91e663,OFFLINE_COURT_PROJECTION,,MUTE,mute_export_log,,mute_export_log|mute_cctv_master,,,src_charge|src_hearing|src_mg_forms|src_parties|src_dates|src_cctv|court_claims_21,5184,,"SAFE_COURT | The defence asks the court to record outstanding device, calibration and procedure records. || SAFE_POSITION | Driver identity, procedure and device evidence remain provisional pending served source records. || HEARING | 07 Jul"
sha:7bba922dd3ea0432705aa7b90271b1b001a8050ec9f0ac6fb9765102135f64f3,PDF-7bba922dd3ea,CB-TB-028_Rehman,7bba922dd3ea0432705aa7b90271b1b001a8050ec9f0ac6fb9765102135f64f3,OFFLINE_COURT_PROJECTION,,INVENT,invent_phone_download,invent_phone_download,,,,src_charge|src_hearing|src_mg_forms|src_cctv|src_continuity|court_claims_36,7240,,SAFE_COURT | The defence asks the court to record that full BWV and continuity material should be served. || SAFE_POSITION | Sequence and force remain provisional pending served BWV and officer source material. || HEARING | 07 August 2026 a
sha:7bef225ecd707d9595c0a703412fc19e3d0f1fab117a5b53d8e19a4d38790840,PDF-7bef225ecd70,CB-TB-1771_Slater,7bef225ecd707d9595c0a703412fc19e3d0f1fab117a5b53d8e19a4d38790840,OFFLINE_COURT_PROJECTION,,MUTE,mute_phone_download,,mute_phone_download,,,src_charge|src_hearing|src_mg_forms|src_parties|src_cctv|src_continuity|court_claims_36,6518,,SAFE_COURT | The defence asks the court to record that full BWV and continuity material should be served. || SAFE_POSITION | Sequence and force remain provisional pending served BWV and officer source material. || HEARING | 19 August 2026 a
sha:7b73d6caf88604d8e7e5e2e0ea2dd13ddd3e9dde21a50c69b8d2f6e5878fd2b9,PDF-7b73d6caf886,CB-TB-445_Byrne,7b73d6caf88604d8e7e5e2e0ea2dd13ddd3e9dde21a50c69b8d2f6e5878fd2b9,OFFLINE_COURT_PROJECTION,,MODALITY,modality_screenshot_vs_download,,,modality_screenshot_vs_download,,src_charge|src_hearing|src_mg_forms|src_parties|src_cctv|src_continuity|court_claims_32,9728,,SAFE_COURT | The defence asks the court to record that full BWV and continuity material should be served. || SAFE_POSITION | Sequence and force remain provisional pending served BWV and officer source material. || HEARING | 1 July 2026 at 1
sha:7c0e46f69ad9e12915c64adaa3c2ab6c77d00d212ae528234af2851aba7951d3,PDF-7c0e46f69ad9,CB-TB-502_Marsh,7c0e46f69ad9e12915c64adaa3c2ab6c77d00d212ae528234af2851aba7951d3,OFFLINE_COURT_PROJECTION,,INVENT,invent_phone_download,invent_phone_download,,modality_summary_vs_recording,,src_charge|src_hearing|src_mg_forms|src_parties|src_dates|src_continuity|court_claims_36,4575,,"SAFE_COURT | The defence asks the court to record outstanding continuity, lab and search/phone material. || SAFE_POSITION | Possession, knowledge, intent and continuity remain provisional pending served drug/source material. || HEARING | 21"
sha:7c0482b064c447d59fdf93ea23a04183db384641dee97ca324c0b141375087aa,PDF-7c0482b064c4,CB-TB-802_Thornton,7c0482b064c447d59fdf93ea23a04183db384641dee97ca324c0b141375087aa,OFFLINE_COURT_PROJECTION,,MUTE,mute_cctv_master,,mute_cctv_master,,,src_charge|src_hearing|src_mg_forms|src_parties|src_dates|src_cctv|src_continuity|court_claims_32,5053,,SAFE_COURT | The defence asks the court to record that full BWV and continuity material should be served. || SAFE_POSITION | Sequence and force remain provisional pending served BWV and officer source material. || HEARING | 04 August 2026 a
sha:7c20b1986087c4248ac36de09f453b65e6502522dda37296e4db6a2ebdf04844,PDF-7c20b1986087,CB-TB-2187_Grant,7c20b1986087c4248ac36de09f453b65e6502522dda37296e4db6a2ebdf04844,OFFLINE_COURT_PROJECTION,,MUTE,mute_cad_999,,mute_cad_999,,,src_charge|src_hearing|src_mg_forms|src_parties|src_dates|src_cctv|src_continuity|court_claims_25,10283,,SAFE_COURT | The defence asks the court to record that full BWV and continuity material should be served. || SAFE_POSITION | Sequence and force remain provisional pending served BWV and officer source material. || HEARING | 8 August 2026 at
sha:7c61a692acd630b56dda2ed8d333c6d17725bb87d85ff21ef01d0aeb0ec955c8,PDF-7c61a692acd6,CB-TB-1721_Baxter,7c61a692acd630b56dda2ed8d333c6d17725bb87d85ff21ef01d0aeb0ec955c8,OFFLINE_COURT_PROJECTION,,INVENT,invent_phone_download,invent_phone_download,,,,src_charge|src_hearing|src_mg_forms|src_parties|src_cctv|src_continuity|court_claims_32,4458,,SAFE_COURT | The defence asks the court to record that the full extraction/source material remains outstanding. || SAFE_POSITION | Attribution remains provisional pending served device/source material and instructions. || HEARING | 19 Augus
sha:7c81c819827861b6c3b15aa8fe51b5fba5e6e08037eb888b8689849be445d8e5,PDF-7c81c8198278,CB-TB-1544_Walsh,7c81c819827861b6c3b15aa8fe51b5fba5e6e08037eb888b8689849be445d8e5,OFFLINE_COURT_PROJECTION,,MUTE,mute_cad_999,,mute_cad_999,,,src_charge|src_hearing|src_mg_forms|src_parties|src_cctv|src_cctv_stills|src_continuity|court_claims_29,9557,,"SAFE_COURT | The defence asks the court to record outstanding continuity, lab and search/phone material. || SAFE_POSITION | Possession, knowledge, intent and continuity remain provisional pending served drug/source material. || HEARING | 19"
sha:7da7a6b30b9f2d661c67fcaec7c048496f65b3c1be5aabe1d7888cf44ad98929,PDF-7da7a6b30b9f,CB-TB-1257_King,7da7a6b30b9f2d661c67fcaec7c048496f65b3c1be5aabe1d7888cf44ad98929,OFFLINE_COURT_PROJECTION,,MUTE,mute_phone_download,,mute_phone_download,,,src_charge|src_hearing|src_mg_forms|src_parties|src_dates|court_claims_28,3633,,SAFE_COURT | The defence asks the court to record that full BWV and continuity material should be served. || SAFE_POSITION | Sequence and force remain provisional pending served BWV and officer source material. || HEARING | 06/07/2026 14:00
sha:7d24c00eecab039999494ff1f99120c52cd304fbcd2cd6962e54318fe9a9397c,PDF-7d24c00eecab,CB-TB-1261_Brooks,7d24c00eecab039999494ff1f99120c52cd304fbcd2cd6962e54318fe9a9397c,OFFLINE_COURT_PROJECTION,,MUTE,mute_cad_999,,mute_cad_999,,,src_charge|src_hearing|src_mg_forms|src_parties|src_dates|src_cctv_stills|src_continuity|court_claims_33,3988,,SAFE_COURT | The defence asks the court to record that full custody and interview records remain outstanding. || SAFE_POSITION | Custody/PACE safeguards cannot be finally assessed until the full custody and interview material is served. || 
sha:7d8b03bb100a3a0b4627e05fe180545d996cac3f5e53437765fc1e8959ae6571,PDF-7d8b03bb100a,CB-TB-2109_Mitchell,7d8b03bb100a3a0b4627e05fe180545d996cac3f5e53437765fc1e8959ae6571,OFFLINE_COURT_PROJECTION,,MUTE,mute_cad_999,,mute_cad_999,,,src_charge|src_hearing|src_mg_forms|src_parties|src_dates|src_cctv|src_continuity|court_claims_25,5091,,SAFE_COURT | The file indicates no CCTV is available — confirm in writing that none exists; absence may shift weight onto witness account quality and consistency. || SAFE_POSITION | Identification and participation remain provisional pendin
sha:7cf30288f3d2b27b444140a0aa82d13daa398fab4b4ad6d90812c36eddf48440,PDF-7cf30288f3d2,CB-TB-1595_Iqbal,7cf30288f3d2b27b444140a0aa82d13daa398fab4b4ad6d90812c36eddf48440,OFFLINE_COURT_PROJECTION,,MUTE,mute_cad_999,,mute_cad_999,,,src_charge|src_hearing|src_mg_forms|src_parties|src_cctv|src_cctv_stills|court_claims_20,4308,,SAFE_COURT | The defence asks the court to record that full custody and interview records remain outstanding. || SAFE_POSITION | Custody/PACE safeguards cannot be finally assessed until the full custody and interview material is served. || 
sha:7db1d019380c1f5b121fb0828d6c60e38f5e5b1dcdebcb0e1c402c7a15425d9b,PDF-7db1d019380c,CB-TB-1935_Denton,7db1d019380c1f5b121fb0828d6c60e38f5e5b1dcdebcb0e1c402c7a15425d9b,OFFLINE_COURT_PROJECTION,,MUTE,mute_phone_download,,mute_phone_download,,,src_charge|src_hearing|src_mg_forms|src_parties|src_dates|src_cctv|court_claims_28,5576,,"SAFE_COURT | The defence asks the court to record outstanding device, calibration and procedure records. || SAFE_POSITION | Driver identity, procedure and device evidence remain provisional pending served source records. || HEARING | 01 Jul"
sha:7e3a59c678e50905d937cce950da5bf76d5daf21f99e4a73b7db4d40ae17bd41,PDF-7e3a59c678e5,CB-TB-446_Green,7e3a59c678e50905d937cce950da5bf76d5daf21f99e4a73b7db4d40ae17bd41,OFFLINE_COURT_PROJECTION,,MODALITY,modality_screenshot_vs_download,,,modality_screenshot_vs_download,,src_charge|src_hearing|src_mg_forms|src_parties|src_cctv|court_claims_29,5175,,"SAFE_COURT | Position remains provisional on the current papers — listed material families are not safely confirmed in the bundle yet. || SAFE_POSITION | Account control, dishonesty and loss remain provisional pending served bank/device sou"
sha:7db94093912768d2de3f18730bdec8702cede51fa7535de2c9047d9bd0ba40ee,PDF-7db940939127,CB-TB-2007_Sutton,7db94093912768d2de3f18730bdec8702cede51fa7535de2c9047d9bd0ba40ee,OFFLINE_COURT_PROJECTION,,MUTE,mute_cad_999,,mute_cad_999,,,src_charge|src_hearing|src_mg_forms|src_parties|src_dates|src_cctv|src_continuity|court_claims_29,6739,,SAFE_COURT | The defence asks the court to record that full BWV and continuity material should be served. || SAFE_POSITION | Sequence and force remain provisional pending served BWV and officer source material. || HEARING | 19 June 2026 at 
sha:7e8b72bfd96342c655422b1936496dae700e5ac972290573859843042c6448ad,PDF-7e8b72bfd963,CB-TB-531_Marsh,7e8b72bfd96342c655422b1936496dae700e5ac972290573859843042c6448ad,OFFLINE_COURT_PROJECTION,,MODALITY,modality_summary_vs_recording,,mute_phone_download,modality_summary_vs_recording,,src_charge|src_hearing|src_mg_forms|src_parties|src_dates|src_continuity|court_claims_33,4179,,"SAFE_COURT | Position remains provisional on the current papers — listed material families are not safely confirmed in the bundle yet. || SAFE_POSITION | Sequence, injury and causation remain provisional pending served witness, medical and "
sha:7e77991436b29781cea27327a47427e75fdfc939b2ab60c3ded939c488694dcd,PDF-7e77991436b2,CB-TB-613_Morgan,7e77991436b29781cea27327a47427e75fdfc939b2ab60c3ded939c488694dcd,OFFLINE_COURT_PROJECTION,,MUTE,mute_cctv_master,,mute_cctv_master,,,src_charge|src_hearing|src_mg_forms|src_parties|src_dates|src_cctv|src_continuity|court_claims_32,8971,,SAFE_COURT | The defence asks the court to record that full BWV and continuity material should be served. || SAFE_POSITION | Sequence and force remain provisional pending served BWV and officer source material. || HEARING | 25 July 2026 at 
sha:7e493f20fa8e465d92262fd13c1569e29ebec8f075f475e1428ac0bf439b66f1,PDF-7e493f20fa8e,CB-TB-1611_Doyle,7e493f20fa8e465d92262fd13c1569e29ebec8f075f475e1428ac0bf439b66f1,OFFLINE_COURT_PROJECTION,,MUTE,mute_cad_999,,mute_cad_999,,,src_charge|src_hearing|src_mg_forms|src_parties|src_dates|src_cctv|src_continuity|court_claims_29,12565,,SAFE_COURT | The defence asks the court to record that full BWV and continuity material should be served. || SAFE_POSITION | Sequence and force remain provisional pending served BWV and officer source material. || HEARING | 21 June 2026 at 
sha:7eb1127fc347d5a4a8e58d4c38c01a9842b949e63f7ea079508eb6024746232d,PDF-7eb1127fc347,CB-TB-759_Wright,7eb1127fc347d5a4a8e58d4c38c01a9842b949e63f7ea079508eb6024746232d,OFFLINE_COURT_PROJECTION,,MUTE,mute_cctv_master,,mute_cctv_master,,,src_charge|src_hearing|src_mg_forms|src_parties|src_dates|src_cctv|court_claims_21,5291,,"SAFE_COURT | The defence asks the court to record outstanding device, calibration and procedure records. || SAFE_POSITION | Driver identity, procedure and device evidence remain provisional pending served source records. || HEARING | 13 Jul"
sha:7eeed97cdea76c1a0f997d3effbb6c746e6b5274ab21943ff22d25dc39c63452,PDF-7eeed97cdea7,CB-TB-1215_Mitchell,7eeed97cdea76c1a0f997d3effbb6c746e6b5274ab21943ff22d25dc39c63452,OFFLINE_COURT_PROJECTION,,INVENT,invent_phone_download,invent_phone_download,,modality_screenshot_vs_download,,src_charge|src_hearing|src_mg_forms|src_parties|src_dates|src_cctv|src_cctv_stills|src_continuity|court_claims_29,4101,,"SAFE_COURT | The defence asks the court to record outstanding continuity, lab and search/phone material. || SAFE_POSITION | Possession, knowledge, intent and continuity remain provisional pending served drug/source material. || HEARING | 30"
sha:7efe31c5868606a1656107577dc77d22c77de6438a9c1231050d2b9e10a5084b,PDF-7efe31c58686,CB-TB-1055_Nolan,7efe31c5868606a1656107577dc77d22c77de6438a9c1231050d2b9e10a5084b,OFFLINE_COURT_PROJECTION,,MUTE,mute_cad_999,,mute_cad_999,,,src_charge|src_hearing|src_mg_forms|src_parties|src_dates|src_cctv|src_cctv_stills|src_continuity|court_claims_36,6593,,SAFE_COURT | The defence asks the court to record that full BWV and continuity material should be served. || SAFE_POSITION | Sequence and force remain provisional pending served BWV and officer source material. || HEARING | 15 July 2026 at 
sha:7fb35c37b423e2aedf4a63fd8a8b962aab965aa30e296ab584cef2ae9760aaea,PDF-7fb35c37b423,CB-TB-336_Patel,7fb35c37b423e2aedf4a63fd8a8b962aab965aa30e296ab584cef2ae9760aaea,OFFLINE_COURT_PROJECTION,,MUTE,mute_phone_download,,mute_phone_download,,,src_charge|src_hearing|src_mg_forms|src_parties|src_dates|src_continuity|court_claims_29,5556,,SAFE_COURT | The defence asks the court to record outstanding message/account source material and complainant statement gaps. || SAFE_POSITION | The defence position remains provisional pending served message/account material and instructio
sha:7faeee59699199ba0febb7b3e24dd0f9c6bf3cbfb4ea3d75cd98d681c75d11d8,PDF-7faeee596991,CB-TB-532_Clarke,7faeee59699199ba0febb7b3e24dd0f9c6bf3cbfb4ea3d75cd98d681c75d11d8,OFFLINE_COURT_PROJECTION,,MODALITY,modality_summary_vs_recording,,,modality_summary_vs_recording,,src_charge|src_hearing|src_mg_forms|src_parties|src_dates|src_continuity|court_claims_33,5521,,SAFE_COURT | The defence asks the court to record that source material must be clarified and timetabled. || SAFE_POSITION | The defence cannot safely fix a final position until the served source material is clarified. || HEARING | 28 July 2
sha:807ea856c3c489468855812e22d838efa9c6d43e58b4c4fb774fa88bfec77035,PDF-807ea856c3c4,CB-TB-1068_Hayes,807ea856c3c489468855812e22d838efa9c6d43e58b4c4fb774fa88bfec77035,OFFLINE_COURT_PROJECTION,,MUTE,mute_cad_999,,mute_cad_999,,,src_charge|src_hearing|src_mg_forms|src_parties|src_dates|src_continuity|court_claims_28,2513,,SAFE_COURT | The defence asks the court to record that full BWV and continuity material should be served. || SAFE_POSITION | Sequence and force remain provisional pending served BWV and officer source material. || HEARING | 20 July 2026 at 
sha:8097bb58682edda525039a71f6d3a532f727e21076da1e33ea0226763ad5acf3,PDF-8097bb58682e,CB-TB-747_Foster,8097bb58682edda525039a71f6d3a532f727e21076da1e33ea0226763ad5acf3,OFFLINE_COURT_PROJECTION,,MUTE,mute_cctv_master,,mute_cctv_master,,,src_charge|src_hearing|src_mg_forms|src_parties|src_dates|src_cctv|src_cctv_stills|court_claims_25,8526,,"SAFE_COURT | The defence asks the court to record outstanding bank/device source and loss material. || SAFE_POSITION | Account control, dishonesty and loss remain provisional pending served bank/device source material. || HEARING | 21 Augus"
sha:8121b33b1b5bc15dab7483cf6a5805b0bb3e7f4a74b744b9e775c802ac2ce567,PDF-8121b33b1b5b,CB-TB-705_Okonkwo,8121b33b1b5bc15dab7483cf6a5805b0bb3e7f4a74b744b9e775c802ac2ce567,OFFLINE_COURT_PROJECTION,,MUTE,mute_cctv_master,,mute_cctv_master,,,src_charge|src_hearing|src_mg_forms|src_parties|src_dates|src_cctv|src_continuity|court_claims_28,7785,,SAFE_COURT | The defence asks the court to record that full BWV and continuity material should be served. || SAFE_POSITION | Sequence and force remain provisional pending served BWV and officer source material. || HEARING | 01 July 2026 at 
sha:81115ceb347a7a13a7e2b8366d2a0f83a043e64d484bed0b1fd3afbf38864df3,PDF-81115ceb347a,CB-TB-731_Ross,81115ceb347a7a13a7e2b8366d2a0f83a043e64d484bed0b1fd3afbf38864df3,OFFLINE_COURT_PROJECTION,,MUTE,mute_cctv_master,,mute_cctv_master,,,src_charge|src_hearing|src_mg_forms|src_parties|src_dates|src_cctv|src_cctv_stills|src_continuity|court_claims_29,8210,,"SAFE_COURT | The defence asks the court to record outstanding continuity, lab and search/phone material. || SAFE_POSITION | Possession, knowledge, intent and continuity remain provisional pending served drug/source material. || HEARING | 04"
sha:81d1f21a8f7e9d011a81dc2d952f5bb7cbcbcdf942297ec37b99a763b88cb871,PDF-81d1f21a8f7e,CB-TB-1628_Thornton,81d1f21a8f7e9d011a81dc2d952f5bb7cbcbcdf942297ec37b99a763b88cb871,OFFLINE_COURT_PROJECTION,,INVENT,invent_phone_download,invent_phone_download,,modality_screenshot_vs_download,,src_charge|src_hearing|src_mg_forms|src_parties|src_dates|src_cctv|src_continuity|court_claims_25,5471,,"SAFE_COURT | The defence asks the court to record outstanding continuity, lab and search/phone material. || SAFE_POSITION | Possession, knowledge, intent and continuity remain provisional pending served drug/source material. || HEARING | 11"
sha:81bd9267c1761bcce875275a99da6ef70f2132b968a3eec43aa838de85ff90a6,PDF-81bd9267c176,CB-TB-901_Wright,81bd9267c1761bcce875275a99da6ef70f2132b968a3eec43aa838de85ff90a6,OFFLINE_COURT_PROJECTION,,MUTE,mute_phone_download,,mute_phone_download,,,src_charge|src_hearing|src_mg_forms|src_parties|src_cctv|court_claims_21,4100,,"SAFE_COURT | The defence asks the court to record outstanding CCTV, ID procedure and witness source material. || SAFE_POSITION | Identification and participation remain provisional pending served CCTV, ID and witness source material. || HEA"
sha:82787eb61194c5bd54e2a55c73cc171dffbf8635d554cab0f660655feb3fb84c,PDF-82787eb61194,CB-TB-716_Harper,82787eb61194c5bd54e2a55c73cc171dffbf8635d554cab0f660655feb3fb84c,OFFLINE_COURT_PROJECTION,,MUTE,mute_cctv_master,,mute_cctv_master,,,src_charge|src_hearing|src_mg_forms|src_parties|src_dates|src_cctv|court_claims_28,7832,,SAFE_COURT | The defence asks the court to record that full BWV and continuity material should be served. || SAFE_POSITION | Sequence and force remain provisional pending served BWV and officer source material. || HEARING | 03 August 2026 a
sha:82717dc6dda511a2ec096c0abbfa31b2c699fb1f8a5c25f6256b35175844e7ef,PDF-82717dc6dda5,CB-TB-158_Sharp,82717dc6dda511a2ec096c0abbfa31b2c699fb1f8a5c25f6256b35175844e7ef,OFFLINE_COURT_PROJECTION,,MUTE,mute_phone_download,,mute_phone_download,,,src_charge|src_hearing|src_mg_forms|src_parties|src_cctv|src_continuity|court_claims_38,10958,,SAFE_COURT | The defence asks the court to record that full BWV and continuity material should be served. || SAFE_POSITION | Sequence and force remain provisional pending served BWV and officer source material. || HEARING | 16 July 2026 at 
sha:826f8ce46551f1e7b9c9c23ac5600c535e92e7693c30e428d31272ceacabbeba,PDF-826f8ce46551,CB-TB-951_Morgan,826f8ce46551f1e7b9c9c23ac5600c535e92e7693c30e428d31272ceacabbeba,OFFLINE_COURT_PROJECTION,,MUTE,mute_cad_999,,mute_cad_999,,,src_charge|src_mg_forms|src_parties|src_cctv|court_claims_25,9805,,"SAFE_COURT | The defence asks the court to record outstanding device, calibration and procedure records. || SAFE_POSITION | Driver identity, procedure and device evidence remain provisional pending served source records. || HEARING | 10/07/"
sha:82e20c83bf1917f3f207a5cf669d1096560042dc5b621b4d7c50f25d9e194d46,PDF-82e20c83bf19,CB-TB-1090_Richards,82e20c83bf1917f3f207a5cf669d1096560042dc5b621b4d7c50f25d9e194d46,OFFLINE_COURT_PROJECTION,,MUTE,mute_phone_download,,mute_phone_download|mute_cad_999,,,src_charge|src_hearing|src_mg_forms|src_parties|src_dates|src_cctv|src_continuity|court_claims_28,4999,,SAFE_COURT | The defence asks the court to record that full BWV and continuity material should be served. || SAFE_POSITION | Sequence and force remain provisional pending served BWV and officer source material. || HEARING | 17 June 2026 at 
sha:82daa9fa2434a0e65f575106a08e7d516391b83bc41d3a322aa1f556a62fe578,PDF-82daa9fa2434,CB-TB-410_Brennan,82daa9fa2434a0e65f575106a08e7d516391b83bc41d3a322aa1f556a62fe578,OFFLINE_COURT_PROJECTION,,MUTE,mute_phone_download,,mute_phone_download,,,src_charge|src_hearing|src_mg_forms|src_parties|src_cctv|src_continuity|court_claims_28,4836,,SAFE_COURT | The defence asks the court to record that full BWV and continuity material should be served. || SAFE_POSITION | Sequence and force remain provisional pending served BWV and officer source material. || HEARING | 3 July 2026 at 1
sha:83ae1673c72c7112a452d1d014b869010997879e106241f2f0d6a066817bb94a,PDF-83ae1673c72c,CB-TB-1964_Hayes,83ae1673c72c7112a452d1d014b869010997879e106241f2f0d6a066817bb94a,OFFLINE_COURT_PROJECTION,,MUTE,mute_cctv_master,,mute_cctv_master|mute_phone_download,,,src_charge|src_hearing|src_mg_forms|src_parties|src_dates|src_cctv|src_continuity|court_claims_33,13683,,SAFE_COURT | The defence asks the court to record that full BWV and continuity material should be served. || SAFE_POSITION | Sequence and force remain provisional pending served BWV and officer source material. || HEARING | 30 July 2026 10:
sha:83bf4b8ce0be8e52b2813e2bf3b657ae495aaeef9736970969b4f05c2f833b24,PDF-83bf4b8ce0be,CB-TB-1259_Okonkwo,83bf4b8ce0be8e52b2813e2bf3b657ae495aaeef9736970969b4f05c2f833b24,OFFLINE_COURT_PROJECTION,,MUTE,mute_phone_download,,mute_phone_download,,,src_charge|src_hearing|src_mg_forms|src_parties|src_dates|src_cctv|src_cctv_stills|src_continuity|court_claims_36,4110,,SAFE_COURT | The defence asks the court to record that full BWV and continuity material should be served. || SAFE_POSITION | Sequence and force remain provisional pending served BWV and officer source material. || HEARING | 12/07/2026 09:30
sha:83f109cb2264e9f3a9ba4a84dbd1419bd246649efeae323bf81e9286a933a841,PDF-83f109cb2264,CB-TB-1274_Greene,83f109cb2264e9f3a9ba4a84dbd1419bd246649efeae323bf81e9286a933a841,OFFLINE_COURT_PROJECTION,,MUTE,mute_phone_download,,mute_phone_download,,,src_charge|src_hearing|src_mg_forms|src_id_procedure|src_parties|src_dates|src_cctv|src_cctv_stills|src_continuity|court_claims_29,6664,,SAFE_COURT | The defence asks the court to record that full custody and interview records remain outstanding. || SAFE_POSITION | Custody/PACE safeguards cannot be finally assessed until the full custody and interview material is served. || 
sha:83f98674d013e06cbe4d4e875260e1a08668322e69b66f84b4f77e027a460720,PDF-83f98674d013,CB-TB-1021_Coates,83f98674d013e06cbe4d4e875260e1a08668322e69b66f84b4f77e027a460720,OFFLINE_COURT_PROJECTION,,MUTE,mute_cad_999,,mute_cad_999,,,src_charge|src_hearing|src_mg_forms|src_parties|src_dates|src_cctv|src_continuity|court_claims_33,6734,,"SAFE_COURT | The defence asks the court to record outstanding CCTV, ID procedure and witness source material. || SAFE_POSITION | Identification and participation remain provisional pending served CCTV, ID and witness source material. || HEA"
sha:84502f33d18c30d5ff8a58dedc618e7acdff0e334a32ad3545c3efcf90236ece,PDF-84502f33d18c,CB-TB-1201_Blake,84502f33d18c30d5ff8a58dedc618e7acdff0e334a32ad3545c3efcf90236ece,OFFLINE_COURT_PROJECTION,,MUTE,mute_phone_download,,mute_phone_download,,,src_charge|src_hearing|src_mg_forms|src_parties|src_dates|src_cctv|src_continuity|court_claims_29,3245,,"SAFE_COURT | The defence asks the court to record outstanding CCTV, ID procedure and witness source material. || SAFE_POSITION | Identification and participation remain provisional pending served CCTV, ID and witness source material. || HEA"
sha:840868f084fd79a99600c026db54ea7a79aef41e2636f8abc39fefc2844fe09b,PDF-840868f084fd,CB-TB-072_Pike,840868f084fd79a99600c026db54ea7a79aef41e2636f8abc39fefc2844fe09b,OFFLINE_COURT_PROJECTION,,MUTE,mute_cctv_master,,mute_cctv_master,,,src_charge|src_hearing|src_mg_forms|src_parties|src_cctv|src_continuity|court_claims_28,5400,,SAFE_COURT | The defence asks the court to record that full BWV and continuity material should be served. || SAFE_POSITION | Sequence and force remain provisional pending served BWV and officer source material. || HEARING | 21 August 2026 a
sha:8491a020e23d1a7488de4dd396476d901ade59ecd625db02803e9bfa4b41894a,PDF-8491a020e23d,CB-TB-2176_Hale,8491a020e23d1a7488de4dd396476d901ade59ecd625db02803e9bfa4b41894a,OFFLINE_COURT_PROJECTION,,MUTE,mute_cad_999,,mute_cad_999,,,src_charge|src_hearing|src_mg_forms|src_parties|src_dates|src_cctv|src_continuity|court_claims_29,8234,,SAFE_COURT | The defence asks the court to record that full BWV and continuity material should be served. || SAFE_POSITION | Sequence and force remain provisional pending served BWV and officer source material. || HEARING | 6 July 2026 at 1
sha:86faa18c224b9fd2f65e4ee27b1112740106ea23e0e8267bacaaafc6fd45eb74,PDF-86faa18c224b,CB-TB-1969_Stone,86faa18c224b9fd2f65e4ee27b1112740106ea23e0e8267bacaaafc6fd45eb74,OFFLINE_COURT_PROJECTION,,MUTE,mute_phone_download,,mute_phone_download,,,src_charge|src_hearing|src_mg_forms|src_parties|src_dates|src_cctv|src_continuity|court_claims_29,5055,,SAFE_COURT | The defence asks the court to record that full BWV and continuity material should be served. || SAFE_POSITION | Sequence and force remain provisional pending served BWV and officer source material. || HEARING | 25 September 202
sha:864bf8f3dd7c1e04ad04aa306999f298470daf93daafd535028ae149dfc06b46,PDF-864bf8f3dd7c,CB-TB-1025_Merritt,864bf8f3dd7c1e04ad04aa306999f298470daf93daafd535028ae149dfc06b46,OFFLINE_COURT_PROJECTION,,MUTE,mute_phone_download,,mute_phone_download|mute_cad_999,,,src_charge|src_hearing|src_mg_forms|src_parties|src_dates|src_cctv|court_claims_32,5818,,SAFE_COURT | The defence asks the court to record that full custody and interview records remain outstanding. || SAFE_POSITION | Custody/PACE safeguards cannot be finally assessed until the full custody and interview material is served. || 
sha:8627c8afbc21c744d94fe6daa90529a49ca1d46c4dc60a32763b8cb032ec3e50,PDF-8627c8afbc21,CB-TB-686_Flint,8627c8afbc21c744d94fe6daa90529a49ca1d46c4dc60a32763b8cb032ec3e50,OFFLINE_COURT_PROJECTION,,MUTE,mute_cctv_master,,mute_cctv_master,,,src_charge|src_hearing|src_mg_forms|src_parties|src_dates|src_cctv|src_cctv_stills|src_continuity|court_claims_29,9505,,"SAFE_COURT | The defence asks the court to record outstanding CCTV, ID procedure and witness source material. || SAFE_POSITION | Identification and participation remain provisional pending served CCTV, ID and witness source material. || HEA"
sha:873d6c9c536923a7c9c7b96b5a676da633398a91d951572dfde209bee4f1ac7b,PDF-873d6c9c5369,CB-TB-1563_Hayes,873d6c9c536923a7c9c7b96b5a676da633398a91d951572dfde209bee4f1ac7b,OFFLINE_COURT_PROJECTION,,INVENT,invent_phone_download,invent_phone_download,,,,src_charge|src_hearing|src_mg_forms|src_parties|src_cctv|src_cctv_stills|src_continuity|court_claims_32,3654,,SAFE_COURT | The defence asks the court to record that the full extraction/source material remains outstanding. || SAFE_POSITION | Attribution remains provisional pending served device/source material and instructions. || HEARING | 24 June 
sha:873176ea117b42b034cf98c9f6d2933433883438368945a50d6b196d30f90776,PDF-873176ea117b,CB-TB-269_Bishop,873176ea117b42b034cf98c9f6d2933433883438368945a50d6b196d30f90776,OFFLINE_COURT_PROJECTION,,MUTE,mute_phone_download,,mute_phone_download,,,src_charge|src_hearing|src_mg_forms|src_parties|src_dates|src_continuity|court_claims_25,13208,,"SAFE_COURT | The defence asks the court to record outstanding continuity, lab and search/phone material. || SAFE_POSITION | Possession, knowledge, intent and continuity remain provisional pending served drug/source material. || HEARING | 06"
sha:870ea13d5089ad2472856aa8cada2fe0ff545f0d75a733e8761a8db36f2d466d,PDF-870ea13d5089,CB-TB-1574_Holden,870ea13d5089ad2472856aa8cada2fe0ff545f0d75a733e8761a8db36f2d466d,OFFLINE_COURT_PROJECTION,,MUTE,mute_cad_999,,mute_cad_999,,,src_charge|src_hearing|src_mg_forms|src_parties|src_cctv|src_cctv_stills|court_claims_29,12233,,"SAFE_COURT | The defence asks the court to record outstanding continuity, lab and search/phone material. || SAFE_POSITION | Possession, knowledge, intent and continuity remain provisional pending served drug/source material. || HEARING | 21"
sha:8777bc50b27ca41fe5a52dcfc6cc25b5ff002f9b43f5e5d088d2791371d143d7,PDF-8777bc50b27c,CB-TB-474_Rees,8777bc50b27ca41fe5a52dcfc6cc25b5ff002f9b43f5e5d088d2791371d143d7,OFFLINE_COURT_PROJECTION,,MODALITY,modality_screenshot_vs_download,,mute_cad_999,modality_screenshot_vs_download,,src_charge|src_hearing|src_mg_forms|src_parties|src_cctv|court_claims_29,4539,,SAFE_COURT | The defence asks the court to record outstanding message/account source material and complainant statement gaps. || SAFE_POSITION | The defence position remains provisional pending served message/account material and instructio
sha:87909a5d2e021a9c4bf1a4c4cea3fa194b9c20f850094a3ebc4c103690153c28,PDF-87909a5d2e02,CB-TB-462_Nolan,87909a5d2e021a9c4bf1a4c4cea3fa194b9c20f850094a3ebc4c103690153c28,OFFLINE_COURT_PROJECTION,,MODALITY,modality_screenshot_vs_download,,,modality_screenshot_vs_download,,src_charge|src_hearing|src_mg_forms|src_parties|src_cctv|src_continuity|court_claims_29,4869,,SAFE_COURT | The defence asks the court to record outstanding message/account source material and complainant statement gaps. || SAFE_POSITION | The defence position remains provisional pending served message/account material and instructio
sha:87a423af6f6ba022480ffeafedaabaeba92bc23d40691604d7ec57bea2a2dfa7,PDF-87a423af6f6b,CB-TB-689_Thornton,87a423af6f6ba022480ffeafedaabaeba92bc23d40691604d7ec57bea2a2dfa7,OFFLINE_COURT_PROJECTION,,MUTE,mute_export_log,,mute_export_log|mute_cctv_master,,,src_charge|src_hearing|src_mg_forms|src_parties|src_dates|src_cctv|src_cctv_stills|src_continuity|court_claims_25,8972,,"SAFE_COURT | The defence asks the court to record outstanding CCTV, ID procedure and witness source material. || SAFE_POSITION | Identification and participation remain provisional pending served CCTV, ID and witness source material. || HEA"
sha:87622bd4b250d11e92597f6da0431562f9a16eac9484984d043fdb791b89bfb3,PDF-87622bd4b250,CB-TB-682_Morgan,87622bd4b250d11e92597f6da0431562f9a16eac9484984d043fdb791b89bfb3,OFFLINE_COURT_PROJECTION,,MUTE,mute_cctv_master,,mute_cctv_master,,,src_charge|src_hearing|src_mg_forms|src_parties|src_dates|src_cctv|src_cctv_stills|src_continuity|court_claims_25,10455,,"SAFE_COURT | The defence asks the court to record outstanding CCTV, ID procedure and witness source material. || SAFE_POSITION | Identification and participation remain provisional pending served CCTV, ID and witness source material. || HEA"
sha:875cda73820193ffa79552abf8d9fc2e9bf5e75ffe577c1c93080efb66783ec2,PDF-875cda738201,CB-TB-1987_Marsh,875cda73820193ffa79552abf8d9fc2e9bf5e75ffe577c1c93080efb66783ec2,OFFLINE_COURT_PROJECTION,,MUTE,mute_phone_download,,mute_phone_download,,,src_charge|src_hearing|src_mg_forms|src_parties|src_dates|src_cctv|src_continuity|court_claims_40,9691,,SAFE_COURT | The defence asks the court to record that full BWV and continuity material should be served. || SAFE_POSITION | Sequence and force remain provisional pending served BWV and officer source material. || HEARING | 10 July 2026 10:
sha:87a67160f46847403c3e2235165dfd3859f15f79db1c406852e7a5233743b9fd,PDF-87a67160f468,CB-TB-584_Coleman,87a67160f46847403c3e2235165dfd3859f15f79db1c406852e7a5233743b9fd,OFFLINE_COURT_PROJECTION,,MODALITY,modality_summary_vs_recording,,,modality_summary_vs_recording,,src_charge|src_hearing|src_mg_forms|src_parties|src_dates|src_continuity|court_claims_33,4408,,"SAFE_COURT | Position remains provisional on the current papers — listed material families are not safely confirmed in the bundle yet. || SAFE_POSITION | Sequence, injury and causation remain provisional pending served witness, medical and "
sha:87c8edfaa64b0288fc79b431dbaa5c089d2d2ed229658a56fbe5b608b295af2f,PDF-87c8edfaa64b,CB-TB-1932_Blythe,87c8edfaa64b0288fc79b431dbaa5c089d2d2ed229658a56fbe5b608b295af2f,OFFLINE_COURT_PROJECTION,,MUTE,mute_phone_download,,mute_phone_download,,,src_charge|src_hearing|src_mg_forms|src_parties|src_dates|src_cctv|src_continuity|court_claims_33,6966,,"SAFE_COURT | The defence asks the court to record outstanding bank/device source and loss material. || SAFE_POSITION | Account control, dishonesty and loss remain provisional pending served bank/device source material. || HEARING | 21 June "
sha:884c387e464fe09aa19ef58b4ae34f50834be34ee96f8ad62a93e3c5850e660c,PDF-884c387e464f,CB-TB-1220_Vale,884c387e464fe09aa19ef58b4ae34f50834be34ee96f8ad62a93e3c5850e660c,OFFLINE_COURT_PROJECTION,,MUTE,mute_phone_download,,mute_phone_download|mute_cad_999,,,src_charge|src_hearing|src_mg_forms|src_parties|src_dates|src_cctv|src_cctv_stills|src_continuity|court_claims_29,6934,,"SAFE_COURT | The defence asks the court to record outstanding device, calibration and procedure records. || SAFE_POSITION | Driver identity, procedure and device evidence remain provisional pending served source records. || HEARING | 14/08/"
sha:880c210d92f2a61a79c0c2019339ca056fce0471b06e92e27f419bbc1c027448,PDF-880c210d92f2,CB-TB-197_Cole,880c210d92f2a61a79c0c2019339ca056fce0471b06e92e27f419bbc1c027448,OFFLINE_COURT_PROJECTION,,MUTE,mute_cad_999,,mute_cad_999,,,src_charge|src_hearing|src_mg_forms|src_parties|src_cctv|src_continuity|court_claims_28,7989,,SAFE_COURT | The defence asks the court to record that full custody and interview records remain outstanding. || SAFE_POSITION | Custody/PACE safeguards cannot be finally assessed until the full custody and interview material is served. || 
sha:88ec7fa640f704800f0d59b1b9caecca023e8b32a28b5419e74739a2716c67ad,PDF-88ec7fa640f7,CB-TB-934_Doyle,88ec7fa640f704800f0d59b1b9caecca023e8b32a28b5419e74739a2716c67ad,OFFLINE_COURT_PROJECTION,,MUTE,mute_cctv_master,,mute_cctv_master|mute_phone_download,,,src_charge|src_hearing|src_mg_forms|src_parties|src_cctv|court_claims_25,4763,,SAFE_COURT | The defence asks the court to record that full BWV and continuity material should be served. || SAFE_POSITION | Sequence and force remain provisional pending served BWV and officer source material. || HEARING | 20/08/2026 11:30
sha:89763fce74928e5b670979394353300b3a636a09a746820003b908701a980dda,PDF-89763fce7492,CB-TB-1662_Mitchell,89763fce74928e5b670979394353300b3a636a09a746820003b908701a980dda,OFFLINE_COURT_PROJECTION,,MUTE,mute_cad_999,,mute_cad_999,,,src_charge|src_hearing|src_mg_forms|src_parties|src_dates|src_cctv|court_claims_21,2942,,SAFE_COURT | The defence asks the court to record that full BWV and continuity material should be served. || SAFE_POSITION | Sequence and force remain provisional pending served BWV and officer source material. || HEARING | 4 July 2026 at 1
sha:898c5de52d5544117cbfb4a5ab9d86f11cb547a9f5ee6305c00d9aa8dc601972,PDF-898c5de52d55,CB-TB-1686_Barlow,898c5de52d5544117cbfb4a5ab9d86f11cb547a9f5ee6305c00d9aa8dc601972,OFFLINE_COURT_PROJECTION,,MUTE,mute_cad_999,,mute_cad_999,,,src_charge|src_hearing|src_mg_forms|src_parties|src_dates|src_cctv|court_claims_21,3356,,SAFE_COURT | The defence asks the court to record that full BWV and continuity material should be served. || SAFE_POSITION | Sequence and force remain provisional pending served BWV and officer source material. || HEARING | 6 July 2026 at 1
sha:89991d3b875c900b17f559322bbcabaafd91210a51ecb1854cf08327258c90db,PDF-89991d3b875c,CB-TB-593_Flint,89991d3b875c900b17f559322bbcabaafd91210a51ecb1854cf08327258c90db,OFFLINE_COURT_PROJECTION,,MODALITY,modality_summary_vs_recording,,,modality_summary_vs_recording,,src_charge|src_hearing|src_mg_forms|src_parties|src_dates|src_continuity|court_claims_33,3306,,SAFE_COURT | The defence asks the court to record that source material must be clarified and timetabled. || SAFE_POSITION | The defence cannot safely fix a final position until the served source material is clarified. || HEARING | 26 June 2
sha:8a56c7f16dee804b16d1e38d14cb64e4abb4458a9f75638f4d46d2c850a5d485,PDF-8a56c7f16dee,CB-TB-494_Carter,8a56c7f16dee804b16d1e38d14cb64e4abb4458a9f75638f4d46d2c850a5d485,OFFLINE_COURT_PROJECTION,,MUTE,mute_phone_download,,mute_phone_download,,,src_charge|src_hearing|src_mg_forms|src_parties|src_cctv|src_continuity|court_claims_32,3533,,SAFE_COURT | The defence asks the court to record that full BWV and continuity material should be served. || SAFE_POSITION | Sequence and force remain provisional pending served BWV and officer source material. || HEARING | 27 July 2026 at 
sha:8a0a2dc43c4a2a15b11732a88945e28b53a0891ceb11b713ad22077d4931ee0d,PDF-8a0a2dc43c4a,CB-TB-179_Hughes,8a0a2dc43c4a2a15b11732a88945e28b53a0891ceb11b713ad22077d4931ee0d,OFFLINE_COURT_PROJECTION,,MUTE,mute_cad_999,,mute_cad_999,,,src_charge|src_hearing|src_mg_forms|src_parties|src_cctv|src_continuity|court_claims_28,8110,,SAFE_COURT | The defence asks the court to record that full custody and interview records remain outstanding. || SAFE_POSITION | Custody/PACE safeguards cannot be finally assessed until the full custody and interview material is served. || 
sha:8ab7ae0ff238ce301a012d864668e9bbe4f330ec01f558490a2c82ff4e958012,PDF-8ab7ae0ff238,CB-TB-1263_Reed,8ab7ae0ff238ce301a012d864668e9bbe4f330ec01f558490a2c82ff4e958012,OFFLINE_COURT_PROJECTION,,INVENT,invent_phone_download,invent_phone_download,,modality_screenshot_vs_download,,src_charge|src_hearing|src_mg_forms|src_parties|src_dates|src_cctv|src_cctv_stills|src_continuity|court_claims_29,4000,,"SAFE_COURT | The defence asks the court to record outstanding continuity, lab and search/phone material. || SAFE_POSITION | Possession, knowledge, intent and continuity remain provisional pending served drug/source material. || HEARING | 24"
sha:8a95377ad690726f10833d9477e0f30516be098854b63c105501ec34eb182106,PDF-8a95377ad690,CB-TB-789_Reed,8a95377ad690726f10833d9477e0f30516be098854b63c105501ec34eb182106,OFFLINE_COURT_PROJECTION,,MUTE,mute_export_log,,mute_export_log|mute_cctv_master,,,src_charge|src_hearing|src_mg_forms|src_parties|src_dates|src_cctv|src_cctv_stills|src_continuity|court_claims_25,6444,,"SAFE_COURT | The defence asks the court to record outstanding CCTV, ID procedure and witness source material. || SAFE_POSITION | Identification and participation remain provisional pending served CCTV, ID and witness source material. || HEA"
sha:8ac9c75cd9e7cee5321e733d80785c62100f88f68d99aad177f8dd684e812bfa,PDF-8ac9c75cd9e7,CB-TB-581_Wright,8ac9c75cd9e7cee5321e733d80785c62100f88f68d99aad177f8dd684e812bfa,OFFLINE_COURT_PROJECTION,,MODALITY,modality_summary_vs_recording,,,modality_summary_vs_recording,,src_charge|src_hearing|src_mg_forms|src_parties|src_dates|src_continuity|court_claims_36,7441,,SAFE_COURT | The defence asks the court to record that full BWV and continuity material should be served. || SAFE_POSITION | Sequence and force remain provisional pending served BWV and officer source material. || HEARING | 25 July 2026 11:
sha:8acb2b2f43fde03faf43a85f51092f77ec3a03cd87e888967e2f237d14597aaf,PDF-8acb2b2f43fd,CB-TB-661_Coleman,8acb2b2f43fde03faf43a85f51092f77ec3a03cd87e888967e2f237d14597aaf,OFFLINE_COURT_PROJECTION,,MUTE,mute_cctv_master,,mute_cctv_master,,,src_charge|src_hearing|src_mg_forms|src_parties|src_dates|src_cctv|court_claims_21,5380,,"SAFE_COURT | The defence asks the court to record outstanding device, calibration and procedure records. || SAFE_POSITION | Driver identity, procedure and device evidence remain provisional pending served source records. || HEARING | 19 Jul"
sha:8aea8e457f1b009d8bdef0c84b1ca22bfb96606e47349fe89f14a1c5c51629b9,PDF-8aea8e457f1b,CB-TB-1972_Iqbal,8aea8e457f1b009d8bdef0c84b1ca22bfb96606e47349fe89f14a1c5c51629b9,OFFLINE_COURT_PROJECTION,,MUTE,mute_phone_download,,mute_phone_download|mute_cad_999,,,src_charge|src_hearing|src_mg_forms|src_parties|src_dates|src_cctv|src_continuity|court_claims_25,4995,,SAFE_COURT | The defence asks the court to record that full BWV and continuity material should be served. || SAFE_POSITION | Sequence and force remain provisional pending served BWV and officer source material. || HEARING | 11 July 2026 10:
sha:8acfdfa651e4456dbc160ba617a26be78cc7dabe72c11fe519b5025712543e76,PDF-8acfdfa651e4,CB-TB-688_Price,8acfdfa651e4456dbc160ba617a26be78cc7dabe72c11fe519b5025712543e76,OFFLINE_COURT_PROJECTION,,MUTE,mute_cctv_master,,mute_cctv_master|mute_cad_999,,,src_charge|src_hearing|src_mg_forms|src_parties|src_dates|src_cctv|src_cctv_stills|src_continuity|court_claims_21,8644,,"SAFE_COURT | The defence asks the court to record outstanding CCTV, ID procedure and witness source material. || SAFE_POSITION | Identification and participation remain provisional pending served CCTV, ID and witness source material. || HEA"
sha:8ae65265f9707019f8bc37f90ead64865ea235f0d296b533201ebd64a13a78be,PDF-8ae65265f970,CB-TB-577_Turner,8ae65265f9707019f8bc37f90ead64865ea235f0d296b533201ebd64a13a78be,OFFLINE_COURT_PROJECTION,,MODALITY,modality_summary_vs_recording,,,modality_summary_vs_recording,,src_charge|src_hearing|src_mg_forms|src_parties|src_dates|src_continuity|court_claims_33,7749,,SAFE_COURT | The defence asks the court to record that source material must be clarified and timetabled. || SAFE_POSITION | The defence cannot safely fix a final position until the served source material is clarified. || HEARING | 17 August
sha:8b357d4d64a453b684553186a4808c88ba9b3f29ac6bf2e22f81032b914c100e,PDF-8b357d4d64a4,CB-TB-1520_Cross,8b357d4d64a453b684553186a4808c88ba9b3f29ac6bf2e22f81032b914c100e,OFFLINE_COURT_PROJECTION,,MUTE,mute_cad_999,,mute_cad_999,,,src_charge|src_hearing|src_mg_forms|src_parties|src_cctv|src_cctv_stills|src_continuity|court_claims_25,3719,,SAFE_COURT | The defence asks the court to record outstanding message/account source material and complainant statement gaps. || SAFE_POSITION | The defence position remains provisional pending served message/account material and instructio
sha:8b279800cf460f0fe174e5f3fcd0eaf65065acaab65f843e4daf5303b6b60a5a,PDF-8b279800cf46,CB-TB-1031_Dawson,8b279800cf460f0fe174e5f3fcd0eaf65065acaab65f843e4daf5303b6b60a5a,OFFLINE_COURT_PROJECTION,,MUTE,mute_phone_download,,mute_phone_download|mute_cad_999,,,src_charge|src_hearing|src_mg_forms|src_parties|src_dates|src_cctv|src_continuity|court_claims_29,5906,,"SAFE_COURT | The defence asks the court to record outstanding device, calibration and procedure records. || SAFE_POSITION | Driver identity, procedure and device evidence remain provisional pending served source records. || HEARING | 23 Aug"
sha:8b3798a875eaebb02a5b6c15a332d7235d20a96eca927aba03b78e35fe5641da,PDF-8b3798a875ea,CB-TB-1037_Walsh,8b3798a875eaebb02a5b6c15a332d7235d20a96eca927aba03b78e35fe5641da,OFFLINE_COURT_PROJECTION,,MUTE,mute_cad_999,,mute_cad_999,,,src_charge|src_hearing|src_mg_forms|src_parties|src_dates|src_cctv|src_cctv_stills|src_continuity|court_claims_33,6055,,SAFE_COURT | The defence asks the court to record outstanding message/account source material and complainant statement gaps. || SAFE_POSITION | The defence position remains provisional pending served message/account material and instructio
sha:8ba67582fd01aae66b24f15ac4d79cef161e9e582aea2aa2afd217342699fd64,PDF-8ba67582fd01,CB-TB-778_Stone,8ba67582fd01aae66b24f15ac4d79cef161e9e582aea2aa2afd217342699fd64,OFFLINE_COURT_PROJECTION,,MUTE,mute_cctv_master,,mute_cctv_master,,,src_charge|src_hearing|src_mg_forms|src_parties|src_dates|src_cctv|court_claims_25,5988,,"SAFE_COURT | The defence asks the court to record outstanding CCTV, ID procedure and witness source material. || SAFE_POSITION | Identification and participation remain provisional pending served CCTV, ID and witness source material. || HEA"
sha:8bb7c657d11d8a0ecec31889e1b5d5c3296bbc0dc89748d5cba34b41738daef3,PDF-8bb7c657d11d,CB-TB-1994_Cotter,8bb7c657d11d8a0ecec31889e1b5d5c3296bbc0dc89748d5cba34b41738daef3,OFFLINE_COURT_PROJECTION,,MUTE,mute_cctv_master,,mute_cctv_master|mute_phone_download,,,src_charge|src_hearing|src_mg_forms|src_parties|src_dates|src_cctv|src_continuity|court_claims_33,6098,,SAFE_COURT | The defence asks the court to record that full BWV and continuity material should be served. || SAFE_POSITION | Sequence and force remain provisional pending served BWV and officer source material. || HEARING | 25 June 2026 09:
sha:8cbca1f7f147d7460233f8541cfccecfd6a635621cf189b6be6e20d39df745cc,PDF-8cbca1f7f147,CB-TB-1077_Thornton,8cbca1f7f147d7460233f8541cfccecfd6a635621cf189b6be6e20d39df745cc,OFFLINE_COURT_PROJECTION,,MUTE,mute_cad_999,,mute_cad_999,,,src_charge|src_hearing|src_mg_forms|src_parties|src_dates|court_claims_29,4511,,SAFE_COURT | The defence asks the court to record outstanding message/account source material and complainant statement gaps. || SAFE_POSITION | The defence position remains provisional pending served message/account material and instructio
sha:8c364bf0a1e81133fc5a8e276eb5ba8ded0b2fdcb8f6e00a0283c35d09a4ba70,PDF-8c364bf0a1e8,CB-TB-530_Thornton,8c364bf0a1e81133fc5a8e276eb5ba8ded0b2fdcb8f6e00a0283c35d09a4ba70,OFFLINE_COURT_PROJECTION,,MODALITY,modality_summary_vs_recording,,mute_cctv_master,modality_summary_vs_recording,,src_charge|src_hearing|src_mg_forms|src_parties|src_dates|src_cctv|src_continuity|court_claims_29,4284,,"SAFE_COURT | The defence asks the court to record outstanding continuity, lab and search/phone material. || SAFE_POSITION | Possession, knowledge, intent and continuity remain provisional pending served drug/source material. || HEARING | 28"
sha:8bf1e1e591157eed3fede79de0b44f1aa26f7bbc6e804020b1316c847536e17b,PDF-8bf1e1e59115,CB-TB-2054_West,8bf1e1e591157eed3fede79de0b44f1aa26f7bbc6e804020b1316c847536e17b,OFFLINE_COURT_PROJECTION,,MUTE,mute_cad_999,,mute_cad_999,,,src_charge|src_hearing|src_mg_forms|src_parties|src_dates|src_cctv|src_continuity|court_claims_25,7705,,SAFE_COURT | The defence asks the court to record that full BWV and continuity material should be served. || SAFE_POSITION | Sequence and force remain provisional pending served BWV and officer source material. || HEARING | 20 June 2026 at 
sha:8bf32e7689407abca0b3c061b6b92b8e49f09c278d3a8e798a64795f733fbf06,PDF-8bf32e768940,CB-TB-2179_Ali,8bf32e7689407abca0b3c061b6b92b8e49f09c278d3a8e798a64795f733fbf06,OFFLINE_COURT_PROJECTION,,MUTE,mute_cad_999,,mute_cad_999,,,src_charge|src_hearing|src_mg_forms|src_parties|src_dates|src_cctv|src_continuity|court_claims_25,7736,,SAFE_COURT | The defence asks the court to record that full BWV and continuity material should be served. || SAFE_POSITION | Sequence and force remain provisional pending served BWV and officer source material. || HEARING | 15 July 2026 at 
sha:8cc25a80cbc93da4c4697e8c7411ed1d2ee97475567c6837a774c418d13c3ecf,PDF-8cc25a80cbc9,CB-TB-2169_Khan,8cc25a80cbc93da4c4697e8c7411ed1d2ee97475567c6837a774c418d13c3ecf,OFFLINE_COURT_PROJECTION,,MUTE,mute_cad_999,,mute_cad_999,,,src_charge|src_hearing|src_mg_forms|src_parties|src_dates|src_cctv|src_continuity|court_claims_21,9581,,"SAFE_COURT | The defence asks the court to record outstanding continuity, lab and search/phone material. || SAFE_POSITION | Possession, knowledge, intent and continuity remain provisional pending served drug/source material. || HEARING | 24"
sha:8ccb4461601afbb9d85c875521d993a2f7c149ede6ccb1feeaf5c42a3b419787,PDF-8ccb4461601a,CB-TB-164_Bryant,8ccb4461601afbb9d85c875521d993a2f7c149ede6ccb1feeaf5c42a3b419787,OFFLINE_COURT_PROJECTION,,MUTE,mute_cad_999,,mute_cad_999,,,src_charge|src_hearing|src_mg_forms|src_parties|src_cctv|src_continuity|court_claims_28,12823,,SAFE_COURT | The defence asks the court to record that full custody and interview records remain outstanding. || SAFE_POSITION | Custody/PACE safeguards cannot be finally assessed until the full custody and interview material is served. || 
sha:8d67eac44255ec66cf37f06d7eaedb7fde12a3d7d05838edede0b29f901e5f59,PDF-8d67eac44255,CB-TB-718_Bennett,8d67eac44255ec66cf37f06d7eaedb7fde12a3d7d05838edede0b29f901e5f59,OFFLINE_COURT_PROJECTION,,MUTE,mute_cctv_master,,mute_cctv_master,,,src_charge|src_hearing|src_mg_forms|src_parties|src_dates|src_cctv|src_continuity|court_claims_25,5433,,"SAFE_COURT | The defence asks the court to record outstanding CCTV, ID procedure and witness source material. || SAFE_POSITION | Identification and participation remain provisional pending served CCTV, ID and witness source material. || HEA"
sha:8d548ff944aa7bbcbe8590034157f0e7754b4c825195164d61fdb8e069712856,PDF-8d548ff944aa,CB-TB-382_Quinn,8d548ff944aa7bbcbe8590034157f0e7754b4c825195164d61fdb8e069712856,OFFLINE_COURT_PROJECTION,,MUTE,mute_phone_download,,mute_phone_download,,,src_charge|src_hearing|src_mg_forms|src_parties|src_dates|src_continuity|court_claims_28,13198,,SAFE_COURT | The defence asks the court to record that full custody and interview records remain outstanding. || SAFE_POSITION | Custody/PACE safeguards cannot be finally assessed until the full custody and interview material is served. || 
sha:8dcc58339a88b91413de9d53fc5ef51eb5ddd7285fca011beb51b461c965848d,PDF-8dcc58339a88,CB-TB-1957_Rourke,8dcc58339a88b91413de9d53fc5ef51eb5ddd7285fca011beb51b461c965848d,OFFLINE_COURT_PROJECTION,,MUTE,mute_cctv_master,,mute_cctv_master|mute_phone_download,,,src_charge|src_hearing|src_mg_forms|src_parties|src_dates|src_cctv|src_continuity|court_claims_37,6506,,SAFE_COURT | The defence asks the court to record that full BWV and continuity material should be served. || SAFE_POSITION | Sequence and force remain provisional pending served BWV and officer source material. || HEARING | 11 September 202
sha:8de9b30821aa18246d7a62e1dadbb33ecc808989b8285e01d8b1c4e2ab19a556,PDF-8de9b30821aa,CB-TB-1393_Cole,8de9b30821aa18246d7a62e1dadbb33ecc808989b8285e01d8b1c4e2ab19a556,OFFLINE_COURT_PROJECTION,,MUTE,mute_phone_download,,mute_phone_download,,,src_charge|src_hearing|src_mg_forms|src_id_procedure|src_parties|src_dates|src_cctv|src_continuity|court_claims_36,5475,,SAFE_COURT | The defence asks the court to record that full BWV and continuity material should be served. || SAFE_POSITION | Sequence and force remain provisional pending served BWV and officer source material. || HEARING | 02 August 2026 a
sha:8de818b2df1486bd33760c47329b08515c9dc2680d688bc9a6ae2a0f798090c8,PDF-8de818b2df14,CB-TB-1007_Barker,8de818b2df1486bd33760c47329b08515c9dc2680d688bc9a6ae2a0f798090c8,OFFLINE_COURT_PROJECTION,,MUTE,mute_cad_999,,mute_cad_999,,,src_charge|src_hearing|src_mg_forms|src_parties|src_dates|src_cctv|src_cctv_stills|src_continuity|court_claims_29,9195,,"SAFE_COURT | The defence asks the court to record outstanding continuity, lab and search/phone material. || SAFE_POSITION | Possession, knowledge, intent and continuity remain provisional pending served drug/source material. || HEARING | 24"
sha:8e39dde336088acbcd5fc6c3f83bf510e6141c86eb98f69a9ee7b64fbd6f5875,PDF-8e39dde33608,CB-TB-2112_Thornton,8e39dde336088acbcd5fc6c3f83bf510e6141c86eb98f69a9ee7b64fbd6f5875,OFFLINE_COURT_PROJECTION,,INVENT,invent_phone_download,invent_phone_download,mute_cad_999,,,src_charge|src_hearing|src_mg_forms|src_parties|src_dates|src_cctv|src_continuity|court_claims_25,5873,,"SAFE_COURT | The defence asks the court to record outstanding continuity, lab and search/phone material. || SAFE_POSITION | Possession, knowledge, intent and continuity remain provisional pending served drug/source material. || HEARING | 24"
sha:8e20028686b8f1caf7d8df8ce49d1e110b382afddf9b4e41dc47c7904b287af1,PDF-8e20028686b8,CB-TB-2161_Hayes,8e20028686b8f1caf7d8df8ce49d1e110b382afddf9b4e41dc47c7904b287af1,OFFLINE_COURT_PROJECTION,,MUTE,mute_cad_999,,mute_cad_999,,,src_charge|src_hearing|src_mg_forms|src_parties|src_dates|src_cctv|src_continuity|court_claims_25,8339,,SAFE_COURT | The defence asks the court to record outstanding message/account source material and complainant statement gaps. || SAFE_POSITION | The defence position remains provisional pending served message/account material and instructio
sha:8e27cd4c68f32a40b93236e32228510f4d6856bb2853b391231927779daded4e,PDF-8e27cd4c68f3,CB-TB-899_Vale,8e27cd4c68f32a40b93236e32228510f4d6856bb2853b391231927779daded4e,OFFLINE_COURT_PROJECTION,,INVENT,invent_phone_download,invent_phone_download,,,,src_charge|src_hearing|src_mg_forms|src_parties|src_dates|src_cctv|src_continuity|court_claims_29,6805,,"SAFE_COURT | The defence asks the court to record outstanding bank/device source and loss material. || SAFE_POSITION | Account control, dishonesty and loss remain provisional pending served bank/device source material. || HEARING | 22 July "
sha:8e3e35779ce3be19794889c37f8acf11fcba5e5b645e6a0c522aaeace34ecefe,PDF-8e3e35779ce3,CB-TB-758_Parker,8e3e35779ce3be19794889c37f8acf11fcba5e5b645e6a0c522aaeace34ecefe,OFFLINE_COURT_PROJECTION,,MUTE,mute_cctv_master,,mute_cctv_master,,,src_charge|src_hearing|src_mg_forms|src_parties|src_dates|src_cctv|court_claims_21,5175,,"SAFE_COURT | The defence asks the court to record outstanding device, calibration and procedure records. || SAFE_POSITION | Driver identity, procedure and device evidence remain provisional pending served source records. || HEARING | 10 Jul"
sha:8e839a9ac378ab63afad7629a3dd0cf3b6892127c8bccb766cd8c03513ddf893,PDF-8e839a9ac378,CB-TB-927_Rees,8e839a9ac378ab63afad7629a3dd0cf3b6892127c8bccb766cd8c03513ddf893,OFFLINE_COURT_PROJECTION,,MUTE,mute_phone_download,,mute_phone_download,,,src_charge|src_hearing|src_mg_forms|src_parties|src_cctv|court_claims_21,3840,,"SAFE_COURT | Position remains provisional on the current papers — listed material families are not safely confirmed in the bundle yet. || SAFE_POSITION | Sequence, injury and causation remain provisional pending served witness, medical and "
sha:8f290ba56ff9e77460b0c6456ad0c5c0a1fb0a1d31199c4044a2c89fd3511c75,PDF-8f290ba56ff9,CB-TB-1609_West,8f290ba56ff9e77460b0c6456ad0c5c0a1fb0a1d31199c4044a2c89fd3511c75,OFFLINE_COURT_PROJECTION,,MUTE,mute_cad_999,,mute_cad_999,,,src_charge|src_hearing|src_mg_forms|src_parties|src_dates|src_cctv|src_continuity|court_claims_21,8491,,SAFE_COURT | The defence asks the court to record that full BWV and continuity material should be served. || SAFE_POSITION | Sequence and force remain provisional pending served BWV and officer source material. || HEARING | 24 August 2026 a
sha:8f429a1a414afbc259b00da3941da7ad33975415383439b540a09371994c1c29,PDF-8f429a1a414a,NS-CPS-2026-0435 - Copy (2),8f429a1a414afbc259b00da3941da7ad33975415383439b540a09371994c1c29,OFFLINE_COURT_PROJECTION,,MUTE,mute_cctv_master,,mute_cctv_master,,,src_charge|src_hearing|src_mg_forms|src_parties|src_dates|src_cctv|src_continuity|court_claims_31,4675,,SAFE_COURT | The defence asks the court to record that full BWV and continuity material should be served. || SAFE_POSITION | Sequence and force remain provisional pending served BWV and officer source material. || DEADLINE | Hearing date no
sha:8f5e5650e4f480ff6d38d6468a7edabdee820d40e57d8793def50c3bb7f820c3,PDF-8f5e5650e4f4,CB-TB-278_Shaw,8f5e5650e4f480ff6d38d6468a7edabdee820d40e57d8793def50c3bb7f820c3,OFFLINE_COURT_PROJECTION,,MUTE,mute_phone_download,,mute_phone_download,,,src_charge|src_hearing|src_mg_forms|src_parties|src_dates|src_cctv|src_continuity|court_claims_29,5951,,"SAFE_COURT | Position remains provisional on the current papers — listed material families are not safely confirmed in the bundle yet. || SAFE_POSITION | Account control, dishonesty and loss remain provisional pending served bank/device sou"
sha:8f4acb7741471fa13fd4696e632ce96f20a45bab9220a6f2843f5bd445f3fdf5,PDF-8f4acb774147,CB-TB-2104_Okonkwo,8f4acb7741471fa13fd4696e632ce96f20a45bab9220a6f2843f5bd445f3fdf5,OFFLINE_COURT_PROJECTION,,MUTE,mute_export_log,,mute_export_log|mute_cad_999,,,src_charge|src_hearing|src_mg_forms|src_parties|src_dates|src_cctv|src_continuity|court_claims_25,8050,,SAFE_COURT | The defence asks the court to record that full BWV and continuity material should be served. || SAFE_POSITION | Sequence and force remain provisional pending served BWV and officer source material. || HEARING | 30 June 2026 at 
sha:8fb9410a87b5c69ca5610659ce15c50a62a4ac76020ae199097cfad84c5b4803,PDF-8fb9410a87b5,CB-TB-729_Thornton,8fb9410a87b5c69ca5610659ce15c50a62a4ac76020ae199097cfad84c5b4803,OFFLINE_COURT_PROJECTION,,MUTE,mute_cctv_master,,mute_cctv_master,,,src_charge|src_hearing|src_mg_forms|src_parties|src_dates|src_cctv|src_continuity|court_claims_25,7296,,"SAFE_COURT | The defence asks the court to record outstanding CCTV, ID procedure and witness source material. || SAFE_POSITION | Identification and participation remain provisional pending served CCTV, ID and witness source material. || HEA"
sha:8feeebe406ceaed5f4813c412adde9be4c0fdc302a52f929aa604c5e29a30080,PDF-8feeebe406ce,CB-TB-1689_Clarke,8feeebe406ceaed5f4813c412adde9be4c0fdc302a52f929aa604c5e29a30080,OFFLINE_COURT_PROJECTION,,MUTE,mute_cad_999,,mute_cad_999,,,src_charge|src_hearing|src_mg_forms|src_parties|src_dates|src_cctv|src_continuity|court_claims_25,6921,,SAFE_COURT | The defence asks the court to record that full BWV and continuity material should be served. || SAFE_POSITION | Sequence and force remain provisional pending served BWV and officer source material. || HEARING | 15 July 2026 at 
sha:9051bb0a77cf9ac673677b9fb6f14efa750945eb2d4b42f478c3905324f11ddd,PDF-9051bb0a77cf,CB-TB-1217_King,9051bb0a77cf9ac673677b9fb6f14efa750945eb2d4b42f478c3905324f11ddd,OFFLINE_COURT_PROJECTION,,MUTE,mute_phone_download,,mute_phone_download,,,src_charge|src_hearing|src_mg_forms|src_parties|src_dates|src_cctv|src_cctv_stills|src_continuity|court_claims_29,3683,,"SAFE_COURT | The defence asks the court to record outstanding device, calibration and procedure records. || SAFE_POSITION | Driver identity, procedure and device evidence remain provisional pending served source records. || HEARING | 05/08/"
sha:900fedf65d3f6d290d06cc1ca2d2fc6873e739f374df7bb8a7fd533157cb779e,PDF-900fedf65d3f,CB-TB-1184_Stone,900fedf65d3f6d290d06cc1ca2d2fc6873e739f374df7bb8a7fd533157cb779e,OFFLINE_COURT_PROJECTION,,MUTE,mute_cad_999,,mute_cad_999,,,src_charge|src_hearing|src_mg_forms|src_id_procedure|src_parties|src_dates|src_cctv|src_continuity|court_claims_29,5803,,SAFE_COURT | The file indicates no body-worn video is available — confirm in writing that none exists; absence may shift weight onto witness account quality and consistency. || SAFE_POSITION | Sequence and force remain provisional pending s
sha:903b2a7f94d3121199a46dc8c13507c667f9c7c922ad3b74ef32caf81ee16345,PDF-903b2a7f94d3,CB-TB-1975_Rahman,903b2a7f94d3121199a46dc8c13507c667f9c7c922ad3b74ef32caf81ee16345,OFFLINE_COURT_PROJECTION,,MUTE,mute_phone_download,,mute_phone_download|mute_cad_999,,,src_charge|src_hearing|src_mg_forms|src_parties|src_dates|src_cctv|src_continuity|court_claims_28,10758,,SAFE_COURT | The defence asks the court to record that full custody and interview records remain outstanding. || SAFE_POSITION | Custody/PACE safeguards cannot be finally assessed until the full custody and interview material is served. || 
sha:907a459640d2480ac64d2ac2f6e048ca65deaf2a9a5d86b3632d2ca8db5d4c72,PDF-907a459640d2,CB-TB-1586_Khan,907a459640d2480ac64d2ac2f6e048ca65deaf2a9a5d86b3632d2ca8db5d4c72,OFFLINE_COURT_PROJECTION,,MUTE,mute_cad_999,,mute_cad_999,,,src_charge|src_hearing|src_mg_forms|src_parties|src_cctv|src_cctv_stills|court_claims_29,8786,,"SAFE_COURT | Position remains provisional on the current papers — listed material families are not safely confirmed in the bundle yet. || SAFE_POSITION | Account control, dishonesty and loss remain provisional pending served bank/device sou"
sha:911e0e895b889ea06d0b4ae924426c02238d2ee9842c74877e79b084ae41b578,PDF-911e0e895b88,CB-TB-1684_Moran,911e0e895b889ea06d0b4ae924426c02238d2ee9842c74877e79b084ae41b578,OFFLINE_COURT_PROJECTION,,MUTE,mute_cad_999,,mute_cad_999,,,src_charge|src_hearing|src_mg_forms|src_parties|src_dates|src_cctv|src_continuity|court_claims_25,6337,,SAFE_COURT | The defence asks the court to record that full BWV and continuity material should be served. || SAFE_POSITION | Sequence and force remain provisional pending served BWV and officer source material. || HEARING | 30 June 2026 at 
sha:90d27288aee70922befccf1373f27c18d7ff2b771fd0da29e0ff3d0c9a971ecf,PDF-90d27288aee7,CB-TB-1697_Bennett,90d27288aee70922befccf1373f27c18d7ff2b771fd0da29e0ff3d0c9a971ecf,OFFLINE_COURT_PROJECTION,,MUTE,mute_export_log,,mute_export_log|mute_cad_999,,,src_charge|src_hearing|src_mg_forms|src_parties|src_dates|src_cctv|src_continuity|court_claims_25,8467,,SAFE_COURT | The defence asks the court to record that full BWV and continuity material should be served. || SAFE_POSITION | Sequence and force remain provisional pending served BWV and officer source material. || HEARING | 8 August 2026 at
sha:91710eac9378b031c9b78a0b205cf465722a33d9f13675922a20ed9c46b34ade,PDF-91710eac9378,CB-TB-735_Patel,91710eac9378b031c9b78a0b205cf465722a33d9f13675922a20ed9c46b34ade,OFFLINE_COURT_PROJECTION,,MUTE,mute_cctv_master,,mute_cctv_master,,,src_charge|src_hearing|src_mg_forms|src_parties|src_dates|src_cctv|src_continuity|court_claims_25,6097,,"SAFE_COURT | The defence asks the court to record outstanding continuity, lab and search/phone material. || SAFE_POSITION | Possession, knowledge, intent and continuity remain provisional pending served drug/source material. || HEARING | 16"
sha:920b455a43e4ad05844298f9c6497c6313cd493527af756e0de8317106387c7d,PDF-920b455a43e4,CB-TB-1668_Austin,920b455a43e4ad05844298f9c6497c6313cd493527af756e0de8317106387c7d,OFFLINE_COURT_PROJECTION,,MUTE,mute_phone_download,,mute_phone_download,,,src_charge|src_hearing|src_mg_forms|src_parties|src_dates|src_cctv|src_continuity|court_claims_21,3472,,"SAFE_COURT | Position remains provisional on the current papers — listed material families are not safely confirmed in the bundle yet. || SAFE_POSITION | Account control, dishonesty and loss remain provisional pending served bank/device sou"
sha:92419aff4bfdc7ddeb3a5b6226473e34c9b29e6d27414bfc534abe30906f8997,PDF-92419aff4bfd,CB-TB-620_Stone,92419aff4bfdc7ddeb3a5b6226473e34c9b29e6d27414bfc534abe30906f8997,OFFLINE_COURT_PROJECTION,,MUTE,mute_cctv_master,,mute_cctv_master,,,src_charge|src_hearing|src_mg_forms|src_parties|src_dates|src_cctv|src_continuity|court_claims_24,7977,,SAFE_COURT | The defence asks the court to record that full BWV and continuity material should be served. || SAFE_POSITION | Sequence and force remain provisional pending served BWV and officer source material. || HEARING | 15 August 2026 a
sha:9277d79538d530f4828116c1aea680c007f016257d7098a1fc9e48bccd5d1d5d,PDF-9277d79538d5,CB-TB-1282_Baines,9277d79538d530f4828116c1aea680c007f016257d7098a1fc9e48bccd5d1d5d,OFFLINE_COURT_PROJECTION,,MUTE,mute_phone_download,,mute_phone_download,,,src_charge|src_hearing|src_mg_forms|src_parties|src_dates|src_cctv|src_cctv_stills|src_continuity|court_claims_37,4132,,SAFE_COURT | The defence asks the court to record outstanding message/account source material and complainant statement gaps. || SAFE_POSITION | The defence position remains provisional pending served message/account material and instructio
sha:92ee1e8d3b4f365be13012ca8d3044c973c11d11487284f0ffd75b03a6d5763f,PDF-92ee1e8d3b4f,CB-TB-1352_Patterson,92ee1e8d3b4f365be13012ca8d3044c973c11d11487284f0ffd75b03a6d5763f,OFFLINE_COURT_PROJECTION,,INVENT,invent_phone_download,invent_phone_download,,,,src_charge|src_hearing|src_mg_forms|src_id_procedure|src_parties|src_dates|src_cctv|src_continuity|court_claims_33,5336,,"SAFE_COURT | The defence asks the court to record outstanding continuity, lab and search/phone material. || SAFE_POSITION | Possession, knowledge, intent and continuity remain provisional pending served drug/source material. || HEARING | 14"
sha:92503775d732268fb02fbab6d9955d0e9e4f93b1ca57ecbb10b8873e7063bdaf,PDF-92503775d732,CB-TB-377_Graham,92503775d732268fb02fbab6d9955d0e9e4f93b1ca57ecbb10b8873e7063bdaf,OFFLINE_COURT_PROJECTION,,MUTE,mute_phone_download,,mute_phone_download,,,src_charge|src_hearing|src_mg_forms|src_parties|src_dates|court_claims_29,8756,,"SAFE_COURT | The defence asks the court to record outstanding bank/device source and loss material. || SAFE_POSITION | Account control, dishonesty and loss remain provisional pending served bank/device source material. || HEARING | 25 July "
sha:93547ed6567253fb6f136f6c0fdb95339ca5942a05f5dbc81f30a6073dd1838b,PDF-93547ed65672,CB-TB-641_Ali,93547ed6567253fb6f136f6c0fdb95339ca5942a05f5dbc81f30a6073dd1838b,OFFLINE_COURT_PROJECTION,,MUTE,mute_cctv_master,,mute_cctv_master,,,src_charge|src_hearing|src_mg_forms|src_parties|src_dates|src_cctv|src_continuity|court_claims_25,5673,,"SAFE_COURT | The defence asks the court to record outstanding continuity, lab and search/phone material. || SAFE_POSITION | Possession, knowledge, intent and continuity remain provisional pending served drug/source material. || HEARING | 03"
sha:92f67d1105b433d0571785b2f003addb50b0b33161dd2bcfe2f9773b42498d99,PDF-92f67d1105b4,CB-TB-2017_Ross,92f67d1105b433d0571785b2f003addb50b0b33161dd2bcfe2f9773b42498d99,OFFLINE_COURT_PROJECTION,,MUTE,mute_phone_download,,mute_phone_download|mute_cad_999,,,src_charge|src_hearing|src_mg_forms|src_parties|src_dates|src_cctv|src_continuity|court_claims_21,6150,,SAFE_COURT | The defence asks the court to record that full BWV and continuity material should be served. || SAFE_POSITION | Sequence and force remain provisional pending served BWV and officer source material. || HEARING | 19 July 2026 at 
sha:9337b1e0838d6319472f025a3e2185b455012a2e6028d6807319abcdcd1eaf6c,PDF-9337b1e0838d,CB-TB-2191_Jennings,9337b1e0838d6319472f025a3e2185b455012a2e6028d6807319abcdcd1eaf6c,OFFLINE_COURT_PROJECTION,,MUTE,mute_cad_999,,mute_cad_999,,,src_charge|src_hearing|src_mg_forms|src_parties|src_dates|src_cctv|src_continuity|court_claims_25,11111,,"SAFE_COURT | The defence asks the court to record outstanding device, calibration and procedure records. || SAFE_POSITION | Driver identity, procedure and device evidence remain provisional pending served source records. || HEARING | 20 Aug"
sha:935c0e00d2779b0c6daf54521c9c6cc040489bf97d62c20a4064a8359a0ed44d,PDF-935c0e00d277,CB-TB-1100_Bennett,935c0e00d2779b0c6daf54521c9c6cc040489bf97d62c20a4064a8359a0ed44d,OFFLINE_COURT_PROJECTION,,MUTE,mute_cad_999,,mute_cad_999,,,src_charge|src_hearing|src_mg_forms|src_parties|src_dates|src_continuity|court_claims_25,2628,,SAFE_COURT | The defence asks the court to record that source material must be clarified and timetabled. || SAFE_POSITION | The defence cannot safely fix a final position until the served source material is clarified. || HEARING | 27 June 2
sha:93d18eb87827a97186ead127f8f99a0c15beca2a97369c0d119b79da2e885b16,PDF-93d18eb87827,CB-TB-768_Ali,93d18eb87827a97186ead127f8f99a0c15beca2a97369c0d119b79da2e885b16,OFFLINE_COURT_PROJECTION,,MUTE,mute_cctv_master,,mute_cctv_master,,,src_charge|src_hearing|src_mg_forms|src_parties|src_dates|src_cctv|src_continuity|court_claims_24,4890,,SAFE_COURT | The defence asks the court to record that full BWV and continuity material should be served. || SAFE_POSITION | Sequence and force remain provisional pending served BWV and officer source material. || HEARING | 09 August 2026 a
sha:936cdac27e48e482fdf856e046f258683fab3e430ff90f4eb550d5a225773a7f,PDF-936cdac27e48,CB-TB-783_Rees,936cdac27e48e482fdf856e046f258683fab3e430ff90f4eb550d5a225773a7f,OFFLINE_COURT_PROJECTION,,MUTE,mute_cctv_master,,mute_cctv_master,,,src_charge|src_hearing|src_mg_forms|src_parties|src_dates|src_cctv|court_claims_25,6217,,"SAFE_COURT | The defence asks the court to record outstanding CCTV, ID procedure and witness source material. || SAFE_POSITION | Identification and participation remain provisional pending served CCTV, ID and witness source material. || HEA"
sha:948db353eb26c2ebf0c0ff886529678a4a472be2ea9705a261a84d88f3af9946,PDF-948db353eb26,CB-TB-702_Merritt,948db353eb26c2ebf0c0ff886529678a4a472be2ea9705a261a84d88f3af9946,OFFLINE_COURT_PROJECTION,,MUTE,mute_cctv_master,,mute_cctv_master,,,src_charge|src_hearing|src_mg_forms|src_parties|src_dates|src_cctv|src_cctv_stills|court_claims_24,6240,,SAFE_COURT | The defence asks the court to record that full BWV and continuity material should be served. || SAFE_POSITION | Sequence and force remain provisional pending served BWV and officer source material. || HEARING | 22 June 2026 at 
sha:945ca215c38777a0393cf0ed4095f7a9e3ba5b93616f5585eeedcc9fc1a4cb5d,PDF-945ca215c387,CB-TB-1075_Bradley,945ca215c38777a0393cf0ed4095f7a9e3ba5b93616f5585eeedcc9fc1a4cb5d,OFFLINE_COURT_PROJECTION,,MUTE,mute_cad_999,,mute_cad_999,,,src_charge|src_hearing|src_mg_forms|src_parties|src_dates|src_cctv|src_cctv_stills|src_continuity|court_claims_36,6608,,SAFE_COURT | The defence asks the court to record that full BWV and continuity material should be served. || SAFE_POSITION | Sequence and force remain provisional pending served BWV and officer source material. || HEARING | 05 August 2026 a
sha:94dd5f1ffcd652ec30cdc3bf2a88991f6ed70e354ffdf5ec7ac15c850cde14ff,PDF-94dd5f1ffcd6,CB-TB-1941_Armitage,94dd5f1ffcd652ec30cdc3bf2a88991f6ed70e354ffdf5ec7ac15c850cde14ff,OFFLINE_COURT_PROJECTION,,MUTE,mute_cctv_master,,mute_cctv_master|mute_phone_download,,,src_charge|src_hearing|src_mg_forms|src_parties|src_dates|src_cctv|court_claims_29,5742,,SAFE_COURT | The defence asks the court to record that full BWV and continuity material should be served. || SAFE_POSITION | Sequence and force remain provisional pending served BWV and officer source material. || HEARING | 24 July 2026 09:
sha:94ed870f2e3bc940d1115d2582d55c5320550062409949c576e5f34cdc8c88d7,PDF-94ed870f2e3b,CB-TB-054_Shaw,94ed870f2e3bc940d1115d2582d55c5320550062409949c576e5f34cdc8c88d7,OFFLINE_COURT_PROJECTION,,INVENT,invent_phone_download,invent_phone_download,,,,src_charge|src_mg_forms|src_parties|src_cctv|src_continuity|court_claims_33,5241,,"SAFE_COURT | The defence asks the court to record outstanding continuity, lab and search/phone material. || SAFE_POSITION | Possession, knowledge, intent and continuity remain provisional pending served drug/source material. || HEARING | 28"
sha:94b36e02544182f7981a1bb9e4b72ab9962ae2638230a67fa4b251967e11f55a,PDF-94b36e025441,CB-TB-484_Pike,94b36e02544182f7981a1bb9e4b72ab9962ae2638230a67fa4b251967e11f55a,OFFLINE_COURT_PROJECTION,,MUTE,mute_phone_download,,mute_phone_download,,,src_charge|src_hearing|src_mg_forms|src_parties|src_cctv|src_continuity|court_claims_28,11084,,SAFE_COURT | The defence asks the court to record that full BWV and continuity material should be served. || SAFE_POSITION | Sequence and force remain provisional pending served BWV and officer source material. || HEARING | 7 July 2026 at 1
sha:9516c69fda174738fe53e772840b96fb62aeae55d4ae36d808eae1f8f470a1b6,PDF-9516c69fda17,CB-TB-1277_Doyle,9516c69fda174738fe53e772840b96fb62aeae55d4ae36d808eae1f8f470a1b6,OFFLINE_COURT_PROJECTION,,MUTE,mute_cad_999,,mute_cad_999,,,src_charge|src_hearing|src_mg_forms|src_parties|src_dates|src_cctv|src_cctv_stills|src_continuity|court_claims_32,3550,,SAFE_COURT | The defence asks the court to record that full BWV and continuity material should be served. || SAFE_POSITION | Sequence and force remain provisional pending served BWV and officer source material. || HEARING | 21/06/2026 10:30
sha:95357912f666521b21fe50cd55f5d1fba8750dd6bd3ef1a95abb813cda6326f6,PDF-95357912f666,CB-TB-1142_Marsh,95357912f666521b21fe50cd55f5d1fba8750dd6bd3ef1a95abb813cda6326f6,OFFLINE_COURT_PROJECTION,,MUTE,mute_cad_999,,mute_cad_999,,,src_charge|src_hearing|src_mg_forms|src_id_procedure|src_parties|src_dates|src_cctv|src_continuity|court_claims_29,7059,,SAFE_COURT | The file indicates no body-worn video is available — confirm in writing that none exists; absence may shift weight onto witness account quality and consistency. || SAFE_POSITION | Sequence and force remain provisional pending s
sha:9569c68419e26cbd14407553954a2c79677ec2f707e71f874e490aa0ca9caa30,PDF-9569c68419e2,CB-TB-1015_Shaw,9569c68419e26cbd14407553954a2c79677ec2f707e71f874e490aa0ca9caa30,OFFLINE_COURT_PROJECTION,,MUTE,mute_cad_999,,mute_cad_999,,,src_charge|src_hearing|src_mg_forms|src_parties|src_dates|src_cctv|src_cctv_stills|src_continuity|court_claims_36,10020,,SAFE_COURT | The defence asks the court to record that full custody and interview records remain outstanding. || SAFE_POSITION | Custody/PACE safeguards cannot be finally assessed until the full custody and interview material is served. || 
sha:958d89c88c29a4938c4280c4c61664a02446d0b5bb6edc713b107ec93fe00f75,PDF-958d89c88c29,CB-TB-1885_Slater,958d89c88c29a4938c4280c4c61664a02446d0b5bb6edc713b107ec93fe00f75,OFFLINE_COURT_PROJECTION,,INVENT,invent_phone_download,invent_phone_download,,,,src_charge|src_hearing|src_mg_forms|src_parties|src_dates|src_cctv|src_continuity|court_claims_29,2941,,"SAFE_COURT | The defence asks the court to record outstanding continuity, lab and search/phone material. || SAFE_POSITION | Possession, knowledge, intent and continuity remain provisional pending served drug/source material. || HEARING | 17"
sha:95b453cbf5485acacea18728bcf298feed085630eedd2f17aebf2fb54c6f4ed0,PDF-95b453cbf548,CB-TB-1943_Ellis,95b453cbf5485acacea18728bcf298feed085630eedd2f17aebf2fb54c6f4ed0,OFFLINE_COURT_PROJECTION,,MUTE,mute_cctv_master,,mute_cctv_master|mute_phone_download|mute_cad_999,,,src_charge|src_hearing|src_mg_forms|src_parties|src_dates|src_cctv|src_continuity|court_claims_36,12885,,SAFE_COURT | The defence asks the court to record that full custody and interview records remain outstanding. || SAFE_POSITION | Custody/PACE safeguards cannot be finally assessed until the full custody and interview material is served. || 
sha:9625bc65d580012c44499aea70fa1a40025c4ca251ef189aaab5d0d48b8f65be,PDF-9625bc65d580,CB-TB-1550_Rowe,9625bc65d580012c44499aea70fa1a40025c4ca251ef189aaab5d0d48b8f65be,OFFLINE_COURT_PROJECTION,,MUTE,mute_cad_999,,mute_cad_999,,,src_charge|src_hearing|src_mg_forms|src_parties|src_cctv|src_cctv_stills|court_claims_29,4882,,SAFE_COURT | The defence asks the court to record outstanding message/account source material and complainant statement gaps. || SAFE_POSITION | The defence position remains provisional pending served message/account material and instructio
sha:966387d36ef0a2f148d4b81e7dc842382bbe0e2572174177fe79be831852e109,PDF-966387d36ef0,CB-TB-798_Merritt,966387d36ef0a2f148d4b81e7dc842382bbe0e2572174177fe79be831852e109,OFFLINE_COURT_PROJECTION,,MUTE,mute_cctv_master,,mute_cctv_master,,,src_charge|src_hearing|src_mg_forms|src_parties|src_dates|src_cctv|court_claims_24,4758,,SAFE_COURT | The defence asks the court to record that full BWV and continuity material should be served. || SAFE_POSITION | Sequence and force remain provisional pending served BWV and officer source material. || HEARING | 24 August 2026 a
sha:972c7366f5382c2fc33fde87f71f8b35777f851415d77fbb7d3d7b13f4ee6d50,PDF-972c7366f538,CB-TB-723_Foster,972c7366f5382c2fc33fde87f71f8b35777f851415d77fbb7d3d7b13f4ee6d50,OFFLINE_COURT_PROJECTION,,MUTE,mute_cctv_master,,mute_cctv_master,,,src_charge|src_hearing|src_mg_forms|src_parties|src_dates|src_cctv|src_continuity|court_claims_24,5106,,SAFE_COURT | The defence asks the court to record that full BWV and continuity material should be served. || SAFE_POSITION | Sequence and force remain provisional pending served BWV and officer source material. || HEARING | 24 August 2026 a
sha:96e9186d4ccb4d6986a17d282a30b40075572d7e2ed003c6b18808e999b047ad,PDF-96e9186d4ccb,CB-TB-737_Mitchell,96e9186d4ccb4d6986a17d282a30b40075572d7e2ed003c6b18808e999b047ad,OFFLINE_COURT_PROJECTION,,MUTE,mute_cctv_master,,mute_cctv_master,,,src_charge|src_hearing|src_mg_forms|src_parties|src_dates|src_cctv|src_cctv_stills|court_claims_25,6231,,"SAFE_COURT | The defence asks the court to record outstanding continuity, lab and search/phone material. || SAFE_POSITION | Possession, knowledge, intent and continuity remain provisional pending served drug/source material. || HEARING | 22"
sha:96e30d133f69ec33745bc954e011f23da18f9c246350bf43051c36f80dbbbc3c,PDF-96e30d133f69,CB-TB-1576_Barker,96e30d133f69ec33745bc954e011f23da18f9c246350bf43051c36f80dbbbc3c,OFFLINE_COURT_PROJECTION,,INVENT,invent_phone_download_from_property,invent_phone_download_from_property,mute_cad_999,,,src_charge|src_hearing|src_mg_forms|src_parties|src_cctv|src_cctv_stills|src_continuity|court_claims_29,8818,,"SAFE_COURT | The defence asks the court to record outstanding continuity, lab and search/phone material. || SAFE_POSITION | Possession, knowledge, intent and continuity remain provisional pending served drug/source material. || HEARING | 23"
sha:9731ff2d3a7dde1dd83d8453fd01ad342e0480a72400458ace4a103a564ceba7,PDF-9731ff2d3a7d,CB-TB-086_Khan,9731ff2d3a7dde1dd83d8453fd01ad342e0480a72400458ace4a103a564ceba7,OFFLINE_COURT_PROJECTION,,INVENT,invent_phone_download,invent_phone_download,,modality_screenshot_vs_download,,src_charge|src_hearing|src_mg_forms|src_parties|src_cctv|src_continuity|court_claims_36,9937,,SAFE_COURT | The defence asks the court to record that full BWV and continuity material should be served. || SAFE_POSITION | Sequence and force remain provisional pending served BWV and officer source material. || HEARING | 19 July 2026 at 
sha:97a8bf4a78b0aa61e36bdabff310a3973fb96ad3b9f0a735f3116f4cace93e36,PDF-97a8bf4a78b0,CB-TB-506_Rees,97a8bf4a78b0aa61e36bdabff310a3973fb96ad3b9f0a735f3116f4cace93e36,OFFLINE_COURT_PROJECTION,,MODALITY,modality_summary_vs_recording,,,modality_summary_vs_recording,,src_charge|src_hearing|src_mg_forms|src_parties|src_dates|src_continuity|court_claims_33,2997,,"SAFE_COURT | Position remains provisional on the current papers — listed material families are not safely confirmed in the bundle yet. || SAFE_POSITION | Sequence, injury and causation remain provisional pending served witness, medical and "
sha:9780a230cea56aae92e0639d9281930ddd3c2063de6e7ef3009b4e82ec4fb00f,PDF-9780a230cea5,CB-TB-1258_Flynn,9780a230cea56aae92e0639d9281930ddd3c2063de6e7ef3009b4e82ec4fb00f,OFFLINE_COURT_PROJECTION,,MUTE,mute_phone_download,,mute_phone_download,,,src_charge|src_hearing|src_mg_forms|src_parties|src_dates|src_cctv|src_cctv_stills|src_continuity|court_claims_32,6118,,SAFE_COURT | The defence asks the court to record that full BWV and continuity material should be served. || SAFE_POSITION | Sequence and force remain provisional pending served BWV and officer source material. || HEARING | 09/07/2026 09:30
sha:987ae9e3d5f7ad1f6a610b7c310e38212c18c3225d685c161634e3b4702c6c18,PDF-987ae9e3d5f7,CB-TB-564_Marsh,987ae9e3d5f7ad1f6a610b7c310e38212c18c3225d685c161634e3b4702c6c18,OFFLINE_COURT_PROJECTION,,INVENT,invent_phone_download,invent_phone_download,,modality_summary_vs_recording,,src_charge|src_hearing|src_mg_forms|src_parties|src_dates|src_continuity|court_claims_37,3768,,"SAFE_COURT | The defence asks the court to record outstanding continuity, lab and search/phone material. || SAFE_POSITION | Possession, knowledge, intent and continuity remain provisional pending served drug/source material. || HEARING | 16"
sha:9811f9a6797084a37bf8f7cca262e3130f36880574b7b3fe15914ff239ebadb2,PDF-9811f9a67970,CB-TB-1321_Doyle,9811f9a6797084a37bf8f7cca262e3130f36880574b7b3fe15914ff239ebadb2,OFFLINE_COURT_PROJECTION,,INVENT,invent_phone_download,invent_phone_download,,,,src_charge|src_hearing|src_mg_forms|src_id_procedure|src_parties|src_dates|src_cctv|src_continuity|court_claims_37,7662,,"SAFE_COURT | The defence asks the court to record outstanding continuity, lab and search/phone material. || SAFE_POSITION | Possession, knowledge, intent and continuity remain provisional pending served drug/source material. || HEARING | 30"
sha:9902aa7c10ffbc497ac674ebc27b0cb3208e983765fab9a16d1ce127654e7fc1,PDF-9902aa7c10ff,CB-TB-537_Brooks,9902aa7c10ffbc497ac674ebc27b0cb3208e983765fab9a16d1ce127654e7fc1,OFFLINE_COURT_PROJECTION,,MODALITY,modality_summary_vs_recording,,mute_phone_download,modality_summary_vs_recording,,src_charge|src_hearing|src_mg_forms|src_parties|src_dates|src_continuity|court_claims_33,5030,,SAFE_COURT | The defence asks the court to record that source material must be clarified and timetabled. || SAFE_POSITION | The defence cannot safely fix a final position until the served source material is clarified. || HEARING | 17 July 2
sha:98aa5b71883ced92051b8645ece6d34f545afcc2c961d50d185618b514f57484,PDF-98aa5b71883c,CB-TB-538_Walsh,98aa5b71883ced92051b8645ece6d34f545afcc2c961d50d185618b514f57484,OFFLINE_COURT_PROJECTION,,MODALITY,modality_summary_vs_recording,,,modality_summary_vs_recording,,src_charge|src_hearing|src_mg_forms|src_parties|src_dates|src_continuity|court_claims_33,6555,,SAFE_COURT | The defence asks the court to record that source material must be clarified and timetabled. || SAFE_POSITION | The defence cannot safely fix a final position until the served source material is clarified. || HEARING | 17 August
sha:991148cc25d16cca3a7e5bb0095adaf929c7081d70af43d6fd0520a800a6542d,PDF-991148cc25d1,CB-TB-558_Doyle,991148cc25d16cca3a7e5bb0095adaf929c7081d70af43d6fd0520a800a6542d,OFFLINE_COURT_PROJECTION,,MODALITY,modality_summary_vs_recording,,,modality_summary_vs_recording,,src_charge|src_hearing|src_mg_forms|src_parties|src_dates|src_continuity|court_claims_33,8316,,SAFE_COURT | The defence asks the court to record that source material must be clarified and timetabled. || SAFE_POSITION | The defence cannot safely fix a final position until the served source material is clarified. || HEARING | 18 August
sha:98d047fa94691d42528ae5187ebc2f9ab798b9670b69b382d4cca66759c189ae,PDF-98d047fa9469,CB-TB-1608_Mason,98d047fa94691d42528ae5187ebc2f9ab798b9670b69b382d4cca66759c189ae,OFFLINE_COURT_PROJECTION,,MUTE,mute_cad_999,,mute_cad_999,,,src_charge|src_hearing|src_mg_forms|src_parties|src_dates|src_cctv|src_continuity|court_claims_29,10764,,SAFE_COURT | The defence asks the court to record that full BWV and continuity material should be served. || SAFE_POSITION | Sequence and force remain provisional pending served BWV and officer source material. || HEARING | 21 August 2026 a
sha:98b341273a0c67986373206355ff6d937f8dcc33d9cbd52d2915842db1993dd5,PDF-98b341273a0c,CB-TB-097_Price,98b341273a0c67986373206355ff6d937f8dcc33d9cbd52d2915842db1993dd5,OFFLINE_COURT_PROJECTION,,MUTE,mute_cctv_master,,mute_cctv_master,,,src_charge|src_hearing|src_mg_forms|src_parties|src_cctv|src_continuity|court_claims_32,8002,,SAFE_COURT | The defence asks the court to record that full BWV and continuity material should be served. || SAFE_POSITION | Sequence and force remain provisional pending served BWV and officer source material. || HEARING | 21 August 2026 a
sha:99715b4f91b5260fb1953caec72be6865c8629ca52e86134d74dfff844577ad8,PDF-99715b4f91b5,CB-TB-1930_Lowry,99715b4f91b5260fb1953caec72be6865c8629ca52e86134d74dfff844577ad8,OFFLINE_COURT_PROJECTION,,MUTE,mute_cctv_master,,mute_cctv_master|mute_phone_download,,,src_charge|src_hearing|src_mg_forms|src_parties|src_dates|src_cctv|src_continuity|court_claims_32,4999,,SAFE_COURT | The defence asks the court to record that full custody and interview records remain outstanding. || SAFE_POSITION | Custody/PACE safeguards cannot be finally assessed until the full custody and interview material is served. || 
sha:995670efcd9c57a1e7ca2463d6f337b6b1dfa96934c3ad0f1ef4ec416416a64e,PDF-995670efcd9c,CB-TB-732_Parker,995670efcd9c57a1e7ca2463d6f337b6b1dfa96934c3ad0f1ef4ec416416a64e,OFFLINE_COURT_PROJECTION,,MUTE,mute_cctv_master,,mute_cctv_master,,,src_charge|src_hearing|src_mg_forms|src_parties|src_dates|src_cctv|src_cctv_stills|court_claims_29,8323,,"SAFE_COURT | The defence asks the court to record outstanding continuity, lab and search/phone material. || SAFE_POSITION | Possession, knowledge, intent and continuity remain provisional pending served drug/source material. || HEARING | 07"
sha:9a34c57ce725d7387732e3eef97bb11b62bafc35721fb6c332274752e66aebf5,PDF-9a34c57ce725,CB-TB-460_Singh,9a34c57ce725d7387732e3eef97bb11b62bafc35721fb6c332274752e66aebf5,OFFLINE_COURT_PROJECTION,,MODALITY,modality_screenshot_vs_download,,,modality_screenshot_vs_download,,src_charge|src_hearing|src_mg_forms|src_parties|src_cctv|src_continuity|court_claims_33,4624,,SAFE_COURT | The defence asks the court to record outstanding message/account source material and complainant statement gaps. || SAFE_POSITION | The defence position remains provisional pending served message/account material and instructio
sha:9a271ba429f6ea201ba186acbdf7cfae67917262bc8efc698597e2c432de5ead,PDF-9a271ba429f6,CB-TB-073_Barker,9a271ba429f6ea201ba186acbdf7cfae67917262bc8efc698597e2c432de5ead,OFFLINE_COURT_PROJECTION,,MUTE,mute_cctv_master,,mute_cctv_master,,,src_charge|src_hearing|src_mg_forms|src_parties|src_cctv|src_continuity|court_claims_29,5051,,SAFE_COURT | The defence asks the court to record outstanding message/account source material and complainant statement gaps. || SAFE_POSITION | The defence position remains provisional pending served message/account material and instructio
sha:9ac29c7d43ada63c10760928e67164c19e7aad1d008d91ad68eb7f6af6c31dc2,PDF-9ac29c7d43ad,CB-TB-611_Stone,9ac29c7d43ada63c10760928e67164c19e7aad1d008d91ad68eb7f6af6c31dc2,OFFLINE_COURT_PROJECTION,,MUTE,mute_cctv_master,,mute_cctv_master,,,src_charge|src_hearing|src_mg_forms|src_parties|src_dates|src_cctv|src_cctv_stills|court_claims_28,9132,,SAFE_COURT | The defence asks the court to record that full BWV and continuity material should be served. || SAFE_POSITION | Sequence and force remain provisional pending served BWV and officer source material. || HEARING | 19 July 2026 at 
sha:9b1d6f062b5761217420e082e9d6430df2e7aa09beeb0cbc4dc1e17ca7d4ee5b,PDF-9b1d6f062b57,CB-TB-1283_Stone,9b1d6f062b5761217420e082e9d6430df2e7aa09beeb0cbc4dc1e17ca7d4ee5b,OFFLINE_COURT_PROJECTION,,MUTE,mute_cad_999,,mute_cad_999,,,src_charge|src_hearing|src_mg_forms|src_parties|src_dates|src_cctv_stills|src_continuity|court_claims_32,4071,,SAFE_COURT | The defence asks the court to record that full BWV and continuity material should be served. || SAFE_POSITION | Sequence and force remain provisional pending served BWV and officer source material. || HEARING | 09/07/2026 14:00
sha:9b823116c36aee798d2a7f223c87ea5e3ab6d7e51503d74dde45672f94a94363,PDF-9b823116c36a,CB-TB-1933_Doyle,9b823116c36aee798d2a7f223c87ea5e3ab6d7e51503d74dde45672f94a94363,OFFLINE_COURT_PROJECTION,,MUTE,mute_cctv_master,,mute_cctv_master,,,src_charge|src_hearing|src_mg_forms|src_parties|src_dates|src_cctv|src_continuity|court_claims_33,10314,,SAFE_COURT | The defence asks the court to record that full BWV and continuity material should be served. || SAFE_POSITION | Sequence and force remain provisional pending served BWV and officer source material. || HEARING | 17 July 2026 14:
sha:9bbca1728c076651a0a45545c549644d63ff8078e268a0a321356bf75a044991,PDF-9bbca1728c07,CB-TB-677_Reed,9bbca1728c076651a0a45545c549644d63ff8078e268a0a321356bf75a044991,OFFLINE_COURT_PROJECTION,,MUTE,mute_export_log,,mute_export_log|mute_cctv_master,,,src_charge|src_hearing|src_mg_forms|src_parties|src_dates|src_cctv|src_cctv_stills|court_claims_25,7875,,"SAFE_COURT | The defence asks the court to record outstanding CCTV, ID procedure and witness source material. || SAFE_POSITION | Identification and participation remain provisional pending served CCTV, ID and witness source material. || HEA"
sha:9bd50cc0b112b7b298d5a49cbe82fb3baa1844ea8afa6709c33662c61108a10c,PDF-9bd50cc0b112,CB-TB-636_Turner,9bd50cc0b112b7b298d5a49cbe82fb3baa1844ea8afa6709c33662c61108a10c,OFFLINE_COURT_PROJECTION,,MUTE,mute_cctv_master,,mute_cctv_master,,,src_charge|src_hearing|src_mg_forms|src_parties|src_dates|src_cctv|src_cctv_stills|court_claims_25,8638,,"SAFE_COURT | The defence asks the court to record outstanding continuity, lab and search/phone material. || SAFE_POSITION | Possession, knowledge, intent and continuity remain provisional pending served drug/source material. || HEARING | 19"
sha:9cb983f17dfbfc927c8848be60210104821443213f0e5ffc99870d3efeeba486,PDF-9cb983f17dfb,CB-TB-840_Dawson,9cb983f17dfbfc927c8848be60210104821443213f0e5ffc99870d3efeeba486,OFFLINE_COURT_PROJECTION,,MUTE,mute_export_log,,mute_export_log,,,src_charge|src_hearing|src_mg_forms|src_parties|src_dates|src_cctv|src_continuity|court_claims_33,5979,,"SAFE_COURT | The defence asks the court to record outstanding CCTV, ID procedure and witness source material. || SAFE_POSITION | Identification and participation remain provisional pending served CCTV, ID and witness source material. || HEA"
sha:9cf48b50804a79bed9c4749071bc251633215ced68c949aa3258b5d74a7c649a,PDF-9cf48b50804a,CB-TB-224_Carver,9cf48b50804a79bed9c4749071bc251633215ced68c949aa3258b5d74a7c649a,OFFLINE_COURT_PROJECTION,,MUTE,mute_phone_download,,mute_phone_download,,,src_charge|src_hearing|src_mg_forms|src_parties|src_dates|src_cctv|src_cctv_stills|src_continuity|court_claims_29,5619,,"SAFE_COURT | The defence asks the court to record outstanding device, calibration and procedure records. || SAFE_POSITION | Driver identity, procedure and device evidence remain provisional pending served source records. || HEARING | 16 Jun"
sha:9d3f361ad002b63a1505e33f2e724d2ebed66a46a6bc66868d2443d3f697d4b5,PDF-9d3f361ad002,CB-TB-675_Khan,9d3f361ad002b63a1505e33f2e724d2ebed66a46a6bc66868d2443d3f697d4b5,OFFLINE_COURT_PROJECTION,,MUTE,mute_cctv_master,,mute_cctv_master,,,src_charge|src_hearing|src_mg_forms|src_parties|src_dates|src_cctv|court_claims_24,7595,,SAFE_COURT | The defence asks the court to record that full BWV and continuity material should be served. || SAFE_POSITION | Sequence and force remain provisional pending served BWV and officer source material. || HEARING | 16 June 2026 at 
sha:9d6541e685c41aa2a48c12e7c216f8eb8f9cbda8d826c59c6f753faded05d75e,PDF-9d6541e685c4,CB-TB-1927_Kellett,9d6541e685c41aa2a48c12e7c216f8eb8f9cbda8d826c59c6f753faded05d75e,OFFLINE_COURT_PROJECTION,,MUTE,mute_phone_download,,mute_phone_download|mute_cad_999,,,src_charge|src_hearing|src_mg_forms|src_parties|src_dates|src_cctv|src_continuity|court_claims_37,5267,,SAFE_COURT | The defence asks the court to record that full BWV and continuity material should be served. || SAFE_POSITION | Sequence and force remain provisional pending served BWV and officer source material. || HEARING | 09 August 2026 1
sha:9d6c239255f6a5a4f8eadbdce435dd178495c165b1b48bdcda3f2b597beb2d93,PDF-9d6c239255f6,CB-TB-1254_Akhtar,9d6c239255f6a5a4f8eadbdce435dd178495c165b1b48bdcda3f2b597beb2d93,OFFLINE_COURT_PROJECTION,,MUTE,mute_cad_999,,mute_cad_999,,,src_charge|src_hearing|src_mg_forms|src_parties|src_dates|src_cctv|src_continuity|court_claims_29,6480,,SAFE_COURT | The defence asks the court to record that full custody and interview records remain outstanding. || SAFE_POSITION | Custody/PACE safeguards cannot be finally assessed until the full custody and interview material is served. || 
sha:9d929220d88e62ef9dbca5578e284b22dbfc8d5dce9b455293a640b8566eb981,PDF-9d929220d88e,CB-TB-125_Barker,9d929220d88e62ef9dbca5578e284b22dbfc8d5dce9b455293a640b8566eb981,OFFLINE_COURT_PROJECTION,,MUTE,mute_phone_download,,mute_phone_download,,,src_charge|src_hearing|src_mg_forms|src_parties|src_cctv|src_cctv_stills|src_continuity|court_claims_29,14397,,SAFE_COURT | The defence asks the court to record that full BWV and continuity material should be served. || SAFE_POSITION | Sequence and force remain provisional pending served BWV and officer source material. || HEARING | 21 June 2026 at 
sha:9e14295a4fc12d58994f152b4985b9ca682d8edd32880f2b278df5cd70f4b4be,PDF-9e14295a4fc1,CB-TB-605_Patterson,9e14295a4fc12d58994f152b4985b9ca682d8edd32880f2b278df5cd70f4b4be,OFFLINE_COURT_PROJECTION,,MUTE,mute_export_log,,mute_export_log|mute_cctv_master,,,src_charge|src_hearing|src_mg_forms|src_parties|src_dates|src_cctv|src_cctv_stills|src_continuity|court_claims_24,11811,,SAFE_COURT | The defence asks the court to record that full BWV and continuity material should be served. || SAFE_POSITION | Sequence and force remain provisional pending served BWV and officer source material. || HEARING | 01 July 2026 at 
sha:9df310801542a6f4b607bbad82e20b98c30f31bca0a6e68f58bec39d653715af,PDF-9df310801542,CB-TB-2114_Nolan,9df310801542a6f4b607bbad82e20b98c30f31bca0a6e68f58bec39d653715af,OFFLINE_COURT_PROJECTION,,MUTE,mute_cad_999,,mute_cad_999,,,src_charge|src_hearing|src_mg_forms|src_parties|src_dates|src_cctv|src_continuity|court_claims_29,11537,,SAFE_COURT | The defence asks the court to record that full BWV and continuity material should be served. || SAFE_POSITION | Sequence and force remain provisional pending served BWV and officer source material. || HEARING | 30 July 2026 at 
sha:9e6d7fc435dc25b79d5529a6a745a868f4fa48cbfa1fc6e2b3ed72b8023f0a94,PDF-9e6d7fc435dc,CB-TB-659_Quinn,9e6d7fc435dc25b79d5529a6a745a868f4fa48cbfa1fc6e2b3ed72b8023f0a94,OFFLINE_COURT_PROJECTION,,MUTE,mute_cctv_master,,mute_cctv_master,,,src_charge|src_hearing|src_mg_forms|src_parties|src_dates|src_cctv|src_cctv_stills|court_claims_21,5934,,"SAFE_COURT | The defence asks the court to record outstanding device, calibration and procedure records. || SAFE_POSITION | Driver identity, procedure and device evidence remain provisional pending served source records. || HEARING | 13 Jul"
sha:9e1f370696fb5590c93543e7fd2e4742b21b1f1afbe3bb139c6f895da3cfdec1,PDF-9e1f370696fb,CB-TB-438_Miah,9e1f370696fb5590c93543e7fd2e4742b21b1f1afbe3bb139c6f895da3cfdec1,OFFLINE_COURT_PROJECTION,,MODALITY,modality_screenshot_vs_download,,,modality_screenshot_vs_download,,src_charge|src_hearing|src_mg_forms|src_parties|src_cctv|src_continuity|court_claims_32,4727,,SAFE_COURT | The defence asks the court to record that full BWV and continuity material should be served. || SAFE_POSITION | Sequence and force remain provisional pending served BWV and officer source material. || HEARING | 17 June 2026 at 
sha:9e2d2f4c9bb2be36636ef6bad8a878b52986c4ecacdf10b97b0df9dc6a0979f4,PDF-9e2d2f4c9bb2,CB-TB-1053_Ellis,9e2d2f4c9bb2be36636ef6bad8a878b52986c4ecacdf10b97b0df9dc6a0979f4,OFFLINE_COURT_PROJECTION,,MUTE,mute_cad_999,,mute_cad_999,,,src_charge|src_hearing|src_mg_forms|src_parties|src_dates|src_cctv|src_cctv_stills|src_continuity|court_claims_36,6570,,SAFE_COURT | The defence asks the court to record that full BWV and continuity material should be served. || SAFE_POSITION | Sequence and force remain provisional pending served BWV and officer source material. || HEARING | 19 July 2026 at 
sha:9e311b53f7bb9771d5034a5023f5038ede0342e2eda7074a5db0795d94af766f,PDF-9e311b53f7bb,CB-TB-1045_Foster,9e311b53f7bb9771d5034a5023f5038ede0342e2eda7074a5db0795d94af766f,OFFLINE_COURT_PROJECTION,,MUTE,mute_cad_999,,mute_cad_999,,,src_charge|src_hearing|src_mg_forms|src_parties|src_dates|src_cctv|src_cctv_stills|src_continuity|court_claims_36,6741,,SAFE_COURT | The defence asks the court to record that full BWV and continuity material should be served. || SAFE_POSITION | Sequence and force remain provisional pending served BWV and officer source material. || HEARING | 04 August 2026 a
sha:9f80971e7fc9f82e4b796adf72ccef32aaa46a50d952549f77d1ea31b47466f0,PDF-9f80971e7fc9,CB-TB-2069_Doyle,9f80971e7fc9f82e4b796adf72ccef32aaa46a50d952549f77d1ea31b47466f0,OFFLINE_COURT_PROJECTION,,MUTE,mute_cad_999,,mute_cad_999,,,src_charge|src_hearing|src_mg_forms|src_parties|src_cctv|src_continuity|court_claims_21,3360,,SAFE_COURT | The defence asks the court to record that full BWV and continuity material should be served. || SAFE_POSITION | Sequence and force remain provisional pending served BWV and officer source material. || HEARING | 4 August 2026 at
sha:9f9040279e0a8cb6c2fc908cd1068c2d666210c5d60986a5231f9927ba959c2e,PDF-9f9040279e0a,CB-TB-708_Mitchell,9f9040279e0a8cb6c2fc908cd1068c2d666210c5d60986a5231f9927ba959c2e,OFFLINE_COURT_PROJECTION,,MUTE,mute_cctv_master,,mute_cctv_master,,,src_charge|src_hearing|src_mg_forms|src_parties|src_dates|src_cctv|src_continuity|court_claims_28,3839,,SAFE_COURT | The defence asks the court to record that full BWV and continuity material should be served. || SAFE_POSITION | Sequence and force remain provisional pending served BWV and officer source material. || HEARING | 10 July 2026 at 
sha:9ffcab01008f08e727581d369ca93cca4eec07c5ee993140f37b9f0cab2b937b,PDF-9ffcab01008f,CB-TB-1235_Ashton,9ffcab01008f08e727581d369ca93cca4eec07c5ee993140f37b9f0cab2b937b,OFFLINE_COURT_PROJECTION,,MUTE,mute_cad_999,,mute_cad_999,,,src_charge|src_hearing|src_mg_forms|src_parties|src_dates|src_cctv|src_cctv_stills|src_continuity|court_claims_29,3758,,SAFE_COURT | The defence asks the court to record outstanding message/account source material and complainant statement gaps. || SAFE_POSITION | The defence position remains provisional pending served message/account material and instructio
sha:a049084d2eb0ad56f8992acaffe44c095078264105fbddace51199272253c5f6,PDF-a049084d2eb0,CB-TB-312_Marsh,a049084d2eb0ad56f8992acaffe44c095078264105fbddace51199272253c5f6,OFFLINE_COURT_PROJECTION,,MUTE,mute_phone_download,,mute_phone_download,,,src_charge|src_hearing|src_mg_forms|src_parties|src_dates|court_claims_32,7365,,SAFE_COURT | The defence asks the court to record that full custody and interview records remain outstanding. || SAFE_POSITION | Custody/PACE safeguards cannot be finally assessed until the full custody and interview material is served. || 
sha:a04ab778d49b8e9c607a4927c2d4bf6933a2c25d3185e0b1a5b407d547901983,PDF-a04ab778d49b,CB-TB-930_Fletcher,a04ab778d49b8e9c607a4927c2d4bf6933a2c25d3185e0b1a5b407d547901983,OFFLINE_COURT_PROJECTION,,MUTE,mute_phone_download,,mute_phone_download,,,src_hearing|src_mg_forms|src_parties|src_dates|src_cctv|court_claims_24,5115,,SAFE_COURT | The defence asks the court to record that full BWV and continuity material should be served. || SAFE_POSITION | Sequence and force remain provisional pending served BWV and officer source material. || HEARING | 12/08/2026 11:00
sha:a08211ae991a57a7d2b67174164b2b42d306f8380d6d3772a746fb32b4d77d9b,PDF-a08211ae991a,CB-TB-736_Morgan,a08211ae991a57a7d2b67174164b2b42d306f8380d6d3772a746fb32b4d77d9b,OFFLINE_COURT_PROJECTION,,MUTE,mute_cctv_master,,mute_cctv_master,,,src_charge|src_hearing|src_mg_forms|src_parties|src_dates|src_cctv|src_continuity|court_claims_25,5888,,"SAFE_COURT | The defence asks the court to record outstanding continuity, lab and search/phone material. || SAFE_POSITION | Possession, knowledge, intent and continuity remain provisional pending served drug/source material. || HEARING | 19"
sha:a1648f7191a7cd0abdbd814bf5cef41b99cc853d00b0fdced5ae0cae70632d7f,PDF-a1648f7191a7,CB-TB-1911_Keane,a1648f7191a7cd0abdbd814bf5cef41b99cc853d00b0fdced5ae0cae70632d7f,OFFLINE_COURT_PROJECTION,,MUTE,mute_cctv_master,,mute_cctv_master,,,src_charge|src_hearing|src_mg_forms|src_parties|src_dates|src_cctv|court_claims_29,4276,,SAFE_COURT | The defence asks the court to record that full BWV and continuity material should be served. || SAFE_POSITION | Sequence and force remain provisional pending served BWV and officer source material. || HEARING | 01 August 2026 1
sha:a1630111ff7bd5693f39003a447822311fa4f922be3a2c356954f841a5028938,PDF-a1630111ff7b,CB-TB-746_Coleman,a1630111ff7bd5693f39003a447822311fa4f922be3a2c356954f841a5028938,OFFLINE_COURT_PROJECTION,,MUTE,mute_cctv_master,,mute_cctv_master,,,src_charge|src_hearing|src_mg_forms|src_parties|src_dates|src_cctv|src_cctv_stills|src_continuity|court_claims_24,10630,,SAFE_COURT | The defence asks the court to record that full BWV and continuity material should be served. || SAFE_POSITION | Sequence and force remain provisional pending served BWV and officer source material. || HEARING | 18 August 2026 a
sha:a0dfe8d8ca146583a84a898d46071f0713698a8f9f523bdd36724fb06aeae860,PDF-a0dfe8d8ca14,CB-TB-2000_Pike,a0dfe8d8ca146583a84a898d46071f0713698a8f9f523bdd36724fb06aeae860,OFFLINE_COURT_PROJECTION,,MUTE,mute_cctv_master,,mute_cctv_master|mute_phone_download|mute_cad_999,,,src_charge|src_hearing|src_mg_forms|src_parties|src_dates|src_cctv|src_continuity|court_claims_29,10536,,"SAFE_COURT | The defence asks the court to record outstanding bank/device source and loss material. || SAFE_POSITION | Account control, dishonesty and loss remain provisional pending served bank/device source material. || HEARING | 28 July "
sha:a201dbb044409189904db32f4623e818b81d9baf32781f0a8ffbe155fb1da342,PDF-a201dbb04440,CB-TB-782_Parker,a201dbb044409189904db32f4623e818b81d9baf32781f0a8ffbe155fb1da342,OFFLINE_COURT_PROJECTION,,MUTE,mute_cctv_master,,mute_cctv_master,,,src_charge|src_hearing|src_mg_forms|src_parties|src_dates|src_cctv|src_continuity|court_claims_25,6433,,"SAFE_COURT | The defence asks the court to record outstanding CCTV, ID procedure and witness source material. || SAFE_POSITION | Identification and participation remain provisional pending served CCTV, ID and witness source material. || HEA"
sha:a236fb19b597c307c112aee77a888c7a11ce8cd8ecb5b06a9536b44c3cb5c4dd,PDF-a236fb19b597,CB-TB-481_Singh,a236fb19b597c307c112aee77a888c7a11ce8cd8ecb5b06a9536b44c3cb5c4dd,OFFLINE_COURT_PROJECTION,,MODALITY,modality_screenshot_vs_download,,,modality_screenshot_vs_download,,src_charge|src_hearing|src_mg_forms|src_parties|src_cctv|src_continuity|court_claims_28,5508,,SAFE_COURT | The defence asks the court to record that full BWV and continuity material should be served. || SAFE_POSITION | Sequence and force remain provisional pending served BWV and officer source material. || HEARING | 1 July 2026 at 1
sha:a2371019338b26304c8333c80d36f437fec71f47026e7962957f4c7db71a163d,PDF-a2371019338b,CB-TB-2003_Okonkwo,a2371019338b26304c8333c80d36f437fec71f47026e7962957f4c7db71a163d,OFFLINE_COURT_PROJECTION,,MUTE,mute_cad_999,,mute_cad_999,,,src_charge|src_hearing|src_mg_forms|src_parties|src_dates|src_cctv|src_continuity|court_claims_29,11440,,SAFE_COURT | The defence asks the court to record that full BWV and continuity material should be served. || SAFE_POSITION | Sequence and force remain provisional pending served BWV and officer source material. || HEARING | 16 August 2026 a
sha:a2e4429423259dca25680b15cc7e4093e8dfd1f79a8b1f5e4de60c68daeadf98,PDF-a2e442942325,CB-TB-427_Brennan,a2e4429423259dca25680b15cc7e4093e8dfd1f79a8b1f5e4de60c68daeadf98,OFFLINE_COURT_PROJECTION,,MODALITY,modality_screenshot_vs_download,,,modality_screenshot_vs_download,,src_charge|src_hearing|src_mg_forms|src_parties|src_cctv|src_continuity|court_claims_29,4185,,"SAFE_COURT | The defence asks the court to record outstanding continuity, lab and search/phone material. || SAFE_POSITION | Possession, knowledge, intent and continuity remain provisional pending served drug/source material. || HEARING | 6 "
sha:a2eee44ac04d2769c9578a3307dedfd85f3902f404993580bf52b9a8dc534e64,PDF-a2eee44ac04d,CB-TB-2134_Hughes,a2eee44ac04d2769c9578a3307dedfd85f3902f404993580bf52b9a8dc534e64,OFFLINE_COURT_PROJECTION,,MUTE,mute_cad_999,,mute_cad_999,,,src_charge|src_hearing|src_mg_forms|src_parties|src_dates|src_cctv|src_continuity|court_claims_25,7247,,SAFE_COURT | The defence asks the court to record that full BWV and continuity material should be served. || SAFE_POSITION | Sequence and force remain provisional pending served BWV and officer source material. || HEARING | 20 July 2026 at 
sha:a2948f774531df1f05e170d804fde1a4d4d88111c0cded51694d98bd4233c42c,PDF-a2948f774531,CB-TB-259_Spencer,a2948f774531df1f05e170d804fde1a4d4d88111c0cded51694d98bd4233c42c,OFFLINE_COURT_PROJECTION,,MUTE,mute_phone_download,,mute_phone_download,,,src_charge|src_hearing|src_mg_forms|src_parties|src_dates|src_cctv|court_claims_28,11677,,SAFE_COURT | The defence asks the court to record that full BWV and continuity material should be served. || SAFE_POSITION | Sequence and force remain provisional pending served BWV and officer source material. || HEARING | 07 July 2026 at 
sha:a35884e37345b2ebf80529e995a951b60849e48d080d5c29d003ad2203215b71,PDF-a35884e37345,NS-CPS-2026-0432 - Copy (2),a35884e37345b2ebf80529e995a951b60849e48d080d5c29d003ad2203215b71,OFFLINE_COURT_PROJECTION,,MUTE,mute_cctv_master,,mute_cctv_master,,,src_charge|src_hearing|src_mg_forms|src_parties|src_dates|src_cctv|src_continuity|court_claims_31,4766,,SAFE_COURT | The defence asks the court to record that full BWV and continuity material should be served. || SAFE_POSITION | Sequence and force remain provisional pending served BWV and officer source material. || DEADLINE | Hearing date no
sha:a3aa33e8050f3dc8d1d8bad991acec8a9f194f624841d807f9130046e7173f68,PDF-a3aa33e8050f,CB-TB-434_Brennan,a3aa33e8050f3dc8d1d8bad991acec8a9f194f624841d807f9130046e7173f68,OFFLINE_COURT_PROJECTION,,MODALITY,modality_screenshot_vs_download,,,modality_screenshot_vs_download,,src_charge|src_hearing|src_mg_forms|src_parties|src_continuity|court_claims_28,4018,,"SAFE_COURT | The defence asks the court to record outstanding continuity, lab and search/phone material. || SAFE_POSITION | Possession, knowledge, intent and continuity remain provisional pending served drug/source material. || HEARING | 20"
sha:a42fbb3996318530d4660fd13fb81858b11e7e9015feb17aff60b92480315f55,PDF-a42fbb399631,CB-TB-891_Rees,a42fbb3996318530d4660fd13fb81858b11e7e9015feb17aff60b92480315f55,OFFLINE_COURT_PROJECTION,,MUTE,mute_cctv_master,,mute_cctv_master,,,src_charge|src_hearing|src_mg_forms|src_parties|src_cctv|src_continuity|court_claims_32,5245,,SAFE_COURT | The defence asks the court to record that full BWV and continuity material should be served. || SAFE_POSITION | Sequence and force remain provisional pending served BWV and officer source material. || HEARING | 28 June 2026 at 
sha:a5135613b5f5aa7a1ed8982e3af598214b5d5910e80391d6304b7ed5944329b8,PDF-a5135613b5f5,CB-TB-1296_Rees,a5135613b5f5aa7a1ed8982e3af598214b5d5910e80391d6304b7ed5944329b8,OFFLINE_COURT_PROJECTION,,MUTE,mute_phone_download,,mute_phone_download,,,src_charge|src_hearing|src_mg_forms|src_parties|src_dates|src_cctv|src_continuity|court_claims_32,4586,,SAFE_COURT | The defence asks the court to record that full custody and interview records remain outstanding. || SAFE_POSITION | Custody/PACE safeguards cannot be finally assessed until the full custody and interview material is served. || 
sha:a50fc3f5ae1fba7d6080873d7f8e4743d49e9c7da94858e95a27e0b6fb1171ae,PDF-a50fc3f5ae1f,CB-TB-414_Davies,a50fc3f5ae1fba7d6080873d7f8e4743d49e9c7da94858e95a27e0b6fb1171ae,OFFLINE_COURT_PROJECTION,,MUTE,mute_phone_download,,mute_phone_download,,,src_charge|src_hearing|src_mg_forms|src_parties|src_cctv|src_continuity|court_claims_32,5652,,SAFE_COURT | The defence asks the court to record that full BWV and continuity material should be served. || SAFE_POSITION | Sequence and force remain provisional pending served BWV and officer source material. || HEARING | 11 July 2026 at 
sha:a4314da7634e60bee9c8901e85abd57b914f01b32b0081209cf3da4f551d530b,PDF-a4314da7634e,CB-TB-1773_Marlow,a4314da7634e60bee9c8901e85abd57b914f01b32b0081209cf3da4f551d530b,OFFLINE_COURT_PROJECTION,,INVENT,invent_phone_download,invent_phone_download,,,,src_charge|src_hearing|src_mg_forms|src_parties|court_claims_32,5344,,SAFE_COURT | The defence asks the court to record that the full extraction/source material remains outstanding. || SAFE_POSITION | Attribution remains provisional pending served device/source material and instructions. || HEARING | 25 Augus
sha:a4c535e55cc02afec4388bb3bb10cd5b529e38eee1f5f8e7e87c2b8009ee1da8,PDF-a4c535e55cc0,CB-TB-993_Patel,a4c535e55cc02afec4388bb3bb10cd5b529e38eee1f5f8e7e87c2b8009ee1da8,OFFLINE_COURT_PROJECTION,,MUTE,mute_cctv_master,,mute_cctv_master,,,src_charge|src_hearing|src_mg_forms|src_parties|src_dates|src_cctv|court_claims_28,7392,,SAFE_COURT | The defence asks the court to record that full BWV and continuity material should be served. || SAFE_POSITION | Sequence and force remain provisional pending served BWV and officer source material. || HEARING | 19/07/2026 10:30
sha:a543c89216e85664bb9af8c039facd5c184c4d56c9727f59105d5bf4c5d0459d,PDF-a543c89216e8,CB-TB-684_Hale,a543c89216e85664bb9af8c039facd5c184c4d56c9727f59105d5bf4c5d0459d,OFFLINE_COURT_PROJECTION,,MUTE,mute_cctv_master,,mute_cctv_master|mute_cad_999,,,src_charge|src_hearing|src_mg_forms|src_parties|src_dates|src_cctv|src_cctv_stills|src_continuity|court_claims_21,8299,,"SAFE_COURT | The defence asks the court to record outstanding CCTV, ID procedure and witness source material. || SAFE_POSITION | Identification and participation remain provisional pending served CCTV, ID and witness source material. || HEA"
sha:a5247ab7bf893e2b36e724a8525fa7c9c72614a3f9bf6e8f69993782749a219f,PDF-a5247ab7bf89,CB-TB-866_Marsh,a5247ab7bf893e2b36e724a8525fa7c9c72614a3f9bf6e8f69993782749a219f,OFFLINE_COURT_PROJECTION,,INVENT,invent_phone_download,invent_phone_download,,,,src_charge|src_hearing|src_mg_forms|src_parties|src_continuity|court_claims_33,8084,,"SAFE_COURT | The defence asks the court to record outstanding device, calibration and procedure records. || SAFE_POSITION | Driver identity, procedure and device evidence remain provisional pending served source records. || HEARING | 29 Jun"
sha:a5b3e8c1b0d1f79212a9ed9e1f0f8f03557515ecbc0cde3c48580055bcd22aa9,PDF-a5b3e8c1b0d1,CB-TB-1252_Rowe,a5b3e8c1b0d1f79212a9ed9e1f0f8f03557515ecbc0cde3c48580055bcd22aa9,OFFLINE_COURT_PROJECTION,,MUTE,mute_cad_999,,mute_cad_999,,,src_charge|src_hearing|src_mg_forms|src_parties|src_dates|src_cctv|src_cctv_stills|src_continuity|court_claims_28,4048,,SAFE_COURT | The defence asks the court to record that full BWV and continuity material should be served. || SAFE_POSITION | Sequence and force remain provisional pending served BWV and officer source material. || HEARING | 21/06/2026 14:00
sha:a663b294b26dbe39e772426d480e328aa2973a837576d880249aca1c839fe87a,PDF-a663b294b26d,CB-TB-539_Ross,a663b294b26dbe39e772426d480e328aa2973a837576d880249aca1c839fe87a,OFFLINE_COURT_PROJECTION,,MODALITY,modality_summary_vs_recording,,mute_cctv_master,modality_summary_vs_recording,,src_charge|src_hearing|src_mg_forms|src_parties|src_dates|src_cctv|src_continuity|court_claims_33,3754,,"SAFE_COURT | The defence asks the court to record outstanding continuity, lab and search/phone material. || SAFE_POSITION | Possession, knowledge, intent and continuity remain provisional pending served drug/source material. || HEARING | 28"
sha:a67176ef5bc23472f8f946b73ae0430a03b81065b05569c759b6e0c472acfc03,PDF-a67176ef5bc2,CB-TB-1585_Francis,a67176ef5bc23472f8f946b73ae0430a03b81065b05569c759b6e0c472acfc03,OFFLINE_COURT_PROJECTION,,INVENT,invent_cctv_master,invent_cctv_master,mute_cad_999,,,src_charge|src_hearing|src_mg_forms|src_parties|src_cctv|src_cctv_stills|court_claims_29,3453,,"SAFE_COURT | The defence asks the court to record outstanding CCTV, ID procedure and witness source material. || SAFE_POSITION | Identification and participation remain provisional pending served CCTV, ID and witness source material. || HEA"
sha:a6f36778e49b593852334e2464a948b87c5e4dbd470d626d7fb9cb94724c1e80,PDF-a6f36778e49b,CB-TB-545_Thornton,a6f36778e49b593852334e2464a948b87c5e4dbd470d626d7fb9cb94724c1e80,OFFLINE_COURT_PROJECTION,,MODALITY,modality_summary_vs_recording,,,modality_summary_vs_recording,,src_charge|src_hearing|src_mg_forms|src_parties|src_dates|src_continuity|court_claims_33,3264,,SAFE_COURT | The defence asks the court to record that source material must be clarified and timetabled. || SAFE_POSITION | The defence cannot safely fix a final position until the served source material is clarified. || HEARING | 24 July 2
sha:a6fc95634505c144694d90eca76bf8d11f8d2136ed87d50cc1dd0d55d7090ce7,PDF-a6fc95634505,CB-TB-1986_Quinn,a6fc95634505c144694d90eca76bf8d11f8d2136ed87d50cc1dd0d55d7090ce7,OFFLINE_COURT_PROJECTION,,MUTE,mute_cctv_master,,mute_cctv_master,,,src_charge|src_hearing|src_mg_forms|src_parties|src_dates|src_cctv|src_continuity|court_claims_33,3824,,"SAFE_COURT | The defence asks the court to record outstanding bank/device source and loss material. || SAFE_POSITION | Account control, dishonesty and loss remain provisional pending served bank/device source material. || HEARING | 14 July "
sha:a6e61144e9b2ee8cd24d5698e7f3bdc2ac7518eae88a19f89adea050fe5a465f,PDF-a6e61144e9b2,CB-TB-671_Ross,a6e61144e9b2ee8cd24d5698e7f3bdc2ac7518eae88a19f89adea050fe5a465f,OFFLINE_COURT_PROJECTION,,MUTE,mute_export_log,,mute_export_log|mute_cctv_master,,,src_charge|src_hearing|src_mg_forms|src_parties|src_dates|src_cctv|court_claims_28,6115,,SAFE_COURT | The defence asks the court to record that full BWV and continuity material should be served. || SAFE_POSITION | Sequence and force remain provisional pending served BWV and officer source material. || HEARING | 18 August 2026 a
sha:a6ebed83771a11e83250f3786770534eff4a55875464c261aab4c4f7570cd1b8,PDF-a6ebed83771a,CB-TB-1985_Shaw,a6ebed83771a11e83250f3786770534eff4a55875464c261aab4c4f7570cd1b8,OFFLINE_COURT_PROJECTION,,MUTE,mute_cctv_master,,mute_cctv_master,,,src_charge|src_hearing|src_mg_forms|src_parties|src_dates|src_cctv|src_continuity|court_claims_33,7630,,SAFE_COURT | The defence asks the court to record that full BWV and continuity material should be served. || SAFE_POSITION | Sequence and force remain provisional pending served BWV and officer source material. || HEARING | 12 September 202
sha:a6a9ac3d32578ccba3084138a0e7c66d260cb7d34b9427f7d56bcd770553e418,PDF-a6a9ac3d3257,CB-TB-556_Wright,a6a9ac3d32578ccba3084138a0e7c66d260cb7d34b9427f7d56bcd770553e418,OFFLINE_COURT_PROJECTION,,MODALITY,modality_summary_vs_recording,,,modality_summary_vs_recording,,src_charge|src_hearing|src_mg_forms|src_parties|src_dates|src_continuity|court_claims_33,7892,,SAFE_COURT | The defence asks the court to record that source material must be clarified and timetabled. || SAFE_POSITION | The defence cannot safely fix a final position until the served source material is clarified. || HEARING | 17 August
sha:a73c493624a3989b84a873ed23691bcc61f09c3adb8b6a1036873b5589ea1f76,PDF-a73c493624a3,CB-TB-1562_White,a73c493624a3989b84a873ed23691bcc61f09c3adb8b6a1036873b5589ea1f76,OFFLINE_COURT_PROJECTION,,MUTE,mute_cad_999,,mute_cad_999,,,src_charge|src_hearing|src_mg_forms|src_parties|src_cctv|src_cctv_stills|court_claims_20,3904,,SAFE_COURT | The defence asks the court to record that full custody and interview records remain outstanding. || SAFE_POSITION | Custody/PACE safeguards cannot be finally assessed until the full custody and interview material is served. || 
sha:a72236fb7116e9d9d780fa2039f199b48338de6e43f1b9ab71309f440aad3680,PDF-a72236fb7116,CB-TB-824_Evans,a72236fb7116e9d9d780fa2039f199b48338de6e43f1b9ab71309f440aad3680,OFFLINE_COURT_PROJECTION,,MUTE,mute_export_log,,mute_export_log,,,src_charge|src_hearing|src_mg_forms|src_parties|src_dates|src_cctv|src_continuity|court_claims_29,10211,,SAFE_COURT | The defence asks the court to record that full BWV and continuity material should be served. || SAFE_POSITION | Sequence and force remain provisional pending served BWV and officer source material. || HEARING | 25 July 2026 at 
sha:a74e679c3653a30b09d92057b4c30de1f15eb989d2e8bfc16f15e38a80efb740,PDF-a74e679c3653,CB-TB-1984_Denton,a74e679c3653a30b09d92057b4c30de1f15eb989d2e8bfc16f15e38a80efb740,OFFLINE_COURT_PROJECTION,,MUTE,mute_cctv_master,,mute_cctv_master|mute_phone_download,,,src_charge|src_hearing|src_mg_forms|src_parties|src_dates|src_cctv|court_claims_25,4762,,SAFE_COURT | The defence asks the court to record that full BWV and continuity material should be served. || SAFE_POSITION | Sequence and force remain provisional pending served BWV and officer source material. || HEARING | 18 July 2026 14:
sha:a764d082ab4d01128c3f725d74a4ca35ac400090e29c7927d9028604ce08d803,PDF-a764d082ab4d,CB-TB-835_Grant,a764d082ab4d01128c3f725d74a4ca35ac400090e29c7927d9028604ce08d803,OFFLINE_COURT_PROJECTION,,INVENT,invent_phone_download,invent_phone_download,,,,src_charge|src_hearing|src_mg_forms|src_dates|src_cctv|court_claims_29,5737,,SAFE_COURT | The defence asks the court to record that full BWV and continuity material should be served. || SAFE_POSITION | Sequence and force remain provisional pending served BWV and officer source material. || HEARING | 27 August 2026 a
sha:a82d607b0310460d808eb2ab3b9d881c4543fdf5a4393e070b39beb8404e6d99,PDF-a82d607b0310,CB-TB-683_Merritt,a82d607b0310460d808eb2ab3b9d881c4543fdf5a4393e070b39beb8404e6d99,OFFLINE_COURT_PROJECTION,,MUTE,mute_cctv_master,,mute_cctv_master,,,src_charge|src_hearing|src_mg_forms|src_parties|src_dates|src_cctv|src_continuity|court_claims_25,6886,,"SAFE_COURT | The defence asks the court to record outstanding CCTV, ID procedure and witness source material. || SAFE_POSITION | Identification and participation remain provisional pending served CCTV, ID and witness source material. || HEA"
sha:a8f0172f4c9b7383acce4e034f846ba14a893ce141488b462d41c1a748546ce4,PDF-a8f0172f4c9b,CB-TB-1649_Mitchell,a8f0172f4c9b7383acce4e034f846ba14a893ce141488b462d41c1a748546ce4,OFFLINE_COURT_PROJECTION,,MODALITY,modality_screenshot_vs_download,,,modality_screenshot_vs_download,,src_charge|src_hearing|src_mg_forms|src_parties|src_dates|src_cctv|src_continuity|court_claims_25,6237,,"SAFE_COURT | The defence asks the court to record outstanding continuity, lab and search/phone material. || SAFE_POSITION | Possession, knowledge, intent and continuity remain provisional pending served drug/source material. || HEARING | 4 "
sha:a8212b59135e7160a06fd948acf7ac158542565077ac4224bafa06a09cf284ea,PDF-a8212b59135e,CB-TB-2018_Doyle,a8212b59135e7160a06fd948acf7ac158542565077ac4224bafa06a09cf284ea,OFFLINE_COURT_PROJECTION,,MUTE,mute_cad_999,,mute_cad_999,,,src_charge|src_hearing|src_mg_forms|src_parties|src_dates|src_cctv|src_continuity|court_claims_25,8297,,"SAFE_COURT | The defence asks the court to record outstanding continuity, lab and search/phone material. || SAFE_POSITION | Possession, knowledge, intent and continuity remain provisional pending served drug/source material. || HEARING | 22"
sha:a95ed4ea59a83c31189156473aae56d87dec9dc66f1d8c2db6a884a26151e716,PDF-a95ed4ea59a8,CB-TB-551_Parker,a95ed4ea59a83c31189156473aae56d87dec9dc66f1d8c2db6a884a26151e716,OFFLINE_COURT_PROJECTION,,MODALITY,modality_summary_vs_recording,,,modality_summary_vs_recording,,src_charge|src_hearing|src_mg_forms|src_parties|src_dates|src_continuity|court_claims_33,5850,,SAFE_COURT | The defence asks the court to record outstanding message/account source material and complainant statement gaps. || SAFE_POSITION | The defence position remains provisional pending served message/account material and instructio
sha:a9a6937cf786ab30bed62dd98c0de507114f272e56b6aad01e14d40dfa2b8f72,PDF-a9a6937cf786,CB-TB-1034_Dawson,a9a6937cf786ab30bed62dd98c0de507114f272e56b6aad01e14d40dfa2b8f72,OFFLINE_COURT_PROJECTION,,MUTE,mute_cad_999,,mute_cad_999,,,src_charge|src_hearing|src_mg_forms|src_parties|src_dates|src_cctv|src_continuity|court_claims_24,5053,,SAFE_COURT | The defence asks the court to record that full BWV and continuity material should be served. || SAFE_POSITION | Sequence and force remain provisional pending served BWV and officer source material. || HEARING | 25 July 2026 at 
sha:a9a76a8e577d92ec1be87f49c50d339314e18f22601643d8ca1ed847afdd2fa4,PDF-a9a76a8e577d,CB-TB-518_Walsh,a9a76a8e577d92ec1be87f49c50d339314e18f22601643d8ca1ed847afdd2fa4,OFFLINE_COURT_PROJECTION,,MODALITY,modality_summary_vs_recording,,mute_phone_download,modality_summary_vs_recording,,src_charge|src_hearing|src_mg_forms|src_parties|src_dates|src_continuity|court_claims_33,3999,,SAFE_COURT | The defence asks the court to record that source material must be clarified and timetabled. || SAFE_POSITION | The defence cannot safely fix a final position until the served source material is clarified. || HEARING | 27 July 2
sha:a9900dcbe8d8fcbc08198ac090e1e1d697e3c62f7d2c6aa731559734efde3457,PDF-a9900dcbe8d8,CB-TB-167_Coates,a9900dcbe8d8fcbc08198ac090e1e1d697e3c62f7d2c6aa731559734efde3457,OFFLINE_COURT_PROJECTION,,MUTE,mute_phone_download,,mute_phone_download,,,src_charge|src_hearing|src_mg_forms|src_parties|src_cctv|src_continuity|court_claims_37,11929,,SAFE_COURT | The defence asks the court to record that full BWV and continuity material should be served. || SAFE_POSITION | Sequence and force remain provisional pending served BWV and officer source material. || HEARING | 12 August 2026 a
sha:a9b6847aa2bbf971a976c354dc479bca1f5e3fbc7480f1f7e94553b5614b455a,PDF-a9b6847aa2bb,gauntlet-01-thin-charge,a9b6847aa2bbf971a976c354dc479bca1f5e3fbc7480f1f7e94553b5614b455a,OFFLINE_COURT_PROJECTION,,MUTE,mute_export_log,,mute_export_log,,,src_charge|src_hearing|src_mg_forms|src_parties|src_cctv|src_continuity|court_claims_30,1747,,"SAFE_COURT | The defence asks the court to record outstanding medical, video and sequence material. || SAFE_POSITION | Sequence, injury and causation remain provisional pending served witness, medical and video/source material. || HEARING |"
sha:aa1ad6cc1a9dbcecd7cd276904165f81bf6ddccecde767a0d3e97a30dc0b1573,PDF-aa1ad6cc1a9d,CB-TB-709_Marsh,aa1ad6cc1a9dbcecd7cd276904165f81bf6ddccecde767a0d3e97a30dc0b1573,OFFLINE_COURT_PROJECTION,,MUTE,mute_cctv_master,,mute_cctv_master,,,src_charge|src_hearing|src_mg_forms|src_parties|src_dates|src_cctv|src_continuity|court_claims_24,6639,,SAFE_COURT | The defence asks the court to record that full BWV and continuity material should be served. || SAFE_POSITION | Sequence and force remain provisional pending served BWV and officer source material. || HEARING | 13 July 2026 at 
sha:a9f4d03b0b030477bfafc5514b9b82d9e09f4235475561796389a967b7de8bca,PDF-a9f4d03b0b03,CB-TB-2183_Mason,a9f4d03b0b030477bfafc5514b9b82d9e09f4235475561796389a967b7de8bca,OFFLINE_COURT_PROJECTION,,MUTE,mute_cad_999,,mute_cad_999,,,src_charge|src_hearing|src_mg_forms|src_parties|src_dates|src_cctv|src_continuity|court_claims_25,5987,,"SAFE_COURT | The defence asks the court to record outstanding device, calibration and procedure records. || SAFE_POSITION | Driver identity, procedure and device evidence remain provisional pending served source records. || HEARING | 27 Jul"
sha:aac73c92cb75a160a9bd71ef4bc5c03c36bc0851f83ab4569eaa25e393adc1aa,PDF-aac73c92cb75,CB-TB-1658_Okonkwo,aac73c92cb75a160a9bd71ef4bc5c03c36bc0851f83ab4569eaa25e393adc1aa,OFFLINE_COURT_PROJECTION,,MUTE,mute_cad_999,,mute_cad_999,,,src_charge|src_hearing|src_mg_forms|src_parties|src_dates|src_cctv|src_continuity|court_claims_25,4092,,SAFE_COURT | The defence asks the court to record that full BWV and continuity material should be served. || SAFE_POSITION | Sequence and force remain provisional pending served BWV and officer source material. || HEARING | 22 June 2026 at 
sha:aa6df44a2918a0ea4dfe59abae97d0c8adc6526e23acabc22b2f81aff720efc7,PDF-aa6df44a2918,CB-TB-810_Brooks,aa6df44a2918a0ea4dfe59abae97d0c8adc6526e23acabc22b2f81aff720efc7,OFFLINE_COURT_PROJECTION,,INVENT,invent_phone_download,invent_phone_download,,,,src_charge|src_hearing|src_mg_forms|src_parties|src_dates|src_cctv|court_claims_29,6686,,SAFE_COURT | The defence asks the court to record that full BWV and continuity material should be served. || SAFE_POSITION | Sequence and force remain provisional pending served BWV and officer source material. || HEARING | 28 August 2026 a
sha:aa721d359c77e5ef690947a0b6edf4bc86fc471763c6917cd932e9e6bb28ec5f,PDF-aa721d359c77,CB-TB-221_Dunn,aa721d359c77e5ef690947a0b6edf4bc86fc471763c6917cd932e9e6bb28ec5f,OFFLINE_COURT_PROJECTION,,MUTE,mute_phone_download,,mute_phone_download,,,src_charge|src_hearing|src_mg_forms|src_parties|src_dates|src_cctv|src_continuity|court_claims_29,12129,,"SAFE_COURT | The defence asks the court to record outstanding continuity, lab and search/phone material. || SAFE_POSITION | Possession, knowledge, intent and continuity remain provisional pending served drug/source material. || HEARING | 30"
sha:aaed80b0363c675a3e0fdb160f32a37508eb3578880caba538c7e248c0b85b19,PDF-aaed80b0363c,CB-TB-030_Marcus_Dalen,aaed80b0363c675a3e0fdb160f32a37508eb3578880caba538c7e248c0b85b19,OFFLINE_COURT_PROJECTION,,INVENT,invent_phone_download_from_property,invent_phone_download_from_property,,,,src_hearing|src_mg_forms|src_parties|src_dates|court_claims_28,5238,,SAFE_COURT | The defence asks the court to record that the full extraction/source material remains outstanding. || SAFE_POSITION | Attribution remains provisional pending served device/source material and instructions. || HEARING | 1 June 2
sha:aafa683a2d10e8a5543a791c4276047e09e46c11c6b0f8db3c023b39d3ece0e4,PDF-aafa683a2d10,CB-TB-437_Wright,aafa683a2d10e8a5543a791c4276047e09e46c11c6b0f8db3c023b39d3ece0e4,OFFLINE_COURT_PROJECTION,,MODALITY,modality_screenshot_vs_download,,,modality_screenshot_vs_download,,src_charge|src_hearing|src_mg_forms|src_parties|src_cctv|src_continuity|court_claims_33,5970,,SAFE_COURT | The defence asks the court to record that full custody and interview records remain outstanding. || SAFE_POSITION | Custody/PACE safeguards cannot be finally assessed until the full custody and interview material is served. || 
sha:ab7adbe9f02e93c15583b99cc56a529c829424c5770d5265c682872b80c5bf03,PDF-ab7adbe9f02e,CB-TB-1060_Porter,ab7adbe9f02e93c15583b99cc56a529c829424c5770d5265c682872b80c5bf03,OFFLINE_COURT_PROJECTION,,MUTE,mute_cad_999,,mute_cad_999,,,src_charge|src_hearing|src_mg_forms|src_parties|src_dates|court_claims_25,2620,,SAFE_COURT | The defence asks the court to record that source material must be clarified and timetabled. || SAFE_POSITION | The defence cannot safely fix a final position until the served source material is clarified. || HEARING | 11 August
sha:ab149b586219bd0844108d6db4d8a19dc46a0e7bb5e6392f319aa062a6fac2f9,PDF-ab149b586219,CB-TB-631_Marsh,ab149b586219bd0844108d6db4d8a19dc46a0e7bb5e6392f319aa062a6fac2f9,OFFLINE_COURT_PROJECTION,,MUTE,mute_cctv_master,,mute_cctv_master,,,src_charge|src_hearing|src_mg_forms|src_parties|src_dates|src_cctv|src_continuity|court_claims_25,3849,,"SAFE_COURT | The defence asks the court to record outstanding continuity, lab and search/phone material. || SAFE_POSITION | Possession, knowledge, intent and continuity remain provisional pending served drug/source material. || HEARING | 04"
sha:abf54951ea4b35c70ff90ddd07b9189ad616ab32e7b3382e1fcd3ea180f8fb68,PDF-abf54951ea4b,CB-TB-570_Okonkwo,abf54951ea4b35c70ff90ddd07b9189ad616ab32e7b3382e1fcd3ea180f8fb68,OFFLINE_COURT_PROJECTION,,MODALITY,modality_summary_vs_recording,,mute_phone_download,modality_summary_vs_recording,,src_charge|src_hearing|src_mg_forms|src_parties|src_dates|src_continuity|court_claims_33,4957,,SAFE_COURT | The defence asks the court to record that source material must be clarified and timetabled. || SAFE_POSITION | The defence cannot safely fix a final position until the served source material is clarified. || HEARING | 21 August
sha:ac3e97f7d56bd9b55163056aab6e0026847cc22eb986b7dcb707e40f07e3ac20,PDF-ac3e97f7d56b,CB-TB-712_Mitchell,ac3e97f7d56bd9b55163056aab6e0026847cc22eb986b7dcb707e40f07e3ac20,OFFLINE_COURT_PROJECTION,,MUTE,mute_cctv_master,,mute_cctv_master,,,src_charge|src_hearing|src_mg_forms|src_parties|src_dates|src_cctv|src_continuity|court_claims_28,6898,,SAFE_COURT | The defence asks the court to record that full BWV and continuity material should be served. || SAFE_POSITION | Sequence and force remain provisional pending served BWV and officer source material. || HEARING | 22 July 2026 at 
sha:ab8f59d554512319ce78c9adaf88ae618b91a4409d50d6f5bc2644e4c0eb7f4e,PDF-ab8f59d55451,CB-TB-2150_Hughes,ab8f59d554512319ce78c9adaf88ae618b91a4409d50d6f5bc2644e4c0eb7f4e,OFFLINE_COURT_PROJECTION,,MUTE,mute_cad_999,,mute_cad_999,,,src_charge|src_hearing|src_mg_forms|src_parties|src_dates|src_cctv|src_continuity|court_claims_25,10631,,SAFE_COURT | The defence asks the court to record that full BWV and continuity material should be served. || SAFE_POSITION | Sequence and force remain provisional pending served BWV and officer source material. || HEARING | 28 June 2026 at 
sha:ac5dc8c840118fe1dc4aeab92681843ff744cecaa7d490aeade165d9ddf9b34b,PDF-ac5dc8c84011,CB-TB-799_Parker,ac5dc8c840118fe1dc4aeab92681843ff744cecaa7d490aeade165d9ddf9b34b,OFFLINE_COURT_PROJECTION,,MUTE,mute_cctv_master,,mute_cctv_master,,,src_charge|src_hearing|src_mg_forms|src_parties|src_dates|src_cctv|court_claims_20,4272,,SAFE_COURT | The defence asks the court to record that full BWV and continuity material should be served. || SAFE_POSITION | Sequence and force remain provisional pending served BWV and officer source material. || HEARING | 27 August 2026 a
sha:ac63ec9bc93b371288567d024062793771e3e3c123fee0ee663547827bd2200a,PDF-ac63ec9bc93b,CB-TB-1266_Patterson,ac63ec9bc93b371288567d024062793771e3e3c123fee0ee663547827bd2200a,OFFLINE_COURT_PROJECTION,,MUTE,mute_phone_download,,mute_phone_download,,,src_charge|src_hearing|src_mg_forms|src_parties|src_dates|src_cctv|src_continuity|court_claims_32,4794,,SAFE_COURT | The defence asks the court to record that full BWV and continuity material should be served. || SAFE_POSITION | Sequence and force remain provisional pending served BWV and officer source material. || HEARING | 02/08/2026 10:30
sha:ac698005cd5c9b26de1e258359d8207795afa27e7025d89a97e5fc41cb6a0ccf,PDF-ac698005cd5c,CB-TB-1647_Cole,ac698005cd5c9b26de1e258359d8207795afa27e7025d89a97e5fc41cb6a0ccf,OFFLINE_COURT_PROJECTION,,MUTE,mute_cad_999,,mute_cad_999,,,src_charge|src_hearing|src_mg_forms|src_parties|src_dates|src_cctv|court_claims_21,4821,,SAFE_COURT | The defence asks the court to record that full BWV and continuity material should be served. || SAFE_POSITION | Sequence and force remain provisional pending served BWV and officer source material. || HEARING | 29 July 2026 at 
sha:adf157639a41248ac682906343181fc62fdd2d31978ef0312a8545c401e9fbb7,PDF-adf157639a41,CB-TB-472_Nolan,adf157639a41248ac682906343181fc62fdd2d31978ef0312a8545c401e9fbb7,OFFLINE_COURT_PROJECTION,,MUTE,mute_phone_download,,mute_phone_download,,,src_charge|src_hearing|src_mg_forms|src_parties|court_claims_29,4555,,SAFE_COURT | The defence asks the court to record outstanding message/account source material and complainant statement gaps. || SAFE_POSITION | The defence position remains provisional pending served message/account material and instructio
sha:ad708433ce7361c36f9d047fef18200f8b0d3239873775bdb4f0d48db120845d,PDF-ad708433ce73,CB-TB-654_Parker,ad708433ce7361c36f9d047fef18200f8b0d3239873775bdb4f0d48db120845d,OFFLINE_COURT_PROJECTION,,MUTE,mute_export_log,,mute_export_log|mute_cctv_master,,,src_charge|src_hearing|src_mg_forms|src_parties|src_dates|src_cctv|src_cctv_stills|src_continuity|court_claims_24,10228,,SAFE_COURT | The defence asks the court to record that full BWV and continuity material should be served. || SAFE_POSITION | Sequence and force remain provisional pending served BWV and officer source material. || HEARING | 28 June 2026 at 
sha:ade440b3e1647e24e1262da174c22cd2e901e76f84b09222fd188c53425d2ad8,PDF-ade440b3e164,CB-TB-836_Hayes,ade440b3e1647e24e1262da174c22cd2e901e76f84b09222fd188c53425d2ad8,OFFLINE_COURT_PROJECTION,,INVENT,invent_phone_download,invent_phone_download,,,,src_charge|src_hearing|src_mg_forms|src_cctv|src_continuity|court_claims_29,7279,,SAFE_COURT | The defence asks the court to record that full BWV and continuity material should be served. || SAFE_POSITION | Sequence and force remain provisional pending served BWV and officer source material. || HEARING | 15 June 2026 at 
sha:adc1d2db6081bb33a08f7f7b959a74650e8310783a5b645f8974dd2352bb8af8,PDF-adc1d2db6081,CB-TB-2194_Sutton,adc1d2db6081bb33a08f7f7b959a74650e8310783a5b645f8974dd2352bb8af8,OFFLINE_COURT_PROJECTION,,MUTE,mute_cad_999,,mute_cad_999,,,src_charge|src_hearing|src_mg_forms|src_parties|src_dates|src_cctv|src_continuity|court_claims_25,11225,,SAFE_COURT | The defence asks the court to record that full BWV and continuity material should be served. || SAFE_POSITION | Sequence and force remain provisional pending served BWV and officer source material. || HEARING | 20 June 2026 at 
sha:ae0e8d3115e202f88f26004000bf3c6ab6a1e9c36f3e64b0d2af5c91d5e343b1,PDF-ae0e8d3115e2,CB-TB-1946_Denton,ae0e8d3115e202f88f26004000bf3c6ab6a1e9c36f3e64b0d2af5c91d5e343b1,OFFLINE_COURT_PROJECTION,,MUTE,mute_cad_999,,mute_cad_999,,,src_charge|src_hearing|src_mg_forms|src_parties|src_dates|src_cctv|src_continuity|court_claims_32,7593,,SAFE_COURT | The defence asks the court to record that full custody and interview records remain outstanding. || SAFE_POSITION | Custody/PACE safeguards cannot be finally assessed until the full custody and interview material is served. || 
sha:ae021b3947b90f060326d798191624de39d8a0ed727913dc534667da54497123,PDF-ae021b3947b9,CB-TB-2128_Mason,ae021b3947b90f060326d798191624de39d8a0ed727913dc534667da54497123,OFFLINE_COURT_PROJECTION,,MUTE,mute_cad_999,,mute_cad_999,,,src_charge|src_hearing|src_mg_forms|src_parties|src_dates|src_cctv|src_continuity|court_claims_25,7606,,SAFE_COURT | The defence asks the court to record that full BWV and continuity material should be served. || SAFE_POSITION | Sequence and force remain provisional pending served BWV and officer source material. || HEARING | 2 July 2026 at 1
sha:ae39b2f411e2f32b8dac53f5cd6a6d38f2de8f03dbce914ad6b608d6d95466ba,PDF-ae39b2f411e2,CB-TB-2168_West,ae39b2f411e2f32b8dac53f5cd6a6d38f2de8f03dbce914ad6b608d6d95466ba,OFFLINE_COURT_PROJECTION,,MUTE,mute_cad_999,,mute_cad_999,,,src_charge|src_hearing|src_mg_forms|src_parties|src_dates|src_cctv|src_continuity|court_claims_25,7540,,"SAFE_COURT | The defence asks the court to record outstanding device, calibration and procedure records. || SAFE_POSITION | Driver identity, procedure and device evidence remain provisional pending served source records. || HEARING | 21 Aug"
sha:aed99790b486b87bec9ae071d98e1ae7146f22b3e5059f11e13f0b103b6776c9,PDF-aed99790b486,CB-TB-642_Walsh,aed99790b486b87bec9ae071d98e1ae7146f22b3e5059f11e13f0b103b6776c9,OFFLINE_COURT_PROJECTION,,MUTE,mute_export_log,,mute_export_log|mute_cctv_master,,,src_charge|src_hearing|src_mg_forms|src_parties|src_dates|src_cctv|src_cctv_stills|court_claims_25,8935,,"SAFE_COURT | The defence asks the court to record outstanding continuity, lab and search/phone material. || SAFE_POSITION | Possession, knowledge, intent and continuity remain provisional pending served drug/source material. || HEARING | 06"
sha:af39df05ae799f04df3b73d2270df99d4282c0c973198da5084b315345d2d83a,PDF-af39df05ae79,CB-TB-1974_Blythe,af39df05ae799f04df3b73d2270df99d4282c0c973198da5084b315345d2d83a,OFFLINE_COURT_PROJECTION,,MUTE,mute_cctv_master,,mute_cctv_master,,,src_charge|src_hearing|src_mg_forms|src_parties|src_dates|src_cctv|src_continuity|court_claims_29,5402,,"SAFE_COURT | The defence asks the court to record outstanding continuity, lab and search/phone material. || SAFE_POSITION | Possession, knowledge, intent and continuity remain provisional pending served drug/source material. || HEARING | 23"
sha:aee743dbea54d0a23b5dff872444f82f86b67e21afce0e1075bd548cc631acd2,PDF-aee743dbea54,CB-TB-157_Marsh,aee743dbea54d0a23b5dff872444f82f86b67e21afce0e1075bd548cc631acd2,OFFLINE_COURT_PROJECTION,,MUTE,mute_cad_999,,mute_cad_999,,,src_charge|src_hearing|src_mg_forms|src_parties|src_cctv|src_continuity|court_claims_29,7900,,"SAFE_COURT | The defence asks the court to record outstanding CCTV, ID procedure and witness source material. || SAFE_POSITION | Identification and participation remain provisional pending served CCTV, ID and witness source material. || HEA"
sha:aee815a3b291b070ba66bf84299f15a91a580cd87d30422b4b2186ea83851c8d,PDF-aee815a3b291,CB-TB-1970_Mercer,aee815a3b291b070ba66bf84299f15a91a580cd87d30422b4b2186ea83851c8d,OFFLINE_COURT_PROJECTION,,MUTE,mute_cctv_master,,mute_cctv_master|mute_cad_999,,,src_charge|src_hearing|src_mg_forms|src_parties|src_dates|src_cctv|src_continuity|court_claims_33,11808,,"SAFE_COURT | The defence asks the court to record outstanding continuity, lab and search/phone material. || SAFE_POSITION | Possession, knowledge, intent and continuity remain provisional pending served drug/source material. || HEARING | 11"
sha:afc7ecab5f4c09c5d180ccec005f65ce77cffc860f3eaa7569c70b41aaf7882d,PDF-afc7ecab5f4c,CB-TB-571_Walsh,afc7ecab5f4c09c5d180ccec005f65ce77cffc860f3eaa7569c70b41aaf7882d,OFFLINE_COURT_PROJECTION,,MODALITY,modality_summary_vs_recording,,,modality_summary_vs_recording,,src_charge|src_hearing|src_mg_forms|src_parties|src_dates|src_continuity|court_claims_33,3771,,"SAFE_COURT | Position remains provisional on the current papers — listed material families are not safely confirmed in the bundle yet. || SAFE_POSITION | Sequence, injury and causation remain provisional pending served witness, medical and "
sha:aff8f630988344e9f3c27fc2949fd7af6960ca2d55cc3e58ff7aaf26b28effbd,PDF-aff8f6309883,CB-TB-339_Shaw,aff8f630988344e9f3c27fc2949fd7af6960ca2d55cc3e58ff7aaf26b28effbd,OFFLINE_COURT_PROJECTION,,MUTE,mute_phone_download,,mute_phone_download,,,src_charge|src_hearing|src_mg_forms|src_parties|src_dates|src_continuity|court_claims_33,7462,,"SAFE_COURT | Position remains provisional on the current papers — listed material families are not safely confirmed in the bundle yet. || SAFE_POSITION | Account control, dishonesty and loss remain provisional pending served bank/device sou"
sha:b08de8c834320acdd7dbf02a6079721adf85d9c7f3ac055e4e22134965f82268,PDF-b08de8c83432,CB-TB-1010_Thornton,b08de8c834320acdd7dbf02a6079721adf85d9c7f3ac055e4e22134965f82268,OFFLINE_COURT_PROJECTION,,MUTE,mute_cad_999,,mute_cad_999,,,src_charge|src_hearing|src_mg_forms|src_parties|src_dates|src_cctv|src_continuity|court_claims_28,6795,,SAFE_COURT | The defence asks the court to record that full custody and interview records remain outstanding. || SAFE_POSITION | Custody/PACE safeguards cannot be finally assessed until the full custody and interview material is served. || 
sha:b0aa866779d633bcf22dcafb399656ac8d5a9b022087c3999a41d2915ad343f8,PDF-b0aa866779d6,CB-TB-152_West,b0aa866779d633bcf22dcafb399656ac8d5a9b022087c3999a41d2915ad343f8,OFFLINE_COURT_PROJECTION,,MUTE,mute_cad_999,,mute_cad_999,,,src_charge|src_hearing|src_mg_forms|src_parties|src_cctv|src_continuity|court_claims_28,14988,,SAFE_COURT | The defence asks the court to record that full custody and interview records remain outstanding. || SAFE_POSITION | Custody/PACE safeguards cannot be finally assessed until the full custody and interview material is served. || 
sha:b0b43b3869d6ee07a4e90e2d819127a7616efecc714b41f6c90f3a61f89bd908,PDF-b0b43b3869d6,CB-TB-724_Morley,b0b43b3869d6ee07a4e90e2d819127a7616efecc714b41f6c90f3a61f89bd908,OFFLINE_COURT_PROJECTION,,MUTE,mute_cctv_master,,mute_cctv_master,,,src_charge|src_hearing|src_mg_forms|src_parties|src_dates|src_cctv|court_claims_24,2635,,SAFE_COURT | The defence asks the court to record that full BWV and continuity material should be served. || SAFE_POSITION | Sequence and force remain provisional pending served BWV and officer source material. || HEARING | 27 August 2026 a
sha:b0d2bd4ddfc3fd56e1ac50533ed9651762f64d47aa7b524dbf2037b1c250c51c,PDF-b0d2bd4ddfc3,CB-TB-707_Merritt,b0d2bd4ddfc3fd56e1ac50533ed9651762f64d47aa7b524dbf2037b1c250c51c,OFFLINE_COURT_PROJECTION,,MUTE,mute_cctv_master,,mute_cctv_master,,,src_charge|src_hearing|src_mg_forms|src_parties|src_dates|src_cctv|src_continuity|court_claims_28,7076,,SAFE_COURT | The defence asks the court to record that full BWV and continuity material should be served. || SAFE_POSITION | Sequence and force remain provisional pending served BWV and officer source material. || HEARING | 07 July 2026 at 
sha:b142df952756fc065083968b03b82c7d7c9d5fb6d9e592b3b52f063424e873d9,PDF-b142df952756,CB-TB-578_Patel,b142df952756fc065083968b03b82c7d7c9d5fb6d9e592b3b52f063424e873d9,OFFLINE_COURT_PROJECTION,,MODALITY,modality_summary_vs_recording,,,modality_summary_vs_recording,,src_charge|src_hearing|src_mg_forms|src_parties|src_dates|src_continuity|court_claims_33,2671,,SAFE_COURT | The defence asks the court to record outstanding message/account source material and complainant statement gaps. || SAFE_POSITION | The defence position remains provisional pending served message/account material and instructio
sha:b13fc11143bd4c50b2c838955f6f42ae7f16d8570c1f4d288942afc8ca70d32a,PDF-b13fc11143bd,CB-TB-1959_Akhtar,b13fc11143bd4c50b2c838955f6f42ae7f16d8570c1f4d288942afc8ca70d32a,OFFLINE_COURT_PROJECTION,,INVENT,invent_phone_download,invent_phone_download,mute_cctv_master,,,src_charge|src_hearing|src_mg_forms|src_parties|src_dates|src_cctv|court_claims_33,3405,,"SAFE_COURT | The defence asks the court to record outstanding continuity, lab and search/phone material. || SAFE_POSITION | Possession, knowledge, intent and continuity remain provisional pending served drug/source material. || HEARING | 12"
sha:b14d86cdae81d9504a7f2a3be9e0a651e88037c3ab4cb06079956bf9d5070291,PDF-b14d86cdae81,CB-TB-1073_Cross,b14d86cdae81d9504a7f2a3be9e0a651e88037c3ab4cb06079956bf9d5070291,OFFLINE_COURT_PROJECTION,,MUTE,mute_cad_999,,mute_cad_999,,,src_charge|src_hearing|src_mg_forms|src_parties|src_dates|src_cctv|src_cctv_stills|src_continuity|court_claims_40,9912,,SAFE_COURT | The defence asks the court to record that full BWV and continuity material should be served. || SAFE_POSITION | Sequence and force remain provisional pending served BWV and officer source material. || HEARING | 24 July 2026 at 
sha:b1a21896fa220b31c3b99ddd812277d89b49306d5e68bd356d901659df2ee71e,PDF-b1a21896fa22,CB-TB-2082_Ross,b1a21896fa220b31c3b99ddd812277d89b49306d5e68bd356d901659df2ee71e,OFFLINE_COURT_PROJECTION,,MUTE,mute_phone_download,,mute_phone_download,,,src_charge|src_hearing|src_mg_forms|src_parties|src_dates|src_cctv|src_continuity|court_claims_21,3938,,"SAFE_COURT | Position remains provisional on the current papers — listed material families are not safely confirmed in the bundle yet. || SAFE_POSITION | Account control, dishonesty and loss remain provisional pending served bank/device sou"
sha:b18061fd6ad5e8448885949c4de235dda0873280a86c2ef8d66533549f3aa652,PDF-b18061fd6ad5,CB-TB-1002_Mitchell,b18061fd6ad5e8448885949c4de235dda0873280a86c2ef8d66533549f3aa652,OFFLINE_COURT_PROJECTION,,MUTE,mute_cad_999,,mute_cad_999,,,src_charge|src_hearing|src_mg_forms|src_parties|src_dates|src_cctv|src_cctv_stills|src_continuity|court_claims_32,6497,,SAFE_COURT | The defence asks the court to record that full BWV and continuity material should be served. || SAFE_POSITION | Sequence and force remain provisional pending served BWV and officer source material. || HEARING | 27 July 2026 at 
sha:b1a8369d1812392b84299f26a89dc7286dc54d3ae06e614338198eeb48505339,PDF-b1a8369d1812,CB-TB-1713_Byrom,b1a8369d1812392b84299f26a89dc7286dc54d3ae06e614338198eeb48505339,OFFLINE_COURT_PROJECTION,,INVENT,invent_phone_download,invent_phone_download,,,,src_charge|src_hearing|src_mg_forms|src_parties|src_cctv|court_claims_32,5060,,SAFE_COURT | The defence asks the court to record that the full extraction/source material remains outstanding. || SAFE_POSITION | Attribution remains provisional pending served device/source material and instructions. || HEARING | 26 July 
sha:b1a900474385c527685087b8f6aaa6c866ef186ff53723afcb003a04c483bd60,PDF-b1a900474385,CB-TB-1909_Huxley,b1a900474385c527685087b8f6aaa6c866ef186ff53723afcb003a04c483bd60,OFFLINE_COURT_PROJECTION,,MUTE,mute_cctv_master,,mute_cctv_master|mute_phone_download,,,src_charge|src_hearing|src_mg_forms|src_parties|src_dates|src_cctv|src_continuity|court_claims_40,10085,,SAFE_COURT | The defence asks the court to record that full custody and interview records remain outstanding. || SAFE_POSITION | Custody/PACE safeguards cannot be finally assessed until the full custody and interview material is served. || 
sha:b1ce41c00da666c5ace2f64f1fad077125008211a14f89f7bd29f6f9eaed259e,PDF-b1ce41c00da6,CB-TB-1954_Lowry,b1ce41c00da666c5ace2f64f1fad077125008211a14f89f7bd29f6f9eaed259e,OFFLINE_COURT_PROJECTION,,MUTE,mute_cctv_master,,mute_cctv_master|mute_cad_999,,,src_charge|src_hearing|src_mg_forms|src_parties|src_dates|src_cctv|src_continuity|court_claims_37,6972,,"SAFE_COURT | The defence asks the court to record outstanding device, calibration and procedure records. || SAFE_POSITION | Driver identity, procedure and device evidence remain provisional pending served source records. || HEARING | 31 Aug"
sha:b1fbb47b19979e36e64f1c6f8242325b48052d4d6044d62e8a97d607348eec7e,PDF-b1fbb47b1997,CB-TB-1620_Nolan,b1fbb47b19979e36e64f1c6f8242325b48052d4d6044d62e8a97d607348eec7e,OFFLINE_COURT_PROJECTION,,MUTE,mute_phone_download,,mute_phone_download|mute_cad_999,,,src_charge|src_hearing|src_mg_forms|src_parties|src_dates|src_cctv|src_continuity|court_claims_25,8106,,SAFE_COURT | The defence asks the court to record that full BWV and continuity material should be served. || SAFE_POSITION | Sequence and force remain provisional pending served BWV and officer source material. || HEARING | 18 July 2026 at 
sha:b25a1d0bf8495ff834a93d513353dc3baa5c785c3c632563433191f9a541986d,PDF-b25a1d0bf849,CB-TB-1008_Blake,b25a1d0bf8495ff834a93d513353dc3baa5c785c3c632563433191f9a541986d,OFFLINE_COURT_PROJECTION,,MUTE,mute_cad_999,,mute_cad_999,,,src_charge|src_hearing|src_mg_forms|src_parties|src_dates|src_cctv|src_cctv_stills|src_continuity|court_claims_32,5793,,SAFE_COURT | The defence asks the court to record that full BWV and continuity material should be served. || SAFE_POSITION | Sequence and force remain provisional pending served BWV and officer source material. || HEARING | 07 August 2026 a
sha:b28057a4ae5b335b74357f75a0e4fa8318db89bf48fa801afd91bd47ebc4ee33,PDF-b28057a4ae5b,CB-TB-1626_Merritt,b28057a4ae5b335b74357f75a0e4fa8318db89bf48fa801afd91bd47ebc4ee33,OFFLINE_COURT_PROJECTION,,MUTE,mute_phone_download,,mute_phone_download,,,src_charge|src_hearing|src_mg_forms|src_parties|src_dates|src_cctv|src_continuity|court_claims_21,6951,,SAFE_COURT | The defence asks the court to record that full BWV and continuity material should be served. || SAFE_POSITION | Sequence and force remain provisional pending served BWV and officer source material. || HEARING | 5 August 2026 at
sha:b36f613385c8d59facc9d41a2c09507f5694cc970ddc0f393531e619fbdff0d5,PDF-b36f613385c8,CB-TB-1226_Patterson,b36f613385c8d59facc9d41a2c09507f5694cc970ddc0f393531e619fbdff0d5,OFFLINE_COURT_PROJECTION,,DATE_ROLE,date_role_hearing_reused_as_deadline_language,,,,date_role_hearing_reused_as_deadline_language,src_charge|src_hearing|src_mg_forms|src_parties|src_dates|src_cctv|src_cctv_stills|src_continuity|court_claims_28,3975,,SAFE_COURT | The defence asks the court to record that full BWV and continuity material should be served. || SAFE_POSITION | Sequence and force remain provisional pending served BWV and officer source material. || HEARING | Hearing18/06/202
sha:b39c700a3e448d6c1885f1c2d504e43c5b5b5c1c12426de87e038ff3df71efd8,PDF-b39c700a3e44,CB-TB-1157_Reed,b39c700a3e448d6c1885f1c2d504e43c5b5b5c1c12426de87e038ff3df71efd8,OFFLINE_COURT_PROJECTION,,INVENT,invent_phone_download,invent_phone_download,,,,src_charge|src_hearing|src_mg_forms|src_id_procedure|src_parties|src_dates|src_cctv|src_continuity|court_claims_33,9670,,"SAFE_COURT | The defence asks the court to record outstanding continuity, lab and search/phone material. || SAFE_POSITION | Possession, knowledge, intent and continuity remain provisional pending served drug/source material. || HEARING | 10"
sha:b3f8eee524e73ecef9e374086ee540ed7dffb4f43b94176e3b14e8b62d8ff3f9,PDF-b3f8eee524e7,CB-TB-1989_Vale,b3f8eee524e73ecef9e374086ee540ed7dffb4f43b94176e3b14e8b62d8ff3f9,OFFLINE_COURT_PROJECTION,,MUTE,mute_phone_download,,mute_phone_download,,,src_charge|src_hearing|src_mg_forms|src_parties|src_dates|src_cctv|src_continuity|court_claims_29,4118,,"SAFE_COURT | The defence asks the court to record outstanding device, calibration and procedure records. || SAFE_POSITION | Driver identity, procedure and device evidence remain provisional pending served source records. || HEARING | 06 Jul"
sha:b3d2dbde2c12875238d1a4415aa1c55dc851a71c524557aa9bac8ed92976beaf,PDF-b3d2dbde2c12,CB-TB-212_Clarke,b3d2dbde2c12875238d1a4415aa1c55dc851a71c524557aa9bac8ed92976beaf,OFFLINE_COURT_PROJECTION,,MUTE,mute_phone_download,,mute_phone_download,,,src_charge|src_hearing|src_mg_forms|src_parties|src_dates|src_cctv|court_claims_28,7794,,SAFE_COURT | The defence asks the court to record that full BWV and continuity material should be served. || SAFE_POSITION | Sequence and force remain provisional pending served BWV and officer source material. || HEARING | 03 August 2026 a
sha:b3c8b69c4ca349a7e05c7f9a45b7ba7b2d251462ebe1f05dfb9b4490f8813a70,PDF-b3c8b69c4ca3,CB-TB-817_Shaw,b3c8b69c4ca349a7e05c7f9a45b7ba7b2d251462ebe1f05dfb9b4490f8813a70,OFFLINE_COURT_PROJECTION,,INVENT,invent_phone_download,invent_phone_download,mute_cctv_master,,,src_charge|src_hearing|src_mg_forms|src_id_procedure|src_dates|src_cctv|court_claims_33,6734,,SAFE_COURT | The defence asks the court to record that full BWV and continuity material should be served. || SAFE_POSITION | Sequence and force remain provisional pending served BWV and officer source material. || HEARING | 04 July 2026 at 
sha:b3e60df4b485dc2ef289fb5a2adf71602267211efc5fa0324bf5af2397d1d2a4,PDF-b3e60df4b485,CB-TB-1016_Griffiths,b3e60df4b485dc2ef289fb5a2adf71602267211efc5fa0324bf5af2397d1d2a4,OFFLINE_COURT_PROJECTION,,MUTE,mute_cad_999,,mute_cad_999,,,src_charge|src_hearing|src_mg_forms|src_parties|src_dates|src_cctv|src_cctv_stills|src_continuity|court_claims_36,10304,,SAFE_COURT | The defence asks the court to record that full BWV and continuity material should be served. || SAFE_POSITION | Sequence and force remain provisional pending served BWV and officer source material. || HEARING | 29 June 2026 at 
sha:b4590a6e40ae8fb0a8f8b3468eecc5804cec30f2f74d7954f3dedccb6c305c6e,PDF-b4590a6e40ae,CB-TB-2126_Archer,b4590a6e40ae8fb0a8f8b3468eecc5804cec30f2f74d7954f3dedccb6c305c6e,OFFLINE_COURT_PROJECTION,,MUTE,mute_cad_999,,mute_cad_999,,,src_charge|src_hearing|src_mg_forms|src_parties|src_dates|src_cctv|src_continuity|court_claims_25,9061,,SAFE_COURT | The defence asks the court to record that full BWV and continuity material should be served. || SAFE_POSITION | Sequence and force remain provisional pending served BWV and officer source material. || HEARING | 26 June 2026 at 
sha:b48571ee80be791f5e2cd9372377857cad4c2c0ee111350eb7cf663e123395ec,PDF-b48571ee80be,CB-TB-2072_Okonkwo,b48571ee80be791f5e2cd9372377857cad4c2c0ee111350eb7cf663e123395ec,OFFLINE_COURT_PROJECTION,,MUTE,mute_cad_999,,mute_cad_999,,,src_charge|src_hearing|src_mg_forms|src_parties|src_dates|src_cctv|court_claims_21,2876,,"SAFE_COURT | The defence asks the court to record outstanding device, calibration and procedure records. || SAFE_POSITION | Driver identity, procedure and device evidence remain provisional pending served source records. || HEARING | 13 Aug"
sha:b4a69704af0235e0c7a94293b330b926f6f63da7cf9320e027887bc0d665d73e,PDF-b4a69704af02,CB-TB-770_Ali,b4a69704af0235e0c7a94293b330b926f6f63da7cf9320e027887bc0d665d73e,OFFLINE_COURT_PROJECTION,,MUTE,mute_cctv_master,,mute_cctv_master,,,src_charge|src_hearing|src_mg_forms|src_parties|src_dates|src_cctv|court_claims_24,3424,,SAFE_COURT | The defence asks the court to record that full BWV and continuity material should be served. || SAFE_POSITION | Sequence and force remain provisional pending served BWV and officer source material. || HEARING | 15 August 2026 a
sha:b4764009323c30d4f1c2e4cbdc86cff907a33c9d8118e14e705df2cbb4359489,PDF-b4764009323c,CB-TB-1940_Tobin,b4764009323c30d4f1c2e4cbdc86cff907a33c9d8118e14e705df2cbb4359489,OFFLINE_COURT_PROJECTION,,MUTE,mute_phone_download,,mute_phone_download,,,src_charge|src_hearing|src_mg_forms|src_parties|src_dates|src_cctv|src_continuity|court_claims_33,4251,,"SAFE_COURT | The defence asks the court to record outstanding CCTV, ID procedure and witness source material. || SAFE_POSITION | Identification and participation remain provisional pending served CCTV, ID and witness source material. || HEA"
sha:b4b7809e482c8d9cf339ddf311c941c009159960f0b7e29f8d67f9341a741f65,PDF-b4b7809e482c,CB-TB-860_Clarke,b4b7809e482c8d9cf339ddf311c941c009159960f0b7e29f8d67f9341a741f65,OFFLINE_COURT_PROJECTION,,MUTE,mute_export_log,,mute_export_log,,,src_charge|src_hearing|src_mg_forms|src_parties|src_dates|src_cctv|src_continuity|court_claims_29,6888,,SAFE_COURT | The defence asks the court to record that full BWV and continuity material should be served. || SAFE_POSITION | Sequence and force remain provisional pending served BWV and officer source material. || HEARING | 26 August 2026 a
sha:b48e5014201abc88c81b917fb11d75eaaa931ea95fb293e081bd1255a7ef973f,PDF-b48e5014201a,CB-TB-1852_Glover,b48e5014201abc88c81b917fb11d75eaaa931ea95fb293e081bd1255a7ef973f,OFFLINE_COURT_PROJECTION,,INVENT,invent_phone_download,invent_phone_download,,,,src_charge|src_hearing|src_mg_forms|src_parties|src_dates|src_cctv|src_continuity|court_claims_40,5793,,"SAFE_COURT | The defence asks the court to record outstanding continuity, lab and search/phone material. || SAFE_POSITION | Possession, knowledge, intent and continuity remain provisional pending served drug/source material. || HEARING | 23"
sha:b4e3e5b05e578263b58ec8fcae9a6288e9d761f194183c2bbfbda47e4ba2188e,PDF-b4e3e5b05e57,CB-TB-1937_Rahman,b4e3e5b05e578263b58ec8fcae9a6288e9d761f194183c2bbfbda47e4ba2188e,OFFLINE_COURT_PROJECTION,,MUTE,mute_phone_download,,mute_phone_download|mute_cad_999,,,src_charge|src_hearing|src_mg_forms|src_parties|src_dates|src_cctv|src_continuity|court_claims_29,8574,,SAFE_COURT | The defence asks the court to record that full BWV and continuity material should be served. || SAFE_POSITION | Sequence and force remain provisional pending served BWV and officer source material. || HEARING | 30 June 2026 10:
sha:b4ec7d2ef2d89c6ea9cfc920623e4583692972e3d53a8f50fc262b12b3688d6a,PDF-b4ec7d2ef2d8,CB-TB-896_Mitchell,b4ec7d2ef2d89c6ea9cfc920623e4583692972e3d53a8f50fc262b12b3688d6a,OFFLINE_COURT_PROJECTION,,INVENT,invent_phone_download,invent_phone_download,mute_export_log,,,src_charge|src_hearing|src_mg_forms|src_parties|src_cctv|src_continuity|court_claims_32,4341,,SAFE_COURT | The defence asks the court to record that the full extraction/source material remains outstanding. || SAFE_POSITION | Attribution remains provisional pending served device/source material and instructions. || HEARING | 13 July 
sha:b55c481f0090eec55973e0fafb2ab4d85f38d9fb8f87a0bdc2da378144913eaa,PDF-b55c481f0090,CB-TB-822_Mason,b55c481f0090eec55973e0fafb2ab4d85f38d9fb8f87a0bdc2da378144913eaa,OFFLINE_COURT_PROJECTION,,MUTE,mute_export_log,,mute_export_log,,,src_charge|src_hearing|src_mg_forms|src_parties|src_dates|src_cctv|src_continuity|court_claims_33,5718,,"SAFE_COURT | The defence asks the court to record outstanding CCTV, ID procedure and witness source material. || SAFE_POSITION | Identification and participation remain provisional pending served CCTV, ID and witness source material. || HEA"
sha:b57415a7c36e4b09317d4fe64f4e117d7dd4becea4a799def17d05f0311dfc30,PDF-b57415a7c36e,NS-CPS-2026-0440 - Copy (2),b57415a7c36e4b09317d4fe64f4e117d7dd4becea4a799def17d05f0311dfc30,OFFLINE_COURT_PROJECTION,,MUTE,mute_cctv_master,,mute_cctv_master,,,src_charge|src_hearing|src_mg_forms|src_parties|src_dates|src_cctv|src_continuity|court_claims_31,4706,,SAFE_COURT | The defence asks the court to record that full BWV and continuity material should be served. || SAFE_POSITION | Sequence and force remain provisional pending served BWV and officer source material. || DEADLINE | Hearing date no
sha:b569949a488c7b776e779c471b636aea8d39782764ca6359b3717fdf83c7493f,PDF-b569949a488c,CB-TB-1062_Reynolds,b569949a488c7b776e779c471b636aea8d39782764ca6359b3717fdf83c7493f,OFFLINE_COURT_PROJECTION,,MUTE,mute_cad_999,,mute_cad_999,,,src_charge|src_hearing|src_mg_forms|src_parties|src_dates|src_cctv|court_claims_28,4446,,SAFE_COURT | The defence asks the court to record that the full extraction/source material remains outstanding. || SAFE_POSITION | Attribution remains provisional pending served device/source material and instructions. || HEARING | 11 July 
sha:b5a195f15f3ef7e17b68560fe05f307f89850eeec7457af14801a53a43bc8754,PDF-b5a195f15f3e,CB-TB-270_Nolan,b5a195f15f3ef7e17b68560fe05f307f89850eeec7457af14801a53a43bc8754,OFFLINE_COURT_PROJECTION,,MUTE,mute_phone_download,,mute_phone_download,,,src_charge|src_hearing|src_mg_forms|src_parties|src_dates|src_cctv|court_claims_25,12587,,"SAFE_COURT | The defence asks the court to record outstanding continuity, lab and search/phone material. || SAFE_POSITION | Possession, knowledge, intent and continuity remain provisional pending served drug/source material. || HEARING | 09"
sha:b611668ff47de75c7a1cd38935f60fe2e8359ff92104142b9dad566a37373121,PDF-b611668ff47d,CB-TB-1672_Barlow,b611668ff47de75c7a1cd38935f60fe2e8359ff92104142b9dad566a37373121,OFFLINE_COURT_PROJECTION,,MUTE,mute_cad_999,,mute_cad_999,,,src_charge|src_hearing|src_mg_forms|src_parties|src_dates|src_cctv|src_continuity|court_claims_25,2754,,SAFE_COURT | The defence asks the court to record that full BWV and continuity material should be served. || SAFE_POSITION | Sequence and force remain provisional pending served BWV and officer source material. || HEARING | 3 August 2026 at
sha:b626549716466ffae714afaabc3f2c3509b63319b657b1a5023882e151bad7e4,PDF-b62654971646,CB-TB-1998_Keane,b626549716466ffae714afaabc3f2c3509b63319b657b1a5023882e151bad7e4,OFFLINE_COURT_PROJECTION,,MUTE,mute_cctv_master,,mute_cctv_master|mute_cad_999,,,src_charge|src_hearing|src_mg_forms|src_parties|src_dates|src_cctv|src_continuity|court_claims_37,7544,,"SAFE_COURT | The defence asks the court to record outstanding continuity, lab and search/phone material. || SAFE_POSITION | Possession, knowledge, intent and continuity remain provisional pending served drug/source material. || HEARING | 26"
sha:b62afb4b65d3fb814b93a15387d69c8bae58463068fa2c74ddac673752930764,PDF-b62afb4b65d3,CB-TB-601_Grant,b62afb4b65d3fb814b93a15387d69c8bae58463068fa2c74ddac673752930764,OFFLINE_COURT_PROJECTION,,MUTE,mute_cctv_master,,mute_cctv_master,,,src_charge|src_hearing|src_mg_forms|src_parties|src_dates|src_cctv|src_continuity|court_claims_28,7531,,SAFE_COURT | The defence asks the court to record that full BWV and continuity material should be served. || SAFE_POSITION | Sequence and force remain provisional pending served BWV and officer source material. || HEARING | 19 June 2026 at 
sha:b633fb6a20e2a50aa5ed4509d34e1b04fdc40ebafd8bea9b2660e617806d9196,PDF-b633fb6a20e2,CB-TB-265_Ward,b633fb6a20e2a50aa5ed4509d34e1b04fdc40ebafd8bea9b2660e617806d9196,OFFLINE_COURT_PROJECTION,,MUTE,mute_phone_download,,mute_phone_download,,,src_charge|src_hearing|src_mg_forms|src_parties|src_dates|src_cctv|src_cctv_stills|src_continuity|court_claims_28,6792,,SAFE_COURT | The defence asks the court to record that full BWV and continuity material should be served. || SAFE_POSITION | Sequence and force remain provisional pending served BWV and officer source material. || HEARING | 25 July 2026 at 
sha:b69ad96bd8a0648a7816fdb041b4a8feae90ed611a4985cfe9b249f130ef8753,PDF-b69ad96bd8a0,CB-TB-2173_Okonkwo,b69ad96bd8a0648a7816fdb041b4a8feae90ed611a4985cfe9b249f130ef8753,OFFLINE_COURT_PROJECTION,,MUTE,mute_phone_download,,mute_phone_download|mute_cad_999,,,src_charge|src_hearing|src_mg_forms|src_parties|src_cctv|src_continuity|court_claims_25,6729,,SAFE_COURT | The defence asks the court to record that full BWV and continuity material should be served. || SAFE_POSITION | Sequence and force remain provisional pending served BWV and officer source material. || HEARING | 27 June 2026 at 
sha:b66ef5497d8b0e7eb234662f638192622e3f805d0821e4a5ef7d2995369159e2,PDF-b66ef5497d8b,CB-TB-926_Ellis,b66ef5497d8b0e7eb234662f638192622e3f805d0821e4a5ef7d2995369159e2,OFFLINE_COURT_PROJECTION,,MUTE,mute_phone_download,,mute_phone_download,,,src_charge|src_hearing|src_mg_forms|src_parties|src_cctv|court_claims_25,4709,,SAFE_COURT | The defence asks the court to record outstanding message/account source material and complainant statement gaps. || SAFE_POSITION | The defence position remains provisional pending served message/account material and instructio
sha:b6c63785bb46a0b2d4be65022bed1b182e643a926e18188d9d11139597f383ca,PDF-b6c63785bb46,CB-TB-586_Nair,b6c63785bb46a0b2d4be65022bed1b182e643a926e18188d9d11139597f383ca,OFFLINE_COURT_PROJECTION,,MODALITY,modality_summary_vs_recording,,,modality_summary_vs_recording,,src_charge|src_hearing|src_mg_forms|src_parties|src_dates|src_cctv|src_continuity|court_claims_33,7735,,"SAFE_COURT | Position remains provisional on the current papers — listed material families are not safely confirmed in the bundle yet. || SAFE_POSITION | Sequence, injury and causation remain provisional pending served witness, medical and "
sha:b696f2e50d972ab8d811e2c2a46687b01afa173ff4c7074d6da8d6f961b9bda1,PDF-b696f2e50d97,CB-TB-1997_Naylor,b696f2e50d972ab8d811e2c2a46687b01afa173ff4c7074d6da8d6f961b9bda1,OFFLINE_COURT_PROJECTION,,MUTE,mute_cad_999,,mute_cad_999,,,src_charge|src_hearing|src_mg_forms|src_parties|src_dates|src_cctv|court_claims_33,9985,,SAFE_COURT | The defence asks the court to record that full BWV and continuity material should be served. || SAFE_POSITION | Sequence and force remain provisional pending served BWV and officer source material. || HEARING | 20 July 2026 10:
sha:b78d06ec997d032fa06da625af632696568c9423f294b5e8f51a921fee7ef16c,PDF-b78d06ec997d,CB-TB-1269_Price,b78d06ec997d032fa06da625af632696568c9423f294b5e8f51a921fee7ef16c,OFFLINE_COURT_PROJECTION,,MUTE,mute_cad_999,,mute_cad_999,,,src_charge|src_hearing|src_mg_forms|src_parties|src_dates|src_cctv|court_claims_29,3720,,"SAFE_COURT | The defence asks the court to record outstanding device, calibration and procedure records. || SAFE_POSITION | Driver identity, procedure and device evidence remain provisional pending served source records. || HEARING | 11/08/"
sha:b6dea1752d4ab480ff47064677fa52831e85b94e3695be7efc3ceb8324564a03,PDF-b6dea1752d4a,CB-TB-1224_Mason,b6dea1752d4ab480ff47064677fa52831e85b94e3695be7efc3ceb8324564a03,OFFLINE_COURT_PROJECTION,,MUTE,mute_phone_download,,mute_phone_download,,,src_charge|src_hearing|src_mg_forms|src_parties|src_dates|src_cctv|src_cctv_stills|src_continuity|court_claims_28,6618,,SAFE_COURT | The defence asks the court to record that full BWV and continuity material should be served. || SAFE_POSITION | Sequence and force remain provisional pending served BWV and officer source material. || HEARING | 26/08/2026 10:30
sha:b7e2c1718d1ec5d1db561cbed415216e7be771e2ebc07516f20000e20ac5f653,PDF-b7e2c1718d1e,CB-TB-549_Hale,b7e2c1718d1ec5d1db561cbed415216e7be771e2ebc07516f20000e20ac5f653,OFFLINE_COURT_PROJECTION,,MODALITY,modality_summary_vs_recording,,mute_cctv_master,modality_summary_vs_recording,,src_charge|src_hearing|src_mg_forms|src_parties|src_dates|src_cctv|src_continuity|court_claims_32,5012,,SAFE_COURT | The defence asks the court to record that full custody and interview records remain outstanding. || SAFE_POSITION | Custody/PACE safeguards cannot be finally assessed until the full custody and interview material is served. || 
sha:b817d8be9f55a30b477800eef0a0c64ceb7f350d337560371c155ce9f642c715,PDF-b817d8be9f55,CB-TB-1971_Quinn,b817d8be9f55a30b477800eef0a0c64ceb7f350d337560371c155ce9f642c715,OFFLINE_COURT_PROJECTION,,MUTE,mute_cctv_master,,mute_cctv_master|mute_phone_download,,,src_charge|src_hearing|src_mg_forms|src_parties|src_dates|src_cctv|src_continuity|court_claims_37,10440,,SAFE_COURT | The defence asks the court to record that full BWV and continuity material should be served. || SAFE_POSITION | Sequence and force remain provisional pending served BWV and officer source material. || HEARING | 02 September 202
sha:b92ec00fb6ff4dd381444976e77ab19d12fc644724df58260ee1f34ef08e87bf,PDF-b92ec00fb6ff,NS-CPS-2026-0439 - Copy (2),b92ec00fb6ff4dd381444976e77ab19d12fc644724df58260ee1f34ef08e87bf,OFFLINE_COURT_PROJECTION,,MUTE,mute_cctv_master,,mute_cctv_master,,,src_charge|src_hearing|src_mg_forms|src_parties|src_dates|src_cctv|src_continuity|court_claims_31,4655,,SAFE_COURT | The defence asks the court to record that full BWV and continuity material should be served. || SAFE_POSITION | Sequence and force remain provisional pending served BWV and officer source material. || DEADLINE | Hearing date no
sha:b91c5880a2bde199e063d593e580c818d7dcedb2bb56ffcb7e21ed697e8ec784,PDF-b91c5880a2bd,CB-TB-711_Stone,b91c5880a2bde199e063d593e580c818d7dcedb2bb56ffcb7e21ed697e8ec784,OFFLINE_COURT_PROJECTION,,MUTE,mute_cctv_master,,mute_cctv_master,,,src_charge|src_hearing|src_mg_forms|src_parties|src_dates|src_cctv|src_cctv_stills|src_continuity|court_claims_24,6408,,SAFE_COURT | The defence asks the court to record that full BWV and continuity material should be served. || SAFE_POSITION | Sequence and force remain provisional pending served BWV and officer source material. || HEARING | 19 July 2026 at 
sha:b9ed34c4b2832801aa321f1b954ebf0b6e8571016515bbb56461fe63dd476053,PDF-b9ed34c4b283,CB-TB-536_Foster,b9ed34c4b2832801aa321f1b954ebf0b6e8571016515bbb56461fe63dd476053,OFFLINE_COURT_PROJECTION,,MODALITY,modality_summary_vs_recording,,,modality_summary_vs_recording,,src_charge|src_hearing|src_mg_forms|src_parties|src_dates|src_continuity|court_claims_33,3779,,SAFE_COURT | The defence asks the court to record that full custody and interview records remain outstanding. || SAFE_POSITION | Custody/PACE safeguards cannot be finally assessed until the full custody and interview material is served. || 
sha:b96efc508078f592aec543c7d46a21bfb427b61c22c8ee32e65bc9338efc299b,PDF-b96efc508078,CB-TB-289_Doyle,b96efc508078f592aec543c7d46a21bfb427b61c22c8ee32e65bc9338efc299b,OFFLINE_COURT_PROJECTION,,MUTE,mute_phone_download,,mute_phone_download,,,src_charge|src_hearing|src_mg_forms|src_parties|src_dates|src_cctv|src_continuity|court_claims_25,5676,,"SAFE_COURT | Position remains provisional on the current papers — listed material families are not safely confirmed in the bundle yet. || SAFE_POSITION | Account control, dishonesty and loss remain provisional pending served bank/device sou"
sha:b9d541cf1f5cc4fa8c6ef3900bb3f824fc1e9bc9c1043ff974b7c1fdad056991,PDF-b9d541cf1f5c,CB-TB-2170_Kerr,b9d541cf1f5cc4fa8c6ef3900bb3f824fc1e9bc9c1043ff974b7c1fdad056991,OFFLINE_COURT_PROJECTION,,MUTE,mute_cad_999,,mute_cad_999,,,src_charge|src_hearing|src_mg_forms|src_parties|src_dates|src_cctv|src_continuity|court_claims_25,7842,,"SAFE_COURT | The defence asks the court to record outstanding device, calibration and procedure records. || SAFE_POSITION | Driver identity, procedure and device evidence remain provisional pending served source records. || HEARING | 18 Jun"
sha:ba48be4e4e9fbce4f65df84058c856a9e250f8d014b42e9485cec4a12983a54d,PDF-ba48be4e4e9f,CB-TB-1669_Okonkwo,ba48be4e4e9fbce4f65df84058c856a9e250f8d014b42e9485cec4a12983a54d,OFFLINE_COURT_PROJECTION,,MUTE,mute_cad_999,,mute_cad_999,,,src_charge|src_hearing|src_mg_forms|src_parties|src_dates|src_cctv|court_claims_21,2803,,SAFE_COURT | The defence asks the court to record that full BWV and continuity material should be served. || SAFE_POSITION | Sequence and force remain provisional pending served BWV and officer source material. || HEARING | 25 July 2026 at 
sha:ba1de2019abd567a626358b82ad651806037c381de7ba6dccebb9266f55e7078,PDF-ba1de2019abd,CB-TB-647_Patel,ba1de2019abd567a626358b82ad651806037c381de7ba6dccebb9266f55e7078,OFFLINE_COURT_PROJECTION,,MUTE,mute_cctv_master,,mute_cctv_master,,,src_charge|src_hearing|src_mg_forms|src_parties|src_dates|src_cctv|src_cctv_stills|src_continuity|court_claims_25,6299,,"SAFE_COURT | The defence asks the court to record outstanding bank/device source and loss material. || SAFE_POSITION | Account control, dishonesty and loss remain provisional pending served bank/device source material. || HEARING | 21 Augus"
sha:ba5ebe73ebc5d6f4ec6f69349653cbd6dabeb3eefb201cecaf7772fec83f457d,PDF-ba5ebe73ebc5,CB-TB-2196_Hughes,ba5ebe73ebc5d6f4ec6f69349653cbd6dabeb3eefb201cecaf7772fec83f457d,OFFLINE_COURT_PROJECTION,,MUTE,mute_cad_999,,mute_cad_999,,,src_charge|src_hearing|src_mg_forms|src_parties|src_dates|src_cctv|src_continuity|court_claims_25,7629,,"SAFE_COURT | The defence asks the court to record outstanding continuity, lab and search/phone material. || SAFE_POSITION | Possession, knowledge, intent and continuity remain provisional pending served drug/source material. || HEARING | 26"
sha:ba59e2b54ad260b3b45b71aa57d73dc3abcc56bbbf07e922ecea63da20f4fcdf,PDF-ba59e2b54ad2,CB-TB-828_Parker,ba59e2b54ad260b3b45b71aa57d73dc3abcc56bbbf07e922ecea63da20f4fcdf,OFFLINE_COURT_PROJECTION,,INVENT,invent_phone_download,invent_phone_download,,,,src_charge|src_hearing|src_mg_forms|src_cctv|court_claims_33,7922,,SAFE_COURT | The defence asks the court to record that full BWV and continuity material should be served. || SAFE_POSITION | Sequence and force remain provisional pending served BWV and officer source material. || HEARING | 06 August 2026 a
sha:bb2b958b7d0efdcb6a46dd877fa0e7baaae4eadb4170a4e8a6c29ca52119b98a,PDF-bb2b958b7d0e,CB-TB-552_Clarke,bb2b958b7d0efdcb6a46dd877fa0e7baaae4eadb4170a4e8a6c29ca52119b98a,OFFLINE_COURT_PROJECTION,,MODALITY,modality_summary_vs_recording,,mute_cctv_master,modality_summary_vs_recording,,src_charge|src_hearing|src_mg_forms|src_parties|src_dates|src_cctv|src_continuity|court_claims_29,9689,,"SAFE_COURT | The defence asks the court to record outstanding continuity, lab and search/phone material. || SAFE_POSITION | Possession, knowledge, intent and continuity remain provisional pending served drug/source material. || HEARING | 16"
sha:bc0bf6f64e6cd2044cdedfff7ee1d441fc0ef53b0574e0294642642ee807d58b,PDF-bc0bf6f64e6c,CB-TB-1907_Mills,bc0bf6f64e6cd2044cdedfff7ee1d441fc0ef53b0574e0294642642ee807d58b,OFFLINE_COURT_PROJECTION,,MUTE,mute_cctv_master,,mute_cctv_master,,,src_charge|src_hearing|src_mg_forms|src_parties|src_dates|src_cctv|src_continuity|court_claims_33,2380,,SAFE_COURT | The defence asks the court to record that full BWV and continuity material should be served. || SAFE_POSITION | Sequence and force remain provisional pending served BWV and officer source material. || HEARING | 12 August 2026 1
sha:bc159f47c1a9c30eb4b78f0e2bc687ed4220a9c4cf8ab01b149d425ef1e90a5d,PDF-bc159f47c1a9,CB-TB-508_Price,bc159f47c1a9c30eb4b78f0e2bc687ed4220a9c4cf8ab01b149d425ef1e90a5d,OFFLINE_COURT_PROJECTION,,INVENT,invent_phone_download,invent_phone_download,,modality_summary_vs_recording,,src_charge|src_hearing|src_mg_forms|src_parties|src_dates|src_continuity|court_claims_37,3330,,"SAFE_COURT | The defence asks the court to record outstanding continuity, lab and search/phone material. || SAFE_POSITION | Possession, knowledge, intent and continuity remain provisional pending served drug/source material. || HEARING | 24"
sha:bbf9db082ac02f162c3dc4905871904660929d03d507d94abcf13a5468ef3bef,PDF-bbf9db082ac0,CB-TB-1225_Ward,bbf9db082ac02f162c3dc4905871904660929d03d507d94abcf13a5468ef3bef,OFFLINE_COURT_PROJECTION,,MUTE,mute_phone_download,,mute_phone_download,,,src_charge|src_hearing|src_mg_forms|src_id_procedure|src_parties|src_dates|src_cctv_stills|src_continuity|court_claims_32,4268,,SAFE_COURT | The defence asks the court to record that full custody and interview records remain outstanding. || SAFE_POSITION | Custody/PACE safeguards cannot be finally assessed until the full custody and interview material is served. || 
sha:bc05f6637b62d96020b9824a1aa75f858e660fbbed8ae07ab7c9d2e857018937,PDF-bc05f6637b62,CB-TB-1206_Foster,bc05f6637b62d96020b9824a1aa75f858e660fbbed8ae07ab7c9d2e857018937,OFFLINE_COURT_PROJECTION,,MUTE,mute_phone_download,,mute_phone_download,,,src_charge|src_hearing|src_mg_forms|src_parties|src_dates|src_cctv|src_continuity|court_claims_32,4541,,SAFE_COURT | The defence asks the court to record that full BWV and continuity material should be served. || SAFE_POSITION | Sequence and force remain provisional pending served BWV and officer source material. || HEARING | 03/07/2026 09:30
sha:bb959e4ea1699db914bc6442794aff189793dbf37e72b0142c65b9d9f8037027,PDF-bb959e4ea169,CB-TB-562_Thornton,bb959e4ea1699db914bc6442794aff189793dbf37e72b0142c65b9d9f8037027,OFFLINE_COURT_PROJECTION,,MODALITY,modality_summary_vs_recording,,,modality_summary_vs_recording,,src_charge|src_hearing|src_mg_forms|src_parties|src_dates|src_continuity|court_claims_32,4807,,SAFE_COURT | The defence asks the court to record that source material must be clarified and timetabled. || SAFE_POSITION | The defence cannot safely fix a final position until the served source material is clarified. || HEARING | 18 July 2
sha:bd28054c194c6fad0f7b6c7d0ca18a737d4fbf3fdbf6caca4295e4d231acb30a,PDF-bd28054c194c,CB-TB-1565_Morris,bd28054c194c6fad0f7b6c7d0ca18a737d4fbf3fdbf6caca4295e4d231acb30a,OFFLINE_COURT_PROJECTION,,INVENT,invent_cctv_master,invent_cctv_master,mute_cad_999,,,src_charge|src_hearing|src_mg_forms|src_parties|src_cctv|src_cctv_stills|court_claims_24,3391,,SAFE_COURT | The defence asks the court to record that full custody and interview records remain outstanding. || SAFE_POSITION | Custody/PACE safeguards cannot be finally assessed until the full custody and interview material is served. || 
sha:bcb38d0439e3324cc1b05775b3c86a0e1498205caacee5ecd71f826b7bc2ba10,PDF-bcb38d0439e3,CB-TB-2138_Okonkwo,bcb38d0439e3324cc1b05775b3c86a0e1498205caacee5ecd71f826b7bc2ba10,OFFLINE_COURT_PROJECTION,,MODALITY,modality_screenshot_vs_download,,,modality_screenshot_vs_download,,src_charge|src_hearing|src_mg_forms|src_parties|src_dates|src_cctv|src_continuity|court_claims_25,6132,,"SAFE_COURT | The defence asks the court to record outstanding continuity, lab and search/phone material. || SAFE_POSITION | Possession, knowledge, intent and continuity remain provisional pending served drug/source material. || HEARING | 1 "
sha:bca87966851fa6a2b3fbdbc8237176c374cac338aae764aaeaf2b98f2ac99fdd,PDF-bca87966851f,CB-TB-1152_Okonkwo,bca87966851fa6a2b3fbdbc8237176c374cac338aae764aaeaf2b98f2ac99fdd,OFFLINE_COURT_PROJECTION,,INVENT,invent_phone_download,invent_phone_download,,,,src_charge|src_hearing|src_mg_forms|src_id_procedure|src_parties|src_dates|src_cctv|src_continuity|court_claims_33,8942,,"SAFE_COURT | The defence asks the court to record outstanding continuity, lab and search/phone material. || SAFE_POSITION | Possession, knowledge, intent and continuity remain provisional pending served drug/source material. || HEARING | 12"
sha:bdbc03f162ca4cc02f9b17cce1e7ebdec0c6183b7fe51ff3d32bafc4ea265a7b,PDF-bdbc03f162ca,CB-TB-1761_Fielding,bdbc03f162ca4cc02f9b17cce1e7ebdec0c6183b7fe51ff3d32bafc4ea265a7b,OFFLINE_COURT_PROJECTION,,INVENT,invent_phone_download,invent_phone_download,,,,src_charge|src_hearing|src_mg_forms|src_parties|court_claims_29,4004,,"SAFE_COURT | The defence asks the court to record outstanding continuity, lab and search/phone material. || SAFE_POSITION | Possession, knowledge, intent and continuity remain provisional pending served drug/source material. || HEARING | 20"
sha:be281d8de2ee39f705951eb44ebee0abec18682f70f4358682c635068c5e7556,PDF-be281d8de2ee,CB-TB-1874_Marsden,be281d8de2ee39f705951eb44ebee0abec18682f70f4358682c635068c5e7556,OFFLINE_COURT_PROJECTION,,MUTE,mute_phone_download,,mute_phone_download,,,src_charge|src_hearing|src_mg_forms|src_parties|src_dates|src_cctv|src_continuity|court_claims_24,5064,,SAFE_COURT | The defence asks the court to record that full custody and interview records remain outstanding. || SAFE_POSITION | Custody/PACE safeguards cannot be finally assessed until the full custody and interview material is served. || 
sha:be806396c66dec6e4d99594483409de1a63e6d99214b06f7427d460385e0417e,PDF-be806396c66d,CB-TB-1003_Blake,be806396c66dec6e4d99594483409de1a63e6d99214b06f7427d460385e0417e,OFFLINE_COURT_PROJECTION,,MUTE,mute_cad_999,,mute_cad_999,,,src_charge|src_hearing|src_mg_forms|src_parties|src_dates|src_continuity|court_claims_24,4132,,SAFE_COURT | The defence asks the court to record that full custody and interview records remain outstanding. || SAFE_POSITION | Custody/PACE safeguards cannot be finally assessed until the full custody and interview material is served. || 
sha:bec2a3d30c532891e60a51ce4a21847fd3d49a983763d4b3662920da03724fa3,PDF-bec2a3d30c53,CB-TB-103_Greene,bec2a3d30c532891e60a51ce4a21847fd3d49a983763d4b3662920da03724fa3,OFFLINE_COURT_PROJECTION,,INVENT,invent_phone_download,invent_phone_download,,,,src_charge|src_hearing|src_mg_forms|src_parties|src_cctv|src_continuity|court_claims_33,10500,,"SAFE_COURT | The defence asks the court to record outstanding continuity, lab and search/phone material. || SAFE_POSITION | Possession, knowledge, intent and continuity remain provisional pending served drug/source material. || HEARING | 29"
sha:bed8d7e795af8a40425a969e2acac5a9ec4518dd1db08ecc7db1cd9feb4411e7,PDF-bed8d7e795af,CB-TB-1929_Forrest,bed8d7e795af8a40425a969e2acac5a9ec4518dd1db08ecc7db1cd9feb4411e7,OFFLINE_COURT_PROJECTION,,MUTE,mute_cctv_master,,mute_cctv_master|mute_phone_download,,,src_charge|src_hearing|src_mg_forms|src_parties|src_dates|src_cctv|src_continuity|court_claims_33,6283,,SAFE_COURT | The defence asks the court to record that full BWV and continuity material should be served. || SAFE_POSITION | Sequence and force remain provisional pending served BWV and officer source material. || HEARING | 04 August 2026 1
sha:bed943d806a788ea23e16b89c243087ce16bfc94c1de6f7258c8479db863f44f,PDF-bed943d806a7,CB-TB-2059_Hughes,bed943d806a788ea23e16b89c243087ce16bfc94c1de6f7258c8479db863f44f,OFFLINE_COURT_PROJECTION,,MUTE,mute_cad_999,,mute_cad_999,,,src_charge|src_hearing|src_mg_forms|src_parties|src_dates|src_cctv|src_continuity|court_claims_25,6896,,SAFE_COURT | The defence asks the court to record that full BWV and continuity material should be served. || SAFE_POSITION | Sequence and force remain provisional pending served BWV and officer source material. || HEARING | 5 July 2026 at 1
sha:bee42d9479cf16dc941f19a2c5a5451ab8fec1d0ba42803b66327429d05d8692,PDF-bee42d9479cf,CB-TB-1161_Greene,bee42d9479cf16dc941f19a2c5a5451ab8fec1d0ba42803b66327429d05d8692,OFFLINE_COURT_PROJECTION,,INVENT,invent_phone_download,invent_phone_download,,,,src_charge|src_hearing|src_mg_forms|src_id_procedure|src_parties|src_dates|src_cctv|src_continuity|court_claims_37,9577,,"SAFE_COURT | The defence asks the court to record outstanding continuity, lab and search/phone material. || SAFE_POSITION | Possession, knowledge, intent and continuity remain provisional pending served drug/source material. || HEARING | 29"
sha:bfc5983e942df13b4a8b921d0c0f10b42b179a6dc5ec3a48527dd93df0e76944,PDF-bfc5983e942d,CB-TB-512_Hale,bfc5983e942df13b4a8b921d0c0f10b42b179a6dc5ec3a48527dd93df0e76944,OFFLINE_COURT_PROJECTION,,MODALITY,modality_summary_vs_recording,,mute_phone_download,modality_summary_vs_recording,,src_charge|src_hearing|src_mg_forms|src_parties|src_dates|src_continuity|court_claims_33,5974,,SAFE_COURT | The defence asks the court to record that full custody and interview records remain outstanding. || SAFE_POSITION | Custody/PACE safeguards cannot be finally assessed until the full custody and interview material is served. || 
sha:bf73e78b3b3c2b1bb21f3053826264a0eaa3f66bb46e002bbdca2e637f55e438,PDF-bf73e78b3b3c,CB-TB-533_Price,bf73e78b3b3c2b1bb21f3053826264a0eaa3f66bb46e002bbdca2e637f55e438,OFFLINE_COURT_PROJECTION,,MODALITY,modality_summary_vs_recording,,mute_phone_download,modality_summary_vs_recording,,src_charge|src_hearing|src_mg_forms|src_parties|src_dates|src_continuity|court_claims_31,6942,,SAFE_COURT | The defence asks the court to record that full custody and interview records remain outstanding. || SAFE_POSITION | Custody/PACE safeguards cannot be finally assessed until the full custody and interview material is served. || 
sha:c0618de08b8942d674daa0eaed9538dbeb342b18decfd7c2165e8c647b572002,PDF-c0618de08b89,CB-TB-652_Rees,c0618de08b8942d674daa0eaed9538dbeb342b18decfd7c2165e8c647b572002,OFFLINE_COURT_PROJECTION,,MUTE,mute_export_log,,mute_export_log|mute_cctv_master,,,src_charge|src_hearing|src_mg_forms|src_parties|src_dates|src_cctv|src_cctv_stills|src_continuity|court_claims_25,9255,,"SAFE_COURT | The defence asks the court to record outstanding bank/device source and loss material. || SAFE_POSITION | Account control, dishonesty and loss remain provisional pending served bank/device source material. || HEARING | 22 June "
sha:c0618fb06a0b7c245272d66cfee25323f37d51a180ef6ece3819bf46c4e9c73d,PDF-c0618fb06a0b,CB-TB-1904_Rahman,c0618fb06a0b7c245272d66cfee25323f37d51a180ef6ece3819bf46c4e9c73d,OFFLINE_COURT_PROJECTION,,MUTE,mute_phone_download,,mute_phone_download|mute_cad_999,,,src_charge|src_hearing|src_mg_forms|src_parties|src_dates|src_cctv|src_continuity|court_claims_32,10557,,SAFE_COURT | The defence asks the court to record that full custody and interview records remain outstanding. || SAFE_POSITION | Custody/PACE safeguards cannot be finally assessed until the full custody and interview material is served. || 
sha:c08b7aacece88da4ad5973c58adf2d14f0ff826242a05a1379629d6af63f1866,PDF-c08b7aacece8,CB-TB-1281_Pike,c08b7aacece88da4ad5973c58adf2d14f0ff826242a05a1379629d6af63f1866,OFFLINE_COURT_PROJECTION,,MUTE,mute_phone_download,,mute_phone_download,,date_role_hearing_reused_as_deadline_language,src_charge|src_hearing|src_mg_forms|src_parties|src_dates|src_cctv|src_continuity|court_claims_25,4031,,SAFE_COURT | The defence asks the court to record outstanding message/account source material and complainant statement gaps. || SAFE_POSITION | The defence position remains provisional pending served message/account material and instructio
sha:c0a113c3e59cd5e97576bfa6c01eee1f48a7c3a8cb42c17ac5c265c06ec9f643,PDF-c0a113c3e59c,CB-TB-1343_Vale,c0a113c3e59cd5e97576bfa6c01eee1f48a7c3a8cb42c17ac5c265c06ec9f643,OFFLINE_COURT_PROJECTION,,MUTE,mute_cad_999,,mute_cad_999,,,src_charge|src_hearing|src_mg_forms|src_id_procedure|src_parties|src_dates|src_cctv|src_continuity|court_claims_25,6580,,"SAFE_COURT | The defence asks the court to record outstanding device, calibration and procedure records. || SAFE_POSITION | Driver identity, procedure and device evidence remain provisional pending served source records. || HEARING | 30 Jun"
sha:c0b5a16709c66bc37a9f1a3249c8193d44220d88b4fffa25143bd63271519e15,PDF-c0b5a16709c6,CB-TB-1047_Pearson,c0b5a16709c66bc37a9f1a3249c8193d44220d88b4fffa25143bd63271519e15,OFFLINE_COURT_PROJECTION,,MUTE,mute_cad_999,,mute_cad_999,,,src_charge|src_hearing|src_mg_forms|src_parties|src_dates|src_cctv|src_cctv_stills|src_continuity|court_claims_33,7644,,"SAFE_COURT | The defence asks the court to record outstanding continuity, lab and search/phone material. || SAFE_POSITION | Possession, knowledge, intent and continuity remain provisional pending served drug/source material. || HEARING | 10"
sha:c13c2a8b9483a74e66d6001f86dff5a730a1b31f34cb40ea43cdce53cb5ea8ec,PDF-c13c2a8b9483,CB-TB-121_Hartley,c13c2a8b9483a74e66d6001f86dff5a730a1b31f34cb40ea43cdce53cb5ea8ec,OFFLINE_COURT_PROJECTION,,MUTE,mute_cad_999,,mute_cad_999,,,src_charge|src_hearing|src_mg_forms|src_parties|src_cctv|src_continuity|court_claims_28,4844,,SAFE_COURT | The defence asks the court to record that full custody and interview records remain outstanding. || SAFE_POSITION | Custody/PACE safeguards cannot be finally assessed until the full custody and interview material is served. || 
sha:c14e1ff2205be9dce961b8684a6de40693c7421ad8252fdc9ed005689b1a8cfc,PDF-c14e1ff2205b,CB-TB-565_Flint,c14e1ff2205be9dce961b8684a6de40693c7421ad8252fdc9ed005689b1a8cfc,OFFLINE_COURT_PROJECTION,,INVENT,invent_phone_download,invent_phone_download,mute_cctv_master,modality_summary_vs_recording,,src_charge|src_hearing|src_mg_forms|src_parties|src_dates|src_cctv|src_continuity|court_claims_40,5107,,SAFE_COURT | The defence asks the court to record that the full extraction/source material remains outstanding. || SAFE_POSITION | Attribution remains provisional pending served device/source material and instructions. || HEARING | 19 June 
sha:c1c78eadba973d48796240eaa749d809bfcfe494cc3209b5c87b5e39f9667aad,PDF-c1c78eadba97,CB-TB-527_Mitchell,c1c78eadba973d48796240eaa749d809bfcfe494cc3209b5c87b5e39f9667aad,OFFLINE_COURT_PROJECTION,,MODALITY,modality_summary_vs_recording,,mute_cctv_master|mute_phone_download,modality_summary_vs_recording,,src_charge|src_hearing|src_mg_forms|src_parties|src_dates|src_cctv|src_continuity|court_claims_33,3313,,"SAFE_COURT | Position remains provisional on the current papers — listed material families are not safely confirmed in the bundle yet. || SAFE_POSITION | Account control, dishonesty and loss remain provisional pending served bank/device sou"
sha:c21d7a85399b23ceeb08406fd9edaf797395145127ef323782223ed445646116,PDF-c21d7a85399b,CB-TB-2092_Barlow,c21d7a85399b23ceeb08406fd9edaf797395145127ef323782223ed445646116,OFFLINE_COURT_PROJECTION,,MUTE,mute_cad_999,,mute_cad_999,,,src_charge|src_hearing|src_mg_forms|src_parties|src_dates|src_cctv|src_continuity|court_claims_25,8352,,SAFE_COURT | The defence asks the court to record that full BWV and continuity material should be served. || SAFE_POSITION | Sequence and force remain provisional pending served BWV and officer source material. || HEARING | 3 August 2026 at
sha:c1d1f6824d37327bb547c383decde370f7906126d3fde8e5553c0446b5de7f1b,PDF-c1d1f6824d37,CB-TB-1050_Richards,c1d1f6824d37327bb547c383decde370f7906126d3fde8e5553c0446b5de7f1b,OFFLINE_COURT_PROJECTION,,MUTE,mute_cad_999,,mute_cad_999,,,src_charge|src_hearing|src_mg_forms|src_parties|src_dates|src_cctv|src_cctv_stills|src_continuity|court_claims_36,9836,,SAFE_COURT | The defence asks the court to record that full BWV and continuity material should be served. || SAFE_POSITION | Sequence and force remain provisional pending served BWV and officer source material. || HEARING | 25 July 2026 at 
sha:c27876f0fa47f6ca7e4a5e6e2944ce0938bf1d774e3701d9f76d79c49dfd5fab,PDF-c27876f0fa47,CB-TB-701_Wright,c27876f0fa47f6ca7e4a5e6e2944ce0938bf1d774e3701d9f76d79c49dfd5fab,OFFLINE_COURT_PROJECTION,,MUTE,mute_cctv_master,,mute_cctv_master,,,src_charge|src_hearing|src_mg_forms|src_parties|src_dates|src_cctv|court_claims_28,4719,,SAFE_COURT | The defence asks the court to record that full BWV and continuity material should be served. || SAFE_POSITION | Sequence and force remain provisional pending served BWV and officer source material. || HEARING | 19 June 2026 at 
sha:c300e8925ef0476d22cb59c746dd86b0353c5b9fe41e6ef419682e48936a579c,PDF-c300e8925ef0,CB-TB-2137_Kerr,c300e8925ef0476d22cb59c746dd86b0353c5b9fe41e6ef419682e48936a579c,OFFLINE_COURT_PROJECTION,,MUTE,mute_phone_download,,mute_phone_download,,,src_charge|src_hearing|src_mg_forms|src_parties|src_dates|src_cctv|src_continuity|court_claims_24,6919,,SAFE_COURT | The defence asks the court to record that full custody and interview records remain outstanding. || SAFE_POSITION | Custody/PACE safeguards cannot be finally assessed until the full custody and interview material is served. || 
sha:c3288503cdfbcaecf80ceaf29ad3d28b6ea1424b688011a9bd164460e5ecd6fa,PDF-c3288503cdfb,CB-TB-644_Walsh,c3288503cdfbcaecf80ceaf29ad3d28b6ea1424b688011a9bd164460e5ecd6fa,OFFLINE_COURT_PROJECTION,,MUTE,mute_cctv_master,,mute_cctv_master,,,src_charge|src_hearing|src_mg_forms|src_parties|src_dates|src_cctv|src_cctv_stills|court_claims_29,7353,,"SAFE_COURT | The defence asks the court to record outstanding bank/device source and loss material. || SAFE_POSITION | Account control, dishonesty and loss remain provisional pending served bank/device source material. || HEARING | 12 Augus"
sha:c33c528169bbf923cc2112836f3b01423a5bd4c9f6bc90274160a5b49b10149c,PDF-c33c528169bb,CB-TB-1502_Barnes,c33c528169bbf923cc2112836f3b01423a5bd4c9f6bc90274160a5b49b10149c,OFFLINE_COURT_PROJECTION,,MUTE,mute_cad_999,,mute_cad_999,,,src_charge|src_hearing|src_mg_forms|src_parties|src_cctv|src_cctv_stills|court_claims_28,5676,,SAFE_COURT | The defence asks the court to record that full custody and interview records remain outstanding. || SAFE_POSITION | Custody/PACE safeguards cannot be finally assessed until the full custody and interview material is served. || 
sha:c3277b6fa0f26c414ab4c0dd2063dd34b28c051361fc85ddccd5eb049c773969,PDF-c3277b6fa0f2,CB-TB-827_Blake,c3277b6fa0f26c414ab4c0dd2063dd34b28c051361fc85ddccd5eb049c773969,OFFLINE_COURT_PROJECTION,,INVENT,invent_phone_download,invent_phone_download,,,,src_charge|src_hearing|src_mg_forms|src_dates|src_cctv|court_claims_33,7518,,"SAFE_COURT | The defence asks the court to record outstanding bank/device source and loss material. || SAFE_POSITION | Account control, dishonesty and loss remain provisional pending served bank/device source material. || HEARING | 03 Augus"
sha:c3c7ae8a4b632a64830b939a4b0ee45607d5df6c1bb6d2fe455a1b6d22c2120c,PDF-c3c7ae8a4b63,CB-TB-338_Miles,c3c7ae8a4b632a64830b939a4b0ee45607d5df6c1bb6d2fe455a1b6d22c2120c,OFFLINE_COURT_PROJECTION,,MUTE,mute_phone_download,,mute_phone_download,,,src_charge|src_hearing|src_mg_forms|src_parties|src_dates|src_cctv|src_cctv_stills|src_continuity|court_claims_28,5211,,SAFE_COURT | The defence asks the court to record that full custody and interview records remain outstanding. || SAFE_POSITION | Custody/PACE safeguards cannot be finally assessed until the full custody and interview material is served. || 
sha:c3f8bb52de0b232a3d689648146a79d27a77007bfc8a549b15fe2634a03e6f23,PDF-c3f8bb52de0b,CB-TB-2143_Kerr,c3f8bb52de0b232a3d689648146a79d27a77007bfc8a549b15fe2634a03e6f23,OFFLINE_COURT_PROJECTION,,MUTE,mute_cad_999,,mute_cad_999,,,src_charge|src_hearing|src_mg_forms|src_parties|src_dates|src_cctv|src_continuity|court_claims_29,11152,,SAFE_COURT | The defence asks the court to record that full BWV and continuity material should be served. || SAFE_POSITION | Sequence and force remain provisional pending served BWV and officer source material. || HEARING | 16 August 2026 a
sha:c453d050c5ac12f9a1582b461c700e0123a76e31f99734c22b9fcc43910d3362,PDF-c453d050c5ac,CB-TB-2142_Ford,c453d050c5ac12f9a1582b461c700e0123a76e31f99734c22b9fcc43910d3362,OFFLINE_COURT_PROJECTION,,MUTE,mute_export_log,,mute_export_log|mute_cad_999,,,src_charge|src_hearing|src_mg_forms|src_parties|src_dates|src_cctv|src_continuity|court_claims_25,5351,,SAFE_COURT | The defence asks the court to record that full BWV and continuity material should be served. || SAFE_POSITION | Sequence and force remain provisional pending served BWV and officer source material. || HEARING | 13 August 2026 a
sha:c42dbe9e1275f3843bb656be39a0aa7ed6464c57094578bbb7636c283ddb2bbb,PDF-c42dbe9e1275,CB-TB-1931_Baines,c42dbe9e1275f3843bb656be39a0aa7ed6464c57094578bbb7636c283ddb2bbb,OFFLINE_COURT_PROJECTION,,MUTE,mute_cctv_master,,mute_cctv_master,,,src_charge|src_hearing|src_mg_forms|src_parties|src_dates|src_cctv|court_claims_29,12489,,SAFE_COURT | The defence asks the court to record that full BWV and continuity material should be served. || SAFE_POSITION | Sequence and force remain provisional pending served BWV and officer source material. || HEARING | 20 September 202
sha:c44399e2b4df1d99fce490137f59f4a099d5dc1c6f61d414f7252ce1108f85e4,PDF-c44399e2b4df,CB-TB-579_Hale,c44399e2b4df1d99fce490137f59f4a099d5dc1c6f61d414f7252ce1108f85e4,OFFLINE_COURT_PROJECTION,,MODALITY,modality_summary_vs_recording,,mute_cctv_master,modality_summary_vs_recording,,src_charge|src_hearing|src_mg_forms|src_parties|src_dates|src_cctv|src_continuity|court_claims_33,9526,,SAFE_COURT | The defence asks the court to record that source material must be clarified and timetabled. || SAFE_POSITION | The defence cannot safely fix a final position until the served source material is clarified. || HEARING | 23 August
sha:c47dbef009832fedcb88611cd2f4dbe58b2139809efa97b8314ac23e6894ea8a,PDF-c47dbef00983,CB-TB-496_Howard,c47dbef009832fedcb88611cd2f4dbe58b2139809efa97b8314ac23e6894ea8a,OFFLINE_COURT_PROJECTION,,MODALITY,modality_screenshot_vs_download,,,modality_screenshot_vs_download,,src_charge|src_hearing|src_mg_forms|src_parties|src_cctv|src_continuity|court_claims_29,3555,,"SAFE_COURT | The defence asks the court to record outstanding continuity, lab and search/phone material. || SAFE_POSITION | Possession, knowledge, intent and continuity remain provisional pending served drug/source material. || HEARING | 31"
sha:c457da49f8a81243f00bce2f171eebd39f6d6b926569b5bafdd86260ea66b220,PDF-c457da49f8a8,CB-TB-591_Evans,c457da49f8a81243f00bce2f171eebd39f6d6b926569b5bafdd86260ea66b220,OFFLINE_COURT_PROJECTION,,MODALITY,modality_summary_vs_recording,,,modality_summary_vs_recording,,src_charge|src_hearing|src_mg_forms|src_parties|src_dates|src_continuity|court_claims_33,5021,,SAFE_COURT | The defence asks the court to record that source material must be clarified and timetabled. || SAFE_POSITION | The defence cannot safely fix a final position until the served source material is clarified. || HEARING | 17 June 2
sha:c49943eb572938fbd7d7bf496f95abea1c46f56e5fbc905eeb7ded10cb7576a6,PDF-c49943eb5729,CB-TB-2115_Price,c49943eb572938fbd7d7bf496f95abea1c46f56e5fbc905eeb7ded10cb7576a6,OFFLINE_COURT_PROJECTION,,MUTE,mute_cad_999,,mute_cad_999,,,src_charge|src_hearing|src_mg_forms|src_parties|src_dates|src_cctv|src_continuity|court_claims_29,5748,,SAFE_COURT | The defence asks the court to record that full BWV and continuity material should be served. || SAFE_POSITION | Sequence and force remain provisional pending served BWV and officer source material. || HEARING | 2 August 2026 at
sha:c48fb5551de535c8cd4beccb7c3aec47a4b62edc1cd3a07d5a216be63e7c6cd5,PDF-c48fb5551de5,CB-TB-1746_Nolan,c48fb5551de535c8cd4beccb7c3aec47a4b62edc1cd3a07d5a216be63e7c6cd5,OFFLINE_COURT_PROJECTION,,MUTE,mute_phone_download,,mute_phone_download,,,src_charge|src_hearing|src_mg_forms|src_parties|src_cctv|court_claims_28,4800,,SAFE_COURT | The defence asks the court to record that full BWV and continuity material should be served. || SAFE_POSITION | Sequence and force remain provisional pending served BWV and officer source material. || HEARING | 19 August 2026 1
sha:c48b6700e810ab6d3fac005be09a18c146720b369b9c242c6882e539b572a007,PDF-c48b6700e810,CB-TB-1027_Bradley,c48b6700e810ab6d3fac005be09a18c146720b369b9c242c6882e539b572a007,OFFLINE_COURT_PROJECTION,,MUTE,mute_cad_999,,mute_cad_999,,,src_charge|src_hearing|src_mg_forms|src_parties|src_dates|src_cctv|src_cctv_stills|src_continuity|court_claims_37,9303,,"SAFE_COURT | The defence asks the court to record outstanding continuity, lab and search/phone material. || SAFE_POSITION | Possession, knowledge, intent and continuity remain provisional pending served drug/source material. || HEARING | 01"
sha:c4e684c2a13184f7478e5b2200eb4e022f98b08eb79a7a4de2344f63d48c894e,PDF-c4e684c2a131,CB-TB-049_Lark,c4e684c2a13184f7478e5b2200eb4e022f98b08eb79a7a4de2344f63d48c894e,OFFLINE_COURT_PROJECTION,,INVENT,invent_phone_download,invent_phone_download,,,,src_charge|src_hearing|src_mg_forms|src_parties|src_cctv|src_continuity|court_claims_33,7359,,"SAFE_COURT | The defence asks the court to record outstanding continuity, lab and search/phone material. || SAFE_POSITION | Possession, knowledge, intent and continuity remain provisional pending served drug/source material. || HEARING | 27"
sha:c4d91d10ca43c7b26542589f6a8e7e820428b04b600f1daaa40f529d82c694e2,PDF-c4d91d10ca43,NS-CPS-2026-0504,c4d91d10ca43c7b26542589f6a8e7e820428b04b600f1daaa40f529d82c694e2,OFFLINE_COURT_PROJECTION,,ERROR,engine_error,,,,,,0,"corrupt_or_protected:PDF parsing failed: bad XRef entry. The PDF may be corrupted, password-protected, or use an unsupported format.",
sha:c57151ebc2786e6d241bee1180441432ad50ed898ad1cbf101112bb2bbea82c8,PDF-c57151ebc278,CB-TB-2012_Bennett,c57151ebc2786e6d241bee1180441432ad50ed898ad1cbf101112bb2bbea82c8,OFFLINE_COURT_PROJECTION,,MODALITY,modality_screenshot_vs_download,,,modality_screenshot_vs_download,,src_charge|src_hearing|src_mg_forms|src_parties|src_dates|src_cctv|src_continuity|court_claims_25,8834,,"SAFE_COURT | The defence asks the court to record outstanding continuity, lab and search/phone material. || SAFE_POSITION | Possession, knowledge, intent and continuity remain provisional pending served drug/source material. || HEARING | 4 "
sha:c5e985ab03a25775e1b06af8a11279bffb123f4a6f158ab86b3f9804b79e628b,PDF-c5e985ab03a2,CB-TB-1916_Mercer,c5e985ab03a25775e1b06af8a11279bffb123f4a6f158ab86b3f9804b79e628b,OFFLINE_COURT_PROJECTION,,MUTE,mute_cctv_master,,mute_cctv_master,,,src_charge|src_hearing|src_mg_forms|src_parties|src_dates|src_cctv|src_continuity|court_claims_33,4472,,SAFE_COURT | The defence asks the court to record that full BWV and continuity material should be served. || SAFE_POSITION | Sequence and force remain provisional pending served BWV and officer source material. || HEARING | 21 August 2026 0
sha:c602ddb90b69360222561004b7e626d8b69e8e557baf38d77d61158cb1d4c81a,PDF-c602ddb90b69,CB-TB-704_Morley,c602ddb90b69360222561004b7e626d8b69e8e557baf38d77d61158cb1d4c81a,OFFLINE_COURT_PROJECTION,,MUTE,mute_cctv_master,,mute_cctv_master,,,src_charge|src_hearing|src_mg_forms|src_parties|src_dates|src_cctv|src_continuity|court_claims_28,7191,,SAFE_COURT | The defence asks the court to record that full BWV and continuity material should be served. || SAFE_POSITION | Sequence and force remain provisional pending served BWV and officer source material. || HEARING | 28 June 2026 at 
sha:c6177c796532ca0dbe961b2282e1ce2eec756418429248f981409038d35a0f3f,PDF-c6177c796532,CB-TB-1526_Barker,c6177c796532ca0dbe961b2282e1ce2eec756418429248f981409038d35a0f3f,OFFLINE_COURT_PROJECTION,,MUTE,mute_cad_999,,mute_cad_999,,,src_charge|src_hearing|src_mg_forms|src_parties|src_cctv|src_cctv_stills|court_claims_25,4838,,"SAFE_COURT | Position remains provisional on the current papers — listed material families are not safely confirmed in the bundle yet. || SAFE_POSITION | Account control, dishonesty and loss remain provisional pending served bank/device sou"
sha:c64b547ec868515e450575c4721afaa69f35cd92016924316d089ba875606e8f,PDF-c64b547ec868,CB-TB-451_Cross,c64b547ec868515e450575c4721afaa69f35cd92016924316d089ba875606e8f,OFFLINE_COURT_PROJECTION,,MUTE,mute_phone_download,,mute_phone_download,,,src_charge|src_hearing|src_mg_forms|src_parties|src_cctv|src_continuity|court_claims_25,6554,,"SAFE_COURT | The defence asks the court to record outstanding device, calibration and procedure records. || SAFE_POSITION | Driver identity, procedure and device evidence remain provisional pending served source records. || HEARING | 13 Jul"
sha:c6cb54a4480c6baf3bf2a440d4b73c3379b4be7533ffb6c0c773aa0d7dd102a3,PDF-c6cb54a4480c,CB-TB-1071_Clarke,c6cb54a4480c6baf3bf2a440d4b73c3379b4be7533ffb6c0c773aa0d7dd102a3,OFFLINE_COURT_PROJECTION,,MUTE,mute_cad_999,,mute_cad_999,,,src_charge|src_hearing|src_mg_forms|src_parties|src_dates|src_cctv|src_cctv_stills|src_continuity|court_claims_37,7179,,"SAFE_COURT | The defence asks the court to record outstanding device, calibration and procedure records. || SAFE_POSITION | Driver identity, procedure and device evidence remain provisional pending served source records. || HEARING | 24 Jun"
sha:c769012bb20cbbf321ee91aff65d05ff500e3227acb2877c94260a662ffdae55,PDF-c769012bb20c,CB-TB-863_Patel,c769012bb20cbbf321ee91aff65d05ff500e3227acb2877c94260a662ffdae55,OFFLINE_COURT_PROJECTION,,INVENT,invent_phone_download,invent_phone_download,,,,src_charge|src_hearing|src_mg_forms|src_cctv|court_claims_29,8249,,"SAFE_COURT | The defence asks the court to record outstanding bank/device source and loss material. || SAFE_POSITION | Account control, dishonesty and loss remain provisional pending served bank/device source material. || HEARING | 20 June "
sha:c796b2e84ff007dd9d89875a569874b1723834e3c865971bf686c326671f6296,PDF-c796b2e84ff0,CB-TB-488_Merritt,c796b2e84ff007dd9d89875a569874b1723834e3c865971bf686c326671f6296,OFFLINE_COURT_PROJECTION,,MODALITY,modality_screenshot_vs_download,,,modality_screenshot_vs_download,,src_charge|src_hearing|src_mg_forms|src_parties|src_cctv|src_continuity|court_claims_29,3431,,"SAFE_COURT | The defence asks the court to record outstanding continuity, lab and search/phone material. || SAFE_POSITION | Possession, knowledge, intent and continuity remain provisional pending served drug/source material. || HEARING | 15"
sha:c7bae027138588fa6fe8dab75d37b49a7948555b21956de3f001ef3f1eabf0c3,PDF-c7bae0271385,CB-TB-1238_Blake,c7bae027138588fa6fe8dab75d37b49a7948555b21956de3f001ef3f1eabf0c3,OFFLINE_COURT_PROJECTION,,MUTE,mute_phone_download,,mute_phone_download,,,src_charge|src_hearing|src_mg_forms|src_id_procedure|src_parties|src_dates|src_cctv|src_cctv_stills|src_continuity|court_claims_25,5414,,"SAFE_COURT | Position remains provisional on the current papers — listed material families are not safely confirmed in the bundle yet. || SAFE_POSITION | Account control, dishonesty and loss remain provisional pending served bank/device sou"
sha:c816f4de89edd8ca029cdedd2a8ddc17279ab9dc2de33edf2c4932cb3412cb8d,PDF-c816f4de89ed,CB-TB-1070_Lawson,c816f4de89edd8ca029cdedd2a8ddc17279ab9dc2de33edf2c4932cb3412cb8d,OFFLINE_COURT_PROJECTION,,MUTE,mute_cad_999,,mute_cad_999,,,src_charge|src_hearing|src_mg_forms|src_parties|src_dates|src_cctv|src_cctv_stills|src_continuity|court_claims_32,5742,,SAFE_COURT | The defence asks the court to record that full BWV and continuity material should be served. || SAFE_POSITION | Sequence and force remain provisional pending served BWV and officer source material. || HEARING | 14 July 2026 at 
sha:c8d6193066ee4ad70430d9faf904e81b60977764ad11b5fa7472f89f8011cf67,PDF-c8d6193066ee,CB-TB-142_Patterson,c8d6193066ee4ad70430d9faf904e81b60977764ad11b5fa7472f89f8011cf67,OFFLINE_COURT_PROJECTION,,MUTE,mute_cad_999,,mute_cad_999,,,src_charge|src_hearing|src_mg_forms|src_parties|src_continuity|court_claims_28,7195,,SAFE_COURT | The defence asks the court to record that full custody and interview records remain outstanding. || SAFE_POSITION | Custody/PACE safeguards cannot be finally assessed until the full custody and interview material is served. || 
sha:c9394134d9cd5a011aa7c28808f00c86f07cf87436c1e1bbd2209d93597e5cbe,PDF-c9394134d9cd,CB-TB-1223_Reed,c9394134d9cd5a011aa7c28808f00c86f07cf87436c1e1bbd2209d93597e5cbe,OFFLINE_COURT_PROJECTION,,MUTE,mute_phone_download,,mute_phone_download,,,src_charge|src_hearing|src_mg_forms|src_parties|src_dates|src_cctv|src_cctv_stills|src_continuity|court_claims_28,4077,,SAFE_COURT | The defence asks the court to record that full custody and interview records remain outstanding. || SAFE_POSITION | Custody/PACE safeguards cannot be finally assessed until the full custody and interview material is served. || 
sha:c95d8d943916058877d38af9b0a965090eded2536a5f0fc3bcf63637de1ae706,PDF-c95d8d943916,CB-TB-501_Shaw,c95d8d943916058877d38af9b0a965090eded2536a5f0fc3bcf63637de1ae706,OFFLINE_COURT_PROJECTION,,MODALITY,modality_summary_vs_recording,,mute_phone_download,modality_summary_vs_recording,,src_charge|src_hearing|src_mg_forms|src_parties|src_dates|src_continuity|court_claims_37,10238,,"SAFE_COURT | Position remains provisional on the current papers — listed material families are not safely confirmed in the bundle yet. || SAFE_POSITION | Sequence, injury and causation remain provisional pending served witness, medical and "
sha:c9970700a36afa6b98f13fad5b7152339404158872a533419be4a0d16b23cbe3,PDF-c9970700a36a,NS-CPS-2026-0434 - Copy (2),c9970700a36afa6b98f13fad5b7152339404158872a533419be4a0d16b23cbe3,OFFLINE_COURT_PROJECTION,,MUTE,mute_cctv_master,,mute_cctv_master,,,src_charge|src_hearing|src_mg_forms|src_parties|src_dates|src_cctv|src_continuity|court_claims_32,4628,,"SAFE_COURT | Position remains provisional on the current papers — listed material families are not safely confirmed in the bundle yet. || SAFE_POSITION | Account control, dishonesty and loss remain provisional pending served bank/device sou"
sha:c9b1668262eb2a556f256f5d45cbbea78af8bcc7a0fc6a85c6e9841c5ae9b1a4,PDF-c9b1668262eb,CB-TB-547_Ali,c9b1668262eb2a556f256f5d45cbbea78af8bcc7a0fc6a85c6e9841c5ae9b1a4,OFFLINE_COURT_PROJECTION,,MODALITY,modality_summary_vs_recording,,,modality_summary_vs_recording,,src_charge|src_hearing|src_mg_forms|src_parties|src_dates|src_continuity|court_claims_33,6022,,SAFE_COURT | The defence asks the court to record that source material must be clarified and timetabled. || SAFE_POSITION | The defence cannot safely fix a final position until the served source material is clarified. || HEARING | 23 July 2
sha:ca19208b94e5a11bdcf5b25fbb2e580c13196079fde1f45c0ea41f10f92bcc42,PDF-ca19208b94e5,CB-TB-842_Thornton,ca19208b94e5a11bdcf5b25fbb2e580c13196079fde1f45c0ea41f10f92bcc42,OFFLINE_COURT_PROJECTION,,MUTE,mute_export_log,,mute_export_log,,,src_charge|src_hearing|src_mg_forms|src_parties|src_dates|src_cctv|src_continuity|court_claims_29,4138,,SAFE_COURT | The defence asks the court to record that source material must be clarified and timetabled. || SAFE_POSITION | The defence cannot safely fix a final position until the served source material is clarified. || HEARING | 03 July 2
sha:c9f91ec71d1b5e55374195720f7e5c19d0d000f3ba81ba35a03842ccf6cfb7e9,PDF-c9f91ec71d1b,CB-TB-2160_Price,c9f91ec71d1b5e55374195720f7e5c19d0d000f3ba81ba35a03842ccf6cfb7e9,OFFLINE_COURT_PROJECTION,,MUTE,mute_cad_999,,mute_cad_999,,,src_charge|src_hearing|src_mg_forms|src_parties|src_dates|src_cctv|src_continuity|court_claims_25,5625,,SAFE_COURT | The defence asks the court to record that full BWV and continuity material should be served. || SAFE_POSITION | Sequence and force remain provisional pending served BWV and officer source material. || HEARING | 28 July 2026 at 
sha:c9d7816f9578ef6d4d14f34f879c8adacb13f812ebfb89be344de52a9225466a,PDF-c9d7816f9578,CB-TB-1692_Shaw,c9d7816f9578ef6d4d14f34f879c8adacb13f812ebfb89be344de52a9225466a,OFFLINE_COURT_PROJECTION,,MUTE,mute_phone_download,,mute_phone_download,,,src_charge|src_hearing|src_mg_forms|src_parties|src_dates|src_cctv|src_continuity|court_claims_25,9086,,"SAFE_COURT | Position remains provisional on the current papers — listed material families are not safely confirmed in the bundle yet. || SAFE_POSITION | Account control, dishonesty and loss remain provisional pending served bank/device sou"
sha:caa7f4d7fcf211866c55ad0408488270a9c6738e20f4992a733055c74074e054,PDF-caa7f4d7fcf2,CB-TB-1675_Ali,caa7f4d7fcf211866c55ad0408488270a9c6738e20f4992a733055c74074e054,OFFLINE_COURT_PROJECTION,,MUTE,mute_cad_999,,mute_cad_999,,,src_charge|src_hearing|src_mg_forms|src_parties|src_dates|src_cctv|src_continuity|court_claims_29,5172,,SAFE_COURT | The defence asks the court to record that full BWV and continuity material should be served. || SAFE_POSITION | Sequence and force remain provisional pending served BWV and officer source material. || HEARING | 12 August 2026 a
sha:cad6458db95fda180cd7e0aa9c9409f3d8693b8f1c58077db39ff01c5494370a,PDF-cad6458db95f,CB-TB-1080_Merritt,cad6458db95fda180cd7e0aa9c9409f3d8693b8f1c58077db39ff01c5494370a,OFFLINE_COURT_PROJECTION,,MUTE,mute_cad_999,,mute_cad_999,,,src_charge|src_hearing|src_mg_forms|src_parties|src_dates|src_cctv|src_cctv_stills|src_continuity|court_claims_32,6585,,SAFE_COURT | The defence asks the court to record that full BWV and continuity material should be served. || SAFE_POSITION | Sequence and force remain provisional pending served BWV and officer source material. || HEARING | 25 August 2026 a
sha:cacc90cf79f4a36df52f57c5c4736948baec0c3d55a31278e11be5d4259c5e9d,PDF-cacc90cf79f4,CB-TB-908_Rees,cacc90cf79f4a36df52f57c5c4736948baec0c3d55a31278e11be5d4259c5e9d,OFFLINE_COURT_PROJECTION,,MUTE,mute_phone_download,,mute_phone_download,,,src_charge|src_hearing|src_mg_forms|src_parties|src_cctv|court_claims_24,5139,,SAFE_COURT | The defence asks the court to record that full BWV and continuity material should be served. || SAFE_POSITION | Sequence and force remain provisional pending served BWV and officer source material. || HEARING | 29/06/2026 10:00
sha:cbba2e530d7a23bb914328ca1cac3d31cae3f56e54e0309bd2c830c5b773d77e,PDF-cbba2e530d7a,CB-TB-1474_West,cbba2e530d7a23bb914328ca1cac3d31cae3f56e54e0309bd2c830c5b773d77e,OFFLINE_COURT_PROJECTION,,INVENT,invent_cctv_master,invent_cctv_master,,,,src_charge|src_hearing|src_parties|src_dates|src_cctv|src_continuity|court_claims_33,3084,,SAFE_COURT | The defence asks the court to record outstanding message/account source material and complainant statement gaps. || SAFE_POSITION | The defence position remains provisional pending served message/account material and instructio
sha:cb9363bb53c3811c1eef0184fdd0020bdcf465154979c7e7ff60092646b35704,PDF-cb9363bb53c3,CB-TB-1532_Page,cb9363bb53c3811c1eef0184fdd0020bdcf465154979c7e7ff60092646b35704,OFFLINE_COURT_PROJECTION,,MUTE,mute_cad_999,,mute_cad_999,,,src_charge|src_hearing|src_mg_forms|src_parties|src_cctv|src_cctv_stills|court_claims_20,3644,,SAFE_COURT | The defence asks the court to record that full custody and interview records remain outstanding. || SAFE_POSITION | Custody/PACE safeguards cannot be finally assessed until the full custody and interview material is served. || 
sha:cb74d7f40adffd2590be266aafa158ad29ab65f24c56aff4f5251907e37864e8,PDF-cb74d7f40adf,CB-TB-650_Ali,cb74d7f40adffd2590be266aafa158ad29ab65f24c56aff4f5251907e37864e8,OFFLINE_COURT_PROJECTION,,MUTE,mute_cctv_master,,mute_cctv_master,,,src_charge|src_hearing|src_mg_forms|src_parties|src_dates|src_cctv|src_cctv_stills|src_continuity|court_claims_24,10846,,SAFE_COURT | The defence asks the court to record that full BWV and continuity material should be served. || SAFE_POSITION | Sequence and force remain provisional pending served BWV and officer source material. || HEARING | 16 June 2026 at 
sha:cb612a870f279c0edff1ae5c2d805e9690f9afd80e12b8e510afedb773c533fa,PDF-cb612a870f27,CB-TB-424_Patterson,cb612a870f279c0edff1ae5c2d805e9690f9afd80e12b8e510afedb773c533fa,OFFLINE_COURT_PROJECTION,,MUTE,mute_phone_download,,mute_phone_download,,,src_charge|src_hearing|src_mg_forms|src_parties|src_cctv|src_continuity|court_claims_33,11614,,"SAFE_COURT | The defence asks the court to record outstanding CCTV, ID procedure and witness source material. || SAFE_POSITION | Identification and participation remain provisional pending served CCTV, ID and witness source material. || HEA"
sha:cc442f681bb3cc7fd0d1b88862a2b9f8e03bc942dd17f3bc5f5d8eb37391ae95,PDF-cc442f681bb3,CB-TB-1032_Richards,cc442f681bb3cc7fd0d1b88862a2b9f8e03bc942dd17f3bc5f5d8eb37391ae95,OFFLINE_COURT_PROJECTION,,MUTE,mute_cad_999,,mute_cad_999,,,src_charge|src_hearing|src_mg_forms|src_parties|src_dates|src_cctv|src_continuity|court_claims_29,5707,,"SAFE_COURT | The defence asks the court to record outstanding device, calibration and procedure records. || SAFE_POSITION | Driver identity, procedure and device evidence remain provisional pending served source records. || HEARING | 17 Aug"
sha:cc1e9575bdda2c56a3f16a7c7ddaad292c69541d24b859ae1fcb32d69b7a9418,PDF-cc1e9575bdda,CB-TB-1603_Mitchell,cc1e9575bdda2c56a3f16a7c7ddaad292c69541d24b859ae1fcb32d69b7a9418,OFFLINE_COURT_PROJECTION,,MUTE,mute_cad_999,,mute_cad_999,,,src_charge|src_hearing|src_mg_forms|src_parties|src_dates|src_cctv|src_continuity|court_claims_29,8440,,SAFE_COURT | The defence asks the court to record that full BWV and continuity material should be served. || SAFE_POSITION | Sequence and force remain provisional pending served BWV and officer source material. || HEARING | 6 August 2026 at
sha:ccbdd29b2761f466fd9d875c8cbc680dca38cb81ded20061bc542542211e4f29,PDF-ccbdd29b2761,CB-TB-1901_Lowe,ccbdd29b2761f466fd9d875c8cbc680dca38cb81ded20061bc542542211e4f29,OFFLINE_COURT_PROJECTION,,MUTE,mute_cctv_master,,mute_cctv_master|mute_phone_download,,,src_charge|src_hearing|src_mg_forms|src_parties|src_dates|src_cctv|src_continuity|court_claims_40,10231,,SAFE_COURT | The defence asks the court to record that full custody and interview records remain outstanding. || SAFE_POSITION | Custody/PACE safeguards cannot be finally assessed until the full custody and interview material is served. || 
sha:cd42a32a18edffb2948b062c5fda91bc3e64d5d7c297564d5bbb4e66c6780031,PDF-cd42a32a18ed,CB-TB-2144_Kerr,cd42a32a18edffb2948b062c5fda91bc3e64d5d7c297564d5bbb4e66c6780031,OFFLINE_COURT_PROJECTION,,MUTE,mute_cad_999,,mute_cad_999,,,src_charge|src_hearing|src_mg_forms|src_parties|src_dates|src_cctv|src_continuity|court_claims_25,8292,,"SAFE_COURT | The defence asks the court to record outstanding device, calibration and procedure records. || SAFE_POSITION | Driver identity, procedure and device evidence remain provisional pending served source records. || HEARING | 19 Aug"
sha:ccc76b41381bbd2eee7a932a09537736373ec3d6f2187e3d8d9415bd4cb9f507,PDF-ccc76b41381b,CB-TB-2008_Barlow,ccc76b41381bbd2eee7a932a09537736373ec3d6f2187e3d8d9415bd4cb9f507,OFFLINE_COURT_PROJECTION,,MUTE,mute_cad_999,,mute_cad_999,,,src_charge|src_hearing|src_mg_forms|src_parties|src_dates|src_cctv|src_continuity|court_claims_25,10250,,SAFE_COURT | The defence asks the court to record that full BWV and continuity material should be served. || SAFE_POSITION | Sequence and force remain provisional pending served BWV and officer source material. || HEARING | 22 June 2026 at 
sha:cd7c5de33fff9eb69ada01872ff50f041dc060a8e30406550a7ada84fac4f967,PDF-cd7c5de33fff,CB-TB-2067_Austin,cd7c5de33fff9eb69ada01872ff50f041dc060a8e30406550a7ada84fac4f967,OFFLINE_COURT_PROJECTION,,MUTE,mute_cad_999,,mute_cad_999,,,src_charge|src_hearing|src_mg_forms|src_parties|src_dates|src_cctv|court_claims_21,2698,,"SAFE_COURT | The defence asks the court to record outstanding CCTV, ID procedure and witness source material. || SAFE_POSITION | Identification and participation remain provisional pending served CCTV, ID and witness source material. || HEA"
sha:cdedb68f606613b1b34e8b8e4aab6a9358ae386b31da1c07cdd8e3d3c607f993,PDF-cdedb68f6066,CB-TB-979_Shaw,cdedb68f606613b1b34e8b8e4aab6a9358ae386b31da1c07cdd8e3d3c607f993,OFFLINE_COURT_PROJECTION,,MUTE,mute_phone_download,,mute_phone_download,,,src_charge|src_hearing|src_mg_forms|src_parties|src_cctv|court_claims_26,4627,,"SAFE_COURT | The defence asks the court to record outstanding device, calibration and procedure records. || SAFE_POSITION | Driver identity, procedure and device evidence remain provisional pending served source records. || HEARING | 21/06/"
sha:ce006080f16f1f5e959680cd2dd43d8f5c1fee4512af090f651a60b12d406331,PDF-ce006080f16f,CB-TB-505_Evans,ce006080f16f1f5e959680cd2dd43d8f5c1fee4512af090f651a60b12d406331,OFFLINE_COURT_PROJECTION,,MODALITY,modality_summary_vs_recording,,,modality_summary_vs_recording,,src_charge|src_hearing|src_mg_forms|src_parties|src_dates|src_continuity|court_claims_33,5603,,SAFE_COURT | The defence asks the court to record outstanding message/account source material and complainant statement gaps. || SAFE_POSITION | The defence position remains provisional pending served message/account material and instructio
sha:ce4d3c6e4f7e5ca7f88d28944360e6232762c323389ff4e0628f297bee5cea2f,PDF-ce4d3c6e4f7e,CB-TB-856_Mitchell,ce4d3c6e4f7e5ca7f88d28944360e6232762c323389ff4e0628f297bee5cea2f,OFFLINE_COURT_PROJECTION,,INVENT,invent_phone_download,invent_phone_download,,,,src_charge|src_hearing|src_mg_forms|src_parties|src_cctv|src_continuity|court_claims_37,5553,,SAFE_COURT | The defence asks the court to record that full BWV and continuity material should be served. || SAFE_POSITION | Sequence and force remain provisional pending served BWV and officer source material. || HEARING | 14 August 2026 a
sha:ce82464fae420eb3a935796665386edabec743a5bb19c17fc92348e06da82cd4,PDF-ce82464fae42,CB-TB-229_Rowe,ce82464fae420eb3a935796665386edabec743a5bb19c17fc92348e06da82cd4,OFFLINE_COURT_PROJECTION,,MUTE,mute_phone_download,,mute_phone_download,,,src_charge|src_hearing|src_mg_forms|src_parties|src_dates|court_claims_24,12919,,SAFE_COURT | The defence asks the court to record that full custody and interview records remain outstanding. || SAFE_POSITION | Custody/PACE safeguards cannot be finally assessed until the full custody and interview material is served. || 
sha:cef87014ba8f94f4bb53e8f2f2373050488dafee263c7556b2489280749fe3d6,PDF-cef87014ba8f,CB-TB-823_Patel,cef87014ba8f94f4bb53e8f2f2373050488dafee263c7556b2489280749fe3d6,OFFLINE_COURT_PROJECTION,,MUTE,mute_export_log,,mute_export_log,,,src_charge|src_hearing|src_mg_forms|src_parties|src_cctv|src_continuity|court_claims_29,8286,,SAFE_COURT | The defence asks the court to record that full BWV and continuity material should be served. || SAFE_POSITION | Sequence and force remain provisional pending served BWV and officer source material. || HEARING | 22 July 2026 at 
sha:ceb14731269885887a81a95a43cf6edb84fe9f1b70d118acd87fe902c9ac656e,PDF-ceb147312698,CB-TB-1172_Baines,ceb14731269885887a81a95a43cf6edb84fe9f1b70d118acd87fe902c9ac656e,OFFLINE_COURT_PROJECTION,,INVENT,invent_phone_download,invent_phone_download,,,,src_charge|src_hearing|src_mg_forms|src_id_procedure|src_parties|src_dates|src_cctv|src_cctv_stills|src_continuity|court_claims_29,9285,,"SAFE_COURT | The defence asks the court to record outstanding continuity, lab and search/phone material. || SAFE_POSITION | Possession, knowledge, intent and continuity remain provisional pending served drug/source material. || HEARING | 11"
sha:cf0dd04b06afe8813f73fb287b5093fc2d3b5b2c4f5cbf1c8ea3a3e3c6e6aec4,PDF-cf0dd04b06af,CB-TB-071_Okonkwo,cf0dd04b06afe8813f73fb287b5093fc2d3b5b2c4f5cbf1c8ea3a3e3c6e6aec4,OFFLINE_COURT_PROJECTION,,MUTE,mute_cctv_master,,mute_cctv_master,,,src_charge|src_mg_forms|src_parties|src_cctv|src_continuity|court_claims_32,6839,,SAFE_COURT | The defence asks the court to record that full BWV and continuity material should be served. || SAFE_POSITION | Sequence and force remain provisional pending served BWV and officer source material. || HEARING | 18 August 2026 a
sha:cfb4844667149f2dec7fec1d7137a261a68fc150694bfe294d272b08d647b4ff,PDF-cfb484466714,CB-TB-1286_Thomas,cfb4844667149f2dec7fec1d7137a261a68fc150694bfe294d272b08d647b4ff,OFFLINE_COURT_PROJECTION,,DATE_ROLE,date_role_hearing_reused_as_deadline_language,,,,date_role_hearing_reused_as_deadline_language,src_charge|src_hearing|src_mg_forms|src_parties|src_dates|src_cctv|src_cctv_stills|src_continuity|court_claims_33,3865,,"SAFE_COURT | The defence asks the court to record outstanding CCTV, ID procedure and witness source material. || SAFE_POSITION | Identification and participation remain provisional pending served CCTV, ID and witness source material. || HEA"
sha:cfadafe68dab143d63e75610d369b9fda0a08d4e334297069f9d50b6089c13b7,PDF-cfadafe68dab,CB-TB-1546_Reid,cfadafe68dab143d63e75610d369b9fda0a08d4e334297069f9d50b6089c13b7,OFFLINE_COURT_PROJECTION,,INVENT,invent_phone_download,invent_phone_download,,,,src_charge|src_hearing|src_mg_forms|src_parties|src_cctv|src_cctv_stills|court_claims_25,3772,,"SAFE_COURT | The defence asks the court to record outstanding continuity, lab and search/phone material. || SAFE_POSITION | Possession, knowledge, intent and continuity remain provisional pending served drug/source material. || HEARING | 21"
sha:cfb2c24dc0de1aa2a89d86e36a92deffc4ed0cbca7ed841517548d8661707ce3,PDF-cfb2c24dc0de,CB-TB-916_Walsh,cfb2c24dc0de1aa2a89d86e36a92deffc4ed0cbca7ed841517548d8661707ce3,OFFLINE_COURT_PROJECTION,,MUTE,mute_cctv_master,,mute_cctv_master,,,src_charge|src_hearing|src_mg_forms|src_parties|src_dates|src_cctv|court_claims_20,8685,,SAFE_COURT | The defence asks the court to record that full BWV and continuity material should be served. || SAFE_POSITION | Sequence and force remain provisional pending served BWV and officer source material. || HEARING | 15/07/2026 10:30
sha:cf34197f0c61d6392ff5ce5832e169c00628e5bdd7a6eaf26dc6dc4f6d372ce5,PDF-cf34197f0c61,CB-TB-991_Archer,cf34197f0c61d6392ff5ce5832e169c00628e5bdd7a6eaf26dc6dc4f6d372ce5,OFFLINE_COURT_PROJECTION,,MUTE,mute_cad_999,,mute_cad_999,,,src_charge|src_hearing|src_mg_forms|src_parties|src_cctv|court_claims_21,9959,,"SAFE_COURT | The defence asks the court to record outstanding CCTV, ID procedure and witness source material. || SAFE_POSITION | Identification and participation remain provisional pending served CCTV, ID and witness source material. || HEA"
sha:d02be40395bb8ed5c5f4f5c79ccbbadd13d0ecb1ece066f4a686d4c856d862a0,PDF-d02be40395bb,CB-TB-429_Howard,d02be40395bb8ed5c5f4f5c79ccbbadd13d0ecb1ece066f4a686d4c856d862a0,OFFLINE_COURT_PROJECTION,,MODALITY,modality_screenshot_vs_download,,,modality_screenshot_vs_download,,src_charge|src_hearing|src_mg_forms|src_parties|src_continuity|court_claims_24,3498,,"SAFE_COURT | The defence asks the court to record outstanding continuity, lab and search/phone material. || SAFE_POSITION | Possession, knowledge, intent and continuity remain provisional pending served drug/source material. || HEARING | 10"
sha:cfcbf8c15f6a6a57c3230f88d1b2c2cc945b791a222a021e41ff4f6ea3c8b1fe,PDF-cfcbf8c15f6a,CB-TB-845_Flint,cfcbf8c15f6a6a57c3230f88d1b2c2cc945b791a222a021e41ff4f6ea3c8b1fe,OFFLINE_COURT_PROJECTION,,INVENT,invent_phone_download,invent_phone_download,,,,src_charge|src_hearing|src_mg_forms|src_dates|src_cctv|court_claims_29,5422,,"SAFE_COURT | The defence asks the court to record outstanding bank/device source and loss material. || SAFE_POSITION | Account control, dishonesty and loss remain provisional pending served bank/device source material. || HEARING | 12 July "
sha:d0b7832aa14fad59b1dfb719b22176ae458f349c2b02a32621e0e4f3633a1734,PDF-d0b7832aa14f,CB-TB-232_Walsh,d0b7832aa14fad59b1dfb719b22176ae458f349c2b02a32621e0e4f3633a1734,OFFLINE_COURT_PROJECTION,,MUTE,mute_phone_download,,mute_phone_download,,,src_charge|src_hearing|src_mg_forms|src_parties|src_dates|src_cctv|src_continuity|court_claims_36,6901,,SAFE_COURT | The defence asks the court to record that full BWV and continuity material should be served. || SAFE_POSITION | Sequence and force remain provisional pending served BWV and officer source material. || HEARING | 10 July 2026 at 
sha:d0b4089ad40ddab60f584d3d1033bc8b5436e16bf70b5a695620868bfe744a33,PDF-d0b4089ad40d,CB-TB-2197_Price,d0b4089ad40ddab60f584d3d1033bc8b5436e16bf70b5a695620868bfe744a33,OFFLINE_COURT_PROJECTION,,MUTE,mute_cad_999,,mute_cad_999,,,src_charge|src_hearing|src_mg_forms|src_parties|src_dates|src_cctv|src_continuity|court_claims_25,5700,,"SAFE_COURT | The defence asks the court to record outstanding device, calibration and procedure records. || SAFE_POSITION | Driver identity, procedure and device evidence remain provisional pending served source records. || HEARING | 29 Jun"
sha:d0bfdb30cd93f22c3901391962b9f3036f2e5b7bd6935ae6d3efcdacb443f967,PDF-d0bfdb30cd93,CB-TB-277_Miles,d0bfdb30cd93f22c3901391962b9f3036f2e5b7bd6935ae6d3efcdacb443f967,OFFLINE_COURT_PROJECTION,,MUTE,mute_phone_download,,mute_phone_download,,,src_charge|src_hearing|src_mg_forms|src_parties|src_dates|src_cctv|src_cctv_stills|court_claims_29,8549,,"SAFE_COURT | The defence asks the court to record outstanding bank/device source and loss material. || SAFE_POSITION | Account control, dishonesty and loss remain provisional pending served bank/device source material. || HEARING | 30 Augus"
sha:d104e73b105f4460e70bc88a62192461b90c056d2f675c7d7b3378e0c3476ffd,PDF-d104e73b105f,CB-TB-1064_Ward,d104e73b105f4460e70bc88a62192461b90c056d2f675c7d7b3378e0c3476ffd,OFFLINE_COURT_PROJECTION,,MUTE,mute_phone_download,,mute_phone_download|mute_cad_999,,,src_charge|src_hearing|src_mg_forms|src_parties|src_dates|src_cctv|src_continuity|court_claims_33,3783,,"SAFE_COURT | The defence asks the court to record outstanding medical, video and sequence material. || SAFE_POSITION | Sequence, injury and causation remain provisional pending served witness, medical and video/source material. || HEARING |"
sha:d11b7fc19387bc747da31acd931558506f2001588ee89b958a6d9b689bc0a28e,PDF-d11b7fc19387,CB-TB-045_Abbott,d11b7fc19387bc747da31acd931558506f2001588ee89b958a6d9b689bc0a28e,OFFLINE_COURT_PROJECTION,,MUTE,mute_cctv_master,,mute_cctv_master,,,src_charge|src_hearing|src_mg_forms|src_parties|src_cctv|src_continuity|court_claims_28,8449,,SAFE_COURT | The defence asks the court to record that full BWV and continuity material should be served. || SAFE_POSITION | Sequence and force remain provisional pending served BWV and officer source material. || HEARING | 15 August 2026 a
sha:d17c6f97f2cc357b9576143e41d847b3474977cb3ae6618d9c9b731577ac8ad9,PDF-d17c6f97f2cc,CB-TB-621_Wright,d17c6f97f2cc357b9576143e41d847b3474977cb3ae6618d9c9b731577ac8ad9,OFFLINE_COURT_PROJECTION,,MUTE,mute_cctv_master,,mute_cctv_master,,,src_charge|src_hearing|src_mg_forms|src_parties|src_dates|src_cctv|src_continuity|court_claims_25,5253,,"SAFE_COURT | The defence asks the court to record outstanding CCTV, ID procedure and witness source material. || SAFE_POSITION | Identification and participation remain provisional pending served CCTV, ID and witness source material. || HEA"
sha:d16559ad8bafc79d0fc43169c3d7523acaad97d7809c9f998734d6fbffbf6f07,PDF-d16559ad8baf,CB-TB-1001_Wright,d16559ad8bafc79d0fc43169c3d7523acaad97d7809c9f998734d6fbffbf6f07,OFFLINE_COURT_PROJECTION,,MUTE,mute_cad_999,,mute_cad_999,,,src_charge|src_hearing|src_mg_forms|src_parties|src_dates|src_cctv|src_cctv_stills|src_continuity|court_claims_37,6988,,"SAFE_COURT | The defence asks the court to record outstanding CCTV, ID procedure and witness source material. || SAFE_POSITION | Identification and participation remain provisional pending served CCTV, ID and witness source material. || HEA"
sha:d15577d070f3410cb4e361c582bdaf329694b55ea5c2c437046852ec8dd84dc8,PDF-d15577d070f3,CB-TB-977_Carter,d15577d070f3410cb4e361c582bdaf329694b55ea5c2c437046852ec8dd84dc8,OFFLINE_COURT_PROJECTION,,MUTE,mute_cad_999,,mute_cad_999,,,src_charge|src_hearing|src_mg_forms|src_parties|src_cctv|court_claims_21,4558,,SAFE_COURT | The defence asks the court to record that full BWV and continuity material should be served. || SAFE_POSITION | Sequence and force remain provisional pending served BWV and officer source material. || HEARING | 17/06/2026 14:30
sha:d183fd26e8430d986cafbfc9871cac08b37cf7c10215b0f194ed20c91752c2d1,PDF-d183fd26e843,CB-TB-1093_Bradley,d183fd26e8430d986cafbfc9871cac08b37cf7c10215b0f194ed20c91752c2d1,OFFLINE_COURT_PROJECTION,,MUTE,mute_phone_download,,mute_phone_download|mute_cad_999,,,src_charge|src_hearing|src_mg_forms|src_parties|src_dates|src_cctv|court_claims_28,3758,,SAFE_COURT | The defence asks the court to record that full BWV and continuity material should be served. || SAFE_POSITION | Sequence and force remain provisional pending served BWV and officer source material. || HEARING | 09 August 2026 a
sha:d1e20f72b20ca0c7841a7d7e0ef8c50c9910711a47f61fd50df617abe615087c,PDF-d1e20f72b20c,CB-TB-282_Dunn,d1e20f72b20ca0c7841a7d7e0ef8c50c9910711a47f61fd50df617abe615087c,OFFLINE_COURT_PROJECTION,,MUTE,mute_phone_download,,mute_phone_download,,,src_charge|src_hearing|src_mg_forms|src_parties|src_dates|src_cctv|src_continuity|court_claims_32,7528,,SAFE_COURT | The defence asks the court to record that full custody and interview records remain outstanding. || SAFE_POSITION | Custody/PACE safeguards cannot be finally assessed until the full custody and interview material is served. || 
sha:d20e389a893b882a2cbc52e45bc2263b44a52947fe8284a45a052ddc2147f0ed,PDF-d20e389a893b,CB-TB-1058_Dawson,d20e389a893b882a2cbc52e45bc2263b44a52947fe8284a45a052ddc2147f0ed,OFFLINE_COURT_PROJECTION,,MUTE,mute_cad_999,,mute_cad_999,,,src_charge|src_hearing|src_mg_forms|src_parties|src_dates|src_cctv|src_cctv_stills|src_continuity|court_claims_37,6539,,"SAFE_COURT | The defence asks the court to record outstanding CCTV, ID procedure and witness source material. || SAFE_POSITION | Identification and participation remain provisional pending served CCTV, ID and witness source material. || HEA"
sha:d2132e37cd05d6a445b4a1221d28cc0124e0e8d3f897dbd2a17d900ea0196e25,PDF-d2132e37cd05,CB-TB-1973_Saxon,d2132e37cd05d6a445b4a1221d28cc0124e0e8d3f897dbd2a17d900ea0196e25,OFFLINE_COURT_PROJECTION,,MUTE,mute_cctv_master,,mute_cctv_master|mute_phone_download,,,src_charge|src_hearing|src_mg_forms|src_parties|src_dates|src_cctv|src_continuity|court_claims_32,11373,,SAFE_COURT | The defence asks the court to record that full custody and interview records remain outstanding. || SAFE_POSITION | Custody/PACE safeguards cannot be finally assessed until the full custody and interview material is served. || 
sha:d29a966fcbee179aafeb18449fe2357a3470e94825256614d998772def0a8c0a,PDF-d29a966fcbee,CB-TB-626_Okonkwo,d29a966fcbee179aafeb18449fe2357a3470e94825256614d998772def0a8c0a,OFFLINE_COURT_PROJECTION,,MUTE,mute_cctv_master,,mute_cctv_master,,,src_charge|src_hearing|src_mg_forms|src_parties|src_dates|src_cctv|court_claims_24,6837,,SAFE_COURT | The defence asks the court to record that full BWV and continuity material should be served. || SAFE_POSITION | Sequence and force remain provisional pending served BWV and officer source material. || HEARING | 19 June 2026 at 
sha:d38c8147b71728c1fb3bfb3863dd3906f0a1c30f21dd9948191db13e0e595cb0,PDF-d38c8147b717,CB-TB-1963_Stone,d38c8147b71728c1fb3bfb3863dd3906f0a1c30f21dd9948191db13e0e595cb0,OFFLINE_COURT_PROJECTION,,MUTE,mute_phone_download,,mute_phone_download|mute_cad_999,,,src_charge|src_hearing|src_mg_forms|src_parties|src_dates|src_cctv|src_continuity|court_claims_32,9758,,SAFE_COURT | The defence asks the court to record that full custody and interview records remain outstanding. || SAFE_POSITION | Custody/PACE safeguards cannot be finally assessed until the full custody and interview material is served. || 
sha:d3b08fd08ecf4a7ad758d222242ae27759f52cd1fcb56519cab4aae19fed4a7e,PDF-d3b08fd08ecf,CB-TB-444_Murphy,d3b08fd08ecf4a7ad758d222242ae27759f52cd1fcb56519cab4aae19fed4a7e,OFFLINE_COURT_PROJECTION,,MODALITY,modality_screenshot_vs_download,,mute_cad_999,modality_screenshot_vs_download,,src_charge|src_hearing|src_mg_forms|src_parties|src_cctv|src_continuity|court_claims_32,7302,,SAFE_COURT | The defence asks the court to record that full BWV and continuity material should be served. || SAFE_POSITION | Sequence and force remain provisional pending served BWV and officer source material. || HEARING | 29 June 2026 at 
sha:d41899cfdefbf63cc36f1380c477d3b384e190423e41a94af220449ec6e8107b,PDF-d41899cfdefb,CB-TB-2102_Thornton,d41899cfdefbf63cc36f1380c477d3b384e190423e41a94af220449ec6e8107b,OFFLINE_COURT_PROJECTION,,MUTE,mute_phone_download,,mute_phone_download|mute_cad_999,,,src_charge|src_hearing|src_mg_forms|src_parties|src_dates|src_cctv|src_continuity|court_claims_25,9302,,"SAFE_COURT | The defence asks the court to record outstanding bank/device source and loss material. || SAFE_POSITION | Account control, dishonesty and loss remain provisional pending served bank/device source material. || HEARING | 24 June "
sha:d3e927da2fffe6e52fd01e698e2a2db42636c6954841a6dbc66e7e06030dbd2f,PDF-d3e927da2fff,CB-TB-878_Ford,d3e927da2fffe6e52fd01e698e2a2db42636c6954841a6dbc66e7e06030dbd2f,OFFLINE_COURT_PROJECTION,,MUTE,mute_export_log,,mute_export_log,,,src_charge|src_hearing|src_mg_forms|src_parties|src_cctv|src_continuity|court_claims_29,11956,,SAFE_COURT | The defence asks the court to record that full BWV and continuity material should be served. || SAFE_POSITION | Sequence and force remain provisional pending served BWV and officer source material. || HEARING | 04 August 2026 a
sha:d48bfcf1a959d34809bac1e474e16b84e48a57c356176542507cefad34cfce0d,PDF-d48bfcf1a959,CB-TB-041_Frost,d48bfcf1a959d34809bac1e474e16b84e48a57c356176542507cefad34cfce0d,OFFLINE_COURT_PROJECTION,,MUTE,mute_cad_999,,mute_cad_999,,,src_charge|src_hearing|src_mg_forms|src_parties|src_cctv|src_cctv_stills|src_continuity|court_claims_28,3630,,SAFE_COURT | The defence asks the court to record that full BWV and continuity material should be served. || SAFE_POSITION | Sequence and force remain provisional pending served BWV and officer source material. || HEARING | 03 August 2026 a
sha:d43b832642d0d99b97242685c24137cc6d71107859071d39f421af5437868bc0,PDF-d43b832642d0,CB-TB-1691_Hale,d43b832642d0d99b97242685c24137cc6d71107859071d39f421af5437868bc0,OFFLINE_COURT_PROJECTION,,MUTE,mute_cad_999,,mute_cad_999,,,src_charge|src_hearing|src_mg_forms|src_parties|src_dates|src_cctv|src_continuity|court_claims_25,7502,,SAFE_COURT | The defence asks the court to record that full BWV and continuity material should be served. || SAFE_POSITION | Sequence and force remain provisional pending served BWV and officer source material. || HEARING | 21 July 2026 at 
sha:d42becb035b01b6950fef1ae9a388e9c28eb49920fb4807dc0e2ba5c9ddd8413,PDF-d42becb035b0,CB-TB-1517_Cole,d42becb035b01b6950fef1ae9a388e9c28eb49920fb4807dc0e2ba5c9ddd8413,OFFLINE_COURT_PROJECTION,,MUTE,mute_cad_999,,mute_cad_999,,,src_charge|src_hearing|src_mg_forms|src_parties|src_cctv|src_cctv_stills|court_claims_25,5431,,"SAFE_COURT | The defence asks the court to record outstanding bank/device source and loss material. || SAFE_POSITION | Account control, dishonesty and loss remain provisional pending served bank/device source material. || HEARING | 20 Augus"
sha:d4ae4d6f345a08878b74174e858dba9664993fe5f0a4510451f36750c2e3a2ea,PDF-d4ae4d6f345a,CB-TB-2099_Booth,d4ae4d6f345a08878b74174e858dba9664993fe5f0a4510451f36750c2e3a2ea,OFFLINE_COURT_PROJECTION,,MUTE,mute_phone_download,,mute_phone_download|mute_cad_999,,,src_charge|src_hearing|src_mg_forms|src_parties|src_dates|src_cctv|src_continuity|court_claims_25,12435,,SAFE_COURT | The defence asks the court to record that full BWV and continuity material should be served. || SAFE_POSITION | Sequence and force remain provisional pending served BWV and officer source material. || HEARING | 24 August 2026 a
sha:d557017f7c5567f772d5399a3a2cf44a676683fc10c46f384d86abcb38ef6d69,PDF-d557017f7c55,CB-TB-370_Cole,d557017f7c5567f772d5399a3a2cf44a676683fc10c46f384d86abcb38ef6d69,OFFLINE_COURT_PROJECTION,,MUTE,mute_phone_download,,mute_phone_download,,,src_charge|src_hearing|src_mg_forms|src_parties|src_dates|court_claims_25,6167,,"SAFE_COURT | The defence asks the court to record outstanding continuity, lab and search/phone material. || SAFE_POSITION | Possession, knowledge, intent and continuity remain provisional pending served drug/source material. || HEARING | 04"
sha:d5429d3e4986ac0ce11182c88b5b3f6e530daf8f1095bb9fe332cd38b9cec88b,PDF-d5429d3e4986,CB-TB-598_Doyle,d5429d3e4986ac0ce11182c88b5b3f6e530daf8f1095bb9fe332cd38b9cec88b,OFFLINE_COURT_PROJECTION,,MODALITY,modality_summary_vs_recording,,,modality_summary_vs_recording,,src_charge|src_hearing|src_mg_forms|src_parties|src_dates|src_continuity|court_claims_37,5910,,SAFE_COURT | The defence asks the court to record outstanding message/account source material and complainant statement gaps. || SAFE_POSITION | The defence position remains provisional pending served message/account material and instructio
sha:d4f1d5886c96a27a6a918bc22d1dc7cc10c296cabda359b9f0c8da4f9889a455,PDF-d4f1d5886c96,CB-TB-1766_Hughes,d4f1d5886c96a27a6a918bc22d1dc7cc10c296cabda359b9f0c8da4f9889a455,OFFLINE_COURT_PROJECTION,,MUTE,mute_phone_download,,mute_phone_download,,,src_charge|src_hearing|src_mg_forms|src_parties|src_continuity|court_claims_32,6475,,SAFE_COURT | The defence asks the court to record that full custody and interview records remain outstanding. || SAFE_POSITION | Custody/PACE safeguards cannot be finally assessed until the full custody and interview material is served. || 
sha:d57794cc7f9a8839f228b17f1f03338d339df2fc723d52fd9461acb3218df3d7,PDF-d57794cc7f9a,CB-TB-1524_Holden,d57794cc7f9a8839f228b17f1f03338d339df2fc723d52fd9461acb3218df3d7,OFFLINE_COURT_PROJECTION,,MUTE,mute_cad_999,,mute_cad_999,,,src_charge|src_hearing|src_mg_forms|src_parties|src_cctv|src_cctv_stills|court_claims_25,3992,,"SAFE_COURT | The defence asks the court to record outstanding device, calibration and procedure records. || SAFE_POSITION | Driver identity, procedure and device evidence remain provisional pending served source records. || HEARING | 27 Jun"
sha:d574f02f01ffe5ab4d888ce021cb7ef06f2421b265da3b9ca8035f06bd700df1,PDF-d574f02f01ff,CB-TB-540_Coleman,d574f02f01ffe5ab4d888ce021cb7ef06f2421b265da3b9ca8035f06bd700df1,OFFLINE_COURT_PROJECTION,,MODALITY,modality_summary_vs_recording,,mute_phone_download,modality_summary_vs_recording,,src_charge|src_hearing|src_mg_forms|src_parties|src_dates|src_continuity|court_claims_32,6111,,SAFE_COURT | The defence asks the court to record that full custody and interview records remain outstanding. || SAFE_POSITION | Custody/PACE safeguards cannot be finally assessed until the full custody and interview material is served. || 
sha:d56204d0c018f33f11b7d4e7e576ac6a82493e04acea02c57024e883c1866482,PDF-d56204d0c018,CB-TB-745_Quinn,d56204d0c018f33f11b7d4e7e576ac6a82493e04acea02c57024e883c1866482,OFFLINE_COURT_PROJECTION,,MUTE,mute_cctv_master,,mute_cctv_master,,,src_charge|src_hearing|src_mg_forms|src_parties|src_dates|src_cctv|src_cctv_stills|src_continuity|court_claims_25,10857,,"SAFE_COURT | The defence asks the court to record outstanding bank/device source and loss material. || SAFE_POSITION | Account control, dishonesty and loss remain provisional pending served bank/device source material. || HEARING | 15 Augus"
sha:d607de118dd8de5bcc6c8629add8b67395805ae950b4edf3ac49ff99bbb00f8c,PDF-d607de118dd8,CB-TB-629_Lewis,d607de118dd8de5bcc6c8629add8b67395805ae950b4edf3ac49ff99bbb00f8c,OFFLINE_COURT_PROJECTION,,MUTE,mute_cctv_master,,mute_cctv_master,,,src_charge|src_hearing|src_mg_forms|src_parties|src_dates|src_cctv|src_cctv_stills|court_claims_24,4593,,SAFE_COURT | The defence asks the court to record that full BWV and continuity material should be served. || SAFE_POSITION | Sequence and force remain provisional pending served BWV and officer source material. || HEARING | 28 June 2026 at 
sha:d5bc81465ea13b1ca8bf54be2cee2744bae53221a5acab679124866511302b44,PDF-d5bc81465ea1,CB-TB-1057_Coleman,d5bc81465ea13b1ca8bf54be2cee2744bae53221a5acab679124866511302b44,OFFLINE_COURT_PROJECTION,,MODALITY,modality_screenshot_vs_download,,mute_cad_999,modality_screenshot_vs_download,,src_charge|src_hearing|src_mg_forms|src_parties|src_dates|src_cctv|src_cctv_stills|src_continuity|court_claims_29,5011,,SAFE_COURT | The defence asks the court to record outstanding message/account source material and complainant statement gaps. || SAFE_POSITION | The defence position remains provisional pending served message/account material and instructio
sha:d5ee4c2ec15b6985b85a67057bddad57b84195ba579cf24f6750b453fd59b56f,PDF-d5ee4c2ec15b,CB-TB-776_Bennett,d5ee4c2ec15b6985b85a67057bddad57b84195ba579cf24f6750b453fd59b56f,OFFLINE_COURT_PROJECTION,,MUTE,mute_cctv_master,,mute_cctv_master,,,src_charge|src_hearing|src_mg_forms|src_parties|src_dates|src_cctv|court_claims_25,5824,,"SAFE_COURT | The defence asks the court to record outstanding CCTV, ID procedure and witness source material. || SAFE_POSITION | Identification and participation remain provisional pending served CCTV, ID and witness source material. || HEA"
sha:d60f3375eb4b43fb3d7dd0ce792b152e16811559014ebcba640a4d561e348643,PDF-d60f3375eb4b,NS-CPS-2026-0438 - Copy (2),d60f3375eb4b43fb3d7dd0ce792b152e16811559014ebcba640a4d561e348643,OFFLINE_COURT_PROJECTION,,MUTE,mute_cctv_master,,mute_cctv_master,,,src_charge|src_hearing|src_mg_forms|src_parties|src_dates|src_cctv|src_continuity|court_claims_31,4650,,SAFE_COURT | The defence asks the court to record that full BWV and continuity material should be served. || SAFE_POSITION | Sequence and force remain provisional pending served BWV and officer source material. || DEADLINE | Hearing date no
sha:d63b6d767be4ac3a7db067e49304b69b7c887a998abd3e750c1fae749f31ec8a,PDF-d63b6d767be4,CB-TB-741_Patel,d63b6d767be4ac3a7db067e49304b69b7c887a998abd3e750c1fae749f31ec8a,OFFLINE_COURT_PROJECTION,,MUTE,mute_cctv_master,,mute_cctv_master,,,src_charge|src_hearing|src_mg_forms|src_parties|src_dates|src_cctv|court_claims_25,6658,,"SAFE_COURT | The defence asks the court to record outstanding continuity, lab and search/phone material. || SAFE_POSITION | Possession, knowledge, intent and continuity remain provisional pending served drug/source material. || HEARING | 03"
sha:d6a00dbc9e80eb5ab19dd0db9e2f5394587cc96a331a59ee83175b19db879528,PDF-d6a00dbc9e80,CB-TB-1006_Mason,d6a00dbc9e80eb5ab19dd0db9e2f5394587cc96a331a59ee83175b19db879528,OFFLINE_COURT_PROJECTION,,MUTE,mute_cad_999,,mute_cad_999,,,src_charge|src_hearing|src_mg_forms|src_parties|src_dates|src_cctv|src_cctv_stills|src_continuity|court_claims_36,9640,,SAFE_COURT | The defence asks the court to record that full custody and interview records remain outstanding. || SAFE_POSITION | Custody/PACE safeguards cannot be finally assessed until the full custody and interview material is served. || 
sha:d6b5cc730ebef44574dfb9d911e069821da7b236d80faf203cfad2768f299892,PDF-d6b5cc730ebe,CB-TB-342_Hayes,d6b5cc730ebef44574dfb9d911e069821da7b236d80faf203cfad2768f299892,OFFLINE_COURT_PROJECTION,,MUTE,mute_phone_download,,mute_phone_download,,,src_charge|src_hearing|src_mg_forms|src_parties|src_dates|src_cctv|src_cctv_stills|src_continuity|court_claims_32,12510,,SAFE_COURT | The defence asks the court to record that full custody and interview records remain outstanding. || SAFE_POSITION | Custody/PACE safeguards cannot be finally assessed until the full custody and interview material is served. || 
sha:d748c6104ced5bcf4a8fd471c7de4932791ace1a4c6aed7c247a0b20e9beb59f,PDF-d748c6104ced,CB-TB-600_Lewis,d748c6104ced5bcf4a8fd471c7de4932791ace1a4c6aed7c247a0b20e9beb59f,OFFLINE_COURT_PROJECTION,,INVENT,invent_phone_download,invent_phone_download,mute_cctv_master,modality_summary_vs_recording,,src_charge|src_hearing|src_mg_forms|src_parties|src_dates|src_cctv|src_continuity|court_claims_36,9710,,SAFE_COURT | The defence asks the court to record that the full extraction/source material remains outstanding. || SAFE_POSITION | Attribution remains provisional pending served device/source material and instructions. || HEARING | 26 Augus
sha:d784400938a6389f7f453d28d6305556b058360383ef3c5c17bf4e5a1e5d4ddf,PDF-d784400938a6,CB-TB-871_Reed,d784400938a6389f7f453d28d6305556b058360383ef3c5c17bf4e5a1e5d4ddf,OFFLINE_COURT_PROJECTION,,INVENT,invent_phone_download,invent_phone_download,,,,src_charge|src_hearing|src_mg_forms|court_claims_28,4460,,SAFE_COURT | The defence asks the court to record that the full extraction/source material remains outstanding. || SAFE_POSITION | Attribution remains provisional pending served device/source material and instructions. || HEARING | 14 July 
sha:d818dfbfc749a7edc7223beeac113ad3b73fae7a51405e9ff772e0c1ea83bfdb,PDF-d818dfbfc749,CB-TB-280_Tanner,d818dfbfc749a7edc7223beeac113ad3b73fae7a51405e9ff772e0c1ea83bfdb,OFFLINE_COURT_PROJECTION,,MUTE,mute_phone_download,,mute_phone_download,,,src_charge|src_hearing|src_mg_forms|src_parties|src_dates|src_cctv|src_cctv_stills|src_continuity|court_claims_32,7141,,SAFE_COURT | The defence asks the court to record that full BWV and continuity material should be served. || SAFE_POSITION | Sequence and force remain provisional pending served BWV and officer source material. || HEARING | 16 June 2026 at 
sha:d83c416ed56978cfbe6bc72a2ba297bb2d791d60aa104538f81d180e8316c9c3,PDF-d83c416ed569,CB-TB-2132_Mason,d83c416ed56978cfbe6bc72a2ba297bb2d791d60aa104538f81d180e8316c9c3,OFFLINE_COURT_PROJECTION,,MUTE,mute_cad_999,,mute_cad_999,,,src_charge|src_hearing|src_mg_forms|src_parties|src_dates|src_cctv|src_continuity|court_claims_25,10184,,"SAFE_COURT | The defence asks the court to record outstanding device, calibration and procedure records. || SAFE_POSITION | Driver identity, procedure and device evidence remain provisional pending served source records. || HEARING | 14 Jul"
sha:d93385cb153cca3e7c6cba3365ce06db762a7a2dfc0c369427cb8f867401d6eb,PDF-d93385cb153c,CB-TB-618_Morris,d93385cb153cca3e7c6cba3365ce06db762a7a2dfc0c369427cb8f867401d6eb,OFFLINE_COURT_PROJECTION,,MUTE,mute_cctv_master,,mute_cctv_master,,,src_charge|src_hearing|src_mg_forms|src_parties|src_dates|src_cctv|court_claims_25,2593,,"SAFE_COURT | The defence asks the court to record outstanding CCTV, ID procedure and witness source material. || SAFE_POSITION | Identification and participation remain provisional pending served CCTV, ID and witness source material. || HEA"
sha:d917844b2a89a21d792f6cf419d133fc9de01b0350bda5e2ed15770a4cd6a4be,PDF-d917844b2a89,CB-TB-430_Walsh,d917844b2a89a21d792f6cf419d133fc9de01b0350bda5e2ed15770a4cd6a4be,OFFLINE_COURT_PROJECTION,,MODALITY,modality_screenshot_vs_download,,mute_cad_999,modality_screenshot_vs_download,,src_charge|src_hearing|src_mg_forms|src_parties|src_continuity|court_claims_25,4262,,"SAFE_COURT | The defence asks the court to record outstanding continuity, lab and search/phone material. || SAFE_POSITION | Possession, knowledge, intent and continuity remain provisional pending served drug/source material. || HEARING | 12"
sha:d945ab71d0de6b2cc1cf30b0bcdfeed8f40aa7af64ebe23dc61e980b1903357e,PDF-d945ab71d0de,CB-TB-580_Okonkwo,d945ab71d0de6b2cc1cf30b0bcdfeed8f40aa7af64ebe23dc61e980b1903357e,OFFLINE_COURT_PROJECTION,,INVENT,invent_phone_download,invent_phone_download,,modality_summary_vs_recording,,src_charge|src_hearing|src_mg_forms|src_parties|src_dates|src_continuity|court_claims_39,6276,,SAFE_COURT | The defence asks the court to record that the full extraction/source material remains outstanding. || SAFE_POSITION | Attribution remains provisional pending served device/source material and instructions. || HEARING | 22 Augus
sha:d96b29285a8d9877e402ea17bb232da0ebf0e0f67873a51af70cbfd2a6cd73ff,PDF-d96b29285a8d,CB-TB-230_Brooks,d96b29285a8d9877e402ea17bb232da0ebf0e0f67873a51af70cbfd2a6cd73ff,OFFLINE_COURT_PROJECTION,,MUTE,mute_phone_download,,mute_phone_download,,,src_charge|src_hearing|src_mg_forms|src_parties|src_dates|src_cctv_stills|src_continuity|court_claims_28,7971,,SAFE_COURT | The defence asks the court to record that full BWV and continuity material should be served. || SAFE_POSITION | Sequence and force remain provisional pending served BWV and officer source material. || HEARING | 04 July 2026 at 
sha:d981961f07ba5ef708a916413f63f952e40a174a03a4cada5de45c33976c6e90,PDF-d981961f07ba,CB-TB-2157_Cole,d981961f07ba5ef708a916413f63f952e40a174a03a4cada5de45c33976c6e90,OFFLINE_COURT_PROJECTION,,MUTE,mute_cad_999,,mute_cad_999,,,src_charge|src_hearing|src_mg_forms|src_parties|src_dates|src_cctv|src_continuity|court_claims_25,7273,,SAFE_COURT | The defence asks the court to record outstanding message/account source material and complainant statement gaps. || SAFE_POSITION | The defence position remains provisional pending served message/account material and instructio
sha:d94e2813d2ea3bf6ffe4e09ce0dcfd6dd1738f712458aa094afe2268ce29497b,PDF-d94e2813d2ea,CB-TB-648_Stone,d94e2813d2ea3bf6ffe4e09ce0dcfd6dd1738f712458aa094afe2268ce29497b,OFFLINE_COURT_PROJECTION,,MUTE,mute_cctv_master,,mute_cctv_master,,,src_charge|src_hearing|src_mg_forms|src_parties|src_dates|src_cctv|src_cctv_stills|src_continuity|court_claims_24,8442,,SAFE_COURT | The defence asks the court to record that full BWV and continuity material should be served. || SAFE_POSITION | Sequence and force remain provisional pending served BWV and officer source material. || HEARING | 24 August 2026 a
sha:d9d9854e647bc80cbde0580b0d93c9c9a535d8d9a632484d4ded397582b39325,PDF-d9d9854e647b,CB-TB-1677_Barlow,d9d9854e647bc80cbde0580b0d93c9c9a535d8d9a632484d4ded397582b39325,OFFLINE_COURT_PROJECTION,,MUTE,mute_cad_999,,mute_cad_999,,,src_charge|src_hearing|src_mg_forms|src_parties|src_dates|src_cctv|src_continuity|court_claims_21,4839,,SAFE_COURT | The defence asks the court to record that full BWV and continuity material should be served. || SAFE_POSITION | Sequence and force remain provisional pending served BWV and officer source material. || HEARING | 18 August 2026 a
sha:d9b6b6fad7ae15549dbe5560c3fb1b272ca8aa9b977afd1e1c952cce64421f6d,PDF-d9b6b6fad7ae,CB-TB-1559_Hughes,d9b6b6fad7ae15549dbe5560c3fb1b272ca8aa9b977afd1e1c952cce64421f6d,OFFLINE_COURT_PROJECTION,,MUTE,mute_cad_999,,mute_cad_999,,,src_charge|src_hearing|src_mg_forms|src_parties|src_cctv|src_cctv_stills|court_claims_25,5353,,SAFE_COURT | The defence asks the court to record outstanding message/account source material and complainant statement gaps. || SAFE_POSITION | The defence position remains provisional pending served message/account material and instructio
sha:dad8e81bec4794ddd60d466f1684ca764848de4ca206ef784031eedd360f92ff,PDF-dad8e81bec47,CB-TB-443_Rees,dad8e81bec4794ddd60d466f1684ca764848de4ca206ef784031eedd360f92ff,OFFLINE_COURT_PROJECTION,,MODALITY,modality_screenshot_vs_download,,mute_cad_999,modality_screenshot_vs_download,,src_charge|src_hearing|src_mg_forms|src_parties|src_cctv|src_continuity|court_claims_29,3758,,"SAFE_COURT | Position remains provisional on the current papers — listed material families are not safely confirmed in the bundle yet. || SAFE_POSITION | Account control, dishonesty and loss remain provisional pending served bank/device sou"
sha:da8bab59ec9dfc4d3eb3d1a3d21c3cb0f8ab4a5bfca536ec0cc25a63335c3929,PDF-da8bab59ec9d,CB-TB-2086_Okonkwo,da8bab59ec9dfc4d3eb3d1a3d21c3cb0f8ab4a5bfca536ec0cc25a63335c3929,OFFLINE_COURT_PROJECTION,,MUTE,mute_phone_download,,mute_phone_download,,,src_charge|src_hearing|src_mg_forms|src_parties|src_dates|src_cctv|src_continuity|court_claims_25,5133,,"SAFE_COURT | The defence asks the court to record outstanding bank/device source and loss material. || SAFE_POSITION | Account control, dishonesty and loss remain provisional pending served bank/device source material. || HEARING | 16 July "
sha:dae980cb6447c8afe2c5372e95af6cdef5bf887127c46c4828d4b331a749866f,PDF-dae980cb6447,CB-TB-1951_Reed,dae980cb6447c8afe2c5372e95af6cdef5bf887127c46c4828d4b331a749866f,OFFLINE_COURT_PROJECTION,,MUTE,mute_cctv_master,,mute_cctv_master|mute_phone_download|mute_cad_999,,,src_charge|src_hearing|src_mg_forms|src_parties|src_dates|src_cctv|src_continuity|court_claims_28,11593,,SAFE_COURT | The defence asks the court to record that full custody and interview records remain outstanding. || SAFE_POSITION | Custody/PACE safeguards cannot be finally assessed until the full custody and interview material is served. || 
sha:db916f7b0f107a90ecc8a23712a323a9d7699ad47d6ec71fb8bd4f384e782542,PDF-db916f7b0f10,CB-TB-1878_Byrne,db916f7b0f107a90ecc8a23712a323a9d7699ad47d6ec71fb8bd4f384e782542,OFFLINE_COURT_PROJECTION,,MUTE,mute_phone_download,,mute_phone_download,,,src_charge|src_hearing|src_mg_forms|src_parties|src_cctv|court_claims_28,5120,,SAFE_COURT | The defence asks the court to record that full custody and interview records remain outstanding. || SAFE_POSITION | Custody/PACE safeguards cannot be finally assessed until the full custody and interview material is served. || 
sha:db7b13e05fdbb0227cc560541ae581081963610e5179c3b102cae0a40e899d37,PDF-db7b13e05fdb,CB-TB-971_Fielding,db7b13e05fdbb0227cc560541ae581081963610e5179c3b102cae0a40e899d37,OFFLINE_COURT_PROJECTION,,MUTE,mute_cad_999,,mute_cad_999,,,src_charge|src_hearing|src_mg_forms|src_parties|src_cctv|court_claims_20,10618,,SAFE_COURT | The defence asks the court to record that full BWV and continuity material should be served. || SAFE_POSITION | Sequence and force remain provisional pending served BWV and officer source material. || HEARING | 19/08/2026 11:15
sha:dbfcb43908701b8fa0680d4b0992ee570503a934997dabac3cd166b6547bb8bf,PDF-dbfcb4390870,CB-TB-1694_Cole,dbfcb43908701b8fa0680d4b0992ee570503a934997dabac3cd166b6547bb8bf,OFFLINE_COURT_PROJECTION,,MUTE,mute_cad_999,,mute_cad_999,,,src_charge|src_hearing|src_mg_forms|src_parties|src_dates|src_cctv|src_continuity|court_claims_25,7995,,SAFE_COURT | The defence asks the court to record that full BWV and continuity material should be served. || SAFE_POSITION | Sequence and force remain provisional pending served BWV and officer source material. || HEARING | 30 July 2026 at 
sha:dca35f7137712051f32783e18b53a9706f94797c3be8a6da22d66e9dde4ffd0d,PDF-dca35f713771,CB-TB-1285_Kent,dca35f7137712051f32783e18b53a9706f94797c3be8a6da22d66e9dde4ffd0d,OFFLINE_COURT_PROJECTION,,MUTE,mute_phone_download,,mute_phone_download,,,src_charge|src_hearing|src_mg_forms|src_parties|src_dates|src_cctv|src_cctv_stills|src_continuity|court_claims_33,3871,,SAFE_COURT | The defence asks the court to record outstanding message/account source material and complainant statement gaps. || SAFE_POSITION | The defence position remains provisional pending served message/account material and instructio
sha:dcb3d99cb7afd35a723ca9e6f09c8b538a0615f9697d2a448ee96561ca9563c3,PDF-dcb3d99cb7af,CB-TB-1511_Ali,dcb3d99cb7afd35a723ca9e6f09c8b538a0615f9697d2a448ee96561ca9563c3,OFFLINE_COURT_PROJECTION,,MUTE,mute_cad_999,,mute_cad_999,,,src_charge|src_hearing|src_mg_forms|src_parties|src_cctv|src_cctv_stills|court_claims_20,3647,,SAFE_COURT | The defence asks the court to record that full custody and interview records remain outstanding. || SAFE_POSITION | Custody/PACE safeguards cannot be finally assessed until the full custody and interview material is served. || 
sha:dcb567a1a1ebe7667aded34bdd758c5aa509d26061e71ac28ca703d7fab17c09,PDF-dcb567a1a1eb,CB-TB-465_Hayes,dcb567a1a1ebe7667aded34bdd758c5aa509d26061e71ac28ca703d7fab17c09,OFFLINE_COURT_PROJECTION,,MUTE,mute_phone_download,,mute_phone_download,,,src_charge|src_hearing|src_mg_forms|src_parties|src_cctv|src_continuity|court_claims_24,6580,,SAFE_COURT | The defence asks the court to record that full BWV and continuity material should be served. || SAFE_POSITION | Sequence and force remain provisional pending served BWV and officer source material. || HEARING | 10 August 2026 a
sha:dcb609e41e676f61f7aff77308df51a49e4da093e8f60a739cf21343c7117fae,PDF-dcb609e41e67,CB-TB-227_Stone,dcb609e41e676f61f7aff77308df51a49e4da093e8f60a739cf21343c7117fae,OFFLINE_COURT_PROJECTION,,MUTE,mute_phone_download,,mute_phone_download,,,src_charge|src_hearing|src_mg_forms|src_parties|src_dates|src_cctv|src_continuity|court_claims_33,13612,,"SAFE_COURT | The defence asks the court to record outstanding bank/device source and loss material. || SAFE_POSITION | Account control, dishonesty and loss remain provisional pending served bank/device source material. || HEARING | 25 June "
sha:dcbf5927041f055cafeaac572c42b44325bdf70abc0f47dcf41bf43c5fd07a7f,PDF-dcbf5927041f,CB-TB-639_Ross,dcbf5927041f055cafeaac572c42b44325bdf70abc0f47dcf41bf43c5fd07a7f,OFFLINE_COURT_PROJECTION,,MUTE,mute_cctv_master,,mute_cctv_master,,,src_charge|src_hearing|src_mg_forms|src_parties|src_dates|src_cctv|court_claims_25,5279,,"SAFE_COURT | The defence asks the court to record outstanding continuity, lab and search/phone material. || SAFE_POSITION | Possession, knowledge, intent and continuity remain provisional pending served drug/source material. || HEARING | 28"
sha:dcd0400461b47ef35ba21ab70c81b17a649af8800bbda88a1e60c5608c1bf978,PDF-dcd0400461b4,CB-TB-733_Walsh,dcd0400461b47ef35ba21ab70c81b17a649af8800bbda88a1e60c5608c1bf978,OFFLINE_COURT_PROJECTION,,MUTE,mute_cctv_master,,mute_cctv_master,,,src_charge|src_hearing|src_mg_forms|src_parties|src_dates|src_cctv|src_cctv_stills|court_claims_25,7638,,"SAFE_COURT | The defence asks the court to record outstanding continuity, lab and search/phone material. || SAFE_POSITION | Possession, knowledge, intent and continuity remain provisional pending served drug/source material. || HEARING | 10"
sha:dce87bf869a9a2890c8d7c9ee773d87d27fdda3483ac0066e4eb4e1eaf574e8d,PDF-dce87bf869a9,CB-TB-1698_Mason,dce87bf869a9a2890c8d7c9ee773d87d27fdda3483ac0066e4eb4e1eaf574e8d,OFFLINE_COURT_PROJECTION,,MUTE,mute_cad_999,,mute_cad_999,,,src_charge|src_hearing|src_mg_forms|src_parties|src_dates|src_cctv|src_continuity|court_claims_25,7123,,"SAFE_COURT | The defence asks the court to record outstanding device, calibration and procedure records. || SAFE_POSITION | Driver identity, procedure and device evidence remain provisional pending served source records. || HEARING | 11 Aug"
sha:dd0d86ea365b95294cb033f256a20343a65a712591853c510921ce2374f6065b,PDF-dd0d86ea365b,CB-TB-053_Reed,dd0d86ea365b95294cb033f256a20343a65a712591853c510921ce2374f6065b,OFFLINE_COURT_PROJECTION,,INVENT,invent_phone_download,invent_phone_download,,modality_screenshot_vs_download,,src_charge|src_hearing|src_mg_forms|src_parties|src_cctv|src_cctv_stills|src_continuity|court_claims_36,14538,,SAFE_COURT | The defence asks the court to record that full BWV and continuity material should be served. || SAFE_POSITION | Sequence and force remain provisional pending served BWV and officer source material. || HEARING | 25 June 2026 at 
sha:de117582d21c56abc947ebc58cd755c5399ee049cead080a76c50f59237e4a61,PDF-de117582d21c,CB-TB-755_Khan,de117582d21c56abc947ebc58cd755c5399ee049cead080a76c50f59237e4a61,OFFLINE_COURT_PROJECTION,,MUTE,mute_cctv_master,,mute_cctv_master,,,src_charge|src_hearing|src_mg_forms|src_parties|src_dates|src_cctv|src_cctv_stills|court_claims_25,8064,,"SAFE_COURT | The defence asks the court to record outstanding bank/device source and loss material. || SAFE_POSITION | Account control, dishonesty and loss remain provisional pending served bank/device source material. || HEARING | 01 July "
sha:dddc35f5aa56eceb8245221ca4ab451a3221d90288243ba214901d698dd24faf,PDF-dddc35f5aa56,CB-TB-327_Roberts,dddc35f5aa56eceb8245221ca4ab451a3221d90288243ba214901d698dd24faf,OFFLINE_COURT_PROJECTION,,MUTE,mute_phone_download,,mute_phone_download,,,src_charge|src_hearing|src_mg_forms|src_parties|src_dates|court_claims_25,8276,,"SAFE_COURT | The defence asks the court to record outstanding bank/device source and loss material. || SAFE_POSITION | Account control, dishonesty and loss remain provisional pending served bank/device source material. || HEARING | 12 Augus"
sha:de30d12eab0fa50dd730babde18ffeae2924d2cc313cd9c295b7856ea48e72ef,PDF-de30d12eab0f,CB-TB-943_Barker,de30d12eab0fa50dd730babde18ffeae2924d2cc313cd9c295b7856ea48e72ef,OFFLINE_COURT_PROJECTION,,MUTE,mute_cctv_master,,mute_cctv_master,,,src_charge|src_mg_forms|src_parties|src_cctv|court_claims_25,11099,,"SAFE_COURT | The defence asks the court to record outstanding device, calibration and procedure records. || SAFE_POSITION | Driver identity, procedure and device evidence remain provisional pending served source records. || HEARING | 24/06/"
sha:de6794a8e42c0c8f12fd01ca9d1eb9c0763a60c3394cb32abf76b267c389e3c4,PDF-de6794a8e42c,CB-TB-1255_Mitchell,de6794a8e42c0c8f12fd01ca9d1eb9c0763a60c3394cb32abf76b267c389e3c4,OFFLINE_COURT_PROJECTION,,MUTE,mute_phone_download,,mute_phone_download,,,src_charge|src_hearing|src_mg_forms|src_id_procedure|src_parties|src_dates|src_cctv_stills|src_continuity|court_claims_28,4086,,SAFE_COURT | The defence asks the court to record that full custody and interview records remain outstanding. || SAFE_POSITION | Custody/PACE safeguards cannot be finally assessed until the full custody and interview material is served. || 
sha:de3dd03f4bf08ef2649aefbb56cc1705ba70c1052b0da569f48fcde04490e018,PDF-de3dd03f4bf0,CB-TB-608_Lewis,de3dd03f4bf08ef2649aefbb56cc1705ba70c1052b0da569f48fcde04490e018,OFFLINE_COURT_PROJECTION,,MUTE,mute_cctv_master,,mute_cctv_master,,,src_charge|src_hearing|src_mg_forms|src_parties|src_dates|src_cctv|src_continuity|court_claims_28,8236,,SAFE_COURT | The defence asks the court to record that full BWV and continuity material should be served. || SAFE_POSITION | Sequence and force remain provisional pending served BWV and officer source material. || HEARING | 10 July 2026 at 
sha:de7a686bae946143e125c90a25b1fd9cebd2e4bc8a5ee2070028f4f6db671da9,PDF-de7a686bae94,CB-TB-2178_Bennett,de7a686bae946143e125c90a25b1fd9cebd2e4bc8a5ee2070028f4f6db671da9,OFFLINE_COURT_PROJECTION,,MUTE,mute_cad_999,,mute_cad_999,,,src_charge|src_hearing|src_mg_forms|src_parties|src_dates|src_cctv|src_continuity|court_claims_29,10336,,SAFE_COURT | The defence asks the court to record that full BWV and continuity material should be served. || SAFE_POSITION | Sequence and force remain provisional pending served BWV and officer source material. || HEARING | 12 July 2026 at 
sha:df1c9b9189fe9a4bfcad33fa39f10cd4f0806c879e1efd89232e3c512f689867,PDF-df1c9b9189fe,CB-TB-1249_Hart,df1c9b9189fe9a4bfcad33fa39f10cd4f0806c879e1efd89232e3c512f689867,OFFLINE_COURT_PROJECTION,,MUTE,mute_cad_999,,mute_cad_999,,,src_charge|src_hearing|src_mg_forms|src_parties|src_dates|src_cctv_stills|src_continuity|court_claims_32,3694,,SAFE_COURT | The defence asks the court to record that full BWV and continuity material should be served. || SAFE_POSITION | Sequence and force remain provisional pending served BWV and officer source material. || HEARING | 26/08/2026 14:00
sha:defd7a91ad328de491beedb8e8f2b9cf3b707968a78799ee9e00294322ff1721,PDF-defd7a91ad32,CB-TB-576_Rees,defd7a91ad328de491beedb8e8f2b9cf3b707968a78799ee9e00294322ff1721,OFFLINE_COURT_PROJECTION,,MODALITY,modality_summary_vs_recording,,,modality_summary_vs_recording,,src_charge|src_hearing|src_mg_forms|src_parties|src_dates|src_continuity|court_claims_33,4082,,"SAFE_COURT | The defence asks the court to record outstanding device, calibration and procedure records. || SAFE_POSITION | Driver identity, procedure and device evidence remain provisional pending served source records. || HEARING | 24 Jul"
sha:df237f03126f0dcef781302ca42d1eb9caa9cd05c7756207ac2e21440256b0b0,PDF-df237f03126f,CB-TB-522_Price,df237f03126f0dcef781302ca42d1eb9caa9cd05c7756207ac2e21440256b0b0,OFFLINE_COURT_PROJECTION,,MODALITY,modality_summary_vs_recording,,,modality_summary_vs_recording,,src_charge|src_hearing|src_mg_forms|src_parties|src_dates|src_continuity|court_claims_33,5474,,SAFE_COURT | The defence asks the court to record that source material must be clarified and timetabled. || SAFE_POSITION | The defence cannot safely fix a final position until the served source material is clarified. || HEARING | 20 July 2
sha:df5779bd30e01e3d299ba1f65b9d0d98f4df922d711db1dac64c29b5e8ebb2c6,PDF-df5779bd30e0,CB-TB-515_Hale,df5779bd30e01e3d299ba1f65b9d0d98f4df922d711db1dac64c29b5e8ebb2c6,OFFLINE_COURT_PROJECTION,,MODALITY,modality_summary_vs_recording,,mute_phone_download,modality_summary_vs_recording,,src_charge|src_hearing|src_mg_forms|src_parties|src_dates|src_continuity|court_claims_33,5891,,"SAFE_COURT | Position remains provisional on the current papers — listed material families are not safely confirmed in the bundle yet. || SAFE_POSITION | Sequence, injury and causation remain provisional pending served witness, medical and "
sha:dfa8e167d74a28d7d92e9df535ffc67406009e02db00b75bef6646a8fe961a51,PDF-dfa8e167d74a,CB-TB-970_Quinn,dfa8e167d74a28d7d92e9df535ffc67406009e02db00b75bef6646a8fe961a51,OFFLINE_COURT_PROJECTION,,MUTE,mute_cctv_master,,mute_cctv_master,,,src_charge|src_hearing|src_mg_forms|src_parties|court_claims_24,3430,,SAFE_COURT | The defence asks the court to record that source material must be clarified and timetabled. || SAFE_POSITION | The defence cannot safely fix a final position until the served source material is clarified. || HEARING | 17/08/202
sha:e079f8a845e1d064363cb91c430553334b695291f1101bb8bf4a0352d8e0a17c,PDF-e079f8a845e1,CB-TB-1022_Rees,e079f8a845e1d064363cb91c430553334b695291f1101bb8bf4a0352d8e0a17c,OFFLINE_COURT_PROJECTION,,MUTE,mute_cad_999,,mute_cad_999,,,src_charge|src_hearing|src_mg_forms|src_parties|src_dates|src_cctv|src_cctv_stills|src_continuity|court_claims_36,7358,,SAFE_COURT | The defence asks the court to record that full BWV and continuity material should be served. || SAFE_POSITION | Sequence and force remain provisional pending served BWV and officer source material. || HEARING | 05 August 2026 a
sha:e0343d3d96a1612f229edda22816f295ff626708eb2fa27657513d6e010072c9,PDF-e0343d3d96a1,CB-TB-563_Okonkwo,e0343d3d96a1612f229edda22816f295ff626708eb2fa27657513d6e010072c9,OFFLINE_COURT_PROJECTION,,MODALITY,modality_summary_vs_recording,,,modality_summary_vs_recording,,src_charge|src_hearing|src_mg_forms|src_parties|src_dates|src_continuity|court_claims_33,7115,,"SAFE_COURT | Position remains provisional on the current papers — listed material families are not safely confirmed in the bundle yet. || SAFE_POSITION | Account control, dishonesty and loss remain provisional pending served bank/device sou"
sha:e09b2d9402982fe8eb6f0873d120e34e9d3995ec0f83d64b7ec77d760d8ad5ba,PDF-e09b2d940298,CB-TB-2064_Ross,e09b2d9402982fe8eb6f0873d120e34e9d3995ec0f83d64b7ec77d760d8ad5ba,OFFLINE_COURT_PROJECTION,,MUTE,mute_cad_999,,mute_cad_999,,,src_charge|src_hearing|src_mg_forms|src_parties|src_dates|src_cctv|court_claims_21,3208,,"SAFE_COURT | The defence asks the court to record outstanding continuity, lab and search/phone material. || SAFE_POSITION | Possession, knowledge, intent and continuity remain provisional pending served drug/source material. || HEARING | 20"
sha:e10c506831019953157ca70620267d8efee0cd5f6d7c8c58d505a98cda58405c,PDF-e10c50683101,CB-TB-1458_Rowe,e10c506831019953157ca70620267d8efee0cd5f6d7c8c58d505a98cda58405c,OFFLINE_COURT_PROJECTION,,MUTE,mute_phone_download,,mute_phone_download|mute_cad_999,,,src_charge|src_hearing|src_mg_forms|src_id_procedure|src_parties|src_dates|src_cctv|court_claims_21,4739,,SAFE_COURT | The file indicates no body-worn video is available — confirm in writing that none exists; absence may shift weight onto witness account quality and consistency. || SAFE_POSITION | Sequence and force remain provisional pending s
sha:e22471e7e3de22a9429544105881354f4a6c46ac0c3e92dd2a6475770e6df3f9,PDF-e22471e7e3de,CB-TB-1624_Barlow,e22471e7e3de22a9429544105881354f4a6c46ac0c3e92dd2a6475770e6df3f9,OFFLINE_COURT_PROJECTION,,MUTE,mute_cad_999,,mute_cad_999,,,src_charge|src_hearing|src_mg_forms|src_parties|src_dates|src_cctv|src_continuity|court_claims_21,5165,,SAFE_COURT | The defence asks the court to record that full BWV and continuity material should be served. || SAFE_POSITION | Sequence and force remain provisional pending served BWV and officer source material. || HEARING | 30 July 2026 at 
sha:e1b268f3cafbce24060212be519739b9997b2f40273f6c361fa7b22be695fe93,PDF-e1b268f3cafb,CB-TB-1813_Brookes,e1b268f3cafbce24060212be519739b9997b2f40273f6c361fa7b22be695fe93,OFFLINE_COURT_PROJECTION,,INVENT,invent_phone_download,invent_phone_download,,,,src_charge|src_hearing|src_mg_forms|src_parties|src_continuity|court_claims_36,7493,,SAFE_COURT | The defence asks the court to record that the full extraction/source material remains outstanding. || SAFE_POSITION | Attribution remains provisional pending served device/source material and instructions. || HEARING | 26 July 
sha:e264de1c1ed34863ffafd9944ddd8b62b3fe49f16c44038f7e9f83ec8167a488,PDF-e264de1c1ed3,CB-TB-1571_Wright,e264de1c1ed34863ffafd9944ddd8b62b3fe49f16c44038f7e9f83ec8167a488,OFFLINE_COURT_PROJECTION,,MUTE,mute_cad_999,,mute_cad_999,,,src_charge|src_hearing|src_mg_forms|src_parties|src_cctv|src_cctv_stills|court_claims_24,3428,,SAFE_COURT | The defence asks the court to record that full custody and interview records remain outstanding. || SAFE_POSITION | Custody/PACE safeguards cannot be finally assessed until the full custody and interview material is served. || 
sha:e28e8ff2fbc60b6ac64363c359182f1d992c109e5274c1c91391f6a6b8c44a1a,PDF-e28e8ff2fbc6,CB-TB-2015_Austin,e28e8ff2fbc60b6ac64363c359182f1d992c109e5274c1c91391f6a6b8c44a1a,OFFLINE_COURT_PROJECTION,,MUTE,mute_phone_download,,mute_phone_download,,,src_charge|src_hearing|src_mg_forms|src_parties|src_dates|src_cctv|src_continuity|court_claims_25,5753,,SAFE_COURT | The defence asks the court to record that full BWV and continuity material should be served. || SAFE_POSITION | Sequence and force remain provisional pending served BWV and officer source material. || HEARING | 13 July 2026 at 
sha:e23c8110887bea1d35132c34b68674b30547f9714958eee9a393401dca487d0f,PDF-e23c8110887b,CB-TB-1924_Forrest,e23c8110887bea1d35132c34b68674b30547f9714958eee9a393401dca487d0f,OFFLINE_COURT_PROJECTION,,MUTE,mute_cctv_master,,mute_cctv_master|mute_phone_download,,,src_charge|src_hearing|src_mg_forms|src_parties|src_dates|src_cctv|src_continuity|court_claims_33,6324,,SAFE_COURT | The defence asks the court to record that full BWV and continuity material should be served. || SAFE_POSITION | Sequence and force remain provisional pending served BWV and officer source material. || HEARING | 06 August 2026 1
sha:e2c3613ded6dc9f2b2709abac6bb90e7d30530d0373e35e4750c3f4f20060948,PDF-e2c3613ded6d,CB-TB-1088_Mason,e2c3613ded6dc9f2b2709abac6bb90e7d30530d0373e35e4750c3f4f20060948,OFFLINE_COURT_PROJECTION,,MUTE,mute_cad_999,,mute_cad_999,,,src_charge|src_hearing|src_mg_forms|src_parties|src_dates|src_continuity|court_claims_28,2784,,SAFE_COURT | The defence asks the court to record that full BWV and continuity material should be served. || SAFE_POSITION | Sequence and force remain provisional pending served BWV and officer source material. || HEARING | 10 July 2026 at 
sha:e30eb5f1e7d679b85bd62dde038477081d12dadca2d0af71403a6bba5f368905,PDF-e30eb5f1e7d6,CB-TB-592_Patel,e30eb5f1e7d679b85bd62dde038477081d12dadca2d0af71403a6bba5f368905,OFFLINE_COURT_PROJECTION,,MODALITY,modality_summary_vs_recording,,mute_cctv_master,modality_summary_vs_recording,,src_charge|src_hearing|src_mg_forms|src_parties|src_dates|src_cctv|src_continuity|court_claims_37,3323,,SAFE_COURT | The defence asks the court to record that source material must be clarified and timetabled. || SAFE_POSITION | The defence cannot safely fix a final position until the served source material is clarified. || HEARING | 21 July 2
sha:e2904f9ebfa8bf787a9cf1986476c6910e57676eacf96a9fa5c0df6c9a580009,PDF-e2904f9ebfa8,CB-TB-698_Evans,e2904f9ebfa8bf787a9cf1986476c6910e57676eacf96a9fa5c0df6c9a580009,OFFLINE_COURT_PROJECTION,,MUTE,mute_cctv_master,,mute_cctv_master,,,src_charge|src_hearing|src_mg_forms|src_parties|src_dates|src_cctv|src_continuity|court_claims_20,5428,,SAFE_COURT | The defence asks the court to record that full BWV and continuity material should be served. || SAFE_POSITION | Sequence and force remain provisional pending served BWV and officer source material. || HEARING | 24 August 2026 a
sha:e2c2c31416d04ec9b0a884b9a646e340d8b7872e4a626a0e6c92904fecde989d,PDF-e2c2c31416d0,CB-TB-1757_Carter,e2c2c31416d04ec9b0a884b9a646e340d8b7872e4a626a0e6c92904fecde989d,OFFLINE_COURT_PROJECTION,,INVENT,invent_phone_download,invent_phone_download,,,,src_charge|src_hearing|src_mg_forms|src_parties|src_dates|src_cctv|src_continuity|court_claims_36,8009,,SAFE_COURT | The defence asks the court to record that the full extraction/source material remains outstanding. || SAFE_POSITION | Attribution remains provisional pending served device/source material and instructions. || HEARING | 08 July 
sha:e430487877b4cad4afae469385c622d6912ab9f822e04746261745645d878155,PDF-e430487877b4,CB-TB-1582_Page,e430487877b4cad4afae469385c622d6912ab9f822e04746261745645d878155,OFFLINE_COURT_PROJECTION,,MUTE,mute_cad_999,,mute_cad_999,,,src_charge|src_hearing|src_mg_forms|src_parties|src_cctv|src_cctv_stills|court_claims_21,3851,,"SAFE_COURT | The defence asks the court to record outstanding continuity, lab and search/phone material. || SAFE_POSITION | Possession, knowledge, intent and continuity remain provisional pending served drug/source material. || HEARING | 15"
sha:e40317da3fb2495f9074185d2be8af3bade614cb0ae9818ee6374c027086653d,PDF-e40317da3fb2,CB-TB-667_Brooks,e40317da3fb2495f9074185d2be8af3bade614cb0ae9818ee6374c027086653d,OFFLINE_COURT_PROJECTION,,MUTE,mute_cctv_master,,mute_cctv_master,,,src_charge|src_hearing|src_mg_forms|src_parties|src_dates|src_cctv|src_cctv_stills|court_claims_24,5840,,SAFE_COURT | The defence asks the court to record that full BWV and continuity material should be served. || SAFE_POSITION | Sequence and force remain provisional pending served BWV and officer source material. || HEARING | 06 August 2026 a
sha:e4b0559f68e667b5851b5af5697c0aeb58d3e76f01ac16ee06d2770e7fafdc50,PDF-e4b0559f68e6,CB-TB-886_Hussain,e4b0559f68e667b5851b5af5697c0aeb58d3e76f01ac16ee06d2770e7fafdc50,OFFLINE_COURT_PROJECTION,,INVENT,invent_phone_download,invent_phone_download,,,,src_charge|src_hearing|src_mg_forms|src_parties|src_cctv|src_continuity|court_claims_33,5779,,SAFE_COURT | The defence asks the court to record that full BWV and continuity material should be served. || SAFE_POSITION | Sequence and force remain provisional pending served BWV and officer source material. || HEARING | 28 August 2026 a
sha:e4f4e7d63ee391fe9b1a799f629c3928fdd7408efa3ebd75d1b7caba7b3fde8d,PDF-e4f4e7d63ee3,CB-TB-1052_Morris,e4f4e7d63ee391fe9b1a799f629c3928fdd7408efa3ebd75d1b7caba7b3fde8d,OFFLINE_COURT_PROJECTION,,MUTE,mute_cad_999,,mute_cad_999,,,src_charge|src_hearing|src_mg_forms|src_parties|src_dates|src_cctv|src_continuity|court_claims_33,8141,,"SAFE_COURT | The defence asks the court to record outstanding device, calibration and procedure records. || SAFE_POSITION | Driver identity, procedure and device evidence remain provisional pending served source records. || HEARING | 01 Jul"
sha:e50cc4fb0fb62e5b5e806d38fcdd21f19754b21b21ada79338413f076ef55a3d,PDF-e50cc4fb0fb6,CB-TB-846_Hussain,e50cc4fb0fb62e5b5e806d38fcdd21f19754b21b21ada79338413f076ef55a3d,OFFLINE_COURT_PROJECTION,,INVENT,invent_phone_download,invent_phone_download,mute_cctv_master,,,src_charge|src_hearing|src_mg_forms|src_parties|src_continuity|court_claims_32,6357,,SAFE_COURT | The defence asks the court to record that the full extraction/source material remains outstanding. || SAFE_POSITION | Attribution remains provisional pending served device/source material and instructions. || HEARING | 15 July 
sha:e4b98d29b722c02179560fc6413f20725b82b82f95e491766268510fb8b819ce,PDF-e4b98d29b722,CB-TB-140_Baines,e4b98d29b722c02179560fc6413f20725b82b82f95e491766268510fb8b819ce,OFFLINE_COURT_PROJECTION,,MUTE,mute_phone_download,,mute_phone_download,,,src_charge|src_hearing|src_mg_forms|src_parties|src_cctv|src_continuity|court_claims_24,11514,,SAFE_COURT | The defence asks the court to record that full custody and interview records remain outstanding. || SAFE_POSITION | Custody/PACE safeguards cannot be finally assessed until the full custody and interview material is served. || 
sha:e50a1f5e47c96e999f76c06503ccacc55a2e34986b1b98acdb5ff52d47ec5d41,PDF-e50a1f5e47c9,CB-TB-116_Merritt,e50a1f5e47c96e999f76c06503ccacc55a2e34986b1b98acdb5ff52d47ec5d41,OFFLINE_COURT_PROJECTION,,MUTE,mute_phone_download,,mute_phone_download|mute_cad_999,,,src_charge|src_hearing|src_mg_forms|src_parties|src_cctv|src_continuity|court_claims_32,14142,,SAFE_COURT | The defence asks the court to record that full custody and interview records remain outstanding. || SAFE_POSITION | Custody/PACE safeguards cannot be finally assessed until the full custody and interview material is served. || 
sha:e590da40765cda528ebe892e702a24f061338578516307996d3686b5c0ad4e6f,PDF-e590da40765c,CB-TB-610_Reed,e590da40765cda528ebe892e702a24f061338578516307996d3686b5c0ad4e6f,OFFLINE_COURT_PROJECTION,,MUTE,mute_cctv_master,,mute_cctv_master,,,src_charge|src_hearing|src_mg_forms|src_parties|src_dates|src_cctv|src_cctv_stills|src_continuity|court_claims_24,9551,,SAFE_COURT | The defence asks the court to record that full BWV and continuity material should be served. || SAFE_POSITION | Sequence and force remain provisional pending served BWV and officer source material. || HEARING | 16 July 2026 at 
sha:e57012c0c66b4e620d3eb34e562d6f7b9a77286010d5ae66ed2ecead69907081,PDF-e57012c0c66b,CB-TB-1978_Naylor,e57012c0c66b4e620d3eb34e562d6f7b9a77286010d5ae66ed2ecead69907081,OFFLINE_COURT_PROJECTION,,MUTE,mute_cctv_master,,mute_cctv_master|mute_phone_download,,,src_charge|src_hearing|src_mg_forms|src_parties|src_dates|src_cctv|src_continuity|court_claims_37,12524,,SAFE_COURT | The defence asks the court to record that full BWV and continuity material should be served. || SAFE_POSITION | Sequence and force remain provisional pending served BWV and officer source material. || HEARING | 05 September 202
sha:e5a610c1febdd5cb686f093ba296f91a390af914ca23412dc05f900cf073226b,PDF-e5a610c1febd,CB-TB-988_Rees,e5a610c1febdd5cb686f093ba296f91a390af914ca23412dc05f900cf073226b,OFFLINE_COURT_PROJECTION,,MUTE,mute_cctv_master,,mute_cctv_master,,,src_charge|src_hearing|src_mg_forms|src_parties|src_cctv|court_claims_32,5737,,SAFE_COURT | The defence asks the court to record that full BWV and continuity material should be served. || SAFE_POSITION | Sequence and force remain provisional pending served BWV and officer source material. || HEARING | 09/07/2026 10:15
sha:e5de0a7a214fb5a7795c609427d71bef3fa5fcd6546eaad636cb84ff51b60871,PDF-e5de0a7a214f,CB-TB-2155_Austin,e5de0a7a214fb5a7795c609427d71bef3fa5fcd6546eaad636cb84ff51b60871,OFFLINE_COURT_PROJECTION,,MUTE,mute_cad_999,,mute_cad_999,,,src_charge|src_hearing|src_mg_forms|src_parties|src_dates|src_cctv|src_continuity|court_claims_29,11162,,"SAFE_COURT | The defence asks the court to record outstanding continuity, lab and search/phone material. || SAFE_POSITION | Possession, knowledge, intent and continuity remain provisional pending served drug/source material. || HEARING | 13"
sha:e6170f37439fc23f3180228078bdd85a7b42460f0f0ce2fdf5a13bcd3a92616c,PDF-e6170f37439f,CB-TB-841_Hale,e6170f37439fc23f3180228078bdd85a7b42460f0f0ce2fdf5a13bcd3a92616c,OFFLINE_COURT_PROJECTION,,MUTE,mute_export_log,,mute_export_log,,,src_charge|src_hearing|src_mg_forms|src_parties|src_cctv|src_continuity|court_claims_33,4017,,SAFE_COURT | The defence asks the court to record that source material must be clarified and timetabled. || SAFE_POSITION | The defence cannot safely fix a final position until the served source material is clarified. || HEARING | 30 June 2
sha:e6559f5994066805ae5b1594b8d3f01e07df805a3af3e859d640f89817e624af,PDF-e6559f599406,CB-TB-378_Blake,e6559f5994066805ae5b1594b8d3f01e07df805a3af3e859d640f89817e624af,OFFLINE_COURT_PROJECTION,,MUTE,mute_phone_download,,mute_phone_download,,,src_charge|src_hearing|src_mg_forms|src_parties|src_dates|src_cctv|src_continuity|court_claims_33,13131,,"SAFE_COURT | Position remains provisional on the current papers — listed material families are not safely confirmed in the bundle yet. || SAFE_POSITION | Account control, dishonesty and loss remain provisional pending served bank/device sou"
sha:e6efac5ad589175bd4f5879256846496a6d2c3d941ec67b5715bebefd5e3db4a,PDF-e6efac5ad589,CB-TB-544_Evans,e6efac5ad589175bd4f5879256846496a6d2c3d941ec67b5715bebefd5e3db4a,OFFLINE_COURT_PROJECTION,,MODALITY,modality_summary_vs_recording,,mute_cctv_master,modality_summary_vs_recording,,src_charge|src_hearing|src_mg_forms|src_parties|src_dates|src_cctv|src_continuity|court_claims_33,3159,,SAFE_COURT | The defence asks the court to record that full custody and interview records remain outstanding. || SAFE_POSITION | Custody/PACE safeguards cannot be finally assessed until the full custody and interview material is served. || 
sha:e6cdb0ac89ffe3109de25a2668004643aa4e70cfda56a7b471f60af2d52e4f5c,PDF-e6cdb0ac89ff,CB-TB-630_Doyle,e6cdb0ac89ffe3109de25a2668004643aa4e70cfda56a7b471f60af2d52e4f5c,OFFLINE_COURT_PROJECTION,,MUTE,mute_cctv_master,,mute_cctv_master,,,src_charge|src_hearing|src_mg_forms|src_parties|src_dates|src_cctv|src_continuity|court_claims_28,6701,,SAFE_COURT | The defence asks the court to record that full BWV and continuity material should be served. || SAFE_POSITION | Sequence and force remain provisional pending served BWV and officer source material. || HEARING | 01 July 2026 at 
sha:e6aa50c96af1b91be63e5c6cc0bdb4e607499cdbd44b4b89b60398de37cc5538,PDF-e6aa50c96af1,CB-TB-931_Walsh,e6aa50c96af1b91be63e5c6cc0bdb4e607499cdbd44b4b89b60398de37cc5538,OFFLINE_COURT_PROJECTION,,MUTE,mute_phone_download,,mute_phone_download,,,src_hearing|src_mg_forms|src_parties|src_dates|src_cctv|court_claims_24,4807,,SAFE_COURT | The defence asks the court to record that full BWV and continuity material should be served. || SAFE_POSITION | Sequence and force remain provisional pending served BWV and officer source material. || HEARING | 14/08/2026 13:00
sha:e752a5cd6455ddc54691216973900d56ab6e4560c4d3b8ddee5920c91b7c7e48,PDF-e752a5cd6455,CB-TB-1529_Fielding,e752a5cd6455ddc54691216973900d56ab6e4560c4d3b8ddee5920c91b7c7e48,OFFLINE_COURT_PROJECTION,,MUTE,mute_cad_999,,mute_cad_999,,,src_charge|src_hearing|src_mg_forms|src_parties|src_cctv|src_cctv_stills|src_continuity|court_claims_25,6434,,SAFE_COURT | The defence asks the court to record outstanding message/account source material and complainant statement gaps. || SAFE_POSITION | The defence position remains provisional pending served message/account material and instructio
sha:e79de640e4ee53198fdf95437ae179c4a5a31f01d25ad7e72ea8947a405fdb5d,PDF-e79de640e4ee,CB-TB-1023_Pike,e79de640e4ee53198fdf95437ae179c4a5a31f01d25ad7e72ea8947a405fdb5d,OFFLINE_COURT_PROJECTION,,MUTE,mute_cad_999,,mute_cad_999,,,src_charge|src_hearing|src_mg_forms|src_parties|src_dates|src_cctv|src_cctv_stills|src_continuity|court_claims_28,6170,,SAFE_COURT | The defence asks the court to record that full BWV and continuity material should be served. || SAFE_POSITION | Sequence and force remain provisional pending served BWV and officer source material. || HEARING | 14 August 2026 a
sha:e77dab1ff2277493712a08b901f5b78fc6f55e0952d028d1f37c2584bfd5d2b8,PDF-e77dab1ff227,CB-TB-2165_Kerr,e77dab1ff2277493712a08b901f5b78fc6f55e0952d028d1f37c2584bfd5d2b8,OFFLINE_COURT_PROJECTION,,MODALITY,modality_screenshot_vs_download,,mute_cad_999,modality_screenshot_vs_download,,src_charge|src_hearing|src_mg_forms|src_parties|src_dates|src_cctv|src_continuity|court_claims_29,6403,,"SAFE_COURT | The defence asks the court to record outstanding continuity, lab and search/phone material. || SAFE_POSITION | Possession, knowledge, intent and continuity remain provisional pending served drug/source material. || HEARING | 12"
sha:e809bb8775de7201ec18c694580b2ceded628f83585766579ac5821a08f9685d,PDF-e809bb8775de,CB-TB-1212_Rowe,e809bb8775de7201ec18c694580b2ceded628f83585766579ac5821a08f9685d,OFFLINE_COURT_PROJECTION,,MUTE,mute_phone_download,,mute_phone_download,,,src_charge|src_hearing|src_mg_forms|src_parties|src_dates|src_cctv|court_claims_28,4817,,SAFE_COURT | The defence asks the court to record that full BWV and continuity material should be served. || SAFE_POSITION | Sequence and force remain provisional pending served BWV and officer source material. || HEARING | 21/07/2026 10:00
sha:e80b92c4d67ed98abae3cb4d66e8472ea606cd6d0271a1568002a27aafb93175,PDF-e80b92c4d67e,CB-TB-1652_Okonkwo,e80b92c4d67ed98abae3cb4d66e8472ea606cd6d0271a1568002a27aafb93175,OFFLINE_COURT_PROJECTION,,MUTE,mute_cad_999,,mute_cad_999,,,src_charge|src_hearing|src_mg_forms|src_parties|src_dates|src_cctv|src_continuity|court_claims_25,5391,,SAFE_COURT | The defence asks the court to record that full BWV and continuity material should be served. || SAFE_POSITION | Sequence and force remain provisional pending served BWV and officer source material. || HEARING | 13 August 2026 a
sha:e866fcb7ac51aca998089a4b744c48330fdb867e6f4d008456ae6205f201e855,PDF-e866fcb7ac51,CB-TB-1418_Walsh,e866fcb7ac51aca998089a4b744c48330fdb867e6f4d008456ae6205f201e855,OFFLINE_COURT_PROJECTION,,MUTE,mute_cad_999,,mute_cad_999,,,src_charge|src_hearing|src_mg_forms|src_id_procedure|src_parties|src_dates|src_cctv|src_continuity|court_claims_25,4661,,SAFE_COURT | The file indicates no body-worn video is available — confirm in writing that none exists; absence may shift weight onto witness account quality and consistency. || SAFE_POSITION | Sequence and force remain provisional pending s
sha:e8834a7872fccec015c18ed745b630d133331fc6e381150471464bdae3dabc7d,PDF-e8834a7872fc,CB-TB-002_Liam_Parker,e8834a7872fccec015c18ed745b630d133331fc6e381150471464bdae3dabc7d,OFFLINE_COURT_PROJECTION,,MUTE,mute_cad_999,,mute_cad_999,,,src_charge|src_hearing|src_mg_forms|src_parties|src_dates|src_cctv|src_cctv_stills|court_claims_20,5246,,SAFE_COURT | The defence asks the court to record that source material must be clarified and timetabled. || SAFE_POSITION | The defence cannot safely fix a final position until the served source material is clarified. || DEADLINE | Hearing 
sha:e850de2f0b66e9403c0dd20a278031c2b955d34431763c1b509b2d73454561e6,PDF-e850de2f0b66,CB-TB-463_Gibson,e850de2f0b66e9403c0dd20a278031c2b955d34431763c1b509b2d73454561e6,OFFLINE_COURT_PROJECTION,,MUTE,mute_phone_download,,mute_phone_download,,,src_charge|src_hearing|src_mg_forms|src_parties|src_cctv|src_continuity|court_claims_28,5447,,SAFE_COURT | The defence asks the court to record that full BWV and continuity material should be served. || SAFE_POSITION | Sequence and force remain provisional pending served BWV and officer source material. || HEARING | 6 August 2026 at
sha:e831963488e8f3548917717a0e48ec8b5fddfa3cfbd909f4de6e9c553a6030e1,PDF-e831963488e8,CB-TB-1033_Hayes,e831963488e8f3548917717a0e48ec8b5fddfa3cfbd909f4de6e9c553a6030e1,OFFLINE_COURT_PROJECTION,,MUTE,mute_cad_999,,mute_cad_999,,,src_charge|src_hearing|src_mg_forms|src_parties|src_dates|src_cctv|src_cctv_stills|court_claims_36,7540,,SAFE_COURT | The defence asks the court to record that full BWV and continuity material should be served. || SAFE_POSITION | Sequence and force remain provisional pending served BWV and officer source material. || HEARING | 09 July 2026 at 
sha:e8579c6f30c44098a5d3bb18f535d2a4e6adcdc0d88fec5682a13d1ed1d06eac,PDF-e8579c6f30c4,CB-TB-005_Rees,e8579c6f30c44098a5d3bb18f535d2a4e6adcdc0d88fec5682a13d1ed1d06eac,OFFLINE_COURT_PROJECTION,,INVENT,invent_phone_download,invent_phone_download,,,,src_charge|src_hearing|src_mg_forms|src_parties|court_claims_28,6846,,SAFE_COURT | The defence asks the court to record that full custody and interview records remain outstanding. || SAFE_POSITION | Custody/PACE safeguards cannot be finally assessed until the full custody and interview material is served. || 
sha:e91504b9f79219919f11bd9354a7753de0c57dfe451b70ed6d514583e85743a6,PDF-e91504b9f792,CB-TB-727_Brooks,e91504b9f79219919f11bd9354a7753de0c57dfe451b70ed6d514583e85743a6,OFFLINE_COURT_PROJECTION,,MUTE,mute_cctv_master,,mute_cctv_master,,,src_charge|src_hearing|src_mg_forms|src_parties|src_dates|src_cctv|court_claims_24,6067,,SAFE_COURT | The defence asks the court to record that full BWV and continuity material should be served. || SAFE_POSITION | Sequence and force remain provisional pending served BWV and officer source material. || HEARING | 22 June 2026 at 
sha:e8a787992e9384ca12f061ae025382892cb1c30c17a62dd9ec4550e481317c4b,PDF-e8a787992e93,CB-TB-1695_Booth,e8a787992e9384ca12f061ae025382892cb1c30c17a62dd9ec4550e481317c4b,OFFLINE_COURT_PROJECTION,,MUTE,mute_cad_999,,mute_cad_999,,,src_charge|src_hearing|src_mg_forms|src_parties|src_dates|src_cctv|court_claims_21,5344,,SAFE_COURT | The defence asks the court to record that full BWV and continuity material should be served. || SAFE_POSITION | Sequence and force remain provisional pending served BWV and officer source material. || HEARING | 2 August 2026 at
sha:e9890bc97c87fb85b284bd8c37db91b2fe3ec2b015a9e1c6310e2c1f00e2581d,PDF-e9890bc97c87,CB-TB-663_Stone,e9890bc97c87fb85b284bd8c37db91b2fe3ec2b015a9e1c6310e2c1f00e2581d,OFFLINE_COURT_PROJECTION,,MUTE,mute_cctv_master,,mute_cctv_master,,,src_charge|src_hearing|src_mg_forms|src_parties|src_dates|src_cctv|court_claims_21,4857,,"SAFE_COURT | The defence asks the court to record outstanding device, calibration and procedure records. || SAFE_POSITION | Driver identity, procedure and device evidence remain provisional pending served source records. || HEARING | 25 Jul"
sha:e9bdfcea56457cb924224f501e6d34f51cf5018f99e922116813c7ec19d19459,PDF-e9bdfcea5645,CB-TB-1014_Wright,e9bdfcea56457cb924224f501e6d34f51cf5018f99e922116813c7ec19d19459,OFFLINE_COURT_PROJECTION,,MUTE,mute_phone_download,,mute_phone_download|mute_cad_999,,,src_charge|src_hearing|src_mg_forms|src_parties|src_dates|src_cctv|src_continuity|court_claims_28,6463,,SAFE_COURT | The defence asks the court to record that full custody and interview records remain outstanding. || SAFE_POSITION | Custody/PACE safeguards cannot be finally assessed until the full custody and interview material is served. || 
sha:e99337b1c73c6ace85eb60ab6720bd95db9511a3e6af886f54da1dd5cb27eb11,PDF-e99337b1c73c,CB-TB-2014_Thornton,e99337b1c73c6ace85eb60ab6720bd95db9511a3e6af886f54da1dd5cb27eb11,OFFLINE_COURT_PROJECTION,,MUTE,mute_cad_999,,mute_cad_999,,,src_charge|src_hearing|src_mg_forms|src_parties|src_dates|src_cctv|src_continuity|court_claims_25,6993,,"SAFE_COURT | The defence asks the court to record outstanding CCTV, ID procedure and witness source material. || SAFE_POSITION | Identification and participation remain provisional pending served CCTV, ID and witness source material. || HEA"
sha:ea37406a93d82fea598e37566e05f068b662ed5345ab29a7a522f2b52dc3e509,PDF-ea37406a93d8,CB-TB-624_Shaw,ea37406a93d82fea598e37566e05f068b662ed5345ab29a7a522f2b52dc3e509,OFFLINE_COURT_PROJECTION,,MUTE,mute_cctv_master,,mute_cctv_master,,,src_charge|src_hearing|src_mg_forms|src_parties|src_dates|src_cctv|src_continuity|court_claims_24,6099,,SAFE_COURT | The defence asks the court to record that full BWV and continuity material should be served. || SAFE_POSITION | Sequence and force remain provisional pending served BWV and officer source material. || HEARING | 27 August 2026 a
sha:e9e33cbed74dc06e0e4bc4942d960557ca284b888da71b59d79224a0b2856b90,PDF-e9e33cbed74d,CB-TB-2135_Bennett,e9e33cbed74dc06e0e4bc4942d960557ca284b888da71b59d79224a0b2856b90,OFFLINE_COURT_PROJECTION,,MUTE,mute_cad_999,,mute_cad_999,,,src_charge|src_hearing|src_mg_forms|src_parties|src_dates|src_cctv|src_continuity|court_claims_21,9519,,"SAFE_COURT | The defence asks the court to record outstanding continuity, lab and search/phone material. || SAFE_POSITION | Possession, knowledge, intent and continuity remain provisional pending served drug/source material. || HEARING | 23"
sha:ead4156ab6324027aed100d775ab4b4584a562cad1114220cd5fd8227aa95f84,PDF-ead4156ab632,CB-TB-1717_Holland,ead4156ab6324027aed100d775ab4b4584a562cad1114220cd5fd8227aa95f84,OFFLINE_COURT_PROJECTION,,INVENT,invent_phone_download,invent_phone_download,,,,src_charge|src_hearing|src_mg_forms|src_parties|court_claims_29,3084,,"SAFE_COURT | The defence asks the court to record outstanding continuity, lab and search/phone material. || SAFE_POSITION | Possession, knowledge, intent and continuity remain provisional pending served drug/source material. || HEARING | 07"
sha:eab025cada335d6a017414ea991d27163ddb22f99991f06eafa98076776daec6,PDF-eab025cada33,CB-TB-787_Olsen,eab025cada335d6a017414ea991d27163ddb22f99991f06eafa98076776daec6,OFFLINE_COURT_PROJECTION,,MUTE,mute_export_log,,mute_export_log|mute_cctv_master,,,src_charge|src_hearing|src_mg_forms|src_parties|src_dates|src_cctv|src_cctv_stills|src_continuity|court_claims_25,9972,,"SAFE_COURT | The defence asks the court to record outstanding CCTV, ID procedure and witness source material. || SAFE_POSITION | Identification and participation remain provisional pending served CCTV, ID and witness source material. || HEA"
sha:eb1a310a695c46f80c8f291e67d00433b76ec09facfcbb8e5a8343eeed07a0a9,PDF-eb1a310a695c,CB-TB-960_Clarke,eb1a310a695c46f80c8f291e67d00433b76ec09facfcbb8e5a8343eeed07a0a9,OFFLINE_COURT_PROJECTION,,MUTE,mute_phone_download,,mute_phone_download,,,src_charge|src_hearing|src_mg_forms|src_parties|src_cctv|court_claims_21,5547,,SAFE_COURT | The defence asks the court to record that full BWV and continuity material should be served. || SAFE_POSITION | Sequence and force remain provisional pending served BWV and officer source material. || HEARING | 28/07/2026 11:30
sha:eaf252666fe8b536952045e26e9d4be030d52f8389b3e11dd72b14145295a1fc,PDF-eaf252666fe8,CB-TB-1176_Merritt,eaf252666fe8b536952045e26e9d4be030d52f8389b3e11dd72b14145295a1fc,OFFLINE_COURT_PROJECTION,,MUTE,mute_phone_download,,mute_phone_download,,,src_charge|src_hearing|src_mg_forms|src_parties|src_dates|src_cctv|src_continuity|court_claims_28,8898,,SAFE_COURT | The defence asks the court to record that full custody and interview records remain outstanding. || SAFE_POSITION | Custody/PACE safeguards cannot be finally assessed until the full custody and interview material is served. || 
sha:eb3f602d6b0428dd58856c7b4669b252b5e565537135dbfc76a6edaf3bea773f,PDF-eb3f602d6b04,CB-TB-706_Foster,eb3f602d6b0428dd58856c7b4669b252b5e565537135dbfc76a6edaf3bea773f,OFFLINE_COURT_PROJECTION,,MUTE,mute_cctv_master,,mute_cctv_master,,,src_charge|src_hearing|src_mg_forms|src_parties|src_dates|src_cctv|src_cctv_stills|src_continuity|court_claims_24,6687,,SAFE_COURT | The defence asks the court to record that full BWV and continuity material should be served. || SAFE_POSITION | Sequence and force remain provisional pending served BWV and officer source material. || HEARING | 04 July 2026 at 
sha:eb46e18ef22aa8fc306b83af3270837d2cd6762827fd59d89506f393822f1a36,PDF-eb46e18ef22a,CB-TB-521_Doyle,eb46e18ef22aa8fc306b83af3270837d2cd6762827fd59d89506f393822f1a36,OFFLINE_COURT_PROJECTION,,INVENT,invent_phone_download,invent_phone_download,,modality_summary_vs_recording,,src_charge|src_hearing|src_mg_forms|src_parties|src_dates|src_continuity|court_claims_37,8405,,"SAFE_COURT | The defence asks the court to record outstanding continuity, lab and search/phone material. || SAFE_POSITION | Possession, knowledge, intent and continuity remain provisional pending served drug/source material. || HEARING | 20"
sha:eb1c3f05b2fddc52c705d002a51ac365bdf683574c5235e0872d152a377bc0ca,PDF-eb1c3f05b2fd,CB-TB-1961_Akhtar,eb1c3f05b2fddc52c705d002a51ac365bdf683574c5235e0872d152a377bc0ca,OFFLINE_COURT_PROJECTION,,MUTE,mute_cctv_master,,mute_cctv_master|mute_phone_download,,,src_charge|src_hearing|src_mg_forms|src_parties|src_dates|src_cctv|src_continuity|court_claims_40,11066,,SAFE_COURT | The defence asks the court to record that full custody and interview records remain outstanding. || SAFE_POSITION | Custody/PACE safeguards cannot be finally assessed until the full custody and interview material is served. || 
sha:eb53a2ab4b985b30211b8b37ebecf53720ee81c29fc762060de035dcf1c1e03a,PDF-eb53a2ab4b98,NS-CPS-2026-0502,eb53a2ab4b985b30211b8b37ebecf53720ee81c29fc762060de035dcf1c1e03a,OFFLINE_COURT_PROJECTION,,ERROR,engine_error,,,,,,0,"corrupt_or_protected:PDF parsing failed: bad XRef entry. The PDF may be corrupted, password-protected, or use an unsupported format.",
sha:ec219d6141977c0c08ec20b3396eed0705cc902da4e0d30d494184de56701794,PDF-ec219d614197,CB-TB-668_Stone,ec219d6141977c0c08ec20b3396eed0705cc902da4e0d30d494184de56701794,OFFLINE_COURT_PROJECTION,,MUTE,mute_cctv_master,,mute_cctv_master,,,src_charge|src_hearing|src_mg_forms|src_parties|src_dates|src_cctv|court_claims_24,8871,,SAFE_COURT | The defence asks the court to record that full BWV and continuity material should be served. || SAFE_POSITION | Sequence and force remain provisional pending served BWV and officer source material. || HEARING | 09 August 2026 a
sha:ebc3916f92ac81677aa1edcd6f462d50a4a1df82c04fa3f4f319b2570a4752f0,PDF-ebc3916f92ac,CB-TB-651_Parker,ebc3916f92ac81677aa1edcd6f462d50a4a1df82c04fa3f4f319b2570a4752f0,OFFLINE_COURT_PROJECTION,,MUTE,mute_cctv_master,,mute_cctv_master,,,src_charge|src_hearing|src_mg_forms|src_parties|src_dates|src_cctv|src_cctv_stills|court_claims_29,5303,,"SAFE_COURT | The defence asks the court to record outstanding bank/device source and loss material. || SAFE_POSITION | Account control, dishonesty and loss remain provisional pending served bank/device source material. || HEARING | 19 June "
sha:ebd3b3fa35b1909307c4b347a700d85ad65ee74ab7ae07b326b233548fcedb75,PDF-ebd3b3fa35b1,CB-TB-2022_Kerr,ebd3b3fa35b1909307c4b347a700d85ad65ee74ab7ae07b326b233548fcedb75,OFFLINE_COURT_PROJECTION,,MODALITY,modality_screenshot_vs_download,,mute_cad_999,modality_screenshot_vs_download,,src_charge|src_hearing|src_mg_forms|src_parties|src_dates|src_cctv|src_continuity|court_claims_29,7742,,"SAFE_COURT | The defence asks the court to record outstanding continuity, lab and search/phone material. || SAFE_POSITION | Possession, knowledge, intent and continuity remain provisional pending served drug/source material. || HEARING | 3 "
sha:ec91c16b37c753ceef83728d1a14d73a970487515e9345053a3e39abb1af4590,PDF-ec91c16b37c7,CB-TB-1944_Saxon,ec91c16b37c753ceef83728d1a14d73a970487515e9345053a3e39abb1af4590,OFFLINE_COURT_PROJECTION,,MUTE,mute_cctv_master,,mute_cctv_master|mute_phone_download,,,src_charge|src_hearing|src_mg_forms|src_parties|src_dates|src_cctv|src_continuity|court_claims_33,5040,,SAFE_COURT | The defence asks the court to record that full BWV and continuity material should be served. || SAFE_POSITION | Sequence and force remain provisional pending served BWV and officer source material. || HEARING | 28 June 2026 10:
sha:ed19cdf3b7f10dd18712bda326b67bcda8f8a4f162c50245ca642d1f0739f81c,PDF-ed19cdf3b7f1,CB-TB-1646_Merritt,ed19cdf3b7f10dd18712bda326b67bcda8f8a4f162c50245ca642d1f0739f81c,OFFLINE_COURT_PROJECTION,,MUTE,mute_cad_999,,mute_cad_999,,,src_charge|src_hearing|src_mg_forms|src_parties|src_dates|src_cctv|src_continuity|court_claims_29,5364,,SAFE_COURT | The defence asks the court to record that full BWV and continuity material should be served. || SAFE_POSITION | Sequence and force remain provisional pending served BWV and officer source material. || HEARING | 26 July 2026 at 
sha:ed1aa23c74f581e283b617aec2a9e11bb9277ad0676d343e5c45fb178dc03ad7,PDF-ed1aa23c74f5,CB-TB-2139_Riley,ed1aa23c74f581e283b617aec2a9e11bb9277ad0676d343e5c45fb178dc03ad7,OFFLINE_COURT_PROJECTION,,MODALITY,modality_screenshot_vs_download,,,modality_screenshot_vs_download,,src_charge|src_hearing|src_mg_forms|src_parties|src_dates|src_cctv|src_continuity|court_claims_25,5717,,"SAFE_COURT | The defence asks the court to record outstanding continuity, lab and search/phone material. || SAFE_POSITION | Possession, knowledge, intent and continuity remain provisional pending served drug/source material. || HEARING | 4 "
sha:ed085faf982562fe39cd0564307657fb488de899b727cb198905e8d8e824e2f8,PDF-ed085faf9825,CB-TB-589_Thornton,ed085faf982562fe39cd0564307657fb488de899b727cb198905e8d8e824e2f8,OFFLINE_COURT_PROJECTION,,MODALITY,modality_summary_vs_recording,,mute_cctv_master,modality_summary_vs_recording,,src_charge|src_hearing|src_mg_forms|src_parties|src_dates|src_cctv|src_continuity|court_claims_32,6150,,SAFE_COURT | The defence asks the court to record that full custody and interview records remain outstanding. || SAFE_POSITION | Custody/PACE safeguards cannot be finally assessed until the full custody and interview material is served. || 
sha:ed6cd2ea0e43d4d46e8521266e227d192327ff79452e499fb313c681c72a876e,PDF-ed6cd2ea0e43,CB-TB-627_Patterson,ed6cd2ea0e43d4d46e8521266e227d192327ff79452e499fb313c681c72a876e,OFFLINE_COURT_PROJECTION,,MUTE,mute_cctv_master,,mute_cctv_master,,,src_charge|src_hearing|src_mg_forms|src_parties|src_dates|src_cctv|court_claims_29,7807,,"SAFE_COURT | The defence asks the court to record outstanding CCTV, ID procedure and witness source material. || SAFE_POSITION | Identification and participation remain provisional pending served CCTV, ID and witness source material. || HEA"
sha:ed2fca04038dcd52a2c3c19996c9cd1905c08a672b96a892f98d080c2eda4d4c,PDF-ed2fca04038d,CB-TB-2024_Barlow,ed2fca04038dcd52a2c3c19996c9cd1905c08a672b96a892f98d080c2eda4d4c,OFFLINE_COURT_PROJECTION,,MUTE,mute_cad_999,,mute_cad_999,,,src_charge|src_hearing|src_mg_forms|src_parties|src_dates|src_cctv|src_continuity|court_claims_24,6090,,SAFE_COURT | The defence asks the court to record that full custody and interview records remain outstanding. || SAFE_POSITION | Custody/PACE safeguards cannot be finally assessed until the full custody and interview material is served. || 
sha:ed24626f2a0264490a3c2d7d035e51c44621f6d7712417ca25d12053fdc7e2df,PDF-ed24626f2a02,CB-TB-1996_Reed,ed24626f2a0264490a3c2d7d035e51c44621f6d7712417ca25d12053fdc7e2df,OFFLINE_COURT_PROJECTION,,MUTE,mute_phone_download,,mute_phone_download,,,src_charge|src_hearing|src_mg_forms|src_parties|src_dates|src_cctv|src_continuity|court_claims_40,10697,,"SAFE_COURT | The defence asks the court to record outstanding device, calibration and procedure records. || SAFE_POSITION | Driver identity, procedure and device evidence remain provisional pending served source records. || HEARING | 14 Aug"
sha:ee2c00fde9f1a84aee4040202d117feb4a7225cab05b2bfff1ceac72e6f5c2c0,PDF-ee2c00fde9f1,CB-TB-1386_Dacre,ee2c00fde9f1a84aee4040202d117feb4a7225cab05b2bfff1ceac72e6f5c2c0,OFFLINE_COURT_PROJECTION,,INVENT,invent_cctv_master,invent_cctv_master,,,,src_charge|src_hearing|src_mg_forms|src_parties|src_dates|src_cctv|court_claims_29,2956,,SAFE_COURT | The defence asks the court to record outstanding message/account source material and complainant statement gaps. || SAFE_POSITION | The defence position remains provisional pending served message/account material and instructio
sha:ed97b2243a173b43e510b1ae930f06547745587086ab4a04474c6e661cae8267,PDF-ed97b2243a17,CB-TB-276_Gibbs,ed97b2243a173b43e510b1ae930f06547745587086ab4a04474c6e661cae8267,OFFLINE_COURT_PROJECTION,,MUTE,mute_phone_download,,mute_phone_download,,,src_charge|src_hearing|src_mg_forms|src_parties|src_dates|court_claims_25,5778,,"SAFE_COURT | The defence asks the court to record outstanding device, calibration and procedure records. || SAFE_POSITION | Driver identity, procedure and device evidence remain provisional pending served source records. || HEARING | 27 Aug"
sha:ee2d2d3ac735a4ee0541756376c444a042b39163ef8ee814d97407ebc7fb1cd0,PDF-ee2d2d3ac735,CB-TB-665_Patterson,ee2d2d3ac735a4ee0541756376c444a042b39163ef8ee814d97407ebc7fb1cd0,OFFLINE_COURT_PROJECTION,,MUTE,mute_cctv_master,,mute_cctv_master,,,src_charge|src_hearing|src_mg_forms|src_parties|src_dates|src_cctv|court_claims_25,4587,,"SAFE_COURT | The defence asks the court to record outstanding device, calibration and procedure records. || SAFE_POSITION | Driver identity, procedure and device evidence remain provisional pending served source records. || HEARING | 31 Jul"
sha:ee84d8c560cf2a5d74637e68ae898fe4c1347a7bae1e30f54958b5730bc0f9d3,PDF-ee84d8c560cf,CB-TB-1295_Mitchell,ee84d8c560cf2a5d74637e68ae898fe4c1347a7bae1e30f54958b5730bc0f9d3,OFFLINE_COURT_PROJECTION,,MUTE,mute_phone_download,,mute_phone_download,,,src_charge|src_hearing|src_mg_forms|src_parties|src_dates|src_cctv|src_continuity|court_claims_29,3181,,"SAFE_COURT | The defence asks the court to record outstanding CCTV, ID procedure and witness source material. || SAFE_POSITION | Identification and participation remain provisional pending served CCTV, ID and witness source material. || HEA"
sha:ee6b97005380b9238a9615fb6f8758436be69466f2cfa93b0b93b9a16f213346,PDF-ee6b97005380,CB-TB-786_Morris,ee6b97005380b9238a9615fb6f8758436be69466f2cfa93b0b93b9a16f213346,OFFLINE_COURT_PROJECTION,,MUTE,mute_cctv_master,,mute_cctv_master,,,src_charge|src_hearing|src_mg_forms|src_parties|src_dates|src_cctv|src_cctv_stills|src_continuity|court_claims_25,7394,,"SAFE_COURT | The defence asks the court to record outstanding CCTV, ID procedure and witness source material. || SAFE_POSITION | Identification and participation remain provisional pending served CCTV, ID and witness source material. || HEA"
sha:eefcb5e40797377cab5e9b79787e40f1e6147727fd472db346f4ea75fc2abefe,PDF-eefcb5e40797,CB-TB-479_Banks,eefcb5e40797377cab5e9b79787e40f1e6147727fd472db346f4ea75fc2abefe,OFFLINE_COURT_PROJECTION,,MUTE,mute_phone_download,,mute_phone_download,,,src_charge|src_hearing|src_mg_forms|src_parties|src_cctv|src_continuity|court_claims_33,3695,,"SAFE_COURT | The defence asks the court to record outstanding device, calibration and procedure records. || SAFE_POSITION | Driver identity, procedure and device evidence remain provisional pending served source records. || HEARING | 27 Jun"
sha:ee955cd03fece5111508a735b3500e4a6f333f736af4abf26a01d39eabcc4b65,PDF-ee955cd03fec,CB-TB-623_Parker,ee955cd03fece5111508a735b3500e4a6f333f736af4abf26a01d39eabcc4b65,OFFLINE_COURT_PROJECTION,,MUTE,mute_cctv_master,,mute_cctv_master,,,src_charge|src_hearing|src_mg_forms|src_parties|src_dates|src_cctv|court_claims_24,7895,,SAFE_COURT | The defence asks the court to record that full BWV and continuity material should be served. || SAFE_POSITION | Sequence and force remain provisional pending served BWV and officer source material. || HEARING | 24 August 2026 a
sha:ee87e5e357726927b010cd64dd9a38a1534f9dfecae44be8d5a2f384721b90f1,PDF-ee87e5e35772,CB-TB-433_Ali,ee87e5e357726927b010cd64dd9a38a1534f9dfecae44be8d5a2f384721b90f1,OFFLINE_COURT_PROJECTION,,MODALITY,modality_screenshot_vs_download,,,modality_screenshot_vs_download,,src_charge|src_hearing|src_mg_forms|src_parties|src_cctv|src_continuity|court_claims_29,9498,,"SAFE_COURT | The defence asks the court to record outstanding continuity, lab and search/phone material. || SAFE_POSITION | Possession, knowledge, intent and continuity remain provisional pending served drug/source material. || HEARING | 18"
sha:efb6b39c3ae2acf6b11fec42a951e8f5ec7dd9ce077c8de30f9b3d21498a5990,PDF-efb6b39c3ae2,CB-TB-800_Flint,efb6b39c3ae2acf6b11fec42a951e8f5ec7dd9ce077c8de30f9b3d21498a5990,OFFLINE_COURT_PROJECTION,,MUTE,mute_cctv_master,,mute_cctv_master,,,src_charge|src_hearing|src_mg_forms|src_parties|src_dates|src_cctv|court_claims_25,5915,,SAFE_COURT | The defence asks the court to record outstanding message/account source material and complainant statement gaps. || SAFE_POSITION | The defence position remains provisional pending served message/account material and instructio
sha:efdb874afea0ccd12bf0994ac7ae927d9ec404d7501a1f7a89e648ac1c742e0e,PDF-efdb874afea0,CB-TB-379_Greene,efdb874afea0ccd12bf0994ac7ae927d9ec404d7501a1f7a89e648ac1c742e0e,OFFLINE_COURT_PROJECTION,,MUTE,mute_phone_download,,mute_phone_download,,,src_charge|src_hearing|src_mg_forms|src_parties|src_dates|src_cctv|src_continuity|court_claims_32,11561,,SAFE_COURT | The defence asks the court to record that full BWV and continuity material should be served. || SAFE_POSITION | Sequence and force remain provisional pending served BWV and officer source material. || HEARING | 31 July 2026 at 
sha:f06e8dfd0abd97413c9562b95115b2989bd38a6981e1dd09937de9c147496ba6,PDF-f06e8dfd0abd,CB-TB-1040_Thornton,f06e8dfd0abd97413c9562b95115b2989bd38a6981e1dd09937de9c147496ba6,OFFLINE_COURT_PROJECTION,,MUTE,mute_cad_999,,mute_cad_999,,,src_charge|src_hearing|src_mg_forms|src_parties|src_dates|src_cctv|src_cctv_stills|src_continuity|court_claims_36,10087,,SAFE_COURT | The defence asks the court to record that full BWV and continuity material should be served. || SAFE_POSITION | Sequence and force remain provisional pending served BWV and officer source material. || HEARING | 09 August 2026 a
sha:effb13ae5b285e0b3b45b9808a564b08d08f7cb195a34f4a29ea0fcdaf0c2ac6,PDF-effb13ae5b28,CB-TB-1597_Ellis,effb13ae5b285e0b3b45b9808a564b08d08f7cb195a34f4a29ea0fcdaf0c2ac6,OFFLINE_COURT_PROJECTION,,MUTE,mute_cad_999,,mute_cad_999,,,src_charge|src_hearing|src_mg_forms|src_parties|src_cctv|src_cctv_stills|src_continuity|court_claims_24,8293,,SAFE_COURT | The defence asks the court to record that full BWV and continuity material should be served. || SAFE_POSITION | Sequence and force remain provisional pending served BWV and officer source material. || HEARING | 16 July 2026 at 
sha:f0b434d640514b207baefd3705c81eaa09c56ad2129601cb66019e3ce38063a3,PDF-f0b434d64051,CB-TB-1817_Redfern,f0b434d640514b207baefd3705c81eaa09c56ad2129601cb66019e3ce38063a3,OFFLINE_COURT_PROJECTION,,INVENT,invent_phone_download,invent_phone_download,,,,src_charge|src_hearing|src_mg_forms|src_parties|src_dates|court_claims_29,3444,,"SAFE_COURT | The defence asks the court to record outstanding continuity, lab and search/phone material. || SAFE_POSITION | Possession, knowledge, intent and continuity remain provisional pending served drug/source material. || HEARING | 07"
sha:f0b55ae7c71caf361b60d77b6cf68b772f71b115e58eb1997ffd1a5bca804c30,PDF-f0b55ae7c71c,CB-TB-1977_Lowry,f0b55ae7c71caf361b60d77b6cf68b772f71b115e58eb1997ffd1a5bca804c30,OFFLINE_COURT_PROJECTION,,MUTE,mute_cad_999,,mute_cad_999,,,src_charge|src_hearing|src_mg_forms|src_parties|src_dates|src_cctv|court_claims_29,5338,,SAFE_COURT | The defence asks the court to record that full BWV and continuity material should be served. || SAFE_POSITION | Sequence and force remain provisional pending served BWV and officer source material. || HEARING | 23 August 2026 1
sha:f10d6950f5ff04abeae9a81e54a220fa8b4bec836fff26b96ae7f6341fa82939,PDF-f10d6950f5ff,CB-TB-615_Wright,f10d6950f5ff04abeae9a81e54a220fa8b4bec836fff26b96ae7f6341fa82939,OFFLINE_COURT_PROJECTION,,MUTE,mute_cctv_master,,mute_cctv_master,,,src_charge|src_hearing|src_mg_forms|src_parties|src_dates|src_cctv|src_continuity|court_claims_28,7980,,SAFE_COURT | The defence asks the court to record that full BWV and continuity material should be served. || SAFE_POSITION | Sequence and force remain provisional pending served BWV and officer source material. || HEARING | 31 July 2026 at 
sha:f0fccefc2f0407bf4145a50d8ff6d2cc8b9e99b11ce8aa47c122aff252f407bc,PDF-f0fccefc2f04,CB-TB-048_Reid,f0fccefc2f0407bf4145a50d8ff6d2cc8b9e99b11ce8aa47c122aff252f407bc,OFFLINE_COURT_PROJECTION,,MODALITY,modality_screenshot_vs_download,,,modality_screenshot_vs_download,,src_charge|src_hearing|src_mg_forms|src_parties|src_cctv|src_continuity|court_claims_33,5289,,"SAFE_COURT | The defence asks the court to record outstanding continuity, lab and search/phone material. || SAFE_POSITION | Possession, knowledge, intent and continuity remain provisional pending served drug/source material. || HEARING | 24"
sha:f197b4184d85cb303583edcd3ba0e45a012b3bec8b9b13df47b13475739e3468,PDF-f197b4184d85,CB-TB-2026_Ford,f197b4184d85cb303583edcd3ba0e45a012b3bec8b9b13df47b13475739e3468,OFFLINE_COURT_PROJECTION,,MUTE,mute_phone_download,,mute_phone_download,,,src_charge|src_hearing|src_mg_forms|src_parties|src_dates|src_cctv|src_continuity|court_claims_25,5596,,"SAFE_COURT | Position remains provisional on the current papers — listed material families are not safely confirmed in the bundle yet. || SAFE_POSITION | Account control, dishonesty and loss remain provisional pending served bank/device sou"
sha:f115a9ed4c31e91df9a4cf45a43f2fd6c9b1f82365452fad4037dfff38aaf6b5,PDF-f115a9ed4c31,CB-TB-231_Ford,f115a9ed4c31e91df9a4cf45a43f2fd6c9b1f82365452fad4037dfff38aaf6b5,OFFLINE_COURT_PROJECTION,,MUTE,mute_phone_download,,mute_phone_download,,,src_charge|src_hearing|src_mg_forms|src_parties|src_dates|src_cctv_stills|court_claims_24,8890,,SAFE_COURT | The defence asks the court to record that full custody and interview records remain outstanding. || SAFE_POSITION | Custody/PACE safeguards cannot be finally assessed until the full custody and interview material is served. || 
sha:f23046d667f4c410c14ecf561af84d709f3663fd6a94a8a99276e31fd9a991b2,PDF-f23046d667f4,CB-TB-220_Hayes,f23046d667f4c410c14ecf561af84d709f3663fd6a94a8a99276e31fd9a991b2,OFFLINE_COURT_PROJECTION,,MUTE,mute_phone_download,,mute_phone_download,,,src_charge|src_hearing|src_mg_forms|src_parties|src_dates|src_cctv|court_claims_25,6541,,"SAFE_COURT | The defence asks the court to record outstanding continuity, lab and search/phone material. || SAFE_POSITION | Possession, knowledge, intent and continuity remain provisional pending served drug/source material. || HEARING | 27"
sha:f213bb76e034706a5b2c1a9f64a1f6c384ee3f51a08a7689f6c664cdad31f8b4,PDF-f213bb76e034,CB-TB-369_Khan,f213bb76e034706a5b2c1a9f64a1f6c384ee3f51a08a7689f6c664cdad31f8b4,OFFLINE_COURT_PROJECTION,,MUTE,mute_phone_download,,mute_phone_download,,,src_charge|src_hearing|src_mg_forms|src_parties|src_dates|src_cctv_stills|src_continuity|court_claims_29,10996,,"SAFE_COURT | The defence asks the court to record outstanding continuity, lab and search/phone material. || SAFE_POSITION | Possession, knowledge, intent and continuity remain provisional pending served drug/source material. || HEARING | 01"
sha:f2ef6d3268d6915cd5ef5478930592fd9024e5d556f3274782be090442c83ccf,PDF-f2ef6d3268d6,CB-TB-510_Reed,f2ef6d3268d6915cd5ef5478930592fd9024e5d556f3274782be090442c83ccf,OFFLINE_COURT_PROJECTION,,MODALITY,modality_summary_vs_recording,,,modality_summary_vs_recording,,src_charge|src_hearing|src_mg_forms|src_parties|src_dates|src_continuity|court_claims_33,2626,,"SAFE_COURT | Position remains provisional on the current papers — listed material families are not safely confirmed in the bundle yet. || SAFE_POSITION | Account control, dishonesty and loss remain provisional pending served bank/device sou"
sha:f30c6218eb2ca838a5280c9ada9d156947194844a3c6aeeb14010841598bd74b,PDF-f30c6218eb2c,CB-TB-602_Walsh,f30c6218eb2ca838a5280c9ada9d156947194844a3c6aeeb14010841598bd74b,OFFLINE_COURT_PROJECTION,,MUTE,mute_cctv_master,,mute_cctv_master,,,src_charge|src_hearing|src_mg_forms|src_parties|src_dates|src_cctv|src_continuity|court_claims_28,7252,,SAFE_COURT | The defence asks the court to record that full BWV and continuity material should be served. || SAFE_POSITION | Sequence and force remain provisional pending served BWV and officer source material. || HEARING | 22 June 2026 at 
sha:f2f30b3ce61f41902bba0450de72cc1eb5e3790f761643052dd99158173056df,PDF-f2f30b3ce61f,CB-TB-1097_Hale,f2f30b3ce61f41902bba0450de72cc1eb5e3790f761643052dd99158173056df,OFFLINE_COURT_PROJECTION,,MUTE,mute_cad_999,,mute_cad_999,,,src_charge|src_hearing|src_mg_forms|src_parties|src_dates|src_cctv|src_continuity|court_claims_29,7973,,SAFE_COURT | The defence asks the court to record outstanding message/account source material and complainant statement gaps. || SAFE_POSITION | The defence position remains provisional pending served message/account material and instructio
sha:f30fad3ffd6b61696861cd6b53b73c713d45d814680280becc3cc7d3db8fc59e,PDF-f30fad3ffd6b,CB-TB-1251_Parker,f30fad3ffd6b61696861cd6b53b73c713d45d814680280becc3cc7d3db8fc59e,OFFLINE_COURT_PROJECTION,,MUTE,mute_phone_download,,mute_phone_download,,,src_charge|src_hearing|src_mg_forms|src_parties|src_dates|court_claims_28,3816,,"SAFE_COURT | Position remains provisional on the current papers — listed material families are not safely confirmed in the bundle yet. || SAFE_POSITION | Identification and participation remain provisional pending served CCTV, ID and witnes"
sha:f354689224f6d77b55e836a0b9c012b9a33752b4a801f7e53cab9da37c830342,PDF-f354689224f6,CB-TB-448_Morley,f354689224f6d77b55e836a0b9c012b9a33752b4a801f7e53cab9da37c830342,OFFLINE_COURT_PROJECTION,,MODALITY,modality_screenshot_vs_download,,mute_cad_999,modality_screenshot_vs_download,,src_charge|src_hearing|src_mg_forms|src_parties|src_cctv|src_continuity|court_claims_33,4267,,"SAFE_COURT | Position remains provisional on the current papers — listed material families are not safely confirmed in the bundle yet. || SAFE_POSITION | Account control, dishonesty and loss remain provisional pending served bank/device sou"
sha:f3287b9fb07b477daebf2f62fa65ec148533a1d0bdc826fda08f158c2504a841,PDF-f3287b9fb07b,CB-TB-281_Hayes,f3287b9fb07b477daebf2f62fa65ec148533a1d0bdc826fda08f158c2504a841,OFFLINE_COURT_PROJECTION,,MUTE,mute_phone_download,,mute_phone_download,,,src_charge|src_hearing|src_mg_forms|src_parties|src_dates|src_continuity|court_claims_32,8746,,SAFE_COURT | The defence asks the court to record that full custody and interview records remain outstanding. || SAFE_POSITION | Custody/PACE safeguards cannot be finally assessed until the full custody and interview material is served. || 
sha:f355732217853bbdfec2d9d2c7d97e75f780d3878c6bbbfeee41bb440eb2515e,PDF-f35573221785,CB-TB-1078_Marsh,f355732217853bbdfec2d9d2c7d97e75f780d3878c6bbbfeee41bb440eb2515e,OFFLINE_COURT_PROJECTION,,MUTE,mute_cad_999,,mute_cad_999,,,src_charge|src_hearing|src_mg_forms|src_parties|src_dates|src_cctv|src_cctv_stills|src_continuity|court_claims_40,6776,,"SAFE_COURT | The defence asks the court to record outstanding CCTV, ID procedure and witness source material. || SAFE_POSITION | Identification and participation remain provisional pending served CCTV, ID and witness source material. || HEA"
sha:f3fa7ca114ded2ca4e597568e1fb0777740a4cfe50896f01201facebc8c6a81c,PDF-f3fa7ca114de,CB-TB-425_Wright,f3fa7ca114ded2ca4e597568e1fb0777740a4cfe50896f01201facebc8c6a81c,OFFLINE_COURT_PROJECTION,,MODALITY,modality_screenshot_vs_download,,,modality_screenshot_vs_download,,src_charge|src_hearing|src_mg_forms|src_parties|src_cctv|src_continuity|court_claims_29,6856,,"SAFE_COURT | The defence asks the court to record outstanding continuity, lab and search/phone material. || SAFE_POSITION | Possession, knowledge, intent and continuity remain provisional pending served drug/source material. || HEARING | 2 "
sha:f493171f198c9a4dc0801f06d247b519c0d426ea82fc5adcf3dbe40592b0c728,PDF-f493171f198c,CB-TB-523_Flint,f493171f198c9a4dc0801f06d247b519c0d426ea82fc5adcf3dbe40592b0c728,OFFLINE_COURT_PROJECTION,,INVENT,invent_phone_download,invent_phone_download,,modality_summary_vs_recording,,src_charge|src_hearing|src_mg_forms|src_parties|src_dates|src_cctv|src_continuity|court_claims_37,7967,,"SAFE_COURT | The defence asks the court to record outstanding continuity, lab and search/phone material. || SAFE_POSITION | Possession, knowledge, intent and continuity remain provisional pending served drug/source material. || HEARING | 26"
sha:f49da71cc42533c080b6d0b33303b0e28faab0bdb48026fbf04dee533fc29f5a,PDF-f49da71cc425,CB-TB-2153_Fletcher,f49da71cc42533c080b6d0b33303b0e28faab0bdb48026fbf04dee533fc29f5a,OFFLINE_COURT_PROJECTION,,MODALITY,modality_screenshot_vs_download,,mute_cad_999,modality_screenshot_vs_download,,src_charge|src_hearing|src_mg_forms|src_parties|src_dates|src_cctv|src_continuity|court_claims_29,9250,,"SAFE_COURT | The defence asks the court to record outstanding continuity, lab and search/phone material. || SAFE_POSITION | Possession, knowledge, intent and continuity remain provisional pending served drug/source material. || HEARING | 7 "
sha:f527c23b4b9da4b93beb3086ebeafa9e5e790310e6b133e0b30d6d57917ba1e9,PDF-f527c23b4b9d,CB-TB-553_Patel,f527c23b4b9da4b93beb3086ebeafa9e5e790310e6b133e0b30d6d57917ba1e9,OFFLINE_COURT_PROJECTION,,MODALITY,modality_summary_vs_recording,,mute_cctv_master,modality_summary_vs_recording,,src_charge|src_hearing|src_mg_forms|src_parties|src_dates|src_cctv|src_continuity|court_claims_33,3248,,"SAFE_COURT | Position remains provisional on the current papers — listed material families are not safely confirmed in the bundle yet. || SAFE_POSITION | Account control, dishonesty and loss remain provisional pending served bank/device sou"
sha:f4c95848ba8c937dc371ef88f746fc70fb816fc3dda00c74a42cca5561bad2ff,PDF-f4c95848ba8c,CB-TB-1054_Hughes,f4c95848ba8c937dc371ef88f746fc70fb816fc3dda00c74a42cca5561bad2ff,OFFLINE_COURT_PROJECTION,,MUTE,mute_phone_download,,mute_phone_download|mute_cad_999,,,src_charge|src_hearing|src_mg_forms|src_parties|src_dates|src_continuity|court_claims_28,5122,,SAFE_COURT | The defence asks the court to record that full BWV and continuity material should be served. || SAFE_POSITION | Sequence and force remain provisional pending served BWV and officer source material. || HEARING | 29 August 2026 a
sha:f4e0c55af26775e1ccb2a425e6667c2d8a942caa1ffbde8176ce1ca88c65cc86,PDF-f4e0c55af267,CB-TB-703_Price,f4e0c55af26775e1ccb2a425e6667c2d8a942caa1ffbde8176ce1ca88c65cc86,OFFLINE_COURT_PROJECTION,,MUTE,mute_cctv_master,,mute_cctv_master,,,src_charge|src_hearing|src_mg_forms|src_parties|src_dates|src_cctv|src_cctv_stills|court_claims_24,7306,,SAFE_COURT | The defence asks the court to record that full BWV and continuity material should be served. || SAFE_POSITION | Sequence and force remain provisional pending served BWV and officer source material. || HEARING | 25 June 2026 at 
sha:f512883e8087488aac6ebaa9ab2804549e7738705df60ea56e4ad3e221ba63c4,PDF-f512883e8087,CB-TB-1009_Sutton,f512883e8087488aac6ebaa9ab2804549e7738705df60ea56e4ad3e221ba63c4,OFFLINE_COURT_PROJECTION,,MUTE,mute_cad_999,,mute_cad_999,,,src_charge|src_hearing|src_mg_forms|src_parties|src_dates|src_cctv|src_cctv_stills|src_continuity|court_claims_40,7397,,"SAFE_COURT | The defence asks the court to record outstanding bank/device source and loss material. || SAFE_POSITION | Account control, dishonesty and loss remain provisional pending served bank/device source material. || HEARING | 13 Augus"
sha:f52b1cc8b13f95d03288c7ece7914faee9a70a2262bebb8d9f357f1064c81862,PDF-f52b1cc8b13f,CB-TB-2053_Patel,f52b1cc8b13f95d03288c7ece7914faee9a70a2262bebb8d9f357f1064c81862,OFFLINE_COURT_PROJECTION,,MUTE,mute_cad_999,,mute_cad_999,,,src_charge|src_hearing|src_mg_forms|src_parties|src_dates|src_cctv|court_claims_25,4463,,SAFE_COURT | The defence asks the court to record that full BWV and continuity material should be served. || SAFE_POSITION | Sequence and force remain provisional pending served BWV and officer source material. || HEARING | 26 August 2026 a
sha:f544819cc2e057b191abbed0e3504800b0d6abbedbbd2131bc3f443a58a729ac,PDF-f544819cc2e0,CB-TB-528_Brooks,f544819cc2e057b191abbed0e3504800b0d6abbedbbd2131bc3f443a58a729ac,OFFLINE_COURT_PROJECTION,,MODALITY,modality_summary_vs_recording,,,modality_summary_vs_recording,,src_charge|src_hearing|src_mg_forms|src_parties|src_dates|src_continuity|court_claims_33,5570,,SAFE_COURT | The defence asks the court to record that source material must be clarified and timetabled. || SAFE_POSITION | The defence cannot safely fix a final position until the served source material is clarified. || HEARING | 26 July 2
sha:f55db8ab74c1598881579df2da99d40e4b55babb60f30315ebe4c044a1100d60,PDF-f55db8ab74c1,CB-TB-1613_Parker,f55db8ab74c1598881579df2da99d40e4b55babb60f30315ebe4c044a1100d60,OFFLINE_COURT_PROJECTION,,MODALITY,modality_screenshot_vs_download,,,modality_screenshot_vs_download,,src_charge|src_hearing|src_mg_forms|src_parties|src_dates|src_cctv|src_continuity|court_claims_29,7724,,"SAFE_COURT | The defence asks the court to record outstanding continuity, lab and search/phone material. || SAFE_POSITION | Possession, knowledge, intent and continuity remain provisional pending served drug/source material. || HEARING | 27"
sha:f5b5044f5c16cc3b60597f65f0c6db5719e69371196206f284036df809527470,PDF-f5b5044f5c16,CB-TB-973_Brooks,f5b5044f5c16cc3b60597f65f0c6db5719e69371196206f284036df809527470,OFFLINE_COURT_PROJECTION,,MUTE,mute_cctv_master,,mute_cctv_master,,,src_charge|src_hearing|src_mg_forms|src_parties|src_cctv|court_claims_25,6970,,"SAFE_COURT | The defence asks the court to record outstanding device, calibration and procedure records. || SAFE_POSITION | Driver identity, procedure and device evidence remain provisional pending served source records. || HEARING | 23/08/"
sha:f5c52ec9423d520cd9f1517ffe2ceb133ad7a5e5748ef6c66f19e82a36c4928e,PDF-f5c52ec9423d,CB-TB-1454_Clarke,f5c52ec9423d520cd9f1517ffe2ceb133ad7a5e5748ef6c66f19e82a36c4928e,OFFLINE_COURT_PROJECTION,,INVENT,invent_phone_download,invent_phone_download,,,,src_charge|src_hearing|src_mg_forms|src_id_procedure|src_parties|src_dates|src_cctv|src_continuity|court_claims_29,8447,,"SAFE_COURT | The defence asks the court to record outstanding continuity, lab and search/phone material. || SAFE_POSITION | Possession, knowledge, intent and continuity remain provisional pending served drug/source material. || HEARING | 27"
sha:f640c621759b6d47b2fe922c6ef1689fe299fcb87f0f1c2f7658993383953b45,PDF-f640c621759b,CB-TB-940_Ross,f640c621759b6d47b2fe922c6ef1689fe299fcb87f0f1c2f7658993383953b45,OFFLINE_COURT_PROJECTION,,MUTE,mute_phone_download,,mute_phone_download,,,src_charge|src_hearing|src_mg_forms|src_parties|src_cctv|court_claims_24,3446,,SAFE_COURT | The defence asks the court to record that full BWV and continuity material should be served. || SAFE_POSITION | Sequence and force remain provisional pending served BWV and officer source material. || HEARING | 18/06/2026 09:30
sha:f683fa8984d1c0db517edb4450289dbed6cdd7041d4f3f79167272c1d3d0afc8,PDF-f683fa8984d1,CB-TB-1654_Wright,f683fa8984d1c0db517edb4450289dbed6cdd7041d4f3f79167272c1d3d0afc8,OFFLINE_COURT_PROJECTION,,MUTE,mute_cad_999,,mute_cad_999,,,src_charge|src_hearing|src_mg_forms|src_parties|src_dates|src_cctv|src_continuity|court_claims_25,7660,,"SAFE_COURT | The defence asks the court to record outstanding CCTV, ID procedure and witness source material. || SAFE_POSITION | Identification and participation remain provisional pending served CCTV, ID and witness source material. || HEA"
sha:f66d94e4a85b8dace12ab7a1dffe092da6d36dc1eb72b3650e4afebbe5636ab9,PDF-f66d94e4a85b,CB-TB-1039_Reynolds,f66d94e4a85b8dace12ab7a1dffe092da6d36dc1eb72b3650e4afebbe5636ab9,OFFLINE_COURT_PROJECTION,,MUTE,mute_cad_999,,mute_cad_999,,,src_charge|src_hearing|src_mg_forms|src_parties|src_dates|src_cctv|src_cctv_stills|src_continuity|court_claims_36,9069,,SAFE_COURT | The defence asks the court to record that full BWV and continuity material should be served. || SAFE_POSITION | Sequence and force remain provisional pending served BWV and officer source material. || HEARING | 30 June 2026 at 
sha:f6bc7b6491c87d36d1347922da5820c43161d7cfc1a353766dfd14673db66ebb,PDF-f6bc7b6491c8,CB-TB-1043_Pike,f6bc7b6491c87d36d1347922da5820c43161d7cfc1a353766dfd14673db66ebb,OFFLINE_COURT_PROJECTION,,MUTE,mute_cad_999,,mute_cad_999,,,src_charge|src_hearing|src_mg_forms|src_parties|src_dates|src_continuity|court_claims_24,4715,,SAFE_COURT | The defence asks the court to record that full custody and interview records remain outstanding. || SAFE_POSITION | Custody/PACE safeguards cannot be finally assessed until the full custody and interview material is served. || 
sha:f6cdf6b16eb2ef044af5d7a415af2e383df80ae9ffec2839927c2d4a94af6081,PDF-f6cdf6b16eb2,CB-TB-2081_Wright,f6cdf6b16eb2ef044af5d7a415af2e383df80ae9ffec2839927c2d4a94af6081,OFFLINE_COURT_PROJECTION,,MUTE,mute_cad_999,,mute_cad_999,,,src_charge|src_hearing|src_mg_forms|src_parties|src_cctv|court_claims_21,3367,,SAFE_COURT | The defence asks the court to record that full BWV and continuity material should be served. || SAFE_POSITION | Sequence and force remain provisional pending served BWV and officer source material. || HEARING | 1 July 2026 at 1
sha:f70717a83150b48e550f4a5ae6a5b91afe788911fd7a93a08ab940f74115879d,PDF-f70717a83150,CB-TB-1589_Thornton,f70717a83150b48e550f4a5ae6a5b91afe788911fd7a93a08ab940f74115879d,OFFLINE_COURT_PROJECTION,,INVENT,invent_cctv_master,invent_cctv_master,mute_cad_999,,,src_charge|src_hearing|src_mg_forms|src_parties|src_cctv|src_cctv_stills|court_claims_29,3104,,SAFE_COURT | The defence asks the court to record outstanding message/account source material and complainant statement gaps. || SAFE_POSITION | The defence position remains provisional pending served message/account material and instructio
sha:f7aacfbe77625fdd221f9554ff9b8c9cdecb98a8e2b72717dab4e32104d69df3,PDF-f7aacfbe7762,CB-TB-200_Ellis,f7aacfbe77625fdd221f9554ff9b8c9cdecb98a8e2b72717dab4e32104d69df3,OFFLINE_COURT_PROJECTION,,MUTE,mute_cad_999,,mute_cad_999,,,src_charge|src_hearing|src_mg_forms|src_parties|src_cctv|src_continuity|court_claims_28,7365,,SAFE_COURT | The defence asks the court to record that full custody and interview records remain outstanding. || SAFE_POSITION | Custody/PACE safeguards cannot be finally assessed until the full custody and interview material is served. || 
sha:f7f6659399b7e70318abd52c21e903405cb889ad4698c95a8bc56967bd661a42,PDF-f7f6659399b7,CB-TB-1602_Sutton,f7f6659399b7e70318abd52c21e903405cb889ad4698c95a8bc56967bd661a42,OFFLINE_COURT_PROJECTION,,MUTE,mute_cad_999,,mute_cad_999,,,src_charge|src_hearing|src_mg_forms|src_parties|src_dates|src_cctv|src_continuity|court_claims_29,8692,,SAFE_COURT | The defence asks the court to record that full BWV and continuity material should be served. || SAFE_POSITION | Sequence and force remain provisional pending served BWV and officer source material. || HEARING | 3 August 2026 at
sha:f809c3cad542338d9fc90bf51f971d28f488fd024346fb4d9ecbae6b084e98a1,PDF-f809c3cad542,CB-TB-1422_Turner,f809c3cad542338d9fc90bf51f971d28f488fd024346fb4d9ecbae6b084e98a1,OFFLINE_COURT_PROJECTION,,MUTE,mute_phone_download,,mute_phone_download,,,src_charge|src_hearing|src_id_procedure|src_parties|src_dates|src_cctv|src_continuity|court_claims_32,8645,,SAFE_COURT | The defence asks the court to record that full custody and interview records remain outstanding. || SAFE_POSITION | Custody/PACE safeguards cannot be finally assessed until the full custody and interview material is served. || 
sha:f948e29bbef0a0b12486d1b48375591953d870dd8da9518a2a4ffa0b58d7f3d1,PDF-f948e29bbef0,CB-TB-656_Ali,f948e29bbef0a0b12486d1b48375591953d870dd8da9518a2a4ffa0b58d7f3d1,OFFLINE_COURT_PROJECTION,,MUTE,mute_cctv_master,,mute_cctv_master,,,src_charge|src_hearing|src_mg_forms|src_parties|src_dates|src_cctv|court_claims_21,4425,,"SAFE_COURT | The defence asks the court to record outstanding device, calibration and procedure records. || SAFE_POSITION | Driver identity, procedure and device evidence remain provisional pending served source records. || HEARING | 04 Jul"
sha:f93f2890994ba5413ff7165eda28ca806843cfd64096e12663417edd625b7991,PDF-f93f2890994b,CB-TB-906_Archer,f93f2890994ba5413ff7165eda28ca806843cfd64096e12663417edd625b7991,OFFLINE_COURT_PROJECTION,,MUTE,mute_phone_download,,mute_phone_download,,,src_charge|src_hearing|src_mg_forms|src_parties|src_dates|src_cctv|court_claims_24,6404,,SAFE_COURT | The defence asks the court to record that full BWV and continuity material should be served. || SAFE_POSITION | Sequence and force remain provisional pending served BWV and officer source material. || HEARING | 25/06/2026 09:30
sha:f9b103c729aa1ddde19cc58c138d10e03575047309e770b6afc277f97520414a,PDF-f9b103c729aa,CB-TB-2023_Okonkwo,f9b103c729aa1ddde19cc58c138d10e03575047309e770b6afc277f97520414a,OFFLINE_COURT_PROJECTION,,MUTE,mute_cad_999,,mute_cad_999,,,src_charge|src_hearing|src_mg_forms|src_parties|src_dates|src_cctv|src_continuity|court_claims_21,5483,,SAFE_COURT | The defence asks the court to record that full BWV and continuity material should be served. || SAFE_POSITION | Sequence and force remain provisional pending served BWV and officer source material. || HEARING | 6 August 2026 at
sha:fa4eb5d239e849a766ba8fca8aa9b8cd8bf16d48570395baa6babcbb10066c03,PDF-fa4eb5d239e8,CB-TB-2060_Thornton,fa4eb5d239e849a766ba8fca8aa9b8cd8bf16d48570395baa6babcbb10066c03,OFFLINE_COURT_PROJECTION,,MUTE,mute_cad_999,,mute_cad_999,,,src_charge|src_hearing|src_mg_forms|src_parties|src_dates|src_cctv|court_claims_21,2922,,SAFE_COURT | The defence asks the court to record outstanding message/account source material and complainant statement gaps. || SAFE_POSITION | The defence position remains provisional pending served message/account material and instructio
sha:fa01d94b58decc32a3827a1a2e2707bdbd69cef5b55a1cba8b64e746e251d765,PDF-fa01d94b58de,CB-TB-1522_Brennan,fa01d94b58decc32a3827a1a2e2707bdbd69cef5b55a1cba8b64e746e251d765,OFFLINE_COURT_PROJECTION,,MUTE,mute_cad_999,,mute_cad_999,,,src_charge|src_hearing|src_mg_forms|src_parties|src_cctv|src_cctv_stills|court_claims_21,3098,,"SAFE_COURT | The defence asks the court to record outstanding continuity, lab and search/phone material. || SAFE_POSITION | Possession, knowledge, intent and continuity remain provisional pending served drug/source material. || HEARING | 25"
sha:fa04711cb3a99e88abba2e22e8e997b32233571c018041980e270dcf4524a3c0,PDF-fa04711cb3a9,CB-TB-459_Walker,fa04711cb3a99e88abba2e22e8e997b32233571c018041980e270dcf4524a3c0,OFFLINE_COURT_PROJECTION,,MUTE,mute_cad_999,,mute_cad_999,,,src_charge|src_hearing|src_mg_forms|src_parties|src_cctv|src_continuity|court_claims_24,6708,,SAFE_COURT | The defence asks the court to record that full BWV and continuity material should be served. || SAFE_POSITION | Sequence and force remain provisional pending served BWV and officer source material. || HEARING | 29 July 2026 at 
sha:fa833c11fdda8afc7e6aa7c834961e67914a4edb6db13a667d3a11e876893c71,PDF-fa833c11fdda,CB-TB-1260_Vale,fa833c11fdda8afc7e6aa7c834961e67914a4edb6db13a667d3a11e876893c71,OFFLINE_COURT_PROJECTION,,MUTE,mute_phone_download,,mute_phone_download,,,src_charge|src_hearing|src_mg_forms|src_parties|src_dates|src_cctv|src_continuity|court_claims_28,7299,,SAFE_COURT | The defence asks the court to record that full BWV and continuity material should be served. || SAFE_POSITION | Sequence and force remain provisional pending served BWV and officer source material. || HEARING | 15/07/2026 09:30
sha:faa414ba3f97c491528f59dd0d9b90cd7712f77920f2d0b36bd33160983d682b,PDF-faa414ba3f97,CB-TB-2006_Doyle,faa414ba3f97c491528f59dd0d9b90cd7712f77920f2d0b36bd33160983d682b,OFFLINE_COURT_PROJECTION,,MUTE,mute_export_log,,mute_export_log|mute_cad_999,,,src_charge|src_hearing|src_mg_forms|src_parties|src_dates|src_cctv|src_continuity|court_claims_25,11879,,SAFE_COURT | The defence asks the court to record that full BWV and continuity material should be served. || SAFE_POSITION | Sequence and force remain provisional pending served BWV and officer source material. || HEARING | 25 August 2026 a
sha:fb13777a810996406080d32800044bcce420b9967e28600a21d725ee99e3541c,PDF-fb13777a8109,CB-TB-697_Parker,fb13777a810996406080d32800044bcce420b9967e28600a21d725ee99e3541c,OFFLINE_COURT_PROJECTION,,MUTE,mute_cctv_master,,mute_cctv_master,,,src_charge|src_hearing|src_mg_forms|src_parties|src_dates|src_cctv|court_claims_25,4025,,SAFE_COURT | The defence asks the court to record outstanding message/account source material and complainant statement gaps. || SAFE_POSITION | The defence position remains provisional pending served message/account material and instructio
sha:fb584adf39aba7d04586d842adec4c86cda21a5c3c62deef8bdd001e9693df60,PDF-fb584adf39ab,CB-TB-685_Harper,fb584adf39aba7d04586d842adec4c86cda21a5c3c62deef8bdd001e9693df60,OFFLINE_COURT_PROJECTION,,MUTE,mute_cctv_master,,mute_cctv_master,,,src_charge|src_hearing|src_mg_forms|src_parties|src_dates|src_cctv|src_cctv_stills|court_claims_29,9869,,"SAFE_COURT | The defence asks the court to record outstanding CCTV, ID procedure and witness source material. || SAFE_POSITION | Identification and participation remain provisional pending served CCTV, ID and witness source material. || HEA"
sha:faedc1a04547842e37e7b09ab9ab2004d2a6a30b5ffd91bdae25c558ae5c71cf,PDF-faedc1a04547,CB-TB-2188_Nolan,faedc1a04547842e37e7b09ab9ab2004d2a6a30b5ffd91bdae25c558ae5c71cf,OFFLINE_COURT_PROJECTION,,MUTE,mute_phone_download,,mute_phone_download|mute_cad_999,,,src_charge|src_hearing|src_mg_forms|src_parties|src_dates|src_cctv|src_continuity|court_claims_21,8453,,SAFE_COURT | The defence asks the court to record that full BWV and continuity material should be served. || SAFE_POSITION | Sequence and force remain provisional pending served BWV and officer source material. || HEARING | 11 August 2026 a
sha:fc290b7a05f7f61a20a151b74cd527eecdaa21ee088b15a55a5138f03eb768ff,PDF-fc290b7a05f7,CB-TB-332_Daly,fc290b7a05f7f61a20a151b74cd527eecdaa21ee088b15a55a5138f03eb768ff,OFFLINE_COURT_PROJECTION,,MUTE,mute_phone_download,,mute_phone_download,,,src_charge|src_hearing|src_mg_forms|src_parties|src_dates|src_continuity|court_claims_28,13732,,SAFE_COURT | The defence asks the court to record that full BWV and continuity material should be served. || SAFE_POSITION | Sequence and force remain provisional pending served BWV and officer source material. || HEARING | 27 August 2026 a
sha:fcbb51d40efc79b4774f2824fc8fcc08fc9ad82348831082fa1b6f9fae115ce9,PDF-fcbb51d40efc,CB-TB-616_Coates,fcbb51d40efc79b4774f2824fc8fcc08fc9ad82348831082fa1b6f9fae115ce9,OFFLINE_COURT_PROJECTION,,MUTE,mute_cctv_master,,mute_cctv_master,,,src_charge|src_hearing|src_mg_forms|src_parties|src_dates|src_cctv|src_cctv_stills|court_claims_28,6574,,SAFE_COURT | The defence asks the court to record that full BWV and continuity material should be served. || SAFE_POSITION | Sequence and force remain provisional pending served BWV and officer source material. || HEARING | 03 August 2026 a
sha:fd303c351a92992d62a70ac4d355d2f610f2283e942ef396587447277bd0ee4e,PDF-fd303c351a92,CB-TB-1211_Parker,fd303c351a92992d62a70ac4d355d2f610f2283e942ef396587447277bd0ee4e,OFFLINE_COURT_PROJECTION,,MUTE,mute_cad_999,,mute_cad_999,,,src_charge|src_hearing|src_mg_forms|src_parties|src_dates|src_cctv_stills|court_claims_25,3977,,SAFE_COURT | The defence asks the court to record that full custody and interview records remain outstanding. || SAFE_POSITION | Custody/PACE safeguards cannot be finally assessed until the full custody and interview material is served. || 
sha:fd8b515d6f1f524d7a4216a93692da25c0af0d1cccaf15eadd592296f8abb391,PDF-fd8b515d6f1f,CB-TB-1583_Holland,fd8b515d6f1f524d7a4216a93692da25c0af0d1cccaf15eadd592296f8abb391,OFFLINE_COURT_PROJECTION,,MUTE,mute_cad_999,,mute_cad_999,,,src_charge|src_hearing|src_mg_forms|src_parties|src_cctv|src_cctv_stills|court_claims_25,4639,,"SAFE_COURT | The defence asks the court to record outstanding device, calibration and procedure records. || SAFE_POSITION | Driver identity, procedure and device evidence remain provisional pending served source records. || HEARING | 16 Aug"
sha:fd55b1882a8474b897fe4e2df48f56bfad7a5f6e91ee276e6430053538adc547,PDF-fd55b1882a84,CB-TB-428_Fox,fd55b1882a8474b897fe4e2df48f56bfad7a5f6e91ee276e6430053538adc547,OFFLINE_COURT_PROJECTION,,MODALITY,modality_screenshot_vs_download,,,modality_screenshot_vs_download,,src_charge|src_hearing|src_mg_forms|src_parties|src_cctv|src_continuity|court_claims_29,6370,,"SAFE_COURT | The defence asks the court to record outstanding continuity, lab and search/phone material. || SAFE_POSITION | Possession, knowledge, intent and continuity remain provisional pending served drug/source material. || HEARING | 8 "
sha:fdb6045d180d339a928d8141cdaff23c1d9c6b1a09e042f818d9a2e8fbf99d41,PDF-fdb6045d180d,CB-TB-1965_Quinn,fdb6045d180d339a928d8141cdaff23c1d9c6b1a09e042f818d9a2e8fbf99d41,OFFLINE_COURT_PROJECTION,,MUTE,mute_cctv_master,,mute_cctv_master,,,src_charge|src_hearing|src_mg_forms|src_parties|src_dates|src_cctv|src_continuity|court_claims_36,6115,,SAFE_COURT | The defence asks the court to record that full custody and interview records remain outstanding. || SAFE_POSITION | Custody/PACE safeguards cannot be finally assessed until the full custody and interview material is served. || 
sha:fda103de79531ff1ea74d3dbb10634f908c06f45f71322b1c75941a1326c876c,PDF-fda103de7953,CB-TB-1953_Baines,fda103de79531ff1ea74d3dbb10634f908c06f45f71322b1c75941a1326c876c,OFFLINE_COURT_PROJECTION,,MUTE,mute_cad_999,,mute_cad_999,,,src_charge|src_hearing|src_mg_forms|src_parties|src_dates|src_cctv|src_continuity|court_claims_29,6204,,"SAFE_COURT | The defence asks the court to record outstanding bank/device source and loss material. || SAFE_POSITION | Account control, dishonesty and loss remain provisional pending served bank/device source material. || HEARING | 13 Augus"
sha:fdb3697f9f86080dbf29d13af228d504e59f7b4ea4e3f3eb84417d443bc79f3b,PDF-fdb3697f9f86,CB-TB-155_Rees,fdb3697f9f86080dbf29d13af228d504e59f7b4ea4e3f3eb84417d443bc79f3b,OFFLINE_COURT_PROJECTION,,MUTE,mute_phone_download,,mute_phone_download,,,src_charge|src_hearing|src_mg_forms|src_parties|src_cctv|src_continuity|court_claims_29,13264,,SAFE_COURT | The defence asks the court to record that full BWV and continuity material should be served. || SAFE_POSITION | Sequence and force remain provisional pending served BWV and officer source material. || HEARING | 07 July 2026 at 
sha:fe551629134fd9f60d9f2bfef8d6c9d8bd91052e2da7e635c7bb1aaffae5510a,PDF-fe551629134f,CB-TB-2068_Parker,fe551629134fd9f60d9f2bfef8d6c9d8bd91052e2da7e635c7bb1aaffae5510a,OFFLINE_COURT_PROJECTION,,MUTE,mute_cad_999,,mute_cad_999,,,src_charge|src_hearing|src_mg_forms|src_parties|src_dates|src_cctv|court_claims_21,2973,,"SAFE_COURT | The defence asks the court to record outstanding continuity, lab and search/phone material. || SAFE_POSITION | Possession, knowledge, intent and continuity remain provisional pending served drug/source material. || HEARING | 1 "
sha:fe1daf044f51a144e2c0289b9480b8cc15bbc841949224c90f83e8c21ed1f812,PDF-fe1daf044f51,CB-TB-1627_West,fe1daf044f51a144e2c0289b9480b8cc15bbc841949224c90f83e8c21ed1f812,OFFLINE_COURT_PROJECTION,,MUTE,mute_phone_download,,mute_phone_download,,,src_charge|src_hearing|src_mg_forms|src_parties|src_dates|src_cctv|src_continuity|court_claims_21,9974,,SAFE_COURT | The defence asks the court to record that full BWV and continuity material should be served. || SAFE_POSITION | Sequence and force remain provisional pending served BWV and officer source material. || HEARING | 8 August 2026 at
sha:fe899af500ac1c88b81c32130581dac5bfbe1be8ddd466c2893bbfa0cc1e9347,PDF-fe899af500ac,CB-TB-468_Cross,fe899af500ac1c88b81c32130581dac5bfbe1be8ddd466c2893bbfa0cc1e9347,OFFLINE_COURT_PROJECTION,,MUTE,mute_phone_download,,mute_phone_download,,,src_charge|src_hearing|src_mg_forms|src_parties|src_continuity|court_claims_28,3740,,SAFE_COURT | The defence asks the court to record that full BWV and continuity material should be served. || SAFE_POSITION | Sequence and force remain provisional pending served BWV and officer source material. || HEARING | 16 August 2026 a
sha:fe6b9a785ae555303d06681e0f95a9a9a27084610369dd42fe183b84ae38587d,PDF-fe6b9a785ae5,CB-TB-2122_Clarke,fe6b9a785ae555303d06681e0f95a9a9a27084610369dd42fe183b84ae38587d,OFFLINE_COURT_PROJECTION,,MUTE,mute_cad_999,,mute_cad_999,,,src_charge|src_hearing|src_mg_forms|src_parties|src_dates|src_cctv|src_continuity|court_claims_25,7827,,"SAFE_COURT | The defence asks the court to record outstanding device, calibration and procedure records. || SAFE_POSITION | Driver identity, procedure and device evidence remain provisional pending served source records. || HEARING | 23 Aug"
sha:fe6306f9b204c6e19b9b64ec6264a0e13a371937519d56fc1c7f012f511c30cf,PDF-fe6306f9b204,CB-TB-2163_Mitchell,fe6306f9b204c6e19b9b64ec6264a0e13a371937519d56fc1c7f012f511c30cf,OFFLINE_COURT_PROJECTION,,MUTE,mute_cad_999,,mute_cad_999,,,src_charge|src_hearing|src_mg_forms|src_parties|src_dates|src_cctv|src_continuity|court_claims_29,8721,,SAFE_COURT | The defence asks the court to record that full BWV and continuity material should be served. || SAFE_POSITION | Sequence and force remain provisional pending served BWV and officer source material. || HEARING | 6 August 2026 at
sha:ff6ee551a2be70755b0fdf13996b6f0a838c6b4095ba5c8b77498611d866e0f9,PDF-ff6ee551a2be,CB-TB-1253_Clarke,ff6ee551a2be70755b0fdf13996b6f0a838c6b4095ba5c8b77498611d866e0f9,OFFLINE_COURT_PROJECTION,,DATE_ROLE,date_role_hearing_reused_as_deadline_language,,,,date_role_hearing_reused_as_deadline_language,src_charge|src_hearing|src_mg_forms|src_parties|src_dates|src_continuity|court_claims_28,2997,,SAFE_COURT | The defence asks the court to record that full BWV and continuity material should be served. || SAFE_POSITION | Sequence and force remain provisional pending served BWV and officer source material. || HEARING | Hearing24/06/202
sha:ff7cdb19a123f187df96e649ff758794882588d31cafe917425b9f9c21824d21,PDF-ff7cdb19a123,CB-TB-794_Patel,ff7cdb19a123f187df96e649ff758794882588d31cafe917425b9f9c21824d21,OFFLINE_COURT_PROJECTION,,MUTE,mute_cctv_master,,mute_cctv_master,,,src_charge|src_hearing|src_mg_forms|src_parties|src_dates|src_cctv|src_cctv_stills|src_continuity|court_claims_20,7114,,SAFE_COURT | The defence asks the court to record that full BWV and continuity material should be served. || SAFE_POSITION | Sequence and force remain provisional pending served BWV and officer source material. || HEARING | 12 August 2026 a
sha:ff018640c2327b0ca5681c0d6360151012aaf9507ea7b3ddbd0c229ff4821b12,PDF-ff018640c232,CB-TB-1026_Khan,ff018640c2327b0ca5681c0d6360151012aaf9507ea7b3ddbd0c229ff4821b12,OFFLINE_COURT_PROJECTION,,MUTE,mute_cad_999,,mute_cad_999,,,src_charge|src_hearing|src_mg_forms|src_parties|src_dates|src_cctv|src_cctv_stills|src_continuity|court_claims_36,8043,,SAFE_COURT | The defence asks the court to record that full BWV and continuity material should be served. || SAFE_POSITION | Sequence and force remain provisional pending served BWV and officer source material. || HEARING | 30 June 2026 at 
sha:ff88c5819c378b8baab630cef740032921205154e0499c87d2917b6bfa8f286a,PDF-ff88c5819c37,CB-TB-574_Foster,ff88c5819c378b8baab630cef740032921205154e0499c87d2917b6bfa8f286a,OFFLINE_COURT_PROJECTION,,MODALITY,modality_summary_vs_recording,,mute_phone_download,modality_summary_vs_recording,,src_charge|src_hearing|src_mg_forms|src_parties|src_dates|src_continuity|court_claims_33,9629,,"SAFE_COURT | Position remains provisional on the current papers — listed material families are not safely confirmed in the bundle yet. || SAFE_POSITION | Sequence, injury and causation remain provisional pending served witness, medical and "
sha:ffc600f915bde4e189089b9ec49e5abadb0c5d66c3157b7106d7e32bf547bf23,PDF-ffc600f915bd,CB-TB-526_Foster,ffc600f915bde4e189089b9ec49e5abadb0c5d66c3157b7106d7e32bf547bf23,OFFLINE_COURT_PROJECTION,,MODALITY,modality_summary_vs_recording,,,modality_summary_vs_recording,,src_charge|src_hearing|src_mg_forms|src_parties|src_dates|src_continuity|court_claims_33,9558,,SAFE_COURT | The defence asks the court to record outstanding message/account source material and complainant statement gaps. || SAFE_POSITION | The defence position remains provisional pending served message/account material and instructio
sha:d30e3f83d5866f31282fe9b4d9e6716489922c3d879598a81d27c920fc5f451b,RP-01,RP-01,d30e3f83d5866f31282fe9b4d9e6716489922c3d879598a81d27c920fc5f451b,OFFLINE_COURT_PROJECTION,,MODALITY,modality_summary_vs_recording,,mute_export_log|mute_cctv_master,modality_summary_vs_recording,,src_charge|src_hearing|src_mg_forms|src_parties|src_dates|src_cctv|src_cctv_stills|src_continuity|court_claims_40,167149,,SAFE_COURT | The defence asks the court to record that full custody and interview records remain outstanding. || SAFE_POSITION | Custody/PACE safeguards cannot be finally assessed until the full custody and interview material is served. || 
sha:adb988b033c4130a577b8a07b3090b5145515d8ff67f6eb7184222c2eb8d0dcd,RP-15,RP-15,adb988b033c4130a577b8a07b3090b5145515d8ff67f6eb7184222c2eb8d0dcd,OFFLINE_COURT_PROJECTION,,MODALITY,modality_screenshot_vs_download,,,modality_screenshot_vs_download,,src_charge|src_hearing|src_mg_forms|src_parties|src_cctv|src_continuity|court_claims_33,8092,,SAFE_COURT | The defence asks the court to record that full custody and interview records remain outstanding. || SAFE_POSITION | Custody/PACE safeguards cannot be finally assessed until the full custody and interview material is served. || 
sha:c5808d92030c0eb2005b40da003e8be027b09daae1f5844e1aea4b1fede24cd6,RP-17,RP-17,c5808d92030c0eb2005b40da003e8be027b09daae1f5844e1aea4b1fede24cd6,OFFLINE_COURT_PROJECTION,,MUTE,mute_phone_download,,mute_phone_download,,,src_charge|src_hearing|src_mg_forms|src_parties|src_dates|src_cctv_stills|src_continuity|court_claims_32,11938,,SAFE_COURT | The defence asks the court to record that full custody and interview records remain outstanding. || SAFE_POSITION | Custody/PACE safeguards cannot be finally assessed until the full custody and interview material is served. || 
sha:650f87da03a510f75c0eb201b94c194fb76a1482d588442d939d8b5b872ff7ea,RP-11,RP-11,650f87da03a510f75c0eb201b94c194fb76a1482d588442d939d8b5b872ff7ea,OFFLINE_COURT_PROJECTION,,MUTE,mute_export_log,,mute_export_log,,,src_charge|src_hearing|src_mg_forms|src_parties|src_dates|src_cctv|src_continuity|court_claims_40,26963,,SAFE_COURT | The defence asks the court to record that full BWV and continuity material should be served. || SAFE_POSITION | Sequence and force remain provisional pending served BWV and officer source material. || HEARING | 01 January 2024
